"时间","月份","标题","内容","作者","命中关键词","点赞","评论","阅读","原文链接","更新批次"
"2026-09-30T13:16:15","2026-09","【芯原股份】今日小作文传q3 miss以及管理层等不实传闻，经和公司确认，目前经营一切正常，管理层一切正常，港股按节奏推进中[抱拳]","【芯原股份】今日小作文传q3 miss以及管理层等不实传闻，经和公司确认，目前经营一切正常，管理层一切正常，港股按节奏推进中[抱拳]

公司逻辑已得到产业上司公司客户背书，确定性无疑，预计q3收入环比明显加速，且此后逐季度环比大幅增长，此前国产每波小作文错杀都是买点，底部区间持续看好[抱拳]","水木调研纪要","","2","0","555","https://wx.zsxq.com/group/88888142214212/topic/82258281545458812","data/research/updates/2026-10-07-all_views-003.csv"
"2026-09-30T12:52:22","2026-09","[红包]浙商机械 邱世梁|王华君【工程机械】工程机械被低估，周期反转向上，海外市占率提升，国内更新周期向上，持续推荐！","[红包]浙商机械 邱世梁|王华君【工程机械】工程机械被低估，周期反转向上，海外市占率提升，国内更新周期向上，持续推荐！

按照以人民币计价的出口额计算，8月我国工程机械出口额412亿元，同比增长12.5%；1-8月出口额3216亿元，同比增长16%。

8月挖掘机总销量19716台，同比增长19%，其中国内销量7986台，同比增长4%，出口量11730台，同比增长33%。

1-8月挖掘机总销量191557台，同比增长24%，其中国内销量94619台，同比增长17%，出口量96938台，同比增长32%。

【工程机械】被低估，重点推荐：恒立液压、三一重工、徐工机械、中联重科、山推股份、潍柴动力、杭叉集团等。

风险提示：利率波动风险；汇率波动风险等。

☎【浙商机械 邱世梁/王华君18610723118/徐琛奇13601980561/蒋逸18158576706】","一条韭菜鱼","","2","0","556","https://wx.zsxq.com/group/88888142214212/topic/22258281545518511","data/research/updates/2026-10-07-all_views-003.csv"
"2026-09-30T12:43:09","2026-09","《广发海外电子通信》","《广发海外电子通信》
☄CPO加速，然个股影响分化
👉我们认为 Nvidia CPO Scale-out交换机进展快于预期，但 NPO 方面受  AWS T4 慢于预期影响，我们调整OE出货预测至 2027E/2028E 约 650万/4,200 万颗。

☀Nvidia Scale-out CPO：Nvidia 8月14日宣布后，Spectrum-X CPO交换机已进入量产，台积电扩充CPO测试/检测产能支持 (新增Insertion 2/3设备)。FAU等关键零组件进展亦顺利，受益多次插拔良率改善。系统端，我们认为主要零组件供应商已进驻现场，9月初起进行洁净室级系统整合。我们预计Nvidia CPO交换机出货量 4Q26/1Q27/2Q27/2027年分别达15k/16k/30k/100k台。

☀Nvidia与AWS Scale-up NPO：基于 NVL576 的Scale-up CPO/NPO预计 2H27 开始导入。每个NVSwitch Tray配置两块Switch Board，每块搭载4颗ASIC，并配备 4颗3.2T OE/ASIC。我们维持 CPO (QM5 + 4颗OE) 与NPO (QM5 + 4颗插槽式OE) 并行开发的看法；同时我们对于NVL576推出时全面采用NPO的判断与市场预期基本一致；下一关注重点为 Feynman，供应链调研显示Feynman同样同步开发CPO与NPO版本，封装端能见度来看 CPO方案 (QM6 + 6颗6.4T OE) 仍按计划推进；AWS方面，近期 T4 Tape-out能见度有限，我们预计 T4 推出时间延后至 1Q28，OE用量 2H27E/2028E 预计为 0/1,200 万颗。计入ASIC及AMD需求，我们预计全球Scale-up OE需求将在 2027E/2028E达约650万/4,200万颗。

☀个股观点
Likes：1) Lumentum: CPO进展加速支撑估值，CPO/NPO预计CY27/CY28贡献 12%/26%收入; 2) 波若威及贸联: CPO Shuffle Box价值量约为NPO 8倍，预计 1Q27起加速量产; 3) Semtech: NPO的 TIA/Driver供给偏紧。

Dislikes：大立光: 我们预计CPO/NPO业务贡献 CY27/CY28 EPS NT$20/NT$97 (假设2H27开始出货)，对应隐含 CY28约20x P/E，估值不算便宜；同时，现有供应商良率持续改善、且更多新进入者，后续市占率存在风险。","水木调研纪要","","2","0","543","https://wx.zsxq.com/group/88888142214212/topic/22258281521118181","data/research/updates/2026-10-07-all_views-003.csv"
"2026-09-30T12:37:53","2026-09","[爱心]【东吴汽车黄细里团队】momenta观点重申","[爱心]【东吴汽车黄细里团队】momenta观点重申
[烟花]海外智驾合作实现新突破！底部位置，坚定看好！
————————
#momenta成为Stellantis集团全球非美市场核心智驾供应商
近期momenta与神龙科技大成全球战略合作，托 Momenta R7世界模型，双方将联合开发高阶智能辅助驾驶系统，搭载于标致、Jeep 全新量产车型，落地中国、欧洲及全球其他市场，助力 Stellantis集团旗下主流品牌加速全球智能化转型。[太阳]此事具有重大意义：预示着momenta的智驾出海进入规模化量产阶段。Stellantis集团每年非美国全球新车销量400万辆+，未来5年有望实现高速NOA到城市NOA的标配。神龙科技是 Stellantis 的全球高级技术平台，将承载S集团全球非美国市场的电动化/智能化输出窗口。S集团每年非美国市场【标致】每年新车销量 100 万辆，【Jeep】 每年新车销量约40 万辆。momenta基于神龙合作成为S集团全球非美国市场的智驾核心供应商，将有望2027年开始贡献海外智驾收入贡献。

#未来3-5年是海外智驾L2+渗透率提升的红利期，momenta成为核心受益者
2020-2026年中国实现了L2+智驾渗透率大幅提升周期，海外非美市场未来3-5年将开启复制中国L2+普及周期。目前海外非美市场每年新车销量约3000万辆，但海外非美市场高速NOA渗透率低于5%，城市NOA渗透率低于1%；中国乘用车城市NOA渗透率2026年分别突破20%（分母是总乘用车），突破40%（分母是新能源乘用车），若假设2030年海外非美市场对标2026年中国渗透率，海外非美市场城市NOA新车销量2030年有望达600万辆，成长空间非常可观。[太阳]momenta已经实现海外多家车企合作：奔驰、宝马、丰田、Stellantis、本田等，海外智驾业务2027-2030年将有望持续高增长。

#我们观点：底部位置，坚定看好momenta，维持“买入“评级！
我们认为目前市场对于momenta的价值处于显著低估状态：1）物理AI虽然很热，但是对于L4智驾是物理AI核心落地应用的拐点还处在黎明前黑暗，对于L4智驾规模化能够带来的商业模式变化也处于质疑阶段。但我们认为世界模型突破将有望带来L4智驾规模化的拐点，2027年是重要时间窗口。2）海外智驾L2+渗透率红利期目前处在订单陆续落地阶段，2027-2030年将进入业绩兑现阶段。3）momenta物理AI核心玩家，具备算力-算法-数据的全栈自研闭环能力，L2+和L4均有完善布局且未来5年将实现业绩兑现共振阶段。

风险提示：L4智驾规模化不及预期；L2+智驾出海不及预期等
[握手]黄细里/孟璐/郭雨蒙/孙仁昊/童明祺/刘斯杰","水木调研纪要","","2","0","534","https://wx.zsxq.com/group/88888142214212/topic/14425458248812442","data/research/updates/2026-10-07-all_views-003.csv"
"2026-09-30T12:34:24","2026-09","摩根大通——中国房地产——决策层研究稳楼市政策；上海发布""828""政策细则","摩根大通——中国房地产——决策层研究稳楼市政策；上海发布""828""政策细则

9月28日，房地产政策端出现两项关键进展。其一，国务院常务会议（总理李强主持）明确提出""研究出台稳定房地产市场、促进就业增收等政策措施""，但未披露具体举措。其二，继北京之后，上海于同日发布""828""政策的地方实施细则，整体方向与北京相似但存在细微差异（如定金上限北京为1%、上海为3%），而现房销售按揭放款须于竣工备案后方可发放的核心约束整体维持偏紧基调。

国务院""稳楼市""研究：消费提振导向而非单纯刺激

摩根大通认为，在一线城市房价初现企稳迹象的背景下，决策层推出""大规模刺激""的紧迫性有限。若后续出台支持政策，其终极目标更偏向通过稳定房价以提振内需消费——房价下行是抑制居民消费的关键掣肘之一，因此政策取向将聚焦""促价格企稳""而非""刺激销量反弹""。

两大潜在政策方向

1. 房贷利率补贴：存在约100个基点的利率补贴空间（有望从当前3.05%降至2.05%），但预计设上限。以上海已实施的补贴方案为例，单套补贴上限为5万元人民币（按套而非按年计）。摩根大通测算，若对所有首套新房销售进行补贴，年度所需资金规模约为440亿元人民币。

2. 土地供应管控：在需求端提振难度较大的情况下，供给侧成为政策着力点。可能的方向是优化及更严格执行地方土地供应调控——当前规则要求库存去化周期超36个月的城市暂停供地，18—36个月的城市控制供地。此外，近期""828""政策旨在逐步取消预售制度，其本身已将在高能级城市实现一定程度的供应收缩。

其他可能政策工具：交易税费下调；住房公积金贷款进一步宽松；一线城市（北京、上海已松动，深圳大概率跟进）购房限制进一步放宽；城中村改造现金补偿。

上海""828""细则与北京的差异化对比

• 定金上限：北京允许开发商收取最高1%的定金，上海允许最高3%（仍低于此前5%的预期）。

• 过渡安排：上海明确，8月28日后拿地但土地出让公告发布于该日期之前的地块，可沿用旧预售规则至2027年底，但资金监管账户须执行新规。

• 开发商融资：上海版新增鼓励开发商通过股权、债券、ABS及REITs融资的条款（北京版无此条），摩根大通认为这仅因上交所位于上海，且原文""828""政策已包含此表述，不构成增量信息。

• 土地价款支付：两城市均要求30日内支付不低于50%的土地出让金，但余额缴纳期限北京规定为2年内，上海表述为""1+1年""（正常1年，可延长1年），实质差异不大。

投资影响与策略

短期而言，市场或受政策预期提振维持一定热度（至少延续至国庆假期，符合市场猜测），但若最终政策力度不及预期，板块可能再度跑输大盘。摩根大通偏好标的为华润万象生活（CR Mixc）、华润置地（CR Land）及贝壳（KE Holdings，由Daniel Chen覆盖），建议在反弹中卖出困境房企（如万科）。

主要风险

• 政策实际落地力度与范围不及预期，板块估值再度承压。

• 预售制退出的过渡期内，开发商资金链与交付风险上升。

• 土地供应管控执行力度因地方财政压力而打折扣。

• 一线城市需求端放松幅度有限，销售复苏持续性存疑。","水木调研纪要","","2","0","527","https://wx.zsxq.com/group/88888142214212/topic/14425458248842112","data/research/updates/2026-10-07-all_views-003.csv"
"2026-09-30T12:33:51","2026-09","摩根大通——硬件与网络设备行业：2026年美国全明星大会要点总结","摩根大通——硬件与网络设备行业：2026年美国全明星大会要点总结

一、Cisco（CSCO | 评级：增持 | 收盘价$106.70）

• FY27营收增长逻辑：预期同比+15%，由三大引擎驱动：超大规模云厂商需求、前期提价落地、核心业务（网络双位数增长，安全/可观测性下半年升至高个位数，服务改善至持平至低个位数）。管理层强调，下半年增速放缓主要系可见度与出货节奏所致，而非基本面驱动因素走弱；1Q27收入可见度改善，尽管下半年基数走高，但增长韧性仍在。

• 超大规模订单与需求可见度：订单与收入间的缺口源于云厂商提前6–9个月下单，而Cisco预订口径仅计入90天内发货订单，长周期承诺计入积压订单，报告订单显著低估真实需求能见度。FY26超大规模订单中，Silicon One系统占60%、光器件占40%，FY27该结构预计无重大变化。

• Silicon One：超越“第二供应商”叙事：对云厂商的核心价值不止于作为博通替代，更在于可编程性、系统级设计、机架空间/功耗效率及供应链控制。Cisco已深耕设计导入超5年，否认份额提升仅受益于供应受限环境。目标到FY29将Silicon One渗透至全系列高性能网络设备，届时对台积电的采购规模将提升议价能力与路线图能见度。

• Scale-Across机遇与产品组合广度：凭借深缓冲路由器、Silicon One及Acacia光学的组合，Cisco在Scale-Across（横向扩展网络）中占据独特位置，P200设计导入与Acacia活动已开始兑现。该机遇的核心逻辑在于每GPU需承载的带宽/内容量大幅提升，且要求极低丢包率。

• 企业市场：设备老化与安全刚需双轮驱动：约$400亿园区交换机临近最后支持日（Catalyst 4000于CY26末，6000系列次年），整体网络设备存量更新机遇达$1000亿。竞争将集中于设备层，而Cisco瞄准大型企业架构级变革（网络+安全+可观测性+软件）。

• 安全与可观测性：拐点初现：该板块此前显著落后于增长目标（主因市场复杂性及Splunk向云订阅转型），但新版产品组合增长已改善，管理层预计FY27末将实现高个位数增长，确认已“渡过拐点”。

• 供应链：紧平衡但不构成FY27增长约束：通过提升库存、提前采购承诺、长期协议及前瞻性硅片规划，Cisco确认FY27指引未受供应限制，光学（尤其激光器）为最紧缺环节，但已有缓冲应对需求微超。硬件占比提升（企业侧亦如此）导致毛利率“温和”承压，但软件与服务收入确认滞后亦是主因，并非仅超大规模客户结构问题。

二、Coherent（COHR | 评级：增持 | 收盘价$295.83）

• 光器件行业双引擎：数据中心持续扩张 + Scale-Up网络从铜缆向光互联转换。后者连接数约为Scale-Out的10倍，是独立于Capex总量的增量机遇。各超大规模厂商采用节奏为关键变量。

• PhotonLink：架构无关的光互联平台：支持CPO、NPO及芯片间光连接，差异化源于核心光子构件内部集成能力。已推进超25个客户项目，CPO性能/功耗更优但牺牲可维护性，NPO保留可插拔灵活性，公司技术中立且两者内容价值相近。PhotonLink收入于C4Q起量，毛利率高于公司均值。

• InP与VCSEL互补覆盖全场景：InP主导长距，VCSEL阵列覆盖短距集成、NPO及芯片间应用。Coherent年产能超10亿VCSEL阵列，Scale-Up将采用InP/VCSEL混合方案，Scale-Out仍以InP为主。

• FY27增长将超越FY26：9月季度指引隐含同比>50% pro forma增长，预计FY27内首次实现单季$30亿营收。增长由现有可插拔TRx及新增PhotonLink/OCS/多轨平台叠加驱动，而非替代现有动能。

• 增长瓶颈在供应而非需求：需求超出当前制造产能，正进行24个月内InP产能翻两倍的扩产（已同比翻倍），但新增产能已被全部预订。扩产节奏受厂房建设、设备与人员培训等物理限制。

• 利润率扩张三大支柱：① 供需偏紧下的持续提价；② 高毛利新品（PhotonLink/OCS/多轨）占比提升；③ 结构性降本——向6英寸InP晶圆迁移，单晶圆产出提升4倍+，成本降至3英寸的一半以下。毛利率从FY24的34%升至指引40.5%，目标>42%并进一步扩张。

• 长期协议（LTA）降低产能风险：LTA多含“照付不议”条款，定价支撑毛利目标。客户可出资支持产能建设（如Nvidia），Coherent借此构建专用产能，目标回收期18个月，大幅降低自有资本风险。

• 西方光子供应链定位：关键光子元件主要于美欧制造，组装/测试为价值链中低差异化环节，核心IP与毛利集中于激光器、隔离器、TEC等。垂直整合优势契合西方客户对供应链韧性的需求，中国营收占比仅约10%。

• 热管理材料与激光技术延展：AI计算密度提升催生热材料机遇，自研Thermadite材料替代铜冷板，热传导性能显著优化，可提升GPU利用率/速率。远期亦布局能源融合等激光应用。","水木调研纪要","","2","0","462","https://wx.zsxq.com/group/88888142214212/topic/55521518258818514","data/research/updates/2026-10-07-all_views-003.csv"
"2026-09-30T12:33:33","2026-09","摩根大通——中国电池与材料：铜箔供应紧张随涨价缓解；十月产量展望","摩根大通——中国电池与材料：铜箔供应紧张随涨价缓解；十月产量展望

一、核心论点与宁德时代（CATL）近况

宁德时代A/H股9月迄今分别回调18%（vs. 沪深300指数-6%），主因市场担忧需求放缓、竞争加剧及减产风险。摩根大通在9月2日的产量展望中曾提示铜箔供应紧张为短期制约，此后投资者对进一步减产的关注度持续升温。ZE Consulting于9月15日盘后发布月中更新，将CATL 9月产量预期下调12%，最新更新中再砍3%，累计下调幅度达14%，致其9月产量环比增速由+9%下修至-5%。经渠道核验，CATL与铜箔供应商的定价谈判已于9月下旬落定，加工费上调约1,000–2,000元/吨（仅相当于电池成本的0.1–0.2%），供应瓶颈已基本解除。ZE Consulting预计CATL 10月产量将环比反弹6%，恢复至8月水平；原材料采购量亦将从10月中旬起加速，进一步支撑生产动能。基于当前趋势，摩根大通估算CATL 2026全年产量将突破1.1TWh、销量接近1.0TWh（同比增长约50%）。CATL仍是摩根大通中国电池产业链的首选标的（Top Pick）。

二、二线厂商追赶态势与市场份额再平衡

3Q26行业前六电池制造商（比亚迪、CATL、国轩、亿纬、中航锂电、瑞浦）合计产量同比增长62%，其中CATL增速66%，其余五家合计增速59%，差距由2Q26的38个百分点显著收窄至7个百分点。10月排产延续该趋势：亿纬（+11% m/m）与中航锂电（+19% m/m）环比增幅领先，CATL亦恢复+6%。摩根大通认为，差距收敛主要反映二线产能爬坡及CATL 9月临时性供应扰动，而非结构性竞争力丧失；但市场份额正常化的担忧确实对近期投资者情绪及CATL股价构成压制。

三、十月产量整体展望与需求驱动力

1–10月主要电池制造商产量预计同比增长约55%，增速呈逐季加速：1Q26 +40% → 2Q26 +60% → 3Q26 +62%。核心需求支撑包括：

• 储能（ESS）需求强劲：据ICCSino数据，中国厂商8M26储能电池出货同比增长95%；

• 电动车出口高增：8M26中国电动车出口同比激增近130%，同期欧洲电动车销量增长逾40%；

• 中国商用车电动化提速：8M26商用车销量同比+45%，带电量同比+70%，重卡为关键增量；

• 单车带电量跃升：8M26中国乘用车平均电池容量同比提升9kWh（约+21%），部分对冲了国内乘用车零售的疲软（CPCA预计9M26国内零售同比-12%）。

四、锂价与产业链价格传导

• 锂盐供应与库存：ZE Consulting预计10月中国碳酸锂产量环比微降约1%，因新增产能及津巴布韦矿石到港被检修减产抵消。现货及期货价格分别软至13.2万元/吨、11.9万元/吨，远期曲线陷入backwardation。9月24日当周库存数据出现分化，旧样本结束连续4个月去库后小幅回补，市场对新样本去库持续性存疑。

• 2027年锂价展望：市场焦点转向储能需求增长的可持续性，短期锂价料继续承压。

• 电池价值链选择性涨价：3Q26至今，碳酸锂/氢氧化锂价格分别下跌10%/14%，正极材料跌8–11%；而铜箔因供需偏紧加工费上涨4–10%（6μm涨幅大于5μm），电解液价格上涨12–18%。EV电池价格持稳，储能电池8月环比+2.7%，主要反映9月1日起实施的2%消费税传导。

五、关键数据节点与估值比较

• 全球新能源车渗透率：8M26中国达65%（同比+3%），欧洲EU-5达39%（+53% y/y），美国仅7%（-45% y/y）。

• 中国电池产量：9月前六家合计预计同比+57%、环比持平（较月初预期-7%），10月预期同比+55%、环比+5%。

• CATL对理想汽车出货量：图表显示其供货份额及绝对量维持高位。

• 估值表要点：CATL-A/H对应26/27年P/E约20x/16x，EV/EBITDA约15x/12x，股息率约1.5%/2.0%，ROE维持25%+，在产业链中估值溢价具备基本面支撑。

六、策略结论

铜箔供应扰动属短期噪音，非需求坍塌。随着加工费谈判落地，CATL 10月排产反弹将验证“瓶颈解除→产量修复”逻辑。二线厂商扩产带来的份额再平衡是中期变量，但CATL在技术、客户结构及海外布局上的护城河未受动摇。储能与出口的高增长足以对冲国内乘用车销售波动，单车带电量提升进一步放大电池需求。锂价短期弱势不构成板块核心矛盾，产业链利润正从上游向具备定价权的电池龙头及结构性紧缺材料（铜箔、电解液）转移。维持CATL Overweight评级，建议逢低布局。","水木调研纪要","零售","2","0","465","https://wx.zsxq.com/group/88888142214212/topic/22258281521181511","data/research/updates/2026-10-07-all_views-003.csv"
"2026-09-30T12:20:24","2026-09","继北京、上海之后，广州发布现房销售政策细则，核心内容包括：","继北京、上海之后，广州发布现房销售政策细则，核心内容包括：

1、新老划断时间放宽：828前拿地但未取得工规证项目，及828后拿地但出让公告已发布的项目，均可在严格资金监管的前提下，按老政策预售；

2、现房销售定金比例5%；

3、828后取得预售证的，按揭竣备后发放；

4、土地出让金首付50%，最长分期两年支付；

5、支持项目分期分栋开发和办理工规、预售、竣备等

6、支持项目办理不动产预登记，销售已交清土地出让价款对应部分房屋

前4条与京沪区别不大，第5、6条算是比起京沪更宽松的点","水木调研纪要","","2","0","465","https://wx.zsxq.com/group/88888142214212/topic/45548581451284488","data/research/updates/2026-10-07-all_views-003.csv"
"2026-09-30T12:19:59","2026-09","🍁🍁🍁hcdx 荣旗科技：业绩拐点向上，多业务共振打开成长天花板","🍁🍁🍁hcdx 荣旗科技：业绩拐点向上，多业务共振打开成长天花板

🍁下半年进入收入兑现期，全年业绩有望明显提速。 公司订单端前期已经积累较多项目，三、四季度随着验收节奏加快，收入确认有望明显放量。2026年预计实现收入约6亿元，净利率约10%，对应利润约6000万元，下半年收入利润均较上半年显著增长，Q3开始进入业绩释放阶段。

🍁Meta+苹果继续贡献消费电子核心增量。 Meta智能眼镜组装设备今年预计新增订单约2亿元，苹果VC散热检测预计贡献约2亿元。公司过去在果链AOI领域积累较深，目前能力已经从传统检测向智能眼镜、散热等新品类延伸，伴随AI终端硬件持续创新，消费电子业务仍有持续扩品类空间。

🍁新业务逐步进入兑现阶段。 公司依托原有AOI能力切入半导体后道检测，目前已完成2-3款标机研发，同时布局TGV等潜在方向。随着产品从研发走向客户验证，新业务有望成为后续估值提升的重要抓手。

🍁MLCC先行放量，固态设备保留更大弹性。 C客户当前在手订单4亿+，项目推进正常，后续将持续贡献收入。与此同时，公司等静压设备在MLCC领域已经取得明显突破，今年新接MLCC订单规模已超过固态；若2027年固态电池进一步放量，则有望形成第二重增长弹性。

☀公司的核心变化，是从单一消费电子检测设备逐步走向跨行业精密检测+自动化平台。 Meta、苹果贡献当期业绩，半导体、MLCC进入新一轮放量阶段，固态及其他AI硬件方向提供远期空间。随着更多新行业验证落地，公司成长边界和估值中枢都有进一步提升空间。","水木调研纪要","","2","0","435","https://wx.zsxq.com/group/88888142214212/topic/45548581451242218","data/research/updates/2026-10-07-all_views-003.csv"
"2026-09-30T12:19:41","2026-09","🍁🍁🍁hcdx 振华股份：金属铬全球第一，SOFC卡口逻辑获订单验证","🍁🍁🍁hcdx 振华股份：金属铬全球第一，SOFC卡口逻辑获订单验证

🍁# 金属铬销量登顶龙一。2026H1金属铬销量1.17万吨，同比+115%，以销售当量计已成全球第一大金属铬生产商。26Q2金属铬均价8.09万元/吨，同比+11%。

🍁# SOFC订单进入交付验证。6月首批订单7月底交付，8月新单量级相当，客户指引年底至明年初数倍增长。BE连接体铬占比85%~95%，1GW对应金属铬约0.8万吨；BE向5GW扩张对应约4万吨增量，约占全球年产量40%。# 旌冶设计产能已扩至3万吨，力争2027年全线达产。

🍁# 供给端“停报+关停”。 9月23日振华全线停报并调价（重铬酸钠+1000、金属铬+4000元/吨等），龙二银河环保关停约6万吨重铬酸钠，内蒙古20万吨新项目叫停。未来两年国内新增铬盐（金属铬上游）产能仅剩振华重庆10万吨，供给格局实质性改善。

☀ BE放量+供给刚性双击，振华是SOFC上游卡位最好、弹性最大的标的。Q4旺季，量价共振值得关注。","水木调研纪要","","2","0","426","https://wx.zsxq.com/group/88888142214212/topic/82258281521454282","data/research/updates/2026-10-07-all_views-003.csv"
"2026-09-30T12:19:19","2026-09","[红包]【HYCM】【汇量科技】更新：持续关注十一后AI infra上线情况～","[红包]【HYCM】【汇量科技】更新：持续关注十一后AI infra上线情况～

[礼物]9.29日晚上，我们最新就公司新AI infra及IAP产品内测情况组织买量侧的ZJ交流，最新交流笔记欢迎联系👉孟婕～

[礼物] 此前我们就公司新AI infra及IAP产品内测情况组织公司侧的ZJ交流，连续深度会议保持前瞻研究！

1️⃣ 买量侧交流要点：
目前使用的IAP产品建立在原有infra上，旧架构底层适配IAA产品场景，数据传输、特征运用不符合IAP业务需求，单日仅能上线10套离线模型；新架构将打散原有数据底座，可复用IAA业务的特征训练模型，单日可上线100套离线模型，模型迭代效率提升10倍。
目前内部已用50%流量开展暗测，测试阶段IAP产品广告消耗实现周度环比10%-15%的增长，尚未全量切流。
公司当前核心考核指标为流水（新架构上线后目标日均900万、峰值1200万美金）。

2️⃣此前ZJ交流要点：
新一代AI Infra内测显示预测精度提升5%-10%、同等流量下ECPM提升10%以上、广告主预算提升10%以上；Q4为验证爬坡期（训练成本较高、利润率或阶段性承压），2027年将完整贡献增量收益。
流水增速：Q4E恢复至IAA+8%-9%/IAP+20%；7月日均消耗约780-800万，新架构上线后看800-900万区间，预计Q4日均流水保底860万（IAA约660万＋IAP约200万）。

[礼物] 整体观点：我们延续此前判断，核心关注IAP 在更多中重度游戏场景跑通、打开更高价值预算空间。短期跟踪【新架构国庆后上线】➡️【D28产品启动】➡️【主流品类单款日消耗能否突破】的验证链条，而非线性外推。Q4上线后预计广告主以测试投放为主，若效果表现不错预算有望在2027Q1-Q2大幅提升，IAP仍有较大提升空间，建议重点关注10月全量上线后数据效果表现。","水木调研纪要","","2","0","425","https://wx.zsxq.com/group/88888142214212/topic/14425458248121522","data/research/updates/2026-10-07-all_views-003.csv"
"2026-09-30T12:19:13","2026-09","【东吴电子陈海进】DeepSeek开源昇腾基础组件，重视强call核心标的","【东吴电子陈海进】DeepSeek开源昇腾基础组件，重视强call核心标的

 [红包]事件：Deepseek今日官宣正式开源面向华为昇腾算力平台的基础设施组件，涵盖 TileLang 高级语言编译工具、计算库、分布式通信库。所有组件与此前面向英伟达平台的开源组件一一对应。目前DeepSeek 训练中用到的每一个 TileLang 算子，# 在昇腾上都有对应的高性能实现。双方共同推进基于昇腾950的128卡超节点方案，满足超低时延推理和前沿基座模型的大规模训练的需求。

国模+国算深度耦合，消除“软件生态墙”
本次开源是国产算力与国产大模型的深度耦合，系统性拆除“软件生态墙”。此前昇腾硬件虽具备竞争力，但受制于CUDA生态的迁移成本，大量开发者难以将训练任务迁移过来。这批组件的开源，是从工具链和核心库层面，为昇腾硬件铺设了一条更易通行的“软件高速公路”。# 从底层生态直接提升昇腾应用能力。

国产GPU电源核心标的，杰华特全面发力
杰华特26H1 Drmos已在大算力客户率先放量。在其加单的强力催化下，杰华特多项电源和DrMOS产品加速放量，国产化份额有望持续提升。国产化需求+客户放量带动公司26H2及27年营收强势增长。
持续强call Drmos国产化大趋势，# 看好公司卡位优势加速转化为业绩！

风险提示：行业竞争加剧、宏观经济波动导致需求不及预期
东吴电子：陈海进/谢文嘉","水木调研纪要","","2","0","427","https://wx.zsxq.com/group/88888142214212/topic/22258281521454521","data/research/updates/2026-10-07-all_views-003.csv"
"2026-09-30T12:18:50","2026-09","call[玫瑰]芒果超媒：首次将AI长剧作为核心招商项目！《后西游记·战天宫篇》共5集定档国庆，且获得修正药业独家冠名合作 #除会员外、持续打开商业化空间# | 国海传媒","call[玫瑰]芒果超媒：首次将AI长剧作为核心招商项目！《后西游记·战天宫篇》共5集定档国庆，且获得修正药业独家冠名合作 #除会员外、持续打开商业化空间# | 国海传媒

芒果AI长内容聚焦三大赛道，构建芒果AIGC内容厂牌

①精品女频中长剧：聚焦头部网文IP、都市校园剧、创新IP衍生，储备有多部长剧《风起玲珑骨》《成风》《同行相轻》《宝珠之归航录》《大侦探嫌疑人自述》《道士不好惹》

②经典IP独家焕新：《永恒辛追的一生》《搜神》《后西游记》《八仙都市生存指南》

③少儿动画：《咕噜比事务所》《国宝奇趣探秘集》《阿衰》等

🔥🔥🔥重申AI长内容三剑客：芒果超媒/上海电影/博纳影业！建议重视：上海电影！

国海传媒 | #感谢派点支持[玫瑰]","水木调研纪要","","2","0","424","https://wx.zsxq.com/group/88888142214212/topic/45548581451245188","data/research/updates/2026-10-07-all_views-003.csv"
"2026-09-30T11:43:18","2026-09","中控技术  上调回购股份价格上限！继续坚定推荐[拳头]20260930","# 中控技术  上调回购股份价格上限！继续坚定推荐[拳头]20260930

# 调整内容  回购由不超过68.53元/股调整为不超过133.50元/股，拟回购金额区间为5亿-10亿元(此前仅完成回购3.3亿元)。

# 本次上调  充分反应了公告自身发展的信心和对价值的认可，且为了继续推进本次回购方案。

# 工业AI  结合近期公司对AI原生架构的调整，以及""AI+制造""政策的推进，继续坚定看好中控以及工业AI的产业趋势！","水木调研纪要","","2","0","438","https://wx.zsxq.com/group/88888142214212/topic/55521518258252854","data/research/updates/2026-10-07-all_views-003.csv"
"2026-09-30T11:43:03","2026-09","【中信传媒】芒果超媒：推进AIGC精品中长剧，内容、IP与商业化协同布局","【中信传媒】芒果超媒：推进AIGC精品中长剧，内容、IP与商业化协同布局

# 精品中长剧储备加速落地。招商会公布的28个项目均已推进，首批约30个精品项目计划于2026年四季度至2027年一季度陆续上线；储备中单集约15分钟的中剧占比约70%，另有两部仿真人长剧在制作。《后西游记》第6-10集计划于国庆期间上线，是观察AI长剧持续接受度、内容质量及用户留存的重要窗口。

# 专业团队支撑制作，资产沉淀推动提效。AIGC创新中心现有70余人，其中约70%为制作力量，另与二十余家核心外部伙伴合作。公司判断，部分古装、都市题材AI内容成本有望降至传统真人剧的约1/8—1/10。长篇叙事和审美把控仍依赖专业主创，人物一致性等难点仍待突破，未来随着人物、场景等资产沉淀复用，有望减少重复生成与返工。

# 丰富IP储备打开开发空间，AI角色亦有望成长为新IP。公司正讨论围绕《五福临门》开发AI长剧，并计划系列化开发《大侦探》案件，丰富的影综漫资源可持续提供开发素材。新AI剧集与角色也有望向账号、品牌合作和综艺舞台延伸，形成长期运营的IP与AI艺人。

# 边审边播机制逐步跑通，精品探索获得支持。《后西游记》在立项、制作阶段持续与主管部门沟通，按制作节奏分批送审、播出，为吸收观众意见及提前规划剧情植入提供空间。我们认为也可以体现主管部门支持具有行业探索意义的精品内容。

# 会员增量与广告合作值得关注。《后西游记》上线后，公司观察到男性、漫剧及亲子用户增量，持续供给有望承接原有女性用户、提升男性用户留存。广告端，该剧已获修正药业冠名，另有中剧完成汽车品牌软植入，更多合作形式仍在探索。

# 投资建议：关注AIGC内容从精品项目落地走向稳定供给。公司有望凭借IP储备、专业制作及AI降本能力，带动会员、广告和IP运营收入空间。短期建议关注《后西游记》后续播出、新项目上线及品牌合作；中长期建议关注验证仿真人长剧质量、产能与实际商业回报。

详询：中信传媒 叶敏婷/林圳杭/卞榛","水木调研纪要","","3","0","437","https://wx.zsxq.com/group/88888142214212/topic/45548581451454528","data/research/updates/2026-10-07-all_views-003.csv"
"2026-09-30T11:42:47","2026-09","近期板块观点，国际复材、福莱特、再升科技、精工科技、万凯新材交流要点，供参考。如需详情请联系我们[抱拳][太阳]祝您国庆快乐，阖家幸福！","近期板块观点，国际复材、福莱特、再升科技、精工科技、万凯新材交流要点，供参考。如需详情请联系我们[抱拳][太阳]祝您国庆快乐，阖家幸福！

[太阳]建材新材料板块观点：推荐优质玻纤洁净室、出海建材建筑、高股息等标的。

自上而下标的推荐排序：【亚翔集成/中国巨石/圣晖集成】（国内外洁净室、电子布需求高增长，电子布涨价）、【华新建材/科达制造/精工钢构】（海外建材建筑需求高景气）、【东方雨虹/三棵树/兔宝宝/安徽建工】（左侧布局地产链，兔宝宝、安徽建工高股息）。

自下而上标的推荐排序：【鸿路钢构】（主业业绩拐点，机器人应用标的）、【利柏特】（核电模块化进展顺利）、【国机精工/沃尔德/四方达】（金刚石散热、钻针新材料）。

[太阳]2609国际复材：二代布龙头
1、特种布二、三季度出货量差异不大。二代出货量目前70万米/月，年底增至200万米，一代目前月产60万米，两个窑炉投产后，下月底实现150万米/月。
2、国内大客户二代布需求旺盛，新增产能能消化掉。外资客户送样合格，目前供货量不大。
3、织布机现有1200台。扩产规划2000台，今年到12月底到货336台，明年七八百台，后年八九百台。里面六七百台是津田驹织机。国产织布机安装调试完不行，良率不好影响效率和品质。
4、今年一代价格涨百分之几，价值低，单价20-30元，还没普通产品赚钱。二代从六月开始陆续涨价，累计涨10%-15%。二代均价不到100。
5、普通布行业库存很低，E布和E纱库存不到两周。短期仍紧缺，预计还能涨价。

[太阳]2609福莱特：光伏玻璃龙头
1、行业价格端供需平衡但需求偏弱，光伏玻璃价格大幅上涨可能性低，预计磨底一段时间。
2、光伏玻璃行业市场化程度相对较高。头部企业牵头去产能没必要，大家认知一致。
3、现在价格下公司差不多盈亏线，有时微利有时微亏，二三线企业对比公司一般有10到15个点毛利差。公司现金流正，二三线亏现金流。
4、公司总产能约3万吨，其中1.6万吨在产。行业在产7万多吨，总产能15万吨。行业40多家企业已退出20家，剩下20家里有七八家老玩家，其他只剩一座窑炉，再回来概率小。
5、可转债下修和还钱都有考虑。底部下修转股效果不明显，边走边看。后面资本开支不大，没强融资诉求，还钱可接受。

[太阳]2609再升科技：石英纤维、商业航天多领域拓展
1、滤纸产品50%到60%用于面板厂洁净厂房，30%左右用于半导体相关，剩下杂项。面板厂厂区面积大，单个项目采购量更多。
2、超细纤维棉航空航天收入整体1000多万级别，大飞机较多。一架C919用几百平，金额大概60到80万左右，支线飞机量少。SPACEX供货几百万级别。
3、石英纤维五六月份有一个小批量送样检测，实验室状态稳定。立项时准备做英伟达方向（通过台湾生产Q布公司），也想代替高硅氧纤维给SpaceX。目前送样客户是Q布方向产业链，下游是南京一家设备公司。

[太阳]2609精工科技：碳纤维装备、生产一体化
1、2026年1月原丝线首次正式投产并一次性开车成功，产能5000吨。碳化线3月生产。第二条原丝线11月启动，已完成所有准备，建设只要6个月，争取明年5月投运，做T800到T1000。后面6条线缓一缓，做多品种小批量差异化。
2、国际订单需求大，沙特订单谈了几年了，股权结构调整到位，7月邀请沙特基本到访，约11月上海落实。
3、第一条线13个月建成，前7个月爬坡，实现T700稳定生产，良品率95%以上。

[太阳]2609万凯新材：行业底部向上
1、行业反内卷一直在进行，从去年7月到现在，行业开工率没超过80%。原本说到今年年底如果价格好可能解散，现在不会，因瓶片处于上游原材料压力大的情况。
2、行业3到6月价差最高拉到1800，平均利润从零变到六七百。三季度加工费回到500，基本没利润，三季度利润大部分的是二季度的订单。
3、去年三四季度投了灵心巧手，当时估值5亿，投了5000万，现在估值240亿。
4、全年业绩目标10到12亿。明年哪怕PET只有50元每吨利润，400万吨销量有2亿利润；非洲贡献2亿多，乙二醇两三百元每吨，草酸等；最差明年业绩四五亿，如果PET弹性好可能更高，到10亿。明年灵心巧手可能上市，天然气有结果，行业格局变好。
5、可转债让投资者自己选是否转股。量较大，强赎对股价有打击，利息不高，现金足，可能还钱或借银行。","水木调研纪要","","2","0","428","https://wx.zsxq.com/group/88888142214212/topic/14425458248242542","data/research/updates/2026-10-07-all_views-003.csv"
"2026-09-30T11:41:56","2026-09","AMD拟82亿美元收购World Labs，关注物理AI产业机遇【东北计算机】","AMD拟82亿美元收购World Labs，关注物理AI产业机遇【东北计算机】

①事件：9月29日，AMD宣布拟以约82亿美元全股票收购李飞飞联合创办的World Labs，预计年底前完成，尚需监管批准等条件。交易完成后，李飞飞将出任AMD执行副总裁兼首席科学家。

②世界模型与算力协同深化，关注物理AI产业机遇。李飞飞披露，双方自2025年起已围绕AMD GPU开展模型训练与推理优化；AMD表示，World Labs将帮助其理解机器人、仿真等新型计算需求，指导未来硬件、软件与系统研发。我们认为，模型与算力协同有望提升物理AI研发部署效率，带动仿真、合成数据及工业智能化需求。

③相关方向：关注在仿真与数字孪生、合成数据、工业智能化，以及机器人感知与边缘计算等物理AI相关环节具备技术或业务布局的公司。","水木调研纪要","","2","0","423","https://wx.zsxq.com/group/88888142214212/topic/82258281521584452","data/research/updates/2026-10-07-all_views-003.csv"
"2026-09-30T11:16:14","2026-09","数据中心建设瓶颈-交付周期","数据中心建设瓶颈-交付周期
新建高压输电线路:11年
电网连接排队:5.5年
电力变压器:2.5年
数据中心建设:1.5年
GPU/服务器采购:0.5年","水木调研纪要","","2","0","469","https://wx.zsxq.com/group/88888142214212/topic/22258281522555811","data/research/updates/2026-10-07-all_views-003.csv"
"2026-09-30T11:12:48","2026-09","Liontown（LTR-AU）作出Kathleen Valley扩建最终投资决策，锂精矿产能拟提升至78万吨/年","Liontown（LTR-AU）作出Kathleen Valley扩建最终投资决策，锂精矿产能拟提升至78万吨/年
📍扩建决策与产能：公司董事会批准Kathleen Valley扩建最终投资决定（FID），计划将锂精矿产能由当前约50万吨/年自FY30起提升至稳态平均约78万吨/年（SC5.4），FY34峰值超过80万吨/年，较当前产能提升约56%。扩建后矿石年处理能力由280万吨提升至420万吨
📍扩建方案：项目核心包括加速开发Kathleen's Corner地下矿、选厂去瓶颈及非生产设施升级。矿山端将通过Kathleen's Corner地下矿与Mount Mann双矿体协同，提高年采矿能力至FY30约410万吨；选厂端将新增球磨机、升级磁选及尾矿系统，并提升膏体充填系统
📍项目经济性：公司预计扩建后FY30-FY34平均单位运营成本降至840-920澳元/吨，较FY27指引中值下降约23%；预计增量现金流回收期约2.5年。按增量产能计算，项目资本强度约1,619澳元/吨，在近期锂矿棕地扩建项目中处于较低水平
📍成本定位与资源基础：公司表示，扩建后Kathleen Valley将成为全球前十大锂生产项目之一，并凭借规模效应进入硬岩锂矿较低成本区间。项目资源基础包括约1.47亿吨资源量（品位1.33%）及0.688亿吨储量（品位1.32%），其中地下矿储量约0.685亿吨
📍建设进度与资本开支：扩建资本开支约3.89亿澳元，计划FY27-FY29分阶段投入，其中矿山开发1.45亿澳元、选矿及非生产设施2.44亿澳元。公司已提前采购长周期设备并启动前期工程，目标1QFY28产出首批增量矿石，并于2QFY29末完成扩建
📍FY27指引：FY27锂精矿产量指引维持39-44万吨，单位运营成本维持1,050-1,250澳元/吨。由于纳入扩建资本，FY27资本开支指引由3.2-3.7亿澳元上调至4.35-4.95亿澳元，其中新增扩建资本约1.15-1.25亿澳元
📍市场与销售策略：公司认为2026-2027年锂市场供需处于紧平衡状态，2026年预计供应缺口约5万吨LCE，2027年预计接近平衡；长期来看，新建锂项目开发周期较长，棕地扩建将成为满足中期需求的重要来源。扩建新增产量尚未签订长期包销协议，将结合现货销售及与锂价指数挂钩的包销安排灵活销售","水木调研纪要","","2","0","430","https://wx.zsxq.com/group/88888142214212/topic/55521518251848524","data/research/updates/2026-10-07-all_views-003.csv"
"2026-09-30T11:12:29","2026-09","20260930_[庆祝]建议领导重点关注国产CPU的产业弹性","20260930_[庆祝]建议领导重点关注国产CPU的产业弹性

[礼物]agent迭代带来CPU需求：9月以来，国内Agent产品密集迭代：字节发布飞书8.0 for Agent，支持智能体进入群聊协作，并升级豆包工作；腾讯WorkBuddy上线开放平台，引入超百家生态伙伴；阿里千问办公推出“企业上下文”，帮助智能体调用企业数据、参与业务流程。9月28日，Manus发布2.0及个人智能体应用Cue，并表示正筹备国内版本。大厂布局正从对话助手转向可协作、可执行的智能体。#参考Meta旗下muse发布后INTEL、AMD大涨-我们认为agent迭代对CPU需求改善的叙事确定性较高。

[礼物]产业叙事加强cpu重估：海外大厂正重新评估AI基础设施的CPU配置。AMD指出，传统聊天式AI通常由1颗CPU服务4至8颗GPU，而Agent需要任务编排、工具调用和数据处理，#部分部署正向1:1的CPU/GPU比例演进。英伟达亦推出面向Agent负载的Vera CPU。我们认为，CPU需求提升更可能体现为GPU集群之外新增独立CPU算力层，而非简单增加单台服务器的CPU数量。

[礼物]CPU有望成为弹性最大的环节：我们预计，国产Agent近期有望迎来模型迭代、行业场景落地及信创适配等多重催化。相较传统推理，Agent执行链路涉及任务拆解、工具调用、检索及多轮交互，带来更高频的CPU调度与内存访问需求。随着多Agent并发和私有化部署推进，#国产服务器CPU有望受益于算力架构重配，需求弹性值得关注。

[红包]投资建议：建议领导重点关注国产CPU板块的投资机会，#重点关注海光信息、龙芯中科、中国长城、禾盛新材（参股上海熠知电子）。","水木调研纪要","","2","0","418","https://wx.zsxq.com/group/88888142214212/topic/45548581458122458","data/research/updates/2026-10-07-all_views-003.csv"
"2026-09-30T11:11:22","2026-09","MiniMax双王炸齐发！M3.1 Flash真香实测吊打GPT-6 Astra，H3增强版1秒1毛钱反超Seedance 2.0","MiniMax双王炸齐发！M3.1 Flash真香实测吊打GPT-6 Astra，H3增强版1秒1毛钱反超Seedance 2.0

重点关注：
【掌趣科技】： 全资子公司参股NS 美元基金，其间接持有 MiniMax 约 72.32 万股,国内领先的移动终端游戏开发商、发行商和运营商.  M3.1 Flash实测52分钟从零写出完整FPS游戏、代码自检修bug一气呵成，游戏开发范式革命进入实证阶段，AI降本增效重构游戏产能.","水木调研纪要","","2","0","413","https://wx.zsxq.com/group/88888142214212/topic/55521518251824484","data/research/updates/2026-10-07-all_views-003.csv"
"2026-09-30T11:11:16","2026-09","🧲新恒汇：半导体封装材料平台龙头","🧲新恒汇：半导体封装材料平台龙头

# 智能卡
智能卡业务 5.5亿，20%净利率，1.1亿利润，业务稳定，20亿市值。

# 刻蚀引线框架❗️
日本和中国台湾主导市场，国产加速替代，公司当前处于加速放量阶段，目前产能供不应求，25年收入2.9亿，预估26年6~7亿，27年会做到500万条/月，6月及以后均是涨完价的订单，每条平均单价约25-30元，15~18亿亿，净利率20%，3.0~3.6亿净利润，高速成长和国产替代，120~150亿市值。

# ABF载板❗️❗️
淄博新材，公司持股+董事长合计持股20%， FC CSP/BGA封装形式，ABF载板，投资了35亿，客户和新恒汇高度重叠，目前已经通过国内头部封测厂的验证，今年年底量产线通线，明年稳定供货，200万平米的年产能，40-50亿产值，净利润有望达10-15亿，可看400亿市值。

➡市值怎么看？
①27年主业市值140~170亿，ABF载板市值为考虑，如果考虑20%股权，则市值应该220~250亿左右；②中期看，淄博芯材股权翻入上市主体，看500亿以上；③远期，公司可能会持续布局新的封装材料，对标鼎龙（前道），打造半导体后道封装材料平台！

By SHZ","水木调研纪要","","2","0","410","https://wx.zsxq.com/group/88888142214212/topic/45548581458142258","data/research/updates/2026-10-07-all_views-003.csv"
"2026-09-30T11:10:59","2026-09","【CT建筑建材】王涛17502182970","【CT建筑建材】王涛17502182970
🔶 玻璃基板（建筑建材当前主线）：
1）核心标的：# 旗滨集团、凯盛科技；  弹性品种：# 力诺药包  （传闻送样台积电）。
目前处于试验线/中试线阶段，单品价格高，量产预计28年。旗滨年产60万片对应3-4亿利润；凯盛中试线后明年量产，量约10万片。
2）短期为科技高切低+新技术预期炒作，后续催化看下游大厂布局及试验产品成熟度。","水木调研纪要","","2","0","411","https://wx.zsxq.com/group/88888142214212/topic/55521518251824154","data/research/updates/2026-10-07-all_views-003.csv"
"2026-09-30T11:09:24","2026-09","德祥新云算力（00199.HK）：收购26台已交付高性能服务器及人民币6.5亿元客户合约  0929","德祥新云算力（00199.HK）：收购26台已交付高性能服务器及人民币6.5亿元客户合约  0929

事件：2026年9月28日盘后，德祥新云算力公告收购26台已交付使用的高性能服务器，附带人民币6.5亿元客户合约。（9月25日“德祥地产”正式更名为“德祥新云算力”）

[太阳]从“拿地建AIDC”升级为“持卡运营Neocloud”
公司此前通过南通小洋口地块、洋口港1GW绿电智算备忘录完成算力底座布局；本次收购补上最关键的“已交付GPU+已签客户+已产生收入”环节。标的已购入并接收26台高性能服务器（24台服务器+2台一体机，总值4.88亿，合计配卡336张），并和上海一家AI基础设施公司签下两份算力调度服务合同，总额约6.49亿元（含税），覆盖大模型训练、推理及MaaS。这意味着德祥不再只讲土建和电力故事，而是直接进入GPU算力商业化兑现期。

[太阳]合同现金流清晰，年化收入锚已立
按公告及后续披露，正常履约后月度服务费合计不低于1081.6万元，对应年化合同额不低于1.29亿元，EBITDA%高达96%，毛利率高达36%；首份合同已交付并收款，第二份已收按金、待开票起量，意味着完全落地。
名义年利率2.55%，用低息资金撬已签约算力资产，财务结构偏“轻首付、重运营”。若按服务合同满跑测算，仅本轮收购标的年化合同收入已达近1.3亿元，而收购对价仅约0.84亿元，合同总额/收购对价约7.8倍，给市场提供可跟踪的回款、上架率、续约率指标。

[庆祝]估值重估：从地产残值切换到全球算力Neocloud运营
公司9月29日盘中市值约30亿港元、股价约2.75港元，主要反映地产/壳价值，未充分定价“GPU已到货+合同已签+绿电AIDC在建”三重价值。

‼️结论：期待9/30半年报业绩亮眼，对标润泽、CoreWeave等GW级或万卡级云算力标的，券商研报明确目标价17.03港币，数倍增长空间。","水木调研纪要","","2","0","409","https://wx.zsxq.com/group/88888142214212/topic/82258281528155422","data/research/updates/2026-10-07-all_views-003.csv"
"2026-09-30T11:01:49","2026-09","英伟达CPO放量快于预期","英伟达CPO放量快于预期

Alicia Xia在周二的一份投资者报告中表示，“为支持这一放量，台积电(TSM.US)已扩充CPO测试/检测产能，尤其是增加了Insertion 2/3设备，”“FAU等关键组件进展同样良好，这得益于多插拔良率的改善。在系统层面，我们相信主要组件供应商已就位，使得自9月初起即可实现洁净室级的系统集成。我们现预计英伟达的CPO交换机出货量为4Q26/1Q27/2Q27/2027分别达15k/16k/30k/100k。”

据广发数据，Lumentum来自CPO及近封装光学(NPO)的估算收入将在2027至2028年间实现同比的显著加速。2027年，Lumentum预计将产生4.27亿美元的CPO激光器收入和5.01亿美元的NPO激光器收入。到2028年，这一预测将扩大至CPO为7.50亿美元、NPO为25.5亿美元。

Xia指出，“基于NVL576的规模化CPO/NPO系统预计将于2H27E开始采用，每个NVSwitch托盘配两块交换板，每块板搭载四颗ASIC，并配对四颗3.2T光学引擎(OE)/ASIC，”
“我们重申我们的观点，即CPO(QM5 + 4颗OE)与NPO(QM5 + 4颗OE，采用插座方式)正在并行推进；鉴于NPO的成熟度，我们对NVL576发布时实现全面NPO采用的观点与市场普遍预期一致。下一个需要关注的是Feynman，我们的供应链调研显示，它同样正在以CPO和NPO两种变体进行开发;封装侧的可见度表明，CPO(QM6，配六颗6.4T OE)仍按计划推进。”","水木调研纪要","","2","0","411","https://wx.zsxq.com/group/88888142214212/topic/14425458245144542","data/research/updates/2026-10-07-all_views-003.csv"
"2026-09-30T10:43:10","2026-09","【国金计算机&金属】#光智科技：6英寸磷化铟获头部客户订单_集团高纯铟与高纯红磷保供","【国金计算机&金属】#光智科技：6英寸磷化铟获头部客户订单_集团高纯铟与高纯红磷保供

【1】#6英寸获全球头部客户订单_海外光通信龙头已批量出货
——订单：公司9月16日披露的投资者关系活动记录表显示，先锐科技磷化铟衬底已向国内外光通信芯片及器件厂商批量交付，国内覆盖头部光芯片企业，海外已向光通信龙头批量出货；其中，#6英寸磷化铟衬底已获得某全球头部客户订单，批量交付与客户认证同步推进。
——整合：根据投资协议，公司以增资方式取得先锐科技50.08%股权，增资总金额3.01亿元，承接先导科技集团全部磷化铟衬底资产。8月25日公告确认已完成股权交割及工商变更登记。

【2】#集团高纯铟与高纯红磷保供_布局大尺寸衬底升级
——供给：据公司披露，先导科技集团具备8N级高纯铟提纯及量产能力，可制备6.5N级以上高纯电子级红磷，为磷化铟业务提供原料保供基础；先锐同时具备核心设备自研自产能力。
——需求：公司表示，国内客户正由2、3英寸向4英寸过渡，海外客户正由4英寸向6英寸过渡，衬底扩产与客户认证周期较长；先锐已具备6英寸衬底批量供货能力。
——出口管理：自2025年2月4日起，磷化铟被纳入出口管制，相关出口须向国务院商务主管部门申请许可。

【3】#锗材料向器件及整机延伸_红外收入与毛利率提升
——产业链：据半年报，公司已研制13N超高纯锗单晶，形成从晶体材料、芯片、光学器件到探测器、机芯及整机的红外产业链；新设内蒙古光智矿业拟开展锗提纯，产品规划覆盖二氧化锗、四氯化锗及区熔锗锭等。
——经营：26H1红外光学产品收入10.61亿元，同比增长17.69%，毛利率32.67%，同比提升4.25个百分点；红外探测器及机芯模组合计占公司收入比重由7.49%升至29.13%。公司整体扣非归母净利润3,295.45万元，同比增长181.65%。

联系人：郑元昊/孙恺祈/吴晋恺/刘高畅","水木调研纪要","","2","0","411","https://wx.zsxq.com/group/88888142214212/topic/45548581458882288","data/research/updates/2026-10-07-all_views-003.csv"
"2026-09-30T10:42:54","2026-09","【华鑫汽车&机器人】继续强call 光洋股份：T机器人【轴承和减速器双赛道】核心供应商，国庆期间有望再审厂（新项目），短期看185e（+92%空间），远期看370e（+285%空间）","【华鑫汽车&机器人】继续强call 光洋股份：T机器人【轴承和减速器双赛道】核心供应商，国庆期间有望再审厂（新项目），短期看185e（+92%空间），远期看370e（+285%空间）

[玫瑰]#核心结论：光洋是唯一通过T机器人全身轴承验证的国产上市公司，交叉滚子唯一国产量产厂家，减速器上游核心供应商，#轴承和减速器赛道卡位最好的公司之一

1、#务必重视【机器人轴承】关键卡位，#光洋是T链国产唯一具备全系列轴承的唯一上市公司。滚针、深沟球、四点接触、交叉滚子等，单台机器人用量超过1000个，ASP有望超过1W元。

2、最难的环节是#交叉滚子轴承，是所有类型减速器的核心零部件。#光洋是国产唯一批量供应商，最新一轮审厂后一共拿到9款❗️，当前单个价格最高在90美金（非标品），预计100万台批量生产价格在30-40美金，当前仅交叉滚子轴承ASP 800美金。加上其他轴承，#当前公司轴承ASP超过已超过1000美金。

3、行星减速器：出货多家国产厂商，T下一代机器人有望用2根以上行星，#公司正在突破行星总成环节。#

4、谐波减速器零部件：钢轮、柔轮、交叉滚子、柔性轴承4个零部件约占谐波60%价值量，公司1️⃣通过某Tier 1进入T有望#在节后得到确认。2️⃣通过浙江某减速器厂家已经切入。

5、#传统主业高速成长：# 汽车业务底盘悬架、稳定杆等新业务ASP有望从1k上升到5K，27年盈利有望来到2e，FPC 27年收入14e，盈利7kw，合计2.7e，相比26年1.3-1.5e，#翻倍增长。#

[玫瑰][玫瑰]#估值：短期看185e，远期目标市值超过370e

1️⃣27年2.5e利润，给予50e市值；#当前机器人轴承产品6k# ASP，给予50%份额，15%净利率，100w台，4.5e利润，给予135e市值，#合计185e目标市值。#

2️⃣远期看，公司仅轴承领域ASP有望达到1w，50%份额，目标市值超过225e。叠加减速器领域布局（行星+谐波），ASP 7k，30%份额，目标市值95e，合计320e。传统业务50e市值，#合计目标市值超过370e。#","水木调研纪要","","2","0","408","https://wx.zsxq.com/group/88888142214212/topic/82258281528884252","data/research/updates/2026-10-07-all_views-003.csv"
"2026-09-30T10:42:48","2026-09","📊📜野村 —— 中国：新一轮支持措施不足以提振增长","📊📜野村 —— 中国：新一轮支持措施不足以提振增长

📌🔍新一轮政策宽松力度有限，难以有效解决增长障碍。
📌🏛️虽然中国人民银行、财政部以及国家金融监督管理总局出台了一揽子政策宽松措施，包含下调抵押补充贷款（PSL）利率、扩大再贷款额度以及推出房贷利息补贴，但野村判断这些措施整体规模偏小，并且没有切实击中当下经济增长的核心痛点，预计政策带来的实际影响较为有限。
📌🏠房贷利息补贴政策对楼市提振作用微弱。
📌📋新出台的房贷利息补贴计划主要面向低价首套房，房屋面积不超过 120 平方米，房屋总价不超过 150 万元人民币。
📌💰测算显示该政策每年仅可以节约 200‑300 亿元的利息支出。
📌📍政策的目标人群大多集中在人口流出、房价预期依旧下行的低线城市，很难扭转房地产行业整体的下行态势。
📌🏗️结构性货币政策工具（SMPI）的使用偏向基础设施，但信贷需求疲软制约政策效果。
📌💵央行将抵押补充贷款（PSL）利率下调 25 个基点至 1.5%，同时把支持范围拓展到 “六网” 建设，涵盖水利、新型电网等领域。
📌📈与此同时，央行上调科技创新、农业小微企业相关再贷款的额度。
📌⚠️不过结构性货币政策工具额度属于上限，并非刚性投放承诺，再叠加 “先贷后借” 执行机制，基础货币投放规模取决于真实贷款需求。
📌📉在私人部门信贷需求偏弱的环境之下，流动性注入能够产生的实际效果受到明显约束。
📌🔧解决经济疲软需要推进更深层次的结构性改革。
📌📝该行认为，如果想要真正走出房地产行业低迷的局面，国内需要处置房地产行业带来的巨额不良债务，并且推动公共财政、社会保障体系的结构性改革。
📌❗仅仅依靠目前这种程度的货币层面微调，并不足以化解现存的各类挑战。","水木调研纪要","","2","0","406","https://wx.zsxq.com/group/88888142214212/topic/82258281528884812","data/research/updates/2026-10-07-all_views-003.csv"
"2026-09-30T10:42:31","2026-09","【东方食饮|9月重点】重申黄酒投资逻辑","【东方食饮|9月重点】重申黄酒投资逻辑

当下股价位置波动加大，我们继续提示古越龙山等！

[太阳]黄酒投资的核心逻辑是什么？——处于盈利释放前期的成长股
1）行业层面，基于前期判断，我们认为黄酒在需求侧和供给侧都在优化，白酒渠道介入、烈酒消费场景切换，头部企业黄酒高端共识强化，头部黄酒企业收入端或迎来突破；
2）个股层面，古越龙山等企业存在改革效应，经营效率优化将驱动盈利能力提振。

【东方食饮】古越龙山深度：趋势崛起，改革加速
【东方食饮 | 重点推荐】古越龙山深度：趋势崛起，改革加速

【东方食饮】论黄酒投资逻辑、定价范式与产业周期
【东方食饮 | 专题】论黄酒投资逻辑、定价范式与产业周期

【东方食饮】黄酒：产业趋势崛起
【东方食饮 | 行业周报】黄酒：产业趋势崛起

【东方食饮】黄酒：渠道拓展提速，高端化逻辑强化
【东方食饮 | 9月重点】黄酒：渠道拓展提速，高端化逻辑强化

【东方食饮 】9月聚焦中小市值，优先黄酒、代糖
【东方食饮 | 周观点】9月聚焦中小市值，优先黄酒、代糖

东方证券 李耀/张馨予","水木调研纪要","","2","0","406","https://wx.zsxq.com/group/88888142214212/topic/55521518251114124","data/research/updates/2026-10-07-all_views-003.csv"
"2026-09-30T10:33:03","2026-09","【华泰必选 | 牛肉跟踪】商务部公告自巴西进口的牛肉10月1日零点起加征55%关税","【华泰必选 | 牛肉跟踪】商务部公告自巴西进口的牛肉10月1日零点起加征55%关税

[太阳]商务部公告：国内从2026年开始对进口牛肉采取配额制，超出部分加征55%关税。#商务部公告自巴西进口的牛肉10月1日零点起加征55%关税，此前公告自澳大利亚进口的牛肉6月20日零点起加征55%关税；我们判断26Q4开始进口牛肉的量将明显收缩，#预计将成为国内牛肉价格的重要催化点。

[太阳]进口配额：26 年 1-8 月全国牛肉进口配额使用率已达 75%，#其中巴西于8月耗尽配额；巴西以外的部分，1-8月进口86万吨，同比-10%，主要受贸易环境制约、不同国别产品结构差异的影响，#进口供给端的约束预计将进一步夯实下半年的牛价景气度。

[太阳]肉牛价格：截至9月21日，育肥公牛周度均价30.01元/kg，年同比+15.6%；犊牛周度均价42.24元/kg，年同比+30.2%；终端牛肉批发价周度均值71.59元/kg，年同比+9.1%。国内能繁母牛产能去化叠加进口配额硬约束，供给端收缩逻辑持续验证，#牛肉价格上行周期的支撑进一步夯实。#

[太阳]原奶价格：主产区原奶价格于5月底触底，截至9月17日，#主产区原奶价格已回升至3.08元/kg（vs7/8月均价3.05/3.06元/kg），散奶价格率先反弹，合同奶价逐步企稳回升；当前主要乳制品企业的双节备货&动销有序进行，我们预计同比可实现平稳增长。

[太阳]标的推荐上：奶肉共振逻辑得到持续验证，利好上游牧业龙头优然牧业/现代牧业，同步建议关注牛肉上涨的受益标的紫燕食品/光明肉业。","水木调研纪要","","2","0","400","https://wx.zsxq.com/group/88888142214212/topic/45548581458421488","data/research/updates/2026-10-07-all_views-003.csv"
"2026-09-30T10:15:06","2026-09","[太阳][太阳]【长江电新】机器人：节前再call机器人板块，重视“金九银十”配置机会","[太阳][太阳]【长江电新】机器人：节前再call机器人板块，重视“金九银十”配置机会

#灵巧手良率逐步提升带动本体10月产能迅速爬坡：本体产能爬坡打消了供应商生产累库问题，10月将迎来本体的量产拐点，预计到11月左右提升至周产1k+，本体起量将支撑供应商订单景气。

#本体爬坡倒逼10月供应商产能迅速扩张：目前供应商均处于供不应求状态，国内+海外基地同步扩产，自动化改造同步进行，10月是关键窗口，有望见证单周产量持续放量。

#强调板块的“金九银十”机会：26H1交易的是预期，T的指引迟迟没有兑现到供应商订单消耗了市场对板块的信心，但从7月开始，弗里蒙特的量产线建设是这轮产业的明确拐点，8-9月的订单更是景气。10月更是供应商和本体产能的重要爬坡窗口，量产迈出第一步，数据飞轮将持续填补需求场景，强调板块的“金九银十”机会。

#T链方兴未艾，订单&产能携手并进，国产景气同样可观，坚定看好此轮机器人行情
1）轻量化龙头【福赛科技】，在手料号20+，ASP直逼1w+，后续价值量有望继续提升，主业稳健增长；
2）旋转环节谐波减速器龙头【斯菱智驱】，谐波全型号在手，轴承产品持续推进，泰国基地26Q3达产匹配客户新需求；
3）总成龙头【三花智控+拓普集团】，此外新晋Tier1【新泉股份】，配套新泉合作【凯迪股份】，26Q3有望完成产线布置+产品出货。
4）丝杠厂商【北特科技+浙江荣泰】，大小丝杠核心供应商，订单指引匹配客户量产节奏
5）设备厂商【田中精机】，手部电机绕线设备对接，后续有望订单落地
6）国产本体起量，推荐【上纬新材+宇树科技】等","水木调研纪要","","2","0","349","https://wx.zsxq.com/group/88888142214212/topic/14425458242155552","data/research/updates/2026-10-07-all_views-003.csv"
"2026-09-30T10:14:56","2026-09","【天风军工】俄罗斯再提军费预算，国防物料采购需求溢出加速","【天风军工】俄罗斯再提军费预算，国防物料采购需求溢出加速
--------------
俄罗斯预计将于10月1日前向议会提交预算草案，将2027年国防预算端较原规划的13.5万亿、上调27%至17.1万亿卢布、#未来三年国防预算合计约50万亿卢布。作为参考，2026年国防预算计划是12.1万亿卢布，但实际金额已属于机密不对外公布。

俄罗斯多方面财政政策配合军费大幅提升：
1） 将2026年财政赤字预测从GDP的1.6%直接提高到3.2%；
2）2026年预算总支出提高到48.6万亿卢布，同比增长13.2%，占GDP的20.9%；
3）计划在2027年提高税收以弥补赤字，针对金属和矿业公司的新暴利税预计每年可带来约2000亿卢布收入；
4）2027年国家债务占比将从2026年的19.9%升至21.7%，2027年总借款额将增长43%，达到7.7万亿卢布。

综上所述我们认为：俄罗斯国防开支的大幅加码以及未来三年的大额军费预算，证明海外国防军工企业面对的并非短期结束的周期高峰订单、而在财政层面存在较长期的需求可见度。而如欧洲等地区在地缘局势紧张度加剧情况下，国防开支有望持续保持全球第一的高增速。#欧洲、俄乌等地的军费连锁增长、带来巨额的国防物料采购需求、本土产能羸弱且恢复不及的情况下、国防订单向本土以外的产能溢出已是定局。

根据我们长期产业调研更新，海外在红外光电探测器、无人机零部件、含能材料、激光雷达、芳纶纤维等多个领域都存对我国的依赖，同时海外军品需求对民品产能造成挤压，中游锻铸等订单也向我国溢出。#而海外冲突的加剧与国防开支的大幅增长或将助推这种趋势进一步向我国产能倾斜：

#【相关标的】：#
红外产业链：睿创微纳、光智科技
硝化棉：北化股份
镜头：力鼎光电、福光股份、中润光学
军品产能挤压：航宇科技、中航重机、航亚科技","水木调研纪要","","2","0","335","https://wx.zsxq.com/group/88888142214212/topic/22258281525485141","data/research/updates/2026-10-07-all_views-003.csv"
"2026-09-30T10:14:39","2026-09","[庆祝]【天风医药】恩华药业：首单BD 落地，中枢神经管线价值迈入''全球定价''","[庆祝]【天风医药】恩华药业：首单BD 落地，中枢神经管线价值迈入''全球定价''

9月29日，公司公告与 Somnivera, Inc. 签署《独占许可协议》：公司将一款自主研发用于治疗睡眠障碍的1类创新药在除中国大陆及港澳台地区以外的全球范围内开发、生产和商业化的独家权利授予 Somnivera，公司保留中国全部权益。首付款1050万美元，公司有权获得最高5.07亿美元的开发、注册及商业化里程碑付款，以及按许可产品净销售额一位数至低双位数百分比计算的分层特许权使用费；公司将通过全资子公司香港恩华医药有限公司获得 Somnivera 15% 的股权。

[玫瑰]公司历史首单BD，管线迈入全球定价
恩华药业在镇静催眠领域深耕多年，力月西（咪达唑仑）、恩诺欣（扎来普隆胶囊）、氯硝西泮等品种已形成集群，在研管线储备丰富，NLH35700、NH130、NH600001 等后续管线资产具备同类出海的想象空间。公司长期以''自主创新 + 国内商业化''的内生模式为主，此前对外合作多以引进形式（如拥有国内独家商业化权益的安泰坦氘丁苯那嗪片、奥沙西泮片等），本次是首次将自研资产出海授权。创新管线的兑现方式正从''国内商业化兑现''迈向''全球价值兑现''。

欢迎联系天风医药杨松/李臻","水木调研纪要","","2","0","333","https://wx.zsxq.com/group/88888142214212/topic/82258281525485242","data/research/updates/2026-10-07-all_views-003.csv"
"2026-09-30T10:14:32","2026-09","【HF大制造】联得装备推荐：预期差较大的折叠屏&先进封装铲子股，UTG玻璃+Mirco LED设备","【HF大制造】联得装备推荐：预期差较大的折叠屏&先进封装铲子股，UTG玻璃+Mirco LED设备

【苹果&京东方&联得装备】
1、深度绑定京东方等龙头，8.6代OLED线+折叠屏UTG开启新一轮设备支出。
# 高世代OLED线持续扩产： 公司中前端设备产品持续突破，后道贴合设备市场市占率超过80%。2025年BOE开启8.6代线模组段招标，联得装备中标了价值量大的3D盖板贴合设备和邦定设备，价值量约2.01亿元，是国内份额最高企业。京东方、维信诺等龙头持续投入，8.6代OLED线进入扩产周期。
# 苹果折叠屏高毛利订单： 折叠屏柔性面板贴合设备目前为苹果一供，目前接近20条线。根据目前的贴片效率测算，苹果出货1000万部折叠屏对应4-5亿贴合设备需求，未来其他折叠屏品牌也可能大批量使用UTG技术，叠加苹果直板机应用3D玻璃，进一步打开市场空间。

2、潜在：
a）# 玻璃基封装载板（TGV）：需激光钻孔、镀膜、电镀、贴合、检测等设备。联得在前道涂覆、后道精密贴合 / 检测有技术积累，有望切入后段；
b）光互连Micro LED：联得已布局Micro LED核心贴合类设备，能力向光通信、AR等领域迁移，具备先发优势。
c）钙钛矿玻璃基板：2025年公司研发的涂布三件套设备是国内少数能支持2.4米宽幅量产的新型设备，并已出货到客户端进入调试验证阶段，有望对接满足光伏钙钛矿玻璃基板需求。

【新曲线】公司在半导体设备、横向拓展（键合类设备）等方面均取得积极进展。

【空间】公司今年苹果高毛利产品放量/8.6代线/半导体设备均放量；明年苹果业务继续放量的确定性较高，半导体设备放量+Mirco LED等新方向卡位核心，弹性较大。","水木调研纪要","","2","0","325","https://wx.zsxq.com/group/88888142214212/topic/82258281525485822","data/research/updates/2026-10-07-all_views-003.csv"
"2026-09-30T10:04:23","2026-09","美光买方预期","美光买方预期

对于MU来说，目前反馈是他相当看好。他预计与Street的竞争将是节拍，由DRAM ASP增长20%+QoQ和NAND ASP推动，且HBM4的12高组合（截至5月至Q已出货>10亿美元，增长速度是HBM3E的2倍），DC SSD收入预计再次超过50亿美元，为GM在指导的~86%提供进一步上涨空间。

在F1Q27指南中，他预计管理层将远高于华尔街共识，这基于客户需求信号自上次印刷以来“进一步增强”，管理层升级后的2027年框架——现在比26年更“紧密”——同时管理层已将HBM TAM（管理层提升至27年轻松突破1亿美元）支持（相比之下，Harlan自己的模型在2027年27年/28年混合加息时为1.6亿美元/282亿美元）。Harlan预计，更大的结构性催化剂是10-K中的SCA披露：基本情况是比特生产覆盖率已提升至35%+（上季度为~20% DRAM/~33% NAND），潜在水平已达到50%+......这些协议的底价锁定了通用汽车“远高于”MU之前62%峰值的市场——鉴于市场历史性周期性记忆视角，这一耐久性仍被低估。最后，2026年12月9日CHIPS法案周年纪念是一个资本回报的转折点;此后，MU承诺100%返还多余现金（主要回购），仅8月至Q月的自由现金流就达到240亿美元+，累计自由现金流到2027年年底前有望接近2亿美元。我已编辑的买方调查结果：","水木调研纪要","","2","0","364","https://wx.zsxq.com/group/88888142214212/topic/55521518252184244","data/research/updates/2026-10-07-all_views-003.csv"
"2026-09-30T10:02:57","2026-09","美的公司口径更新：全年收入预期从+中个位数→+中低个位数，利润由于并表亏损也有下修，具体数据不清楚，#经营下修但分红仍提升。#","美的公司口径更新：全年收入预期从+中个位数→+中低个位数，利润由于并表亏损也有下修，具体数据不清楚，#经营下修但分红仍提升。#

➤Q3指引：收入-中低，经营利润-中（剔除汇兑之类的），归母+20%。
1️⃣实际经营：降费降级（华凌卖的多）+需求不足+空调Q3冷年开盘取消，#内销压力大、外销OBM表现好。#
#我们预计：Q3内销-高单、内销剔除冷年开盘取消的实际收入持平；#外销+双位数，OBM+20%+（全年指引+15%，H1达成），OEM+个位数（H1下滑，H2恢复增长）。

2️⃣归母增长好于经营性的原因是，#长鑫收益实在太多，公司用teka、科陆之类的各种减值已经压不住长鑫的收益。26Q2长鑫预计贡献很少，Q3贡献100亿（占25Q3归母8成+），Q3公司减值50亿抵扣，剩下50亿仍占25Q3的4成+。

➤取消空调冷年开盘影响范围：26Q3和27Q1。

➤Q4预判
1️⃣#我们预计收入增速好于Q3。内销：我们会预计空调出货和零售增速一致了，但内销消费降级/景气压力仍在，影响收入利润，但美的起码冰箱还在抢份额，冰洗有α。#9月安装卡-3%、空调行业景气度确实边际走弱。外销：持续拓市场，我们维持OBM高双位数预期；代工H2好于H1，我们估计恢复增长。

2️⃣利润有不确定性。Q4美的医疗要并表一个意大利公司，并表后美的医疗规模100-200亿，但并购标的亏损，估计也影响Q4业绩。

3️⃣#全年：公司口径收入+中低、利润考虑并表承压、我们预计不考虑医疗并表影响估计26年归母470亿（假设Q4+中个，其中长鑫贡献100亿+）。

➤股东回报是投资者核心关注点，公司有2400亿现金蓄水池，即便利润承压，#股东回报绝对值稳中有升、维持未来3年把100%利润分给投资者的指引。#我们认为经营预期下调分红预期不一定下调、公司有能力维持源于分红绝对值、但看最后公司更精确的指引。","水木调研纪要","零售","2","0","332","https://wx.zsxq.com/group/88888142214212/topic/14425458242582412","data/research/updates/2026-10-07-all_views-003.csv"
"2026-09-30T10:02:31","2026-09","【中泰机械】鸿富诚：石墨烯TIM国内龙头，有望持续受益于Rubin放量","【中泰机械】鸿富诚：石墨烯TIM国内龙头，有望持续受益于Rubin放量

#功耗跃升、石墨烯为芯片散热关键材料。AI芯片TDP→Rubin 2300W；TIM材料沿“硅脂→相变→石墨烯垫片”迭代。石墨烯能够解决高功率大尺寸芯片翘曲与界面空隙问题，液冷工况下可避免“泵出”、热阻漂移等；#为当前唯一通过头部客户老化验证、可规模化量产的高导热TIM方案。

#价值量通胀。石墨烯垫片相比相变片贵约10倍、相比硅脂贵约50倍；单GPU/CPU对应石墨烯垫片价值量约140/80元，#27年Rubin10万柜对应15亿元空间。AI服务器TIM 2026年约5.65亿美元、2032年看15.41亿美元，CAGR 18.2%。

#格局未定、关注国产先发。石墨烯导热垫片刚起量、格局未定。#鸿富诚是大陆首家进入NV石墨烯垫片白名单的企业、凭量产良率与约1年完整老化验证周期取得先发、高端客户认证周期长达1-3年构成壁垒。其量产石墨烯垫片导热系数达130W/(m·K)、热阻低于0.06℃·cm²/W；#碳基导热垫片收入 从2023年约0.36亿元增至2025年约2.52亿元，2026H1营收4.35亿元（yoy+66%）、综合毛利率68%。

⚠️风险提示：下游需求不及预期等。
——————————
欢迎交流｜【中泰机械】王子杰 杨培梁","水木调研纪要","","2","0","332","https://wx.zsxq.com/group/88888142214212/topic/82258281525888152","data/research/updates/2026-10-07-all_views-003.csv"
"2026-09-30T10:02:26","2026-09","【国金电子】博硕科技在投资者调研公告中提及与泰瑞达战略合作事项","【国金电子】博硕科技在投资者调研公告中提及与泰瑞达战略合作事项

AI服务器及相关基础设施布局：当前AI服务器组装主要以人工为主，L6-L10环节涉及大量精密工序，未来产线自动化升级需求较大，公司正积极探索自动化装备在AI服务器及相关基础设施领域的机会。

泰瑞达战略合作：已与泰瑞达签署合作备忘录以建立长期战略合作关系。双方合作主要围绕组装自动化、测试自动化、物理AI、OV等方向开展。目前双方正紧密合作，积极响应#北美大客户自动化设备需求，后续将持续开展深度合作，共同探索自动化设备落地解决方案并#积极拓展其他业务机会。

泰瑞达为博硕提供标准化部件（机械臂、机械手、检测仪器等），博硕落地整套自动化设备交付北美大客户，组装及检测均按客户要求来研发非标设备，博硕直接与nv对接需求（不通过组装厂，nv组装及检测设备采购的商业模式已发生产业端重大改变），近期公司将有实质性业务进展。

此外，市场关注较少的物理AI及OV（Omniverse）是NV开发的工业设施数字孪生应用，其作用是在现实世界部署物理AI之前，通过构建高保真虚拟工业环境，对自动化工作流进行测试、优化和验证，也是公司与泰瑞达合作的重要一项。

继续坚定看好博硕科技，#目标市值400e（翻倍以上空间），市场回调带来绝佳买点，建议领导重视。

[礼物]联系人：国金电子 樊志远/周焕博/戴宗廷18912808988","水木调研纪要","","2","0","325","https://wx.zsxq.com/group/88888142214212/topic/14425458242555182","data/research/updates/2026-10-07-all_views-003.csv"
"2026-09-30T10:02:12","2026-09","🔥【天风轻纺】恒丰纸业：本轮hnb绝对核心标的","🔥【天风轻纺】恒丰纸业：本轮hnb绝对核心标的

✊我们此前选为9月金股，月中明确提示行情启动；当前继续看好未来空间，首轮目标70-100亿；再次重申三大核心看点：

1，中烟配套稀缺国企自带估值溢价

市场对hnb放开及潜力共识高，虽或对渗透节奏有所分歧，但恒丰基因明确；未来国内hnb机会明确围绕中烟系配套，经过此前产业变化，国企身份重要性不言而喻，有望核心受益产业需求扩容；稀缺性估值溢价及渠道卡位明确，且是高频耗材，本轮hnb绝对核心标的！

2，hnb用纸及烟标均可再造一个恒丰

业绩及市值空间直接打开；传统卷烟及hnb用纸有明确牌照准入，恒丰在传统卷烟市占极高且同时作为菲莫等核心供应商，业内唯一全系列交付hnb用纸；我们乐观预期国内hnb用纸公司市占及盈利，未来有望再造当前业绩体量；

此外烟标业务年底投产，该赛道不但容量十倍增于用纸，且大部分是民企竞争分散；恒丰不但已在供应商名录常年对接各地中烟内，且在烟草体系内信任度显著高于民企；未来有望加速达产推动产业整合。

3、公司当前低估值小市值具备较大市值弹性，建议积极关注！此外产业链关注中烟香港、思摩尔、华宝国际、华宝股份等。

----------------

欢迎交流 | 天风轻纺

孙海洋/张彤/吴立","水木调研纪要","","2","0","325","https://wx.zsxq.com/group/88888142214212/topic/22258281525888811","data/research/updates/2026-10-07-all_views-003.csv"
"2026-09-30T10:02:07","2026-09","🚀🚀再call【优利德】：布局时机已到，高端VNA超预期+采样示波器双重催化！","🚀🚀再call【优利德】：布局时机已到，高端VNA超预期+采样示波器双重催化！

[红包]本周优利德出现较大幅度回调，主因是科技整体行情疲软叠加上周VNA板块涨幅过大，公司基本面依然强劲。#我们认为VNA作为崭新的AI硬件细分赛道，其爆发性不亚于年初以来的采样示波器，可以看长期，不是简单的短期主题。优利德预期差最大，建议重视：

#高端网分：# 公司上半年收购的这个天津VNA团队，已深耕行业超20年，技术对标电科思仪，且已研发67G网分2年以上，#目前67G# VNA整机研发完成，已有样机，且预留后续110G以上网分接口，#预计27年推出110G以上VNA仪器。客户端，预计率先在高速连接器领域落地，#订单预计50-100台，27年仅单一客户预计在几个亿级别！#后续有望在PCB和高速铜缆头部客户送测，持续落地批量订单！

#采样示波器：1.6t# DCA研发快速推进，产品近期有望落地，且三件套同步推进，具备：#电测+光测+芯片三重优势，预期差大！且业绩处于高增阶段，有坚实的市值底！持续重点推荐，务必重视！市值看200亿起步！展望400亿！

by ztjx xxh","水木调研纪要","","2","0","321","https://wx.zsxq.com/group/88888142214212/topic/22258281525888511","data/research/updates/2026-10-07-all_views-003.csv"
"2026-09-30T10:01:40","2026-09","Yageo Corp-TDK-Taiyo Yuden MOU: high-end wall rises; cycle thesis intact ⭕碳化硅、HVDC海外迎来密集产业催化！","Yageo Corp-TDK-Taiyo Yuden MOU: high-end wall rises; cycle thesis intact ⭕碳化硅、HVDC海外迎来密集产业催化！
1、英飞凌与伊顿达成合作，SiC固态变压器SST拿到IEC认证，落地AI数据中心800VDC架构，SST大量消耗高压碳化硅器件，打通算力中心电网直连路径 。
2、台达发布适配Vera Rubin新平台HVDC机柜方案，800V高压直流从原型样机走向项目落地；产业口径26Q4迎来小批量订单，27年大规模放量。
3、瀚天天成拿到近亿美元海外SiC外延增购大单，海外AI电源拉动高压碳化硅需求持续上行，Wolfspeed高端8寸衬底正式商用供货 。
HVDC是新一代AI算力供电主线，而SST固态变压器进一步放大碳化硅增量需求，预期差在于订单落地节奏。
👉建议关注：
HVDC：中恒电气、欣锐科技、通合科技
碳化硅：天岳先进、露笑科技","水木调研纪要","","2","0","320","https://wx.zsxq.com/group/88888142214212/topic/55521518252128854","data/research/updates/2026-10-07-all_views-003.csv"
"2026-09-30T09:39:54","2026-09","[红包] 浙商机械 邱世梁|王华君【具身智能】特斯拉量产进程加速，26年Optimus有望下线约5万台，持续推荐！","[红包] 浙商机械 邱世梁|王华君【具身智能】特斯拉量产进程加速，26年Optimus有望下线约5万台，持续推荐！

一、海外：特斯拉新一轮审厂启动，Optimus量产加速。
特斯拉Optimus产量已在近几个月提高了约十倍，8月机器人周产量达数百台。据观点网，#2026年Optimus有望下线约5万台，应用于特斯拉内部超级工厂。

9月17日，特斯拉团队开启新一轮机器人审厂工作，#有望向供应链企业下达相关订单。#

二、国内：中国厂商包揽全球人形机器人收入前五，产业化进展领先

据弗若斯特沙利文，26H1全球人形机器人收入排名前五的厂商：优必选（收入市占率16.5%）、智元（16.1%）、宇树（15.3%）、银河通用（5.5%）、乐聚（4%），#五家企业合计市场份额超50%。#

#26H1中国人形机器人出货占比超97%。其中智元上半年出货量8400个全球第一，占全球出货量的44%；宇树出货量5900个，占全球的31%。#两家企业全球市占率达75%。

国际巨头特斯拉量产在即，国内巨头扩产频繁，人形机器人产业化进展加速。

🚀【具身智能】重视：
1、确定性强的零部件供应商：恒立液压、三花智控、拓普集团、浙江荣泰、汇川技术、双环传动、绿的谐波、五洲新春、金沃股份、奥比中光、中大力德、雷迪克等
2、整机及应用场景：杭叉集团、中力股份、杰克科技、咸亨国际、杭州柯林、新时达、横河精密、中坚科技、优必选、安徽合力等
3、新技术或低估值转型标的：涛涛车业、上海沿浦、华翔股份、峰岹科技、安培龙、柯力传感、汉威科技、福莱新材、日盈电子等

风险提示：AI发展不及预期等

🔗浙商机械【具身智能】60多篇深度报告合集：浙商机械【人形机器人】系列深度

浙商机械 邱世梁/王华君18610723118/蒋逸18158576706/秦乐恒15221680140","水木调研纪要","","2","0","339","https://wx.zsxq.com/group/88888142214212/topic/55521518218442854","data/research/updates/2026-10-07-all_views-003.csv"
"2026-09-30T09:29:01","2026-09","1、英飞凌+伊顿官宣合作（9‑29海外）","1、英飞凌+伊顿官宣合作（9‑29海外）
英飞凌向伊顿MVSST2.0中压固态变压器供应SiC功率模块，瞄准AI数据中心800VDC高压直流架构，面向亚太市场，已经拿到IEC认证；双方还在研发2.3kV/3.3kV更高压SiC模块，打通电网直连算力中心路径。SST固态变压器=HVDC下一代核心硬件，大量消耗碳化硅器件。
2、瀚天天成：获海外大客户外延片增购大单
最高9580万美元6/8英寸SiC外延订单，2026年底前全部交付，验证海外功率厂SiC需求持续紧张，8英寸外延加速放量。
3、Wolfspeed推出Premium高端200mm（8寸）SiC衬底，已商用供货
提升大尺寸衬底良率，AI电源、工业高压应用受益，大尺寸SiC衬底竞争加剧。
4、国内产业动态
天岳先进P型碳化硅技术取得关键突破（9‑29产业媒体）","水木调研纪要","","2","0","346","https://wx.zsxq.com/group/88888142214212/topic/45548581485158188","data/research/updates/2026-10-07-all_views-003.csv"
"2026-09-30T09:28:54","2026-09","【盘前0930】国庆节快乐[庆祝]","【盘前0930】国庆节快乐[庆祝]

1、隔夜美股小幅调整，原油价格略有回落，适度缓解了市场的紧张情绪，但是美债收益率依旧走高，压制市场情绪。资金抱团，费城半导体回到本轮修复的前高附近。目前影响全球风险偏好的因素主要是美债利率，尤其是对新兴市场国家的影响会更大，最近港股的冲击其实比A股更大，港股创新药ETF和恒生生物科技ETF 持续有超预期催化，才能更有韧性，昨天也逆市走强。目前美债加速上行，已经脱离基本面因素，更多是资金的自我循环，新债旧账一起算，叠加9月天量发行规模的冲击。目前看10月供给端会有回落，美伊冲突谈判重启还有希望，宏观环境边际改善的机会还在。

2、昨天A股成交仅1.42万亿，这是去年7月以来的新低，大幅缩量可以理解，除了休假，周一开门黑已经跌完了，假期避险的意义就不大。指数没有继续发酵恐慌，盘中挣扎了好几次，日内K线都走成了锯齿状，这个位置分歧还是比较大的。资金上，昨天两融余额大幅减少到2.58万亿，这已经是今年7月底和4月底的水平了，目前这个位置除非真的就确认进入大级别熊市，否则哪怕是震荡行情判断，也应该相对积极点，找到一些未来能够看到变化的行业。昨天加速下跌后指数结构都不太好，创业板指盘中回落倒是出现大级别的底部钝化，目前这个位置，如果没新的大利空冲击，还是先看筑底。

3、今天是节前最后一个交易日，认真交易的活人也不多，应该能够平稳收官。昨天盘后货币和财政的组合拳政策公布，市场重点关心房贷贴息和PSL贷款下调25BP并增加科技和支农再贷款额度，实际评价分歧挺大，但信号意义更明确，对四季度稳增长政策不应该一味悲观。不过昨天午后地产在小作文带动下成为唯一亮点，前面已经发酵十几天，今天大概率会兑现，反而关注酒ETF这种内需政策的预期升温。

4、虽然假期的时候外围宏观还可能继续极限施压，但整体对A股的向下冲击是有限的，这个震荡结构目前看还比较有韧性，只不过需要找个好介入的时间。过节反正需要留点仓位，今天小跌就看捞，继续修复也无所谓，做做宽基或者指增，创业板50ETF，科创100ETF，科创综指ETF，还有增强效果很不错的科创50增强ETF，反正节后还有别的方向搞。

（仅供内部参考，不做投资建议，基金投资需谨慎）","水木调研纪要","","2","0","347","https://wx.zsxq.com/group/88888142214212/topic/82258281582128482","data/research/updates/2026-10-07-all_views-003.csv"
"2026-09-30T09:28:24","2026-09","戈碧迦：定增扩产彰显产业布局决心，双稀缺业务卡位有望极大增厚业绩弹性🚀","戈碧迦：定增扩产彰显产业布局决心，双稀缺业务卡位有望极大增厚业绩弹性🚀

❗️#公司于9月29日定增受理：# 预计募集资金总额不超过4e，#其中3.1e用于高温特种功能玻璃生产线建设项目、0.9e用于补充流动资金。此次定增加码产能建设，充分彰显公司对产业布局的决心。

1️⃣#玻璃载板：全球供给极为稀缺、头部公司审厂通过
三星、美光、海力士三家27年年初总需求接近150w片/月，但海外产能供给受限，国内能做的企业更是稀缺。#头部公司近期已完成审厂且马上进行送样、公司有望取得可观份额，业绩弹性可期！

2️⃣#特种电子纱：对标日东纺、国产首发在即🚀
高端电子布涨价持续的核心因素在于特种电子纱，#旭化成等海外龙头甚至因缺货缩短审核时间，27年特种电子纱仍将处于涨价周期。#公司26H1已开启大规模送样、国内多家头部客户已导入、海外龙头正在试样验证、预计27H1完成技术审核，一旦通过即可直接启动大规模供货，建议重点关注！

风险提示：产业进展不及预期等","水木调研纪要","","2","0","344","https://wx.zsxq.com/group/88888142214212/topic/14425458254858882","data/research/updates/2026-10-07-all_views-003.csv"
"2026-09-30T09:19:26","2026-09","【广发地产】929全国购房补贴点评：超预期的政策，有诚意的转折，控供给+稳需求，促拐点意图明确","【广发地产】929全国购房补贴点评：超预期的政策，有诚意的转折，控供给+稳需求，促拐点意图明确

⭕️首先政策是否超预期？是超预期的，贴息能落地，非常了不起。
1️⃣这是15年棚改货币化政策后，第一次动用中央财政资源，补贴居民购房能力，真金白银下场“稳需求”。
2️⃣贴息政策有巨大的升级空间。很多人觉得150w以下这个限制了效果。但我们国家的政策，#都是有延展性的。政策效果好，市场呼声高，进篮子的政策就会反复使用。
3️⃣新房+二手房一起补贴，#这点非常重要。代表中央的意图是#整体“提振需求”+“稳定价格”，而不是简单的，通过刺激新房销售，缓解财政压力。

⭕️财政资金需求测算：
1️⃣全国新房+二手房市场，25年总规模约为14万亿，其中新房7.3万亿，二手房约6.6万亿，26年预估全年新房+二手房成交金额约13.5万亿，其中新房6.4万亿，二手房7.1万亿。
2️⃣成交结构数据：根据贝壳成交明细计算，
🏠二手房150w以下的套数占比为64%；其中一线、二线、三四线城市分别为40%、67%、68%；金额占比为38%，其中一线、二线、三四线城市分别为14%、44%、50%。
🏯根据克尔瑞数据计算，全国新房150w以下的面积占比为56%，其中一线、二线、三四线城市分别为14%、48%、76%；金额占比为22%，其中一线、二线、三四线城市金额占比分别为3%、21%、47%。
3️⃣ 全国新房、二手房销售均价为1.0万元/平和1.1万元/平，根据均价计算，120平米以下基本可以被150w以下的金额覆盖。根据中国指数研究院计算，40城市150w同时120平米以下的成交面积占比为44%，与我们一二线城市合并计算，仅考虑150w以下的占比52%差额为15%。
‼️#最终结果，符合政策要求的总面积占比为62%*85%=53%，预计覆盖面积规模为7.4亿平米；总金额占比为32%*85%=27%，预计规模为3.7万亿。
4️⃣财政贴息成本测算：
由于本轮政策，要求仅补贴，首套及首次贷款购房者，在低总价区间占比较高。25年全国贷款购房比例在80%左右，四大行首套贷款比例普遍在90%-97%之间，我们按照总交易金额和占比中80%的购房者符合首套、首贷的要求。
‼️则预计单年度符合要求的购房行为的交易额为3万亿(3.7万亿*80%），平均首付比例30%计算，则信贷发生金额为2.1万亿，贴息100bp的财政代价为210亿，#累计5年贴息的财政总代价约为1000亿元。

⭕️政策影响分析：
1️⃣ 需求可能会因此提前，集中释放。
[烟花]和其他消费补贴类政策带来的需求潮汐一样，由于限制了一年的时间，且不限制财政金额补贴上限。因此部分28、29年的需求，也有极大可能在27年集中释放（一年1w块钱，税后收入，也不是小数目）。#从而造就短期供需快速改善的契机。#

2️⃣短期租售比均衡，激发租房群体购房行为转化。[烟花]目前全国平均租金回报率为2.4%，贴息到2.05%对于很多租房群体，存在转化居住购买行为的可能性。

3️⃣.全国价格短期是否会上涨？
[烟花]目前核心城市新房住宅库存去化周期为21.3个月，二手房库存去化周期为15.3个月，新房+二手房平均库存去化周期为17.1个月
[烟花]若政策带动成交量，能够实现70%以上的增长，将库存去化周期控制在10个月以内，则有机会实现二线核心城市价格企稳。
[烟花]一线城市，上海、北京等地，即便没有贴息政策，短期库存去化周期也符合价格企稳的要求。

4️⃣是否会带动产业链整体好转？
叠加828政策对于供给侧的限制，短期更明朗的机会还是在于#稳定市场价格，而非带动实物工作量的提升。","水木调研纪要","","2","0","356","https://wx.zsxq.com/group/88888142214212/topic/82258281582458842","data/research/updates/2026-10-07-all_views-003.csv"
"2026-09-30T09:19:06","2026-09","【东北商业航天&AI电力】BE大增，看好SOFC产业链价值❗","【东北商业航天&AI电力】BE大增，看好SOFC产业链价值❗

🔥#Q2业绩超预期+佩洛希家族大笔买入：# 1）BE Q2营收10.65亿美元，同比增长165.5%，毛利率33.4%，环比提升668个基点，全年指引上修至39~42亿美元，业绩超预期；2）佩洛西家族于2025 年7月24日及28日合计买入1.5万股BE股票及200份行权价100美元、2027年6月到期的看涨期权。

📈#纳入标普500指数：# 标普道琼斯指数公司于9月 21 日开盘前将BE纳入标普500指数，被动型基金与 ETF 的强制再平衡将带来确定性的配置买盘。

💰#千亿级AI电源订单：# 去年10月Brookfield Asset Management（BAM）与BE达成最高50亿美元战略合作，BE正式成为BAM全球人工智能工厂的首选现场电力供应商，而今年BE宣布与BAM的AI电力项目融资合作规模大幅扩大至250亿美元，较去年10月首次扩大了5倍。BE 将成为 Brookfield 全球“AI 工厂”的首选现场电力供应商，锁定长单与产能消化。据Bain&Company测算，美国到 2030 年发电容量缺口约30–55 GW，硬件堆完终需电力兜底，#买BE就是买AI硬件的供电未来。#

⚡#GPT-6催生瞬时功率需求：# GPT-6 级别训练集群规模达10万颗GPU，单州部署已致电网超负荷；AI训练集群需要采用高密度服务器部署，单机柜功率从传统的5kW-15kW提升至30kW甚至100kW以上，数据中心级负荷波动可达数十甚至数百兆瓦，对瞬时供电/负荷跟随能力要求极高，这或将利好SOFC这类可快速部署的北美onsite电源方案，相对弱化对存储与通用硬件的边际拉动预期。

—————————————————
❗❗标的推荐
①#春晖智控# —拟收购春晖仪表，绑定BE十余年

🐯温度传感器：春晖仪表（拟收购关联公司）和SOFC龙头BE深度绑定15年，BE出货量占比70%以上，目前冈崎严重缺货，仅有春晖能提供产能。

空间怎么算？

💰量价：根据BE公司官网介绍，每个Server（330kW）含7个Hotbox，每个Hotbox含54支热电偶（TC）。根据公司披露2025年温度传感器103.5元/个（未含涨价预期）。

💰空间测算：公开信息显示BE系统报价约2000美元/kW，对应250亿美元订单，新增功率1250万kW=12.5GW，对应330kW口径Server 37,878台。每台Server对应378支TC，总需求为1,432万支。春晖历史供应比例70%（约1000万支），按公司25年未涨价预测营收增量约10亿元。

☎东北商业航天&AI电力：王一鸣/谢佶圆","水木调研纪要","","2","0","352","https://wx.zsxq.com/group/88888142214212/topic/45548581485511128","data/research/updates/2026-10-07-all_views-003.csv"
"2026-09-30T09:19:00","2026-09","ABF（味之素 Build-up Film）是 AI 服务器中隐蔽的瓶颈。它是每块高端载板内部的绝缘薄膜。味之素占据约 95% 的供应量。","ABF（味之素 Build-up Film）是 AI 服务器中隐蔽的瓶颈。它是每块高端载板内部的绝缘薄膜。味之素占据约 95% 的供应量。
AI 芯片的 ABF 用量是 PC 芯片的 5-10 倍，因为封装尺寸更大，层数也多得多。
目前交付周期为 48-56 周，而正常情况下为 12 周。
这同时制约了 GPU 和 CPU 的产出。智能体 AI 正在推高服务器 CPU 需求，因此 Xeon／EPYC 如今正与 GPU 争夺同样稀缺的高层数载板。
随着智能体 AI 使 CPU 需求受到关注，英特尔和 AMD 的 CPU 都需要 ABF。
英特尔代工的 EMIB／EMIB-T 封装既用于内部产品，也用于外部客户，其采用嵌入硅桥的 ABF 载板。英特尔正在向载板制造商预付款，并开发玻璃芯替代方案，以降低长期依赖。","水木调研纪要","","2","0","346","https://wx.zsxq.com/group/88888142214212/topic/55521518215588444","data/research/updates/2026-10-07-all_views-003.csv"
"2026-09-30T09:18:38","2026-09","✨联发科靠谷歌大单转型 AI，交付上限押在英特尔先进封装上","✨联发科靠谷歌大单转型 AI，交付上限押在英特尔先进封装上

ℹ️联发科（MediaTek）正在把增长引擎转向云端定制芯片。摩根士丹利预测，到 2028 年联发科的 AI ASIC 与子系统营收将从 2027 年的 135 亿美元攀升至 540 亿美元，占总销售额的比重达到 72%，并将目标价上调至 6,188 新台币。
ℹ️其中，谷歌 TPU 业务贡献 515 亿美元，第二家云服务商客户通过英伟达 NVLink Fusion 平台采购 10 万套子系统带来 25 亿美元。
ℹ️高附加值的芯片与封装设计服务让 AI ASIC 营业利润率达到 20% 到 25%，明显高于手机芯片 15% 到 20% 的盈利水平。
ℹ️谷歌大单的利润防线建立在成本转嫁与双代工分工上。2028 年联发科经手的谷歌 TPU 出货量预计达到 300 万颗，其中英特尔 EMIB-T 封装承担 250 万颗，台积电 CoWoS-L 承担 50 万颗，化解了此前市场对英特尔载板产能瓶颈的担忧。
ℹ️在定价上，2 纳米 TPU 在 EMIB-T 与 CoWoS 方案下的平均售价分别为 13,000 美元和 20,000 美元。
ℹ️面对额外 3 层光罩带来的成本上升，谷歌选择全额吸收，让联发科 2 纳米 TPU 的毛利率维持在 35%。
ℹ️这套增长模型能否按期兑现，取决于英特尔先进封装的良率爬坡。
ℹ️2028 年全球 2.5D 封装产能预计从 2026 年的 14.2 万片 / 月增至 37.4 万片 / 月，英特尔计划将 EMIB-T 产能扩至 4.5 万片 / 月，以 10% 到 15% 的市占率承接联发科的 AI 加速器需求。
ℹ️如果英特尔 EMIB-T 封装良率滞后或出现更广泛的 ABF 载板短缺，出货量就会被压制，迫使客户把订单移回台积电 CoWoS 产线；此外，第二家云端客户在 2026 年第 4 季度的供应商选定决策一旦推迟，也会直接扰乱增量业绩的落地节奏。","水木调研纪要","","2","0","342","https://wx.zsxq.com/group/88888142214212/topic/22258281582214841","data/research/updates/2026-10-07-all_views-003.csv"
"2026-09-30T09:09:14","2026-09","【申万电子|兆易创新】再度上调DRAM采购额，领衔3D DRAM新趋势20260929","【申万电子|兆易创新】再度上调DRAM采购额，领衔3D DRAM新趋势20260929

#大幅上调长鑫采购金额#
2026年全年采购金额原预计57.11亿元，本次增加21.43亿元至78.54亿元，上修37.5%。2026M1-8采购35.96亿元，上修后26M9-M12及27M1-4预计采购额分别为42.58/44.11亿元，环比持续提升。

#3D-DRAM走向定制化、单GB价值量有望显著提高
3D DRAM使DRAM从标准器件走向定制化，使用TSV、混合键合等先进3D封装技术，并且定制设计需要NRE费用，单GB价值量显著高于标准DRAM，成为新的业绩增长点。

#兆易领衔3D-DRAM量产应用#
小米玄戒O100为行业首颗 6nm 3D 晶圆级堆叠的 AI 加速芯片，使用3D DRAM和逻辑芯片混合键合、垂直堆叠，预计27年量产上市。兆易创新公告披露定制化存储新产品是27年采购金额增长原因之一。

风险提示：研发量产进度不及预期等。

✨申万电子：杨海晏/袁航13671776221/彭丙国19821288382等","水木调研纪要","","2","0","363","https://wx.zsxq.com/group/88888142214212/topic/55521518215111554","data/research/updates/2026-10-07-all_views-003.csv"
"2026-09-30T09:08:57","2026-09","⛵️中谷物流：Q3 红海运价涨 180%，利润增 200%","⛵️中谷物流：Q3 红海运价涨 180%，利润增 200%

红海运价涨近180%。Q3 红海航线集运运价1万美元/FEU，同比上涨180%。若红海和霍尔木兹海峡通行继续受阻，#Q4红海航线运价有望维持高位。#

中谷加码红海航线。2026Q3有6-7艘2000TEU船运营红海航线，毛利近 5亿；#9月和11月有望增加2艘4650TEU集装箱船，Q4毛利有望更高。

预计Q3净利润10亿，增长200%。租船4.5亿，红海航线3.5亿，卖船 2 亿，内贸+补贴盈亏平衡，理财收益和汇兑损失对冲。

[Gift]造船布局红海和东南亚航线。2026年投资73亿元订造18艘船，2027-29年交付后投入红海和东南亚航线。#若按当前租金计算、净利润12亿元，若按当前运价计算、净利润40亿元。

[红包]未来净利润中枢40亿元、市值中枢500亿元。租船净利润有望逐渐攀升到20亿元；现有外贸自营（红海7艘+东南亚1艘）净利润有望维持8亿左右，考虑运价回落；18艘新造船自营净利润保守 7亿、乐观40亿，中性（出租）12亿。分红比例不低于60%，造船计划明确后有望上升。#按照5%-6%的合理股息率要求，市值中枢有望到500亿元。","水木调研纪要","","2","0","361","https://wx.zsxq.com/group/88888142214212/topic/22258281582885521","data/research/updates/2026-10-07-all_views-003.csv"
"2026-09-30T09:08:35","2026-09","松原安全回购股份提振信心，底部推荐关注！【国信汽车】","松原安全回购股份提振信心，底部推荐关注！【国信汽车】

[玫瑰]事件：9.29晚公司发布回购股份的提示性公告。

回购目的：#基于对公司未来发展前景的信心，#综合考虑经营情况、财务状况等因素，实控人胡铲明先生提议公司回购公司部分股份，用于维护公司价值及股东权益所必需。

金额：不低于人民币5,000万元(含)且不超过人民币10,000万元(含)

时间：自董事会审议通过回购方案之日起3个月内。

[礼物]再次重申松原长期逻辑：

公司主业汽车安全带+安全气囊，投l市场大（被动安全系统全球1500-2000亿市场空间），格局好（全球CR3约80%，奥托立夫30%+、均胜23%、采埃孚24%，松原直接pk外资），替代广阔（松原当前全球份额不到2%），好公司（盈利能力远超竞争对手，30%毛利率，友商15%）。

竞争优势：重视研发&质量&客户、战略定力强等优势（老板及小老板上下一心all in被动安全）以及产业链垂直一体化（持续提升自制比例）。

[玫瑰]短期来看，公司今年受行业需求压力、汇兑等因素业绩波动，但上半年利空逐步出清，下半年及明年随客户新项目放量以及自制率提升业绩有望继续兑现，目前市值60e当下位置具备性价比，持续推荐！","水木调研纪要","","2","0","353","https://wx.zsxq.com/group/88888142214212/topic/82258281582851212","data/research/updates/2026-10-07-all_views-003.csv"
"2026-09-30T08:59:05","2026-09","TMTB收盘总结：","TMTB收盘总结：

整体市场震荡小幅收涨：QQQ +19bps，半导体 +1.2% 领涨但自日内高点回落，设备股（AMAT/KLAC/ASML/LRCX）受""台积电考虑在达拉斯建第二座美国先进制程园区（投资或超亚利桑那的 2650 亿美元）""传闻提振，光通信（LITE/GLW/COHR）反弹；
应用软件则连续第二天走弱，OpenAI Dev Day 的企业级 Agent 发布成为 MNDY/HUBS/TEAM 等工作管理类软件的利空。

宏观面偏空：9 月谘商会消费者信心 81.9 远低于预期（2014 年以来最低），长端利率继续熊陡，30Y 突破 5.6% 创 2002 年以来新高，市场仍定价年内再加息。

OpenAI 是全天绝对主线，三条消息：
①Axios 报道其年化收入 run rate 自 3Q 初以来增长超 70% 至近 700 亿美元（B2B 翻倍），直接点燃 ORCL（盘中 +1%→+8.4%）、BE（+10.8%）及 neocloud（NBIS/CRWV/CBRS 冲高回落）；
②Dev Day 发布企业级 Agent 产品 Dots（云电脑+浏览器+4000 应用连接器、新 $500/月档位）、协作空间 ChatGPT Space、低价模型 GPT-6.1 Sol 及企业 Marketplace，风格偏""卖企业""而非消费级 Agent——消费侧让位给 META 的 Muse（META +3.3%）；
③彭博报道 OpenAI 推迟 IPO，转而寻求以约 1.4 万亿美元估值融资至少 300 亿美元。

AI/半导体个股层面：
MRVL +4.5%，因传闻 Google TPU v9（HBM4E）订单或从联发科转向 Marvell（联发科台北跌 7.1% 并否认）；
AVGO 无视 CoWoS 配额下修传闻，市场更关注 S-1 披露的 1612 亿美元租赁承诺；
BE 受大摩看多报告（Fremont 新厂产能或翻倍至 ~10GW、27/28 年电力缺口利好燃料电池）大涨；
存储链在 MU 财报前走强（SNDK +9.8%），TrendForce 预计 2027 年 HBM 价格 +121%，ISI 认为长时运行 Agent 的 KV cache 外溢使闪存（SNDK）成最大受益者；
NVDA 继续跑输（近一月 +3.3% vs AMD +29.7%）。
报告还记录了 Slack 群内一场关于""蒸馏变难""的辩论：前沿实验室隐藏推理链将使开源/中国实验室蒸馏成本上升，分歧在于这会不会把模型差距重新拉大到 6-12 个月。

其他板块：互联网方面，Muse 继续向中小企业扩张（SHOP/QuickBooks/Stripe/Canva 集成），SHOP +3%（WebMCP 支持 Agent 完成结账），CVNA +5.2%（Jefferies 抓取数据显示 9 月零售量同比 +40%）；软件方面 MDB 投资者日给出 3 年 20%+ 增长新模型但股价原地踏步，HPE 网络业务投资者日前夕被看好（Helios 被视为 50-100 亿美元机会）；值得注意的异动包括 AAPL -2.7%（折叠 iPhone 良率仅 60% 出头、Agent 威胁""意图层""、新 CEO 推动精简）、DKNG -7.4% 创 52 周新低（预测市场监管压力升温）、FICO 暴跌 -26.5%（FHFA 让 VantageScore 进入房贷定价网格），以及 EQIX 称 Agentic AI 三年内将占数据中心活动 30-40%。","水木调研纪要","零售","2","0","375","https://wx.zsxq.com/group/88888142214212/topic/82258281588415842","data/research/updates/2026-10-07-all_views-003.csv"
"2026-09-30T08:51:13","2026-09","🔥【浙商医药|郭双喜】荣昌生物持续更新第27弹——泰它西普更新全身型重症肌无力（gMG）持续48周“最小症状表达”（MSE）数据，显示其对MG患者深度、持久的治疗应答","🔥【浙商医药|郭双喜】荣昌生物持续更新第27弹——泰它西普更新全身型重症肌无力（gMG）持续48周“最小症状表达”（MSE）数据，显示其对MG患者深度、持久的治疗应答

[礼物]事件：2026美国神经肌肉与电诊断医学协会（AANEM）年会荣昌生物更新泰它西普针对gMG适应症48周事后分析的MSE结果

1️⃣MSE统一定义为重症肌无力日常活动量表（MG-ADL）总分0–1分，该指标表示患者症状已降至极低水平，属于更深层疗效的探索性/事后分析指标；

2️⃣缓解深度：基线MG-ADL评分为6-8分、9-10分、更严重的≥11分的患者MSE分别达到了51.2%、51.7%、20.5%；

3️⃣缓解持续性：已达到MSE的患者，86.7%的患者在下一次月度评估仍维持MSE；达到MSE后的剩余随访期内，最初接受泰它西普治疗患者和从安慰剂转用泰它西普患者分别有83%和85%的时间保持MSE；

4️⃣治疗时间趋势：从第24周到第48周，患者的MG-ADL应答持续改善，随着时间的推移达到了越来越严格的应答阈值，并在第48周时MG-ADL改善幅度最高可达13分；

5️⃣MSE整体达成率：在48周研究期间，接受泰它西普治疗的患者在任意时间点达到MSE的概率约为42%。

[太阳]Insight:

1️⃣泰它西普此前已经公布过的48周MG-ADL Responders(≥3 point )高达96.2%，QMG 显著应答( ≥5point )高达94.2%两大缓解指标已经在一众竞品中展现出了“Best-in-class”竞争力；

2️⃣从此次发布的48周事后分析MSE指标来看：泰它西普针对gMG患者在深度缓解方面同样展现出“Best-in-class”竞争力

泰它西普 42%（48周） VS  艾加莫德 40%（4周）VS 艾加莫德 45.5%（10周） VS 其他C5/FcRn/CD19竞品20%~30%；

3️⃣泰它西普表现出了对MG患者长期、深度的缓解且安全性总体耐受性良好，未发现新的安全性问题，与之前该研究报告中提到的安全性数据一致；

4️⃣泰它西普治疗MG的国内开发进展：gMG适应症已于2025年5月获批上市，治疗眼肌型重症肌无力（oMG）的Ⅲ期临床研究已完成患者入组，预计2027年上半年读出数据；

5️⃣泰它西普治疗MG的海外开发进展：gMG全球Ⅲ期临床研究（UPSTREAM MG）已完成患者入组，该研究24周主要终点的顶线结果预计于2027年上半年公布。同时，合作伙伴Vor Bio计划启动其治疗oMG的全球Ⅲ期注册性临床研究（UPSTREAM oMG），首例患者入组给药预计在2027年上半年完成；

风险提示：研发不及预期风险；国内和海外市场竞争加剧风险等。

[玫瑰]联系人：浙商医药郭双喜/赵丹13651318727","水木调研纪要","","2","0","377","https://wx.zsxq.com/group/88888142214212/topic/55521518211552184","data/research/updates/2026-10-07-all_views-003.csv"
"2026-09-30T08:50:58","2026-09","【中邮化工】韩国OCI退出TDI行业，落后产能加速出清","【中邮化工】韩国OCI退出TDI行业，落后产能加速出清

[礼物]9月29日，韩国OCI公司发布公告，公司董事会已决定终止TDI制造及销售业务，计划自2026年12月18日起正式停止相关业务。OCI TDI业务2025年销售额约为1,179.47亿韩元，约占公司2025年合并销售额的5.87%。公司表示，此次业务调整主要出于整理边缘业务、改善盈利能力的考虑，并希望通过优化业务组合进一步提升企业及股东价值。根据公告，本次决定已经OCI董事会于9月29日正式批准，具体停止日期后续仍可能根据实际推进情况进行调整。

[礼物]2023年以来，中国TDI企业产能份额和竞争力快速提升，亚太地区多套中小规模装置盈利能力承压。根据隆众资讯等数据显示，本次宣布退出的OCI公司TDI产能为5万吨。亚洲地区除韩国OCI外，另有多套小产能装置，包括日本MCNS的5万吨/年装置、印度GNFC的6.7万吨装置、伊朗Karoon的4万吨装置。上述中小产能合计达20.7万吨，约占全球总产能的5.6%。

[礼物]另据市场信息，上海巴斯夫9月23日TDI装置发生运行事故后，目前仍处于停车状态，具体重启时间有待相关行政部门审批。截至9月29日，TDI市场价较9月22日上涨约600元/吨。

[庆祝]建议关注：万华化学、沧州大化。

[太阳]欢迎联系中邮化工团队交流：刘海荣/费晨洪。","水木调研纪要","","2","0","362","https://wx.zsxq.com/group/88888142214212/topic/82258281588284152","data/research/updates/2026-10-07-all_views-003.csv"
"2026-09-30T08:50:46","2026-09","领导好，更新排产情况，9月龙头和部分二线企业排产有所下修，10月环比有所恢复，整体行业10月排产增长5%，同比保持40- 50%，景气仍较强。板块近期回落，估值跌至龙头 27 年 10-15x，市场对…","领导好，更新排产情况，9月龙头和部分二线企业排产有所下修，10月环比有所恢复，整体行业10月排产增长5%，同比保持40- 50%，景气仍较强。板块近期回落，估值跌至龙头 27 年 10-15x，市场对于明年需求过于担忧，预计27Q1预期有望修复，全年20-25%增长确定性高，且大部分环节处于盈利上升通道，重点推荐电池及材料龙头。

#电池#
C：10 月排产 112GWh，环比 +6%，同比 +53%。
B：10 月排产 38.5GWh，环比 +4%，同比 +43%。
E：10 月排产 23GWh，环比 +5%，同比 +77%。
G：10 月排产 18.5GWh，环比 +6%，同比 +54%。
Z：10 月排产 19GWh，环比 +9%，同比 +61%。

#材料#
正极1：铁锂10 月排产 2.2 万吨，环比 +10%，同比 +120%；三元10 月排产 0.84 万吨，环比 +8%，同比 +50%。
铁锂1：10 月排产 5.2 万吨，环比 +13%，同比 +160%。
隔膜1：10 月排产 15.2 亿平，环比 +1%，同比 +38%。
隔膜2：10 月排产 5.0 亿平，环比持平，同比 +19%。
铜箔1：10 月排产 1.3 万吨，环比持平，同比 +73%。
铝箔1：10 月排产 2.6 万吨，环比持平，同比 +24%。

持续更新....","水木调研纪要","","2","0","366","https://wx.zsxq.com/group/88888142214212/topic/55521518211514154","data/research/updates/2026-10-07-all_views-003.csv"
"2026-09-30T08:50:30","2026-09","转【先导基电】更正9.30","转【先导基电】更正9.30

#铋/稼/铪/锗稀散金属潜力大#
1️⃣铋板块：从高纯铋到化合物到下游高端器件， 26H1铋收入9.96亿元占公司收入87%，存货51亿元其中原材料35亿元（25年铋存货33亿元占总存货70%）
近期，市场传言日本Ferrotec的Micro-TEC大幅提价，我们初步产业了解分歧较大(有反馈暂未提价)。但公司保持高的铋库存，而铋材料受出口管制，未来铋产业链维持高价或涨价，都将给公司带来显著利润弹性
2️⃣稼板块：主要为高纯镓、砷化镓衬底，是国内少数几家能稳定量产7/8N高纯稼的供应商，由于稼出口管制海外供应会越来越紧
3️⃣铪板块：主要为高纯四氯化铪，系半导体前驱体，全球能稳定供应存储芯片高纯四氯化铪厂商仅几家，公司是其中之一
4️⃣锗板块：主要包括锗衬底、锗烷、高纯锗材料，原料集团内供故优势更突出。锗全球供应极紧，锗价持续上涨近期加速，今年来涨幅已超一倍，业内分析该品种后续弹性可能很大！
注：铋板块在安徽万导，稼铪锗均在先导微电子（8月对其增资20亿控股50.63%）；子公司凯世通主营为离子注入机，后续再分析

#集团倾力培育公司SOFC新曲线#
1️⃣公司与集团100%控股的广东固能设立元朔基电（公司持股65%），布局SOFC电解质片、金属连接体、电气柜、超级电容等核心部件
➠核心产品涵盖SOFC约【70%】bom（电解质路线），以全解决方案贴紧下游迭代&扩张
➠大股东以如此低价与公司合资（而不是收购固能），算是对上市公司的极大让利
➠考虑到同业竞争限制，集团其余相关业务未来大概率直接/间接转到该子公司
2️⃣集团在SOFC领域前瞻&深度布局（电解质膜、连接件、回收都是第一梯队），合资后SOFC多数配套业务即纳入先导基电，27年有望带来可观的盈利贡献。

#SOFC行业与公司有多重认知差#
➠伴随SOFC领跑企业在效率、成本、寿命上的技术突破让全球看到、相信，SOFC产业的重要性和高度会被重新定义和定价
➠公司在SOFC赛道占尽天时地利人和（产品面最宽、扩张最坚决、上游布局前瞻），其独特性、稀缺性，将被市场重新定价
➠市场对空间的估算主要是结合今年订单估算27年利润。但该产业正处在从非主流向很可能行的转变、渗透率预期急剧增长的阶段；再这样技术驱动的新产业，一旦看到其确定性，定价锚至少应是28年
综上，我们认为，不论是对SOFC产业还是公司微观经营潜力&高度，都有重大认知差，重视！

By ZSDX
==风险提示：请注意风险提示及正式报告的投资建议","水木调研纪要","","2","0","366","https://wx.zsxq.com/group/88888142214212/topic/22258281588282551","data/research/updates/2026-10-07-all_views-003.csv"
"2026-09-30T08:50:15","2026-09","Meta Muse专题：消费场景渗透，资源叙事更新与生态价值重估【中泰传媒互联网】","Meta Muse专题：消费场景渗透，资源叙事更新与生态价值重估【中泰传媒互联网】

🌸要点1：产品定位
1️⃣核心特性：高执行能力、零学习成本、强安全授权设计。
2️⃣生态延展：扩展连接器与硬件生态，走向个人超级智能。
3️⃣产品新意：Meta生态系统+精准发布策略形成分发优势，组织执行能力和授权边界打造工程价值。

🌸要点2：商业化测算
1️⃣收入结构：规模上，广告>佣金>订阅；回收周期上，佣金>广告>订阅。
2️⃣资源结构：非LLM基建类（CPU、DRAM）成本占比上升，CPU共享成关键。
3️⃣产业影响：短期挤压依赖消费者惰性的行业；长期价值在需求分配与履约能力间重分配。

🌸投资建议：关注腾讯控股、阿里巴巴。伴随用户交付数据、偏好及服务权限，产品黏性和转换成本提升。

风险提示：全球宏观经济波动、用户增长不及预期、行业竞争加剧。
报告链接：Meta Muse专题：消费场景渗透，资源叙事更新与生态价值重估【中泰传媒互联网】
🌷派点请支持中泰传媒互联网：康雅雯、晏诗雨","水木调研纪要","","2","0","361","https://wx.zsxq.com/group/88888142214212/topic/14425458255455422","data/research/updates/2026-10-07-all_views-003.csv"
"2026-09-30T08:49:43","2026-09","【中信证券前瞻】OpenAI DevDay 2026速评：25项发布聚焦智能体与平台化，媒体报道ARR接近700亿美元","【中信证券前瞻】OpenAI DevDay 2026速评：25项发布聚焦智能体与平台化，媒体报道ARR接近700亿美元

【事件概览】
9月29日，OpenAI召开DevDay 2026，共发布25项更新，覆盖五大板块：
1、AI工作方式：推出常驻智能体dots（基于GPT-6 Astra，自带云端电脑，连接4000余款应用7×24小时执行任务），发布GPT-6.1 Sol（接近Astra智能，token价格仅为其1/5）及Ultrafast高速档；
2、开发者工具：Codex支持云端运行，Agents API新增电脑操作能力，与亚马逊推出Bedrock Managed Agents；
3、插件生态：开放插件扩展与MCP事件触发；
4、人机协作：推出ChatGPT Space、Pages协作文档及协作幻灯片；
5、商业化：新增Pro 500档位及OpenAI Marketplace。

【影响分析】
我们认为本次大会主线是从对话工具走向''智能体+平台''：
1、智能体全面落地，dots与Agents API均具备电脑操作能力，常驻运行将抬升单用户推理算力消耗；
2、ChatGPT向办公协作入口延伸，Space、Pages、协作幻灯片及Slack/Teams中@ChatGPT直接切入团队协作场景，插件扩展则将旗下产品合计约12亿周活用户开放为开发者分发渠道；
3、变现分层更细，6.1 Sol主打性价比，Ultrafast、Pro 500面向高付费用户，Pro 200档新用户用量由Plus的20倍降至10倍；Sign in with ChatGPT与Marketplace扩大了订阅额度及企业承诺额度的使用范围。

【收入进展】
据Axios 9月29日援引知情人士报道，OpenAI年化经常性收入（ARR）已接近700亿美元，较三季度初增长超过70%。其中企业端收入同期增长超过100%，三季度C端收入的新增部分已超过2025年全年的新增部分，OpenAI尚未公开确认。企业端增速领先，与本次大会集中发布Codex、Agents API、团队协作等企业及开发者产品的方向一致。

【投资观点】
OpenAI正由模型公司向智能体平台公司演进，产品覆盖C端订阅、开发者API与企业工作流，并通过与亚马逊合作的Bedrock Managed Agents将智能体能力延伸至AWS生态，商业化路径进一步清晰。我们认为常驻智能体普及将带动推理算力需求持续增长，利好云厂商及算力产业链。Marketplace首批纳入Adobe、Figma、Salesforce、ServiceNow等32家软件厂商，显示OpenAI与应用层以合作分发为主；同时协作办公产品上线，关注办公软件竞争。

欢迎联系中信证券前瞻团队！","水木调研纪要","","2","0","354","https://wx.zsxq.com/group/88888142214212/topic/82258281588251212","data/research/updates/2026-10-07-all_views-003.csv"
"2026-09-30T08:43:35","2026-09","929增量政策解读：","929增量政策解读：

一、“房贷贴息”落地，聚焦刚需释放。

政策目标是去库存和稳房价，主要针对三四线城市和二线远郊，目标人群是大学生、新市民等新购房群体。

预计贴息规模150-200亿/年。政策暂时实行一年，预计对楼市引起相对有限的正向促进作用。部分定价略超150万的房产配合新政降价出售或是效果最好的一环。

二、PSL“降价”+扩容，助力政策性金融工具落地。

央行明确将“六张网”建设纳入抵押补充贷款支持领域，并下调PSL利率25BP至1.5%，该利率水平与目前5年期国开债收益率基本持平，将推升政策性银行使用意愿，有利于引导其加大对“六张网”建设的资金支持。

预计本轮PSL投放规模和政策性金融工具的体量更加接近，后续可以观察PSL余额、新增委托贷款等指标。

三、结构性货币工具加码，方向聚焦科技和支农支小。

本次结构性货币政策工具的扩容和优化主要聚焦科技和支农支小。

一是增加科技创新和技术改造再贷款额度2000亿元至1.4万亿元，并将该项再贷款支持比例统一从60%提高至100%，进一步降低科创和技改贷款成本。

二是增加支农支小再贷款额度5000亿元至4.85万亿元，民营企业再贷款额度增加3000亿元至1.3万亿元。今年7月，央行在国新办新闻发布会披露，民营企业再贷款的余额已经超过了7600亿元，本次额度提升和使用优化，将有利于进一步加大对科技企业、设备更新、涉农、小微企业等重点领域的资金支持。

四、政策进入逆周期模式，未来仍有增量工具可期。

值得关注的是，9月28日国常会提出“针对当前经济运行中出现的问题，要加大宏观政策逆周期调节力度”，次日相关政策便及时推出。

熟悉的“国常会”主要逆周期政策模式回归。政治局会议月度召开，讨论经济的频次更低，但国常会一般每月召开2-3次，如有需要可随时召开。这将有利于提升宏观政策的灵活性、及时性和可预测性，从而达到更好的提振预期效果。

因此，今年后续国常会仍有希望根据国内外形势，进一步推出增量政策，包括:

（1）降准。
（2）结构性政策工具，支持偿还企业欠款。
（3）拓宽专项债使用范围，盘活地产债务限额。

以上，欢迎交流。祝国庆佳节愉快！银河宏观张迪13241729528","水木调研纪要","","2","0","353","https://wx.zsxq.com/group/88888142214212/topic/45548581488411888","data/research/updates/2026-10-07-all_views-003.csv"
"2026-09-30T08:43:05","2026-09","【国联民生海外｜美股】SpaceX：星舰首次入轨，剑指星辰大海","【国联民生海外｜美股】SpaceX：星舰首次入轨，剑指星辰大海

事件：9月28日，SpaceX Starship Flight 14成功完成首次轨道飞行，并部署26颗Starlink V3卫星。

1短期看，本次星舰突破带来的技术提升有助于starlink业务进一步发展。SpaceX依托#低成本、高频发射能力部署卫星资源，支持Starlink卫星服务。本次首次入轨即直接部署26颗V3卫星（单颗V3预计可增加约1Tbps网络容量，合计约26Tbps），相当于Falcon 9单次发射V2 Mini#网络容量的约10倍。#

2长期看，星舰仍是SpaceX向更大规模空间基础设施扩张的底层运力基础。星舰#低成本+大规模航天运力，是星链及远期轨道基础设施扩张的重要前提。这与我们前期判断#“可回收火箭推动商业航天跨越成本效益临界点”一致。我们认为商业航天的长期价值在于由一次性工程向常态化运输能力转变的经济性突破。

我们认为本次入轨成功对于SPCX链的长期估值逻辑形成重要支撑。建议关注全球商业航天核心龙头【SPCX】。

风险提示：规划不及预期；火箭发射成本下降速度不及预期；行业竞争加剧等。

欢迎联系国联民生海外团队孔蓉/樊程安吉/赵志远","水木调研纪要","","2","0","346","https://wx.zsxq.com/group/88888142214212/topic/55521518211284554","data/research/updates/2026-10-07-all_views-003.csv"
"2026-09-30T08:35:15","2026-09","🚩美股市场 基调：平淡","🚩美股市场 基调：平淡

📊标普 500 指数下跌 17 个基点，收盘报 7670 点，收盘市价单卖出规模达 11 亿美元。纳斯达克指数上涨 21 个基点，报 30339 点；罗素 2000 指数下跌 43 个基点，报 2806 点；道琼斯指数下跌 26 个基点，报 51349 点。
📊全美股票交易所合计成交 160.81 亿股，年初至今日均成交量为 186.71 亿股。波动率指数 VIX 下跌 6 个基点，报 16.06；西得克萨斯中质原油下跌 393 个基点，报 88.95 美元；美国 10 年期国债收益率上涨 0.015 个基点，报 5.251%；黄金上涨 143 个基点，报 4174；美元指数上涨 21 个基点，报 101.40；比特币上涨 5 个基点，报 83544 美元。
📌当日市场交投相对清淡，出现两组值得关注的分化行情：原油与利率走势分化、标普 500 指数与纳斯达克指数走势分化。
📌美国 9 月消费者信心指数跌至 2014 年以来最低水平，市场对经济与劳动力市场的悲观情绪持续升温。
📌OpenAI 在正在举办的开发者大会上推出 Dots 产品，该产品与 Meta 的 Muse 产品看起来十分相似，Meta 股价上涨 3%。
📌嘉年华公司股价上涨 13%，其业绩指引好于市场担忧，市场反馈整体偏积极。
📌公司在财报季中对于需求变化趋势的表述十分乐观，直至 2028 年的预订订单情况也保持稳健。
📌我们场内交易员对整体市场活跃度给出 1 至 10 分里的 3 分评价，限价单与对冲基金的波动率偏斜情况处于良性状态。
📌受益于 OpenAI 开发者大会，人工智能相关板块有所修复。
📌虽然资金流向整体平淡，但交易台看到资金从近期涨幅较高的标的撤出，转向半导体板块进行合理的风险增配。
🔖衍生品板块：两大主要指数的现货与波动率相关性走弱，但仍维持正向区间
🔖纳斯达克指数固定行权价波动率在全期限曲线均出现买盘，标普 500 指数波动率基本持平，部分期限出现卖盘。
🔖标普 500 指数波动率偏斜在短端与中段期限有所缓和，但长端期限陡峭化。
🔖纳斯达克指数波动率偏斜在下午的伽马期限品种上有所缓和，但临近收盘阶段再度陡峭。
🔖我们估算，标普 500 指数的交易商多头伽马区间目前上移至上方区域，纳斯达克指数多头伽马区间维持在当前附近位置。
🔖资金流方面，市场成交 6000 手标普 500 指数 12 月到期 8050 看涨期权，对应维加敞口 680 万，同时有大额资金买入 1 年期标普 500 指数波动率。
🔖在个股与主题交易层面，利率与原油依旧主导资金流向。
🔖伴随原油标的价格下行，有客户入场平掉原油的下行保护头寸。
🔖利率板块中，大量资金买入 TLT 的看涨期权，在伽马与维加期限品种押注利率回归。
🔖客户也借助利率敏感型股票的有利估值，进行短线博弈反弹的交易，其中 KRE 标的交易尤为突出。
🔖标普 500 指数本周剩余时间的隐含波动幅度为 1.04%。","水木调研纪要","","2","0","346","https://wx.zsxq.com/group/88888142214212/topic/22258281585141181","data/research/updates/2026-10-07-all_views-003.csv"
"2026-09-30T08:33:06","2026-09","野村‑中国医疗健康：一项破纪录的对外授权交易达成","野村‑中国医疗健康：一项破纪录的对外授权交易达成

最新事件：默沙东（美国上市公司代码 MRK，未覆盖评级）为一款来自中国的临床前资产支付 4 亿美元首付款

香港时间 9 月 28 日晚间，默沙东宣布，将从思博仑生物（未上市）引进 SPR2015，一款 KRAS G12D（ON）抑制剂。这家生物科技公司在中国上海成立仅两年时间。

默沙东将为该临床前资产的全球独家权益，支付 4 亿美元首付款，另加合计 21.3 亿美元的里程碑付款。

我们的观点：中国资产获得海外买家高度重视；美国公司近期加大对中国资产的收购力度，我们认为部分源于地缘政治局势的积极变化

根据药智魔方（Pharmcube）的数据，默沙东与思博仑生物这笔交易，在临床前资产的首付款规模层面创下历史纪录。

得益于中国创新药物具备新颖分子结构以及潜在更优疗效，中国资产吸引力持续提升。我们观察到，海外买家，尤其是资金充裕的跨国公司，正在加大投入力度，交易对价就是直观证明。

更令人鼓舞的是，伴随近期地缘政治局势出现积极变化（参考我方报告《中国医疗健康：新闻报道美国考虑批准与中国开展授权交易……》），我们看到美国公司引进中国创新资产的节奏有所加快。诚然，交易谈判往往历时数月，该现象也有可能只是巧合。

在 5 月，太平洋两岸合作氛围转冷之时，此类交易节奏曾出现小幅放缓，详见我方报告《中国医疗健康：美国又一项提案或阻碍跨太平洋生命科学领域合作》。

除本笔交易以外，礼来公司（美国上市公司代码 LLY，未覆盖评级）在 9 月 24 日宣布，与益方生物（港股代码 9969、A 股代码 688428，未覆盖评级）达成合作，交易包含 1 亿美元首付款及近期付款，最高可达约 32.5 亿美元里程碑付款。","水木调研纪要","","2","0","347","https://wx.zsxq.com/group/88888142214212/topic/14425458252848452","data/research/updates/2026-10-07-all_views-003.csv"
"2026-09-30T08:32:39","2026-09","大摩‑电信及网络设备‑ECOC 大会后续：公司具体要点及投资者反馈","大摩‑电信及网络设备‑ECOC 大会后续：公司具体要点及投资者反馈

继上周发布的初步点评报告之后，我们整理汇总了在 ECOC 大会期间和各家公司单独会谈得到的核心信息。行业需求环境强劲，光模块相关潜在市场规模随业务扩张持续增长，供给约束问题已经得到缓解。

展望明年，行业表现的关键变量将是供给释放节奏、扩张市场的业务落地进展以及毛利率水平。

我们于 9 月 21 日、9 月 22 日在西班牙举办的 ECOC 大会上，与思科、CIEN、Coherent、是德科技、诺基亚、TSEM、Lightmatter（非上市公司）开展会谈。相关会议的整体初步观点，可参考我们上周发布的报告《ECOC 大会初步观察：全速前进》。

大会结束之后，投资者反馈整体偏积极，但市场也存在疑惑：在当前大量行业信息已经公开的背景下，后续行情将如何演绎。

正如我们在 ECOC 大会总结报告中提到，本次大会的几大核心主题：光器件的需求增速已经超过供应商的生产能力，不少厂商订单排期已经达到 12‑18 个月；CPO/NPO 最终技术形态尚未完全确定，但市场普遍认可该技术方向终将落地。

大会结束后和投资者的交流可以总结为：市场一致认可行业需求旺盛，但投资者更希望厘清尚未明确的行业变量，以及个股在未来一年的驱动逻辑。

我们的总结观点：LITE、COHR 拥有相对更近的催化因素，分别为：1）CPO/NPO 相关产品发布；2）磷化铟全产业链需求持续高景气；3）良率改善带动毛利率上行。

CIEN、GLW、CSCO 的机会则会在稍晚阶段显现，对应的驱动是：1）新增产能投产带来供给放开；2）高毛利产品开始批量出货。

相较于需求端变化，我们认为毛利率上行将是明年个股获取超额收益更核心的驱动因素，这也是我们理解 LITE 近期跑赢同业的重要原因。

各公司单独会谈要点（按字母顺序排列）

Ciena（高层参会人员：首席战略官 David Rothenstein，投资者关系负责人 Patti Trautwein、Greg Lampf）

本次会谈大部分内容和上周在渥太华投资者论坛的观点保持一致。核心观点如下：

对自身行业竞争地位抱有信心。

该公司提出的 29 财年 140 亿美元营收目标，并未将 CPO/NPO 及相关元器件的重大贡献纳入测算，如果相关技术落地成功，会带来额外业绩增量。

毛利率的抬升，最终不只依赖 Hyper‑Rail 产品，也普遍取决于 RLS 系列产品的表现。

公司在手订单积压规模未来会出现回落，该现象存在两面性，回落代表供给端产能释放。如果不存在供给约束，26 财年公司营收本可以接近 80 亿美元，而当前市场一致预期为 64 亿美元。

整体观点与渥太华论坛保持一致，公司股价的核心观察点是新产品投产后，毛利率向 50% 迈进的实现路径。

思科（参会人员：Acacia 产品管理副总裁 Tom Williams，光系统产品管理副总裁 Lorenzo Ghioni，投资者关系 Emily Hunt）

本次会谈中最值得关注的信息：思科当前已经出现部分产品可供出货，意味着随着可用产品释放，未来几个季度有望拿到更多订单。

其他核心观点：

对可插拔光模块领域的龙头地位充满信心，年内 400ZR、800ZR 相关产品的市场需求预期均出现上调。

1600ZR 产品需求会格外旺盛，部分厂商完成 400ZR 迭代后没有升级 800ZR，但行业几乎都会推进 1600ZR 的升级。

对 CPO 技术，尤其是大规模部署场景的态度依旧偏谨慎，该口径和此前对外表述保持一致。

过去数周 AI 资本开支相关标的迎来估值修复，思科经历估值回调。

公司当前手握部分可调配供给，该部分增量并未计入市场季度预期，有望成为业绩向上催化。

Coherent（参会人员：半导体设备高级副总裁 Beck Mason，投资者关系 David Pasquale）

PhotonLink 相关内容请参阅独立专题报告。其余核心观点：

VCSEL 激光器的重要性会持续提升，其优势体现在功耗、成本，同时不依赖磷化铟材料，公司持续看好 VCSEL 长期发展前景。公司重点推进的方向之一就是面向 CPO/NPO 应用的高密度 VCSEL 产品。

当前行业瓶颈为衬底材料，设备工具的供应实际情况相对良好。

OCS 光交叉连接的应用场景持续拓宽，但部分落地项目的规模会偏小。

未来一年 CPO/NPO/OCS 产品产能爬坡的实际证据，将会成为该公司股价重要催化，有望优化整体毛利率水平。

是德科技（参会人员：网络与数据中心业务副总裁兼总经理 Joachim Peerlings 博士，投资者关系 Liz Morelli）

核心观点：

业务覆盖光网络全产业链，从芯片流片、量产，一直延伸至 AI 流量仿真环节。

我们在该公司展台走访时看到 5‑6 大类产品，覆盖产品从设计到量产全流程，其中流量仿真等品类是过去一年新拓展的业务。

伴随产品迭代更新，整体解决方案成本同步上行。公司表示，网络、激光器速率每一代升级，都需要配套更多的测试内容。

对自身竞争地位充满信心，认为自身相比竞争对手至少领先一年。

展台调研也印证我们看好该公司的逻辑：1）深度参与 AI 供应链更多环节；2）相关测试项目的成本持续抬升；3）具备差异化竞争优势。

Lightmatter（非上市公司，参会人员：联合创始人兼首席科学家 Darius Bunandar 博士，生态与联盟副总裁 Steve Klinger）

管理层核心观点：

双向复用技术可以帮助客户降低光纤使用需求，该公司方案支持单根光纤同时完成收发，光纤需求量直接减半。

L20 CPX 模块将在 2027 年启动产能爬坡，产品遵循 Open CPX 多源协议标准，采用标准插座形态，有利于产品推广落地。

将在 OCP 开放计算项目上发布更多进展。该公司表示，正在 OCP 联盟内部牵头，推进面向 AI 基础设施的 CPO 技术，目标推出更多开放设计标准。

诺基亚（由 Terence Tsui 覆盖，参会人员：光网络业务总经理 Ron Johnson，光网络市场高级副总裁 Rob Shore，投资者关系 David Mulholland）

核心观点：

产品技术路线规划目标较高，但管理层对开发时间节点有信心。诺基亚整合自身与 Infinera 两支研发团队，共同推进第四代数字信号处理器研发。

对产能采取策略性布局。和思科类似，诺基亚会充分利用现有闲置产能，明年晶圆厂资源释放之后，还会新增更多产能。

AI 无线接入网业务正在积蓄发展动能。本次会谈虽然聚焦光通信，但是投资者提问关注到 AI 无线接入网，客户试点今年已经启动，公司已经开展 19 个独立试点项目，业务势头向好。","水木调研纪要","","1","0","349","https://wx.zsxq.com/group/88888142214212/topic/45548581484152258","data/research/updates/2026-10-07-all_views-003.csv"
"2026-09-30T08:32:14","2026-09","瑞银‑中国汽车供应链：特斯拉久候的 Semi 卡车进入量产","瑞银‑中国汽车供应链：特斯拉久候的 Semi 卡车进入量产

头条新闻：特斯拉久候的 Semi 卡车进入量产。

我们覆盖范围内的潜在受益公司以及我们估算的单车价值（CPV）如下：

双环 —— 单车价值约 7000 元人民币；

嵘泰 —— 单车价值约 5000 元人民币；

银轮 —— 单车价值约 3000 元人民币；

三花 —— 单车价值约 3000 元人民币。","水木调研纪要","","1","0","329","https://wx.zsxq.com/group/88888142214212/topic/82258281585155552","data/research/updates/2026-10-07-all_views-003.csv"
"2026-09-30T08:31:30","2026-09","各位领导，珍惜光通信小光中# 东田微 回调机会！光模块光学从元件向下游组件延伸，并且NPO、OCS、CPO，以及TGV新品同步布局，持续推荐！","各位领导，珍惜光通信小光中# 东田微 回调机会！光模块光学从元件向下游组件延伸，并且NPO、OCS、CPO，以及TGV新品同步布局，持续推荐！","水木调研纪要","","1","0","326","https://wx.zsxq.com/group/88888142214212/topic/55521518212485844","data/research/updates/2026-10-07-all_views-003.csv"
"2026-09-30T08:31:23","2026-09","🔥# MiniMax M3.1-Flash-Preview，打响模型反击战（0929）","🔥# MiniMax M3.1-Flash-Preview，打响模型反击战（0929）

27号M3.1-Flash-Preview已在 MiniMax Code 与 Token Plan 上线，这几天收集了下反馈：

🌟1）核心Coding能力反馈较好，多 Agent 并行、自测排错、回归验证能力不错，# 补上了之前模型的不足。

🌟2）Flash推理速度处于同类别Flash模型中较快档位，TPS（每秒token数）稳定在150以上，不止吐字快，完整任务迭代打磨速度优势明显。

🌟3）# 多模态理解突出 ，生成效果亮眼，这个是公司长期坚持多模态+文本并行的优势。在3D 模型、三维场景及交互游戏上表现突出。据硅谷调研了解，# 3D是下一个Coding级别的能力 ，大厂非常重视，这块# MiniMax 天然优势。

# 正式版和Pro版的进步可期！","水木调研纪要","","1","0","320","https://wx.zsxq.com/group/88888142214212/topic/22258281585412421","data/research/updates/2026-10-07-all_views-003.csv"
"2026-09-30T08:30:47","2026-09","[Gift]密尔克卫：半导体物流+海运高景气，Q3业绩有望加速—0929","[Gift]密尔克卫：半导体物流+海运高景气，Q3业绩有望加速—0929

📈半导体物流高增长。2025年湿电子化学品需求量同比+23.1%，2026年呈加速趋势，# 原因：中国晶圆产能扩产斜率陡峭。2026H1，新能源与半导体毛利率15%，其中芯片半导体或达20%+，半导体仓库或高达60%+，均远高于普通化工9%。# 结构优化带动利润增速有望高于收入增长

🌊集运市场高景气。2026Q2和Q3运价环比上涨55%和40%，# 原因：东亚出口高增长、欧美销售增速回升、欧美日韩PMI共振向上、全球库存周期上行，货代单TEU毛利润有望同环比显著修复（Q2受到航线结构影响）。

🔆Q3业绩有望加速。股权激励要求2025-29年年化业绩增速不低于15%（托底），2025H2业绩有望开始起增速（或24%+），年度维度2027年开始加速，2027E 12倍（不考虑REITs等），便宜是硬道理。# 一旦业绩加速持续2-3季度、PEG估值或戴维斯双击","水木调研纪要","","1","0","321","https://wx.zsxq.com/group/88888142214212/topic/55521518212482554","data/research/updates/2026-10-07-all_views-003.csv"
"2026-09-30T08:29:52","2026-09","【光纤价格明确处于上涨趋势，关注Q3业绩亮眼】","【光纤价格明确处于上涨趋势，关注Q3业绩亮眼】

# 0929散纤价格出炉，652光纤从8月底开始一直处于105-110均价，一个月来一直维持高位，在以前是很少见的。数据中心A1光纤仍处于170，很紧缺货状态，处于上升趋势，预计后续会破180-200。A2来到220-230，可以感受到比前段时间有回升。

最近看空板块的声音又多了起来。误解集中在第一光棒的扩产，这本来就是上半年开始的扩产，年底要扩出来，这个本来就规划好，只是这次写在定增里面，已经快扩完了，这次主要扩的是保偏+空芯。第二另外扩的光缆，是DCI光缆，北美很缺乏，其他是用在MPO里面，需求量非常大，可以多赚一道加工费。第三大家觉得它的股权激励目标低，但是它的持有时长其实是很长的。

扩产本身就是鬼故事。移动集团流标，电信集团提高限价，领益宣布放弃收购富通，大族扩产口风收紧环评一直没下来等等，都可以征伪扩产的壁垒。扩产门槛是决定估值很重要的一个因素，而不是讨论市场低迷下是否融资，该融多少钱，纯是情绪因素，交易因素。

中国电信集团652D光缆集中采购重新启动招标，8000万芯公里，18个月，节后10月12日开标。移动此前是0904招标完毕。所以Q4是厂商开始交货运营商652D光缆的高峰期，供需加紧，652散纤价会回升，由于拉丝产能挤压，657价格也会上涨。Q4是涨价的一个季度。

654E光纤从7月初的300-320均价，持续到9月底完全没有掉下来低于300。聊下来几大光纤厂最近接到DCI光纤和光缆的需求都逐渐增多。目前654E占头部几大家产能出货比例可能只有8-10%，明年可能会到20-30%，甚至更高。一公里250元以上毛利的光纤出货占比翻倍提升，会对利润有巨大弹性。更何况北美目前很缺的高密度高芯数的光缆，一根缆里一千多芯，打包卖出价值量堆积的非常大。光纤是有技术迭代的，并且还目前未被price in。

[玫瑰]预祝各位领导国庆假期快乐，心想事成，万事顺意~[拥抱]","水木调研纪要","","1","0","315","https://wx.zsxq.com/group/88888142214212/topic/22258281585442151","data/research/updates/2026-10-07-all_views-003.csv"
"2026-09-30T08:29:24","2026-09","AMD拟82亿美元收购李飞飞World Labs，加码物理AI","AMD拟82亿美元收购李飞飞World Labs，加码物理AI

＃全股票收购world lab
昨夜AMD宣布，拟以约82亿美元全股票交易收购李飞飞创立的World Labs，预计2026年底完成；交易完成后，李飞飞将加入AMD担任EVP兼首席科学家。

＃world lab定位物理AI
World Labs核心方向并非传统LLM，而是空间智能/世界模型，其Atlas、Marble等模型可以理解、生成并模拟3D世界，并进一步用于机器人训练等物理 AI场景。

＃本次有望把AMD的AI芯片进一步往物理AI延伸
我们认为，本次收购最大的意义是AMD开始从“提供GPU/CPU算力”进一步向“模型—软件—硬件协同设计”延伸。 AMD此前已经投资World Labs，并合作将其World Model负载向Instinct GPU优化；此次直接将顶级模型团队纳入体系，有望让未来Instinct GPU、EPYC CPU以及ROCm的软件/硬件技术路径更贴近下一代世界模型、机器人、仿真及物理 AI的真实算力需求。

＃短期增大股权整合压力，长期打开全新战略空间
我们认为，短期82亿美元全股票交易规模较大，存在股权摊薄和整合压力；但从战略层面看，这是AMD近年来少数直接向“基础模型层”延伸的大动作，核心意义是提前卡位物理 AI时代的算力定义权，AMD有望在物理AI来临的时代获得先发优势。","水木调研纪要","","1","0","314","https://wx.zsxq.com/group/88888142214212/topic/82258281585448212","data/research/updates/2026-10-07-all_views-003.csv"
"2026-09-30T08:29:05","2026-09","🌪风电观点更新 202609","🌪风电观点更新 202609

# 维持下半年起供需两侧信号转暖判断不变。
产业链反馈，国内上半年受基数较高、下游提货节奏等影响整体行情较平淡，预计Q3会同环比显著改善。
此外，国内深远海等政策预计落地，当前不完全统计各省深远海项目储备量超过150GW，海风进入新一轮大周期的驱动力有望强化；下周德国汉堡风能展国内多家上市公司参展，Q4欧洲英国、德国等重点地区项目订单等预计将陆续落地，有望进一步打开行业向上空间。当前低位博弈盈亏比较高。

# 投资建议：
综合考虑估值性价比、安全边际、q3业绩预期等因素，建议重点关注：
1）海风：东缆、天顺、海力、大金等；2）零部件：德力佳、新强联、明阳、金雷、日月等；3）风机：金风、明阳、运达、三一等。","水木调研纪要","","1","0","313","https://wx.zsxq.com/group/88888142214212/topic/14425458252115542","data/research/updates/2026-10-07-all_views-003.csv"
"2026-09-30T08:28:44","2026-09","[红包]【中信互联网】DeepSeek Harness：v0.2桌面端发布，插件生态与模型协同进一步强化Agent入口价值","[红包]【中信互联网】DeepSeek Harness：v0.2桌面端发布，插件生态与模型协同进一步强化Agent入口价值

[烟花]事件：9月29日，DeepSeek正式发布Harness v0.2预览版，提供开箱即用的macOS和Windows桌面端安装包，优化日常办公、开发及插件管理体验。根据公司披露，在使用DeepSeek官方API的用户群体中，Harness按日均活跃用户、日均会话数等口径，已成为最受欢迎的Coding Agent产品。桌面端目前已在官网(DeepSeek Harness｜共探智能上限
)开放下载。

[咖啡]看点一：桌面端降低使用门槛，从Coding进一步拓展至泛办公场景

本次更新预置办公与开发常用功能，用户可提供文档、表格或PDF，让Harness整理资料、分析数据、生成图表及制作演示文稿；生成文件可在侧栏预览、通过对话继续修改，也可用本地应用进一步编辑。内置自动化任务插件支持重复工作按计划执行，并可查看运行记录、调整频率。符合活动条件的用户登录桌面端，还可限时领取6元体验赠金，到账后7天有效、限量发放。我们认为，#安装与试用门槛降低，叠加成果预览及定时任务，有望推动Harness从开发者工具向更广泛的白领工作入口扩张，提升用户覆盖与日常使用频率。

[咖啡]看点二：约60%的用户已使用第三方插件，开放生态已有实际使用基础

按照官方模型API用户口径统计，#约60%的DeepSeek#  Harness用户使用了第三方插件。本次新增插件管理页面，用户输入插件包名即可安装，并可统一停用、卸载和查看来源；实验性的创造模式支持通过对话编写及修改插件，创建后可即时生效、持久保存。团队后续还计划建设官方插件市场、提升接口兼容性，降低开发者跨版本适配成本。我们认为，#插件生态已经成为产品体验的重要组成部分。随着插件获取和管理更加便利，开发者供给与用户需求有望进一步相互促进，形成“更多插件—更多场景—更多用户”的生态循环。

[咖啡]看点三：明确模型与Harness共同进化，真实任务表现成为协同优化方向

官方明确提出，后续将针对新模型持续优化Harness，并在模型训练中提升其在Harness内的实际表现，同时通过模型研究支持新的产品功能。我们认为，#模型与产品协同优化，有望让基座能力提升更直接地转化为任务完成质量，进一步体现模型厂商自建Harness的价值。产品路线方面，团队计划完善智能体团队功能，并加入个性化长期记忆、浏览器及其他GUI软件自动化，支持远程与移动端使用，探索会话分享和多人协作。随着这些规划逐步落地，Harness有望承接更持续、更复杂的工作流程。

💡我们的观点：我们此前强调Harness连接模型与用户的入口级价值，此次v0.2进一步围绕#用户拓展、#插件生态与#模型产品协同展开。官方API用户群体内的活跃表现及第三方插件使用比例，为这一方向提供了初步验证。后续重点关注：#一是桌面端上线后的新增用户、留存与调用增长；#二是官方插件市场建设及垂直场景插件的成熟度；#三是模型与Harness共同迭代后，复杂任务完成率、人工修改成本及泛办公体验的改善。

[玫瑰]欢迎联系中信证券互联网团队","水木调研纪要","","1","0","309","https://wx.zsxq.com/group/88888142214212/topic/82258281585445122","data/research/updates/2026-10-07-all_views-003.csv"
"2026-09-30T08:28:29","2026-09","房贷贴息落地，地产链景气度提升","房贷贴息落地，地产链景气度提升

事件：10.1后首套、120平方米以下、150万元以内的住宅，财政部门给予年化1个百分点的贴息，贴息期限最长5年。
贴息将显著降低居民每月还款压力，激发居民购房需求，拉动建材用量。

# 板块排序上消费建材＞水泥＞玻璃。

# 3个思路：
锐度最高#  三棵树、东方雨虹、科顺股份、坚朗五金
基本面稳，更价值#  北新建材、伟星新材、悍高集团、中国联塑
底更扎实的高股息#  塔牌集团、兔宝宝、海螺水泥

风险提示：政策不及预期","水木调研纪要","","1","0","305","https://wx.zsxq.com/group/88888142214212/topic/14425458252148842","data/research/updates/2026-10-07-all_views-003.csv"
"2026-09-30T08:28:06","2026-09","【中泰地产】房贷贴息落地，重点支持刚需与二三线去库存","【中泰地产】房贷贴息落地，重点支持刚需与二三线去库存

态度比力度更重要：中央财政之前发放消费补贴较多，对地产行业进行补贴支持尚属首次，凸显稳增长压力下中央对地产行业态度的重大转变

聚焦支持刚需与二三线去库存：购房总价150万与贷款100万的限制，聚焦支持刚需与二三线城市去库存

财政贴息资金足额保障：相关负责人在政策答记者问中明确表示，“执行中资金总规模不设上限，预算已做充分安排”

与公积金互为补充：公积金贷款目前覆盖人群比例仍然较低，商贷贴息可作为有力补充，且考虑按揭平均久期10年左右，5年商贷贴息有其优势

助力行业止跌回稳：参照香港经验，房贷利率低于租金收益率可有效带动房价止跌回升，此次房贷贴息可有效降低实际房贷利率水平，助力行业止跌回稳

投资建议：房贷贴息落地，重点支持刚需与二三线城市去库存，利好刚需产品与二三线开发商，持续看好地产板块四季度表现，重点推荐关注A股保利、招商、滨江、新城，H股华润、建发、金茂、绿城、中海宏洋等

风险提示：居民购房需求超预期下行

欢迎联系【中泰地产建筑】团队（由子沛/王雯/侯希得/张瀚文）进一步交流","水木调研纪要","","1","0","303","https://wx.zsxq.com/group/88888142214212/topic/45548581484251818","data/research/updates/2026-10-07-all_views-003.csv"
"2026-09-30T08:27:53","2026-09","[红包]【华泰地产】按揭贴息落地，力度几何？","[红包]【华泰地产】按揭贴息落地，力度几何？

[玫瑰]贴息支持哪些群体？
未来一年内的首次购房群体，不区分新房二手房。

[玫瑰]支持哪些住房？
建筑面积≤120㎡，金额≤150万。

[玫瑰]贴多少？贴多久？
贴100bp，贷款上限100万，不超过5年。

[玫瑰]如何看待此次按揭贴息？
超预期的地方在于：1、年限超预期。贴息最长5年，超过地方普遍试点的1-3年、2、中央主要出钱。不是小作文传闻的各一半。3、没有封顶。各地贴息普遍有封顶总额，此次没有上限，100万贷款5年可总共贴息5万左右。主要制约的地方在于：必须首套房、对面积和总金额有制约。

[玫瑰]大概需要贴息多少钱？
我们假设初步按2026年新房+二手房GMV规模测算（估算13.7万亿）、150万以下占比40-50%、首付比例40%、首套占比40-50%等测算，符合条件贷款规模约在1.5万-2.0万亿左右，一年对应贴息规模约150-200亿左右，对应5年累计贴息规模约在750-1000亿（不知是否有总额上限）。由于只针对一年购房群体，不存在累计叠加情况。

[玫瑰]对市场和房企影响如何？
按揭贴息从去年8月传闻至今，几经波折，不管力度如何，能落地就说明突破了原来市场担心的桎梏（财政没钱），而且828政策后市场对房地产市场收缩进一步担忧，此次出台时点也彰显呵护地产之意，是近年来少有的全国性需求端政策，因此有比没有好，没必要苛责规模。

我们一直强调，当前对房地产市场最重要的政策就是利率政策，无论是降息还是贴息。此次贴息直接降低对应住房未来5年房贷利率至2.07%，而当前全国重点城市租售比为2.8%，越低总价的房屋租售比越高，实现类似香港的“供平过租”，将驱动更多观望的需求入市。同时由于此次限制首次购房群体，投资需求可能依然有限，更加需要关注的是刚需、租房群体“租转购”，将带来未来一年需求释放，尤其是重点二三线城市。企业方面，主要利好二手房经纪商和在二三线城市布局的重点房企。

欢迎交流！

陈慎 刘璐 林正衡","水木调研纪要","","1","0","304","https://wx.zsxq.com/group/88888142214212/topic/55521518212458244","data/research/updates/2026-10-07-all_views-003.csv"
"2026-09-30T08:27:21","2026-09","2026年按揭发放额估算约3.03万亿（净增额-6768亿元+还款额估算3.7万亿），首套占比90%，2.73万亿，贴息1%，差不多270亿，同时150万以下占比65%（用二手房代替），差不多177亿…","2026年按揭发放额估算约3.03万亿（净增额-6768亿元+还款额估算3.7万亿），首套占比90%，2.73万亿，贴息1%，差不多270亿，同时150万以下占比65%（用二手房代替），差不多177亿左右贴息规模（估算未来1年的贴息规模），并且未来1年内购房者可享受不超过5年的贴息政策，此外本次政策暂定1年，但也不排除后续是否会延长执行期限。","水木调研纪要","","1","0","329","https://wx.zsxq.com/group/88888142214212/topic/22258281585422151","data/research/updates/2026-10-07-all_views-003.csv"
"2026-09-30T08:26:17","2026-09","青达环保","青达环保

①公司深入布局氢能，22年成立“青达低碳绿氢研究院”，目前已具备制氢、固态储氢、氢检测服务、氢提纯等技术，氢能产业作为超长时储能的终极解决方案之一，十五五期间大有可为。

②公司主业三大增量，均是高利润率产品：❗️备件业务保持快速增长，25年3亿、26年预计5亿左右，备件利润率预计25%以上，贡献较大利润增量；❗️海外市场业务迎来放量，25年10月中标越南1.8亿订单，预计26年确认收入，在手还有数个跟踪海外订单，海外订单利润率远高于国内；❗️除渣机AI+改造，存量80亿改造市场需求，去年订单3kw，今年预计1亿+。

我们维持对公司今年2.5-3亿的业绩预期，当前pe仅10倍出头。定增出现转机，股东利益即将理顺，前段时间被市场错杀，维持重点推荐！","水木调研纪要","","1","0","290","https://wx.zsxq.com/group/88888142214212/topic/82258281585428482","data/research/updates/2026-10-07-all_views-003.csv"
"2026-09-30T08:25:40","2026-09","【国盛汽车】途虎海外并购项目说明会要点","【国盛汽车】途虎海外并购项目说明会要点

1️⃣收购简介：本次途虎收购澳大利亚汽修连锁Mycar的基础企业价值为4.03亿澳元，约合19亿元人民币。资金层面，本次收购配套不超过10亿元人民币并购贷款，自有资金投入约9亿元，不会对公司现有分红与回购计划产生实质性影响。

2️⃣澳大利亚行业状况：澳大利亚汽车后市场乘用车保有量约2000万辆，千人汽车保有量达740台，乘用车平均车龄11.4年，单车年均行驶里程比国内高出20%以上，汽修市场需求充足。当地独立售后市场份额已超过经销商体系且市场格局高度分散。同时澳大利亚在发达国家中对华投资政策相对友好，汽车零部件高度依赖进口，为国内供应链落地提供了基础。

3️⃣标的情况：标的Mycar是澳大利亚规模最大的全国性全直营汽修连锁，70%门店位于购物中心、15%位于加油站，点位具备稀缺性；其业务为一站式全品类服务，收入结构与途虎高度接近。Mycar拥有60余年品牌历史与成熟的技师培训体系，经营表现稳健，2025年收入约5亿澳元，经调整净利润约2100万澳元，EBITDA约3700万到3900万澳元，近年收入与利润率均保持稳步提升。

4️⃣整合与扩张方面：以保留Mycar本土管理团队为主，途虎将输出数字化能力、供应链能力与系统运营经验，逐步推进运营优化提效。门店扩张层面，短期将延续Mycar现有自营模式，门店仍有高双位数至低三位数的拓展空间。供应链协同上，途虎多品类一体化供应链有望优化成本、丰富产品品类。

5️⃣财务与估值层面，本次交易对应2026年预期EBITDA约8.6倍，低于海外同类并购交易的估值水平，处于行业合理区间。若仅从杠杆收购视角测算，项目5年期IRR可超过20%；27年全年并表后，预计对公司EPS增厚至少15%。利润率方面，Mycar门店端利润率接近国内门店两倍，中长期具备进一步提升空间。

资料来源：途虎海外并购项目说明会","水木调研纪要","","1","0","283","https://wx.zsxq.com/group/88888142214212/topic/14425458252142282","data/research/updates/2026-10-07-all_views-003.csv"
"2026-09-30T08:25:15","2026-09","【周三你需要知道的隔夜全球要闻：多位美联储官员呼吁继续加息，美国宣布释放战略石油储备，特朗普签署一份AI文件，欧美股市多数下跌】","【周三你需要知道的隔夜全球要闻：多位美联储官员呼吁继续加息，美国宣布释放战略石油储备，特朗普签署一份AI文件，欧美股市多数下跌】
1、美联储巴尔表示，可能需要继续加息；需要重新校准政策，基本情况是可能需要进一步的政策调整。
2、美联储威廉姆斯表示，如果经济符合预期，今年可能再加息一次。并表示，9月加息后，“没有必要急于行动”。
3、美联储穆萨莱姆表示，即使在最近一次加息之后，货币政策仍然略显宽松。
4、美联储古尔斯比表示，美国已经在通胀目标上方持续了5年半，这是在玩火。
5、交易员削减对美联储10月加息的押注，市场目前认为，美联储10月加息的概率约为50%，低于此前约70%的预期。
6、欧洲央行的Demarco称，近期长期债券收益率上升令人相当担忧，不排除10月份加息的可能性。
7、美国宣布从战略石油储备中提供最多4000万桶原油，以增加市场供应。
8、消息人士称，白宫已敦促欧盟动用柴油应急库存，以降低全球柴油价格。
9、多名代表称OPEC+可能会坚持石油产量配额的计划。
10、特朗普将公布价值540亿美元的阿拉斯加液化天然气计划。
11、特朗普称，已签署一份人工智能文件，考虑成立10人组成的委员会来监督人工智能。
12、美国对近10亿美元加拿大商品的进口禁令当地时间9月29日正式生效。
13、周二盘中，美国国债收益率继续飙升。30年期国债收益率升至5.6%，续创2002年以来新高。巴克莱预计美国30年期国债收益率或升至6%，富国银行预测到2027年底美国10年期国债收益率将达到5.25%-5.75%。
14、德银称，Muse打开AI消费入口，2030年收入最高或超360亿美元。
15、OpenAI推出全天候自主智能体Dots、GPT-6.1 Sol模型，并将于未来数日推出GPT‑6.1 Sol超快版。OpenAI据悉计划以1.4万亿美元估值融资300亿美元。首席执行官奥尔特曼称，暂无IPO时间表。
16、特斯拉签署300亿美元融资安排，包括循环信贷和延迟提款贷款。
17、派拉蒙天舞高评级债券发行获得1090亿美元认购需求。
18、据报道，苹果公司将在印度推出Apple Pay。
19、Meta宣布推出面向小企业的AI代理Muse，目前可连接Canva、Dropbox、Figma、Notion、Zoom等多款企业工具。
20、英伟达正在与保险公司展开洽谈，探讨如何分担其AI芯片贷款业务所伴随的风险。
21、KKR已达成协议，将收购印度液体仓储物流公司Cisternina Logistics的多数股权。
22、AT&T与康宁签署价值超30亿美元的多年度光纤供应协议。AT&T承诺未来5年向美国互联互通领域投入超2500亿美元。
23、三星电子拟于2028年开始量产第三代2纳米制程，并于2029年启动1.4纳米制程的量产。
24、美股三大指数均小幅收跌，道指跌0.26%，标普500指数跌0.17%，纳指跌0.09%。苹果跌2.66%，新任首席执行官特努斯正推动公司进行全面改革。欧洲主要股指收盘多数下跌，德国DAX30指数跌幅0.06%。
25、国际原油期货结算价大幅收跌。WTI原油期货11月合约跌3.48%，布伦特原油期货11月合约跌2.56%。
26、COMEX黄金期货涨1.12%，报4215美元/盎司；COMEX白银期货涨0.21%，报61.84美元/盎司。","水木调研纪要","","1","0","285","https://wx.zsxq.com/group/88888142214212/topic/82258281585481442","data/research/updates/2026-10-07-all_views-003.csv"
"2026-09-30T08:25:08","2026-09","🌊GHDX 10月金股：东方电缆（9.28）","🌊GHDX 10月金股：东方电缆（9.28）

# 500kV海缆进入确收高峰、Q3业绩有望释放
    Q3广东海风进入并网冲刺期：9月24日，中广核阳江帆石项目（2GW）全容量投运；同日，华电阳江三山岛六项目（500MW）完成全部风机吊装；9月28日，青洲五七完成首批并网。公司500kV海缆有望密集确收，Q3业绩有望达到4.5-5亿元，再创单季度业绩新高。
    全年来看，公司业绩有望达到14-15亿元，对应当前PE 20x，估值仍处于历史低位。公司年内有望落地多个海外订单，有望进一步带动估值修复。

# 广东海风持续加速
    近期，广东第一批竞配项目（23年竞配，8GW省管）进一步加速：9月24日，汕尾红海湾三、四集中送出工程EPC招标；9月8日，汕尾红海湾五导管架招标；8月末，湛江徐闻东二开工。我们认为，南方海域JS问题已经全面缓解，广东目前有19.2GW省管项目储备（已竞配），“十五五”期间年均装机有望达4GW以上，对应每年80亿元的海缆市场空间。公司凭借广东区位优势，订单、交付有望持续旺盛。

# 深远海逐步推进、海风装机预期有望上修
    近期，一批深远海项目启动前期招标：9月22日，国华山东半岛南某项目（4GW）启动前期专题研究招标；同日，华能河北BH项目（2GW）启动前期技术服务招标；9月17日，中国电建北黄海某项目（1.2GW）第一阶段前期工作开标。
    我们认为，这批项目的启动验证了深远海三年行动方案或已落地，27年起我国深远海开发有望加速。结合此前“十五五”海风累计并网100GW、新增开工100GW的规划，我们认为，27年国内海风有望迎招标高峰，28-30年有望迎装机高峰。

-------------------
【GHDX】邱迪、王刚、谭甘露、吴亦辰","水木调研纪要","","1","0","273","https://wx.zsxq.com/group/88888142214212/topic/55521518212418424","data/research/updates/2026-10-07-all_views-003.csv"
"2026-09-30T08:24:35","2026-09","一、昨日热点","一、昨日热点

并购：新华传媒、园林股份、广汽集团

固态电池：上海洗霸

机器人：襄阳轴承

AI安全：中新赛克

地产：深物业A

PCB：依顿电子

二、央行调整完善若干货币政策工具

1、一年期抵押补充贷款利率从1.75%降至1.5%。

2、扩大抵押补充贷款支持领域，将水网、新型电网、算力网、新一代通信网、城市地下管网、物流网等“六张网”建设纳入抵押补充贷款支持领域。

3、增加科技创新和技术改造再贷款额度2000亿元，并将该项再贷款支持比例统一从60%提高至100%。

4、增加支农支小再贷款额度5000亿元。

三、三部门印发《关于实施居民购房贷款贴息政策的通知》

我国将从10月1日起对居民使用新发放商业性个人住房贷款购房实施贴息，以降低居民购房成本，更好支持和释放城乡居民刚性住房需求。本次贴息政策聚焦首套刚需，重点支持普通家庭新购中小套型、较低价位的住房，单户所购住房建筑面积不超过120平方米、购房价格不超过150万元。可享受贴息的贷款规模最高可达100万元，财政部门给予年化1个百分点的贴息，按照目前首套住房的商业性个人住房贷款利率水平，相当于优惠了利率的三分之一，贴息期限最长5年。据测算，对于一笔长期限的100万元商业性个人住房贷款，政策最多可帮助借款人累计减少付息近5万元。政策实施期暂定一年。

地产：深物业A、信达地产、滨江集团、万科A

四、2026金融街论坛年会将于10月19日在京开幕

经国务院批复，由北京市政府与中国人民银行、国家金融监督管理总局、中国证券监督管理委员会、新华通讯社、国家外汇管理局共同主办的2026金融街论坛年会定于10月19日至22日在北京金融街举办。（潘功胜、李云泽、吴清出席2025金融街论坛年会）

金融：大智慧、瑞达期货、银之杰、赢时胜、财富趋势

北交所+金融：华信永道

五、特朗普政府推出AI工具 旨在简化政府线上服务

特朗普签署行政令，正式推出AI驱动的政府门户网站America.gov，要求所有联邦机构在90天内将面向公众的系统接入该平台，旨在以单一入口取代逾2.9万个分散的政府网站。该平台目前以聊天机器人形式运行，用户可通过自然语言提问，查询从申领护照到社保卡补办等各类政府服务；但完整功能预计要到2027年才能上线，届时平台将从回答问题升级为直接办理业务。此举是特朗普第二任期内力推人工智能战略的最新举措。

AI政务：南威软件、榕基软件、数字政通

北交所+AI政务：国子软件

六、OpenAI推出全天候自主智能体Dots  Meta推出面向小企业的AI代理Muse

OpenAI推出GPT-6.1 Sol模型，其性能接近Astra，但标准词元价格仅为Astra的五分之一。同时推出全天候自主智能体Dots。并表示，将于未来数日推出GPT‑6.1 Sol超快版。报道称OpenAI年化经常性收入接近700亿美元

Meta宣布推出面向小企业的AI代理Muse，可根据用户设定的目标，协助经营业务、寻找客户及分析销售和财务数据等。

AI智能体：掌阅科技、南兴股份、泛微网络、易点天下

北交所+AI智能体：立方控股

七、M9/10树脂更新

M9方案最新进展，添加10%左右的BCB碳氢树脂可以显著改性电性能，玻纤布可以从Q布调整成二代布，成本下降约20%，根据头部CCL厂家反馈，M9方案未来会是ODV碳氢+少量BCB碳氢+二代布+HVLP4铜。

M10四大主流测试方案的共同点在于BCB树脂。目前M10四大主流方案为：1、PTFE无布core层+PP层 2、PTFE无布core+BCBcore层+PP层（混压方案） 3、PTFE有布core层+PP层 4、纯碳氢树脂（BCB)+二代布core层+PP层方案。从四大主流测试方案来看，PTFE的确定性只是占到3/4、玻纤布占到1/2，而4种的共性在于都需要绝对增量的BCB树脂。从头部CCL2-3个专家访谈了解到，方案3和4是最有可能的M10方案。

BCB碳氢树脂：东材科技、呈和科技、圣泉集团

八、央视财经：中国气象局监测11月前后将形成超强厄尔尼诺事件

根据中国气象局国家气候中心监测，9月以来，赤道中东太平洋海温持续增暖，为有监测记录以来候和旬尺度海温指数首次突破3℃，预计赤道中东太平洋海表温度将继续呈波动上升态势，海温指数峰值预计出现在11月前后，为3.2℃～3.5℃，将形成一次有监测记录以来最强的超强厄尔尼诺事件。 (央视财经)

厄尔尼诺：金健米业、万向德农、敦煌种业、一鸣食品、中水渔业

九、行业要闻

1、国新办定于9月30日（星期三）下午3时举行新闻发布会，请水利部部长李国英介绍加快建设现代化水网有关情况。（青龙管业、韩建河山）

2、国家广电总局发布《关于促进广播电视和网络视听公益广告高质量发展的意见》。（湖北广电、电广传媒）

3、AT&T与康宁签署价值超30亿美元的多年度光纤供应协议。（亨通光电、长飞光纤）

4、Bloom Energy涨超10%，Jefferies将公司目标价由229美元上调至264美元。（京泉华、三环集团）

5、全球首个昇腾950 DT液冷1024超节点，正式落户上海青浦云湖智算中心。（华丰科技、川润股份）

6、国务院关于《医疗康复护理扩容提升工程实施方案》的批复。

7、美国宣布从战略石油储备（SPR）中提供最多4000万桶原油，以增加市场供应。

8、特朗普表示，将签署强有力的人工智能命令，通过行政令把人工智能更名为超级智能（Super Intelligence），绝不会扼杀AI的发展。","水木调研纪要","","0","0","277","https://wx.zsxq.com/group/88888142214212/topic/45548581484282428","data/research/updates/2026-10-07-all_views-003.csv"
"2026-09-30T08:23:55","2026-09","【兆易创新】3D DRAM趋势确定，兆易创新已走在前列","【兆易创新】3D DRAM趋势确定，兆易创新已走在前列

# 大幅上调长鑫的采购金额并环比增加
原预计2026年全年采购金额57.11亿元，本次增加21.43亿元到78.54亿元，上修37.5%。2026M1-8采购35.96亿元，上修后26M9-M12及27M1-4预计采购额分别为42.58/44.11亿元，环比持续提升。
# 3DDRAM走向定制化、单GB价值量有望显著提高
3D DRAM使DRAM从标准器件走向定制化，使用TSV、混合键合等先进3D封装技术，并且定制设计需要NRE费用，单GB价值量有望显著高于标准DRAM，成为新的业绩增长点。
# 3DDRAM2027年或量价齐升、兆易创新已走在前列
小米玄戒O100为行业首颗 6nm 3D 晶圆级堆叠的 AI 加速芯片，使用3D DRAM和逻辑芯片混合键合、垂直堆叠，预计27年量产上市。兆易创新公告披露定制化存储新产品是27年采购金额增长原因之一，说明已走在定制化3D DRAM产业趋势的前列。

风险提示：研发量产进度不及预期等。","水木调研纪要","","1","0","267","https://wx.zsxq.com/group/88888142214212/topic/55521518212411154","data/research/updates/2026-10-07-all_views-003.csv"
"2026-09-29T23:46:50","2026-09","野村OCS/CPO专家通话：","野村OCS/CPO专家通话：
1、
OCS需求正进入一个增长速度陡增的阶段。
谷歌需求预计将从2025年的12–15千个单位增长到2027年的35–40千个单位。包括其他CSP，总计2027年需求可能达到40–50千个单位。
对于大型AI集群，其吸引力在于更低的TCO、延迟和故障率。
2、
MEMS仍是领先的OCS架构，预计2026年市场份额为80–85%，2027年为60–70%。
但市场正在多元化：液晶提供更低电压和更长寿命，压电正进入验证阶段，而硅光子仍是一个更长期的选择。
3、
北美2026年可能出货45–50百万个800G模块。
1.6T需求可能超过30百万个单位，但材料短缺可能将实际出货量限制在仅10–15百万个。制约因素似乎是供应而非终端需求——在3nm DSP供应有限的情况下，DR正在获得更多份额。
4、
2027年收发器定价仍保持坚挺：800G约为300–400美元，1.6T为800–1000美元以上，预计年度降幅将保持在10%以下。
CPO可能在2027年达到80–100千个单位，而NPO可能从2027年的小批量出货转向2028年的量产。","水木调研纪要","","1","0","394","https://wx.zsxq.com/group/88888142214212/topic/55521512584525414","data/research/updates/2026-10-07-all_views-003.csv"
"2026-09-29T23:46:17","2026-09","【开源化工】染料行业更新：需求旺季临近+行业反内卷，染料涨价潮仍持续—0929","【开源化工】染料行业更新：需求旺季临近+行业反内卷，染料涨价潮仍持续—0929

价格：据百川盈孚，截至9月29日，染料产业链价格重心高位持稳，活性染料核心原料H酸市场均价至15.0万元/吨，#月度涨幅66.67%，#年内涨幅达275%。 截至9月29日，分散染料32元/kg，月度涨幅14.29%，#年内涨幅88.24%；活性染料47元/kg，月度涨幅30.56%，#年内涨幅113.64%。同时，分散染料核心原料还原物价格也维持在12-18万元/吨的高位。

需求端：金九银十”纺织旺季，补库集中释放

“金九银十”需求旺季临近，化纤下游的织造及印染开工率边际回升，且行业库存处于低位背景下，旺季需求弹性有望充分展现，染料需求也有望随之拉动。

供给端：行业协同加强，中间体供应收紧

主流染料大厂加强行业协同反内卷，叠加上游关键中间体还原物、H酸供应偏紧、价格持续上涨，染料价格坚挺上行。同时，部分中染料小产能因原料外购、成本高企等因素，核心竞争力较弱，其成本显著高于龙头企业，这也变向推动龙头企业提价的流畅度。

受益标的：闰土股份、浙江龙盛、#亚邦股份、# 万丰股份、#吉华集团# 、安诺其、锦鸡股份等。

开源化工金益腾/蒋跨跃/李婷","水木调研纪要","","1","0","382","https://wx.zsxq.com/group/88888142214212/topic/82258285214252852","data/research/updates/2026-10-07-all_views-003.csv"
"2026-09-29T23:16:36","2026-09","【先导基电】更新9.29","【先导基电】更新9.29

[太阳]事件：据行业反馈，Ferrotec光通Micro-TEC近期大幅提价【55%-82%】！！
厂商披露主要系稀有金属原料供应不稳定、原料价格飙升、生产设备投资增加。

#铋业务基本盘弹性大#
1️⃣800G/1.6T升级推动高端TEC需求，而碲化铋是核心材料。公司已打通Bi/Te原料—碲化铋热电材料—Micro-TEC产业链，26H1实现小批量生产并向光通信等客户送样、通过相关测试，后续有将直接受益。
2️⃣2026H1公司铋材料收入9.96亿元，占收入87%。截至6月底，公司存货51.4亿元，其中原材料34.97亿元，较2025年末的46.26/27.33亿元继续提升。2025年末公司铋材料存货32.5亿元占总存货70%，其中原材料23.83亿元，主要来自铋金属生产及战略备货。
3️⃣26H1公司铋业务占比进一步提升，当前库存中铋原料及产品占比高；因此，铋产业链产品的涨价，有望给公司带来显著的利润弹性。

#SOFC新曲线存在多重认知差#
1️⃣公司与集团100%控股的广东固能设立元朔基电（上市公司持股65%），布局SOFC电解质片、金属连接体、电气柜、超容等核心部件；核心产品能涵盖SOFC近70%的的bom供应（电解质支持路线），以全面解决方案贴紧下游迭代和扩张
2️⃣先导集团在SOFC领域前瞻、立体、深度布局，此次通过合资，集团SOFC领域的多数直接配件业务即已纳入先导机电，27年就有望带来相当可观的盈利贡献。

➠伴随年底SOFC产业与海外领跑企业在效率、成本、寿命上的技术跨越让全球逐步看到、相信，SOFC产业的重要性和高度会被重新定义和定价
➠上市公司占尽天时地利人和，其独特性、稀缺性，将被市场重新定价
➠市场对公司空间估算，主要是结合今年有望落地的订单估算27年利润，但考虑到公司扩产落地节奏及海外客户放量节奏，公司28年的增长斜率也许会更诱人、更重要！！
我们认为，不论是对SOFC产业，还是公司微观经营潜力&高度，都有重大的认知差，重视！重视！

by ZSDX/lh","水木调研纪要","","1","0","417","https://wx.zsxq.com/group/88888142214212/topic/45548584518821248","data/research/updates/2026-10-07-all_views-003.csv"
"2026-09-29T23:16:12","2026-09","各机构对中国央行最新房贷贴息政策的反应","各机构对中国央行最新房贷贴息政策的反应

澳新银行邢兆鹏：
房地产力度令人失望，此前预期是至少应该覆盖一线。150万估计仅能支持三线城市。

花旗：
与其说该政策能实质性提升购房能力，不如说它更有助于改善居民对房价的预期。经估算，政策仅能为首次购房者减少约13%的月供。
在新房供应下降和库存减少的支撑下，2027年将是核心城市房价回暖的关键之年。
一线城市二手房挂牌量继续下降，而二线城市挂牌量则出现反弹。仍在等待更多信号，以明确判断核心城市房价是否将迎来更广泛复苏；至于二线城市房价全面复苏，则可能需要更长时间。

欧亚集团：
新政策主属于边际性的刺激措施，力度比较有限。“给人的感觉更像是政策宣传，而不是一个能够明显改变市场走势的重大政策。”
当前无论是降低购房成本还是公积金支持等需求端措施，市场效果都已明显减弱；如果中央层面不采取更有力度的措施帮助化解房企债务风险，仅依靠现有政策很难扭转房地产市场疲弱局面。

TS Lombard：
政策落后于预期。最新政策能缓解购房人的流动性压力，却不能消除他们对房价可能下跌的恐惧和对未来收入不确定性的担忧。从限制条件来看，符合条件估计集中在低线城市，以上提到的顾虑更能会更多。

中原地产首席分析师张大伟：
政策设置房价、面积双重门槛，意在保基本、广覆盖，避免政策红利流向高端住房。150万元的房价红线，成为划分政策受益程度的核心标尺，一二线、强三线、三四线城市的受益面、拉动效果将显著分化。
二线、普通三线刚需市场将迎来最直接利好，成交有望阶段性回暖；一线城市受益集中于远郊低价小户型；人口流出型三四线与县城以托底为主，改善空间有限。

同策研究院院：
本次贴息政策与中国当前支持刚需是一致的，能帮助刚需群体度过刚工作期间收入低的问题，并通过促进该群体及时入市、对冲销售下行的压力；同时，150万总价的房源主要集中在二三线及以下等级城市，这对其去库存也有积极帮助。","水木调研纪要","","1","0","415","https://wx.zsxq.com/group/88888142214212/topic/45548584518821848","data/research/updates/2026-10-07-all_views-003.csv"
"2026-09-29T23:04:06","2026-09","大摩——网络安全板块反馈：成本高昂，但不可或缺","大摩——网络安全板块反馈：成本高昂，但不可或缺

一、核心观点与行业研判

投资者普遍认同，受AI安全威胁加剧（如自主智能体越狱、恶意行为）驱动，网络安全支出将加速增长，且平台型厂商（如PANW、CRWD）最有望受益。然而，当前平台股估值已被视为偏高（CRWD对应2028年预期市销率约30倍，PANW约18倍），增量资金倾向于等待回调或转向估值更具吸引力的标的，如Okta（OKTA）、Fortinet（FTNT）、SentinelOne（S）及SailPoint（SAIL）。

二、标的筛选与逻辑

• Okta（OKTA）： 受Oktane大会发布的AI身份产品（Agent SSO、A2A连接及Blueprint联盟）推动，管理层强调IAM有望在五年内成为网络安全最大细分市场。摩根士丹利将OKTA目标价由200美元上调至245美元（维持增持评级），基于2027年预期自由现金流41倍，对应企业价值/销售额约12倍，以反映其在“代理身份（Agentic Identity）”领域的领先卡位及增长重加速潜力。

• Fortinet（FTNT）： 投资者关注其技术债清偿周期能持续多久，产品增长加速已兑现，但市场对后续比较基数及竞争存疑。

• SentinelOne（S）与SailPoint（SAIL）： 作为20%增速且估值合理的备选，约四分之一的对话中提及，但关注度仍次于前两者。

三、情景分析与资金动向

报告构建了三种网络安全支出情景：1）现状延续（最可能，市场增速逐步升至20%+）；2）追赶式加速支出；3）安全厂商无法跟上 breach 节奏导致行业放缓（最不可能）。未持仓的投资者更倾向于相信看空情景，但摩根士丹利认为，随着AI威胁实证增加，犹豫的场外资金与空头回补将共同推高板块。

四、CrowdStrike（CRWD）模型更新

同步更新CRWD财务模型，反映其FY28净新增年度经常性收入（NNARR）指引上调。目标价维持254美元（增持），基于2030年预期FCF的64倍折现。公司作为广泛安全平台，中长期份额提升逻辑稳固。

五、结论

网络安全需求明确，但估值约束促使资金分散化布局。平台股虽贵，但AI驱动的身份与终端安全主题具备长期刚性，建议通过OKTA等“代理身份”受益标的及CRWD等平台龙头进行配置，同时关注FTNT、S、SAIL等估值折让标的的补涨机会。","水木调研纪要","","1","0","408","https://wx.zsxq.com/group/88888142214212/topic/55521512581215144","data/research/updates/2026-10-07-all_views-003.csv"
"2026-09-29T22:50:54","2026-09","【2026金融街论坛年会将于10月19日在京开幕】财联社9月29日电，2026金融街论坛年会定于10月19日至22日在北京金融街举办。2026金融街论坛年会将以党的二十大及二十届历次全会精神和中央金融…","【2026金融街论坛年会将于10月19日在京开幕】财联社9月29日电，2026金融街论坛年会定于10月19日至22日在北京金融街举办。2026金融街论坛年会将以党的二十大及二十届历次全会精神和中央金融工作会议精神为指引，立足“十五五”开局之年重要节点，以“开放·合作·包容——共筑全球金融发展新生态”为主题，邀请国内外经济金融领域重要嘉宾研讨交流，深化国际金融务实合作，凝聚全球金融发展共识，为推动构建开放共赢的全球金融体系注入持久金融力量。","水木调研纪要","","1","0","403","https://wx.zsxq.com/group/88888142214212/topic/82258285215485522","data/research/updates/2026-10-07-all_views-003.csv"
"2026-09-29T22:50:42","2026-09","“9.29”政策组合影响点评","“9.29”政策组合影响点评

政策增量不止于住房贴息，而是财政与结构性货币工具协同支持需求和投资。 今晚首套刚需住房贴息落地，同时科技创新和技术改造再贷款新增2000亿元，支持比例从60%提高至100%，支农支小再贷款同步扩容；PSL利率下调25个基点，“六张网”建设纳入支持范围。我们认为，此次政策兼顾居民购房、企业投资和重大项目建设，为内需板块的跨行业利好。

组合政策的意义在于推动融资支持向实际需求和订单转化。 住房贴息减轻刚需家庭月供负担，科技再贷款增强相关信贷投放的资金保障，PSL降价扩围则为加快项目建设补充融资支持。稳需求与促投资相互配合，有望改善内需板块企业盈利预期。然而，政策额度到实际投放、融资增量到需求增量的传导尚需观察，政策落地效果仍取决于借款意愿、项目回报和执行进度等因素。

此次政策对A股有正面影响，不仅有助于推动科技与价值之间的风格再平衡，还利于盈利预期上修的进一步扩散。 内需投资与科技创新同步获得支持，印证了政策层稳增长与促转型并不对立。短期内，市场可能先反映为风险偏好改善，而回暖的中期持续性仍需住房成交、企业资本开支及项目订单验证。

在盈利趋势向上、宏观风险已被充分交易且情绪已经陷入低迷的情况下，指数出现大幅调整的可能性很小，而新政组合拳有望成为指数修复的契机。9月市场定价了加息、油价、AI放缓等担忧，投资者情绪周期已经步入阶段性的低点，9月29日我们构造的投资者情绪指数降至1.9的冰点，为2025年以来最低值，全A成交量仅1.42万亿元。在指数下行空间有限的背景下，新增政策利好或能重聚资金共识，为活跃资金进攻提供土壤。

配置上，我们建议保持乐观，避免“宏大叙事”，坚持均衡布局，注重实际景气度数据验证。对于内需板块， 建议借助政策契机，关注低位、低持仓的投资机会；对于科技板块，建议向量价齐升的核心资产调仓；对于其他板块，建议寻找筹码压力较小、短期产业叙事热度较高且容易形成市场共识的方向。

欢迎联系中信证券A股策略团队：裘翔/高玉森/张铭楷/陈泽平/陈峰/朱立伟/陆天一/许元睿/李世豪","水木调研纪要","","0","0","402","https://wx.zsxq.com/group/88888142214212/topic/22258285215451151","data/research/updates/2026-10-07-all_views-003.csv"
"2026-09-29T22:49:45","2026-09","【ZX制造】科森科技重大事项点评及推荐0929","【ZX制造】科森科技重大事项点评及推荐0929

# 定增发行、投入液冷及机器人领域。公司发行定增，募资上限11.02亿元，发行上限1.66亿股。
募投分配主要为布局液冷、机器人及补流：1）收购惠州展固科技53.26%股权：5.00亿元；2）机器人与智能终端精密结构件及模组制造项目（一期）：4.02亿元；3）补充流动资金：2.00亿元。

# 并购展固科技、切入液冷领域。公司并购展固科技：1）交易方式：股权转让+增资，总对价上限5亿元；2）交易结果：取得53.26%，展固科技变为控股子公司，纳入合并报表；3）标的业务：惠州展固科技，AI服务器液冷精密结构件；主打液冷冷板盖板、 manifold歧管结构件，属于算力液冷金属零部件赛道；4）战略意图：切入AI液冷硬件，和公司既有精密加工能力协同，加强NV产业链布局。

# 公司为特斯拉机器人核心结构件供应商、募资为快速放量储备。公司当前为特斯拉机器人身体、关节结构件核心供应商，在北美达拉斯工厂直接供货特斯拉弗里蒙特工厂，且近期获得手部关节新订单。除特斯拉外，公司为1X、Agility、Meta等多家机器人公司提供机器人结构件，当前机器人项目募投仅为一期，为未来机器人快速放量提供储备。

# 投资建议：公司为特斯拉机器人放量核心供应商、且深度布局液冷、AI终端、固态电池等领域、与特斯拉、Meta、NV、苹果深度绑定、今年公司扭亏为盈、我们前瞻、持续、重点推荐！","水木调研纪要","","1","0","404","https://wx.zsxq.com/group/88888142214212/topic/55521512582424214","data/research/updates/2026-10-07-all_views-003.csv"
"2026-09-29T22:38:43","2026-09","⭕【海博思创】包头储算一体Token工厂调研更新# 中信建投电新","⭕【海博思创】包头储算一体Token工厂调研更新# 中信建投电新

1️⃣ # 国内储能高景气、预计26年装机230-250GWh、27年同增30-40%。当前已招标项目多数具备实际开发意愿，# 落地不及预期主要系： ①市场观望电芯价格走势；②系统运行费影响项目收益；③部分省份上半年的项目接入批复等相对延后。随着相关约束缓解，# 储能项目将集中启动建设。

# 若碳酸锂价格进一步回落，或其他省份系统运行费仿照山东模式改革，二者满足其一，27年行业有望维持30%-40%以上增长；目前碳酸锂已回落至10-12万/吨# 项目IRR有望提升2-3pct。同时看好# 钠电凭借长寿命、低衰减特性提升IRR的应用。长期看，十五五期间行业平均增速预计可达30%+。

2️⃣ # 海外储能需求景气、其中工商储快速起量、需求及出货量有望翻倍增长。27年欧洲需求有望达到100GWh；美国算力中心建设带动配套储能，南美、东南亚、非洲等市场工商储需求快速起量，单机从200度电配置提升至800多度，行业及公司出货量均有望翻倍。贸易壁垒可通过# 海外设厂、本地组装调整等方式解决，系统集成商在海外的份额并未丢失。

3️⃣ # 算电协同一期项目IRR约5%-6%、采用轻资产模式、预计27Q1可产出Token。
# 算电互补：  储能将捕获的低价电供给数据中心并提供备电服务、取消或减少柴发配置，降低机电成本15%-20%；算力中心则为储能提供24小时稳定消纳负荷。

# 轻资产模式，预计26年底试运行、预计27Q1产出Token，通过# 并行科技平台销售，覆盖国内主流的大模型平台。

# 收益模式：  ①建设阶段销售电力方舱、SST及配套储能；②通过电力交易赚取差价并参与运维分成；③未来可与算力运营方就Token销售进行分成。

4️⃣ # 运营壁垒优于同行、财务状况健康。公司具备系统集成、硬件、软件到运维及电力交易的全链条能力，全国几十GWh电站仅需约100+人运营团队。26H1综合毛利率约20%-21%，# 60亿库存均对应已锁定的项目订单，独储项目并网前平均可收回90%-98%合同款项，上市以来每年经营现金流均为正；# 报表端特征系优化资金成本的主动措施。
——————
# 中信建投电新团队  张芷菡/朱玥","水木调研纪要","","1","0","409","https://wx.zsxq.com/group/88888142214212/topic/14425452482514842","data/research/updates/2026-10-07-all_views-003.csv"
"2026-09-29T22:14:11","2026-09","🏠【方正地产】地产政策组合点评：花多少钱？谁受益？与828联动？标的选择？","🏠【方正地产】地产政策组合点评：花多少钱？谁受益？与828联动？标的选择？

9月29日，央行结构性货币政策和居民购房贷款贴息同步落地。我们的核心判断是：这不是大水漫灌，而是中央财政以可控成本托底商贷刚需，配合8·28后的“控增量、去库存、优供给”。

📌一、政策速览

1. 央行四箭齐发
——PSL一年期利率下调25BP至1.50%，支持范围新增“六张网”；
——科技创新和技术改造再贷款增加2000亿元，支持比例由60%提高至100%；
——支农支小再贷款增加5000亿元，其中民营企业再贷款增加3000亿元。
2. 财政贴息落地
——适用对象：首套＋新发放商贷＋面积≤120平方米＋总价≤150万元；
——贴息标准：年化1个百分点，最长5年；
——单户贴息贷款本金上限100万元。
3. 央地9:1分担
2026年10月1日起实施，暂定一年，资金总规模不设上限、据实结算。
4. 三类贷款不叠加
公积金贷款、保障性住房相关群体、存量房贷及新发放商贷置换存量贷款，均不在范围内。

💰二、财政账：一年百亿级，五年数百亿元

测算基数不能用“开发资金来源中的个人按揭”。这个指标只反映进入房企账户的新房回款，不含二手房，会明显低估实际投放。
正确口径是全部商业银行新发放个人住房贷款。上半年建行投放超3000亿元、农行2589亿元、中行超2000亿元，仅三家合计就超过7500亿元。按三家大行投放份额45%-50%反推，全国上半年新发放个人住房贷款约1.5万亿-1.7万亿元，年化约3.0万亿-3.4万亿元。
再逐层筛选：
——首套占比按80%-90%；
——“120平方米、150万元”通过率按55%-65%，二手房总价较低，会拉高通过率；
——剔除存量置换、涉及公积金贷款及保障房等，再打约25%-35%的折扣。
综合测算，一年符合条件贷款约9000亿-1.5万亿元。对应财政支出：
——年化贴息约90亿-150亿元；
——前12个月实际现金流约45亿-75亿元；
——考虑本金逐月偿还，5年累计约420亿-700亿元。
中性按1.2万亿元测算，年化支出约120亿元，5年累计约560亿元；其中中央约500亿元，地方约60亿元。结论是：年度百亿级、累计数百亿元，财政完全可承受。

🎯三、补给谁：不是所有刚需，而是“商贷刚需”

首套、新发放、商贷，卡住投资需求和存量置换；120平方米、150万元，卡住高总价和改善需求；100万元本金上限，决定单户最多减少付息接近5万元。
尤其要注意“不跟公积金贷款叠加”。150万元以下刚需盘，本来就是公积金贷款使用较多的总价段。因此，这次补贴的不是所有刚需，而是那些无法用足公积金、只能走商业贷款的刚需。
好处是避免重复补贴，把钱给实际利率更高、制度覆盖不足的人群；问题是这部分购房者的收入稳定性和首付能力也更弱，成交转化率不能高估。
从区域看，150万元总价在一线城市覆盖有限，在普通二线和三四线城市覆盖面更大。政策天然偏向库存压力更高、价格敏感度更强的城市。

🏗️四、对冲8·28：控增量、去库存、优供给

8·28之后，现房优先、封顶预售、竣工后放款，本质是降低供给端杠杆。结果一定是新增供应变慢、房企回款周期拉长，也就是先“控增量、优供给”。
但只有供给收紧、没有需求承接，销售可能继续下滑，去库存也会变慢。这次贴息的作用，就是在供给收缩过程中托住首套商贷刚需，避免供给改革和需求收缩叠加。
它也不是全面去库存政策。二手房纳入后，部分需求会流向存量房；真正直接受益的是符合“120平方米、150万元”条件的低总价产品。开发商后续产品和定价会向这个门槛靠拢，这本身就是“优供给”。

📈五、板块与标的：中央财政出钱是积极信号

过去地产需求侧政策更多是央行降利率、地方给补贴，这次是中央财政直接承担居民商贷贴息的主要部分。中央财政开始为地产需求端出钱，本身就是边际利好和积极信号。
标的上，低能级城市低总价刚需项目受益更直接，关注中海宏洋。公司在弱二线、强三线城市布局较多，产品和总价带与政策门槛匹配度较高。但低总价盘公积金使用比例也更高，最终弹性要看公司客群中纯商贷客户占比。

✅六、结论

这次政策的关键词是：有边界的财政支持。100BP力度不弱，但商贷、面积、总价和不叠加公积金的限制也很清楚。
更重要的是，贴息与8·28不是两条线。8·28负责控增量、优供给，贴息负责稳需求、去库存；一个压供给弹性，一个托商贷刚需购买力，合在一起才是完整的政策组合。","水木调研纪要","","1","0","392","https://wx.zsxq.com/group/88888142214212/topic/45548584521218248","data/research/updates/2026-10-07-all_views-003.csv"
"2026-09-29T22:13:43","2026-09","山高环能：定增做完+业绩有望超预期，41亿市值。28年pe10倍不到。（盈利超预期，成本下降可持续）。","山高环能：定增做完+业绩有望超预期，41亿市值。28年pe10倍不到。（盈利超预期，成本下降可持续）。

数据📊：预计三季度单吨盈利有2000超预期！（原本预计全年1.4-1.5亿，9万吨油单吨1600，主要是降本超预期）
＃考虑到uco价格和成本下降还会进一步扩大，盈利能力从当前的2000提升至3000以上！ （从价格8000成本5700以下到价格8500以上成本5000以下！）

＃如果外延加速把28年油量翻倍的逻辑夯实，28年业绩就要从4亿（20万吨*2000）上修至6亿！28年后需求增长可持续，看90亿市值。","水木调研纪要","","1","0","383","https://wx.zsxq.com/group/88888142214212/topic/55521512548481214","data/research/updates/2026-10-07-all_views-003.csv"
"2026-09-29T22:13:22","2026-09","固态设备板块重点推荐：《新型电池产业发展“十五五”规划》发布，明确2030年全固态电池初步规模化应用目标","固态设备板块重点推荐：《新型电池产业发展“十五五”规划》发布，明确2030年全固态电池初步规模化应用目标

[红包]事件：9月28日，工信部、发改委等七部门联合印发《新型电池产业发展“十五五”规划》，《规划》提出到2030年，我国新型电池产业规模实现稳步增长的目标。

[太阳]《规划》中固态电池相关内容解读：
1、核心工艺：“先进工艺开发。开发厚电极、干法电极、热压转印等电极制备技术，研究高精度叠片、多层极耳激光焊接技术、等静压等电池制造技术和超声喷涂、膜电极等量产技术。”——进一步明确了#干法电极、等静压等固态电池核心工艺。#
2、关键技术：“全固态电池技术突破。提升界面接触、高离子电导率、长循环寿命、工程化压力系统设计等关键技术，推动高电压、高比容量正极材料与新型锂金属基负极材料、无锂负极等融合应用。”——强调了#提升界面接触、工程化压力系统设计等固态电池关键技术。
3、材料与装备：“发展先进电池材料和高端制造设备”为重点任务。“提升高电导率、高性能固态电解质材料量产能力”。“研发制片、组装、化成等重点工序专用设备”。——预计#固态电解质量产设备、固态电池重点工序设备的研发投入力度将进一步加大。
4、应用场景：“发展航空级安全、兼顾高能量和功率密度、高持续放电能力、轻量化低空装备和智能机器人电池。”——#低空装备和机器人等场景对于全固态电池具有刚性需求。

[烟花]固态设备板块重点环节梳理：
⭕️固态电解质设备：宏工科技、灵鸽科技等；
⭕️固态电芯设备：
1）干法电极设备：先导智能、赢合科技、宏工科技、纳科诺尔等；
2）等静压设备：先导智能、荣旗科技、利通科技、纳科诺尔、锡装股份等；
3）高压化成分容设备：先导智能、杭可科技、华自科技；
4）激光设备：联赢激光、德龙激光、海目星等。
⭕️固态电池模组PACK设备：先惠技术、杭可科技、博众精工等。
⭕️固态电池界面改善设备：微导纳米（ALD设备）等。","水木调研纪要","","1","0","385","https://wx.zsxq.com/group/88888142214212/topic/45548584521214518","data/research/updates/2026-10-07-all_views-003.csv"
"2026-09-29T22:13:05","2026-09","【非AI PCB 涨价链】涨价周期及持续性增强，汽车方向有望领涨","【非AI PCB 涨价链】涨价周期及持续性增强，汽车方向有望领涨

一、涨价传导：上下游一体化下顺价顺畅，Q3-Q4为利润反转关键窗口。 PCB产业链呈电子布→覆铜板→PCB 的一体化传导，上下游协同性强，顺价基础稳固。传导存在时间差，PCB 环节通常在原材料涨价后1-2个季度完成顺价；# Q3起PCB进入加速顺价期 ，预计为传统PCB业绩释放的首个密集季度，亦是利润拐点确认的关键节点。

二、涨价持续性：供给偏紧叠加格局优化，需求稳健升级，支撑涨价趋势延续。

# 供给端： 原材料紧缺下转为配置制，龙头集中度提升。上游电子布、覆铜板已转为配置制（配给制）行业，PCB厂作为制造与上游材料的核心拿货环节，顺价过程中增量利润同时覆盖制造端与分销端，传导顺畅。行业格局同步优化：高端产能加速向 AI 倾斜、非 AI 需求收缩；Q2 涨价过程中三线小厂 CCL原材料供给份额下降，中端龙头公司集中度提升。

# 需求端： 非 AI 需求稳健升级，汽车带动高端材料用量。 非 AI 类需求整体稳健，汽车行业中高端需求（如智能座舱 PCB）已升级至 M7 材料等级，对高端覆铜板及电子布形成增量拉动。

# 涨价持续性。根据当前上游电子布及覆铜板涨价预期，行业紧缺将持续到27年中，当前PCB仅为涨价第一季度，后续加速上行，且PCB货值较上游更大，实际涨价幅度有望超过Q2覆铜板环节。

三、板块内部演绎：自 8 月起轮动上涨，核心看汽车涨价超预期。

传统 PCB 板块自 8 月起内部轮动上涨，第一波为估值修复，后续核心看涨价持续超预期与 AI 突破方向。 板块上涨按梯队依次展开：兼具AI与传统涨价的【景旺电子、方正科技】等，二线大规模中军【奥士康、崇达技术、超声电子】等，小市值弹性【金禄电子、四会富仕、博敏电子、中京电子、威尔高、满坤科技、伊顿电子、澳弘电子】等；当前第一波上涨仅为估值修复，后续核心看涨价持续超预期与AI突破方向。

# 涨价超预期方向核心在汽车。 Q3 汽车行业连续涨价，部分料号累计涨幅超 100%。主因汽车对供应链稳定性与产品品质要求高、对价格敏感度相对低；客户资源丰富、上游 CCL 拿货稳定的 PCB 企业，本轮涨价议价能力预计持续增强。相较其他行业季度涨价频率，汽车客户已形成月度涨价频率，新供应商认证周期大幅缩短。

# 继续推荐中小PCB方向： 核心看好汽车占比高【奥士康】，AI+涨价【景旺电子、方正科技】，涨价持续超预期的【崇达技术、超声电子、金禄电子、四会富仕、博敏电子、中京电子、威尔高、满坤科技、伊顿电子、澳弘电子】等。

欢迎联系 浙商电子田发祥","水木调研纪要","","1","0","392","https://wx.zsxq.com/group/88888142214212/topic/14425452418118482","data/research/updates/2026-10-07-all_views-003.csv"
"2026-09-29T21:19:24","2026-09","美的集团Q3业绩指引下调","美的集团Q3业绩指引下调

[太阳]Q3单季度收入中低个位数下滑
经营利润中低个位数下滑

归母利润+20%增长（其中长鑫依照3万亿市值估算，贡献约100多亿，但也有部分资产减值计提约50亿，实际最终贡献约50亿），扣非归母净利润有所下滑。

[太阳]影响原因：
1）空调冷年不开盘导致收入有下滑
利润下滑有结构问题,ASP下降

[太阳]年度指引：
收入低个位数，利润有压力（预计Q4将并表有亏损的业务-医疗业务相关）

[太阳]股东回报：
账上2400亿现金保证分红能力
之前承诺100%分红，分红+回购
每股DPS（分红）绝对金额稳中有升，保障股东回报

[太阳]个人观点：
美的仍是板块中稳健标的的首选，红利资产性质凸显

有需要欢迎私信交流","水木调研纪要","","0","0","400","https://wx.zsxq.com/group/88888142214212/topic/55521512545258524","data/research/updates/2026-10-07-all_views-003.csv"
"2026-09-29T21:19:09","2026-09","【国盛能源电力】9月29日 ＃算电协同","【国盛能源电力】9月29日 ＃算电协同

--------------------------------
＃行业层面

1、9月28日，国务院新闻办公室举行""开局起步'十五五'""系列主题新闻发布会。国务院国资委在会上介绍，电碳算协同运营系统降低算力用电成本达30%。在算力网建设方面，已在京津冀、上海、内蒙古、黑龙江和广东等地累计建成投产6个国产万卡智算集群，并试点建设算电协同项目。展望""十五五""，国务院国资委将深化算电协同、算网融合，加快落地更多绿电直连项目，推动人工智能与能源双向赋能；同时加强算力网与新型电网、新一代通信网""三网融合""。

＃公司层面

浙江新能、宁波能源涨停，南网科技上涨6.53%，江苏新能上涨4.34%，中闽能源上涨3.16%。

1、中闽能源：近日，中闽能源控股子公司福建福州闽投海上风电汇流站有限公司作为招标人通过公开招标与福建省亿力建设工程有限公司（牵头方）、福建省送变电工程有限公司、中国电建集团福建省电力勘测设计院有限公司、中国能源建设集团广东省电力设计研究院有限公司、上海振华重工（集团）股份有限公司组成的联合体就长乐外海集中统一送出工程项目正式签订EPC总承包合同，合同签约总价为41.65亿元。","水木调研纪要","","1","0","399","https://wx.zsxq.com/group/88888142214212/topic/45548584525451428","data/research/updates/2026-10-07-all_views-003.csv"
"2026-09-29T21:19:03","2026-09","20260929盘后消息汇总","20260929盘后消息汇总

其他
1.10月1日起我国将对居民购房实施贷款贴息：贴息1个百分点，最高省近5万元
2.央行调整完善若干货币政策工具：一年期抵押补充贷款利率从1.75%降至1.5% 科技创新和技术改造再贷款额度增至1.4万亿元

AI
1.应用
①Meta宣布推出面向小企业的AI代理Muse
②机构：CPU交货周期从16-20周延长至25-30周，AI代理推高需求
③德银：Muse打开AI消费入口 2030年收入最高或超360亿美元
2.DeepSeek Harness v0.2预览版正式发布","水木调研纪要","","1","0","387","https://wx.zsxq.com/group/88888142214212/topic/45548584525451448","data/research/updates/2026-10-07-all_views-003.csv"
"2026-09-29T21:18:46","2026-09","周二舆情热度：","周二舆情热度：

①机器人-特斯拉近几个月将Optimus人形机器人的产量提高了大约十倍，但公司仍在努力实现大规模可靠生产。（洛轴股份、苏轴股份、大业股份、万达轴承、襄阳轴承、丰光精密、威力传动、均胜电子 等）

②AI应用-摩根大通表示，Muse有望成为ChatGPT后最广泛使用的AI应用；Meta计划在未来几个月内将Muse引入其智能眼镜。（中新赛克、永信至诚、启明信息、博纳影业、跨境通 等）

③创新药-Anthropic、谷歌、字节跳动等模型公司入局生物医药，AI制药进入商业化价值验证的关键窗口期。（药明康德、华大智造、成都先导、南模生物、赛伦生物 等）

④固态电池-七部门联合制定《新型电池产业发展“十五五”规划》，到2030年全固态电池初步实现规模化应用。（先导智能、湖南裕能、海博思创、厦钨新能、海顺新材、海希通讯 等）

⑤算力/VNA-高盛：中国AI算力将扩容三倍，华泰证券研报认为，AI算力建设推动高速互连加速升级，矢量网络分析仪（VNA）有望迎来发展机遇。（算力/威贸电子、凯华材料、拓斯达、每日互动、集泰股份、超频三等；VNA/东方中科、雷科防务、电科思仪、霍莱沃、普源精电 等）","水木调研纪要","","2","0","390","https://wx.zsxq.com/group/88888142214212/topic/22258285242522181","data/research/updates/2026-10-07-all_views-003.csv"
"2026-09-29T20:49:32","2026-09","📑20260929 房贷贴息政策分析","📑20260929 房贷贴息政策分析
📌当前房贷利率 + 10 月 1 日首套房 1% 贴息政策解读

一、当前房贷利率（2026-09-29）
📌💡5 年期以上 LPR：3.50%（9 月 20 日公布，连续 16 个月不变）。
📌💡8 月新发放个人住房贷款加权平均利率 3.1%，处于历史低位。
📌💡各地首套商贷主流：2.9%-3.1%，热点城市略高，三四线可下探至 2.7-2.8%；二套普遍 3.4%-3.77%。

二、10 月 1 日起全国首套房贷贴息政策核心规则（财政部、央行、金融监管总局，2026-09-29）
📌💡实施期暂定 1 年（2026-10-01 起），仅针对新发放商业房贷，存量房贷不参与。
📌💡准入条件：首套房；房价≤150 万；建筑面积≤120㎡。
📌💡贴息：年化 1 个百分点；享受贴息的贷款上限 100 万；贴息最长 5 年。
📌💡机制：银行仍按合同利率计息，财政补贴 1% 息差给银行，购房者直接少付利息，不是直接降合同利率。
📌💡测算（贷款 100 万，30 年等额本息，名义利率 3.0%）
📌💡原月供：4216 元；贴息期实际等效利率 2.0%，月供 3696 元，每月少还 520 元。
📌💡5 年贴息周期，累计最多节省利息约 4.9-5 万元；贴息到期后，月供恢复原有水平。

三、政策影响评估
1）利好（精准支持刚需）
📌💡定向减负现金流：主要利好总价刚需盘（150 万以内），集中于三四线、县城、大城市远郊；改善盘、高价房不在覆盖范围。
📌💡不挤压银行息差：让利来自中央财政，不是银行降息，缓解银行净息差压力。
📌💡短期提振购房意愿：降低前 5 年还款压力，刺激观望刚需入市，带动刚需楼盘成交环比修复。
2）约束（影响边界）
📌💡门槛限制，覆盖人群有限：房价上限 150 万，一二线城市大量刚需直接被排除；存量房贷完全不享受。
📌💡只是阶段性补贴，非永久降息：5 年之后还款压力回归原有水平，不能改变 30 年总利息的基准框架。
📌💡很难扭转地产大趋势：只能拉动刚需增量，不能解决居民收入、房价预期、房企风险等核心矛盾，机构普遍判断为信号意义＞总量拉动。

✅简短结论
📌💡该政策是财政端定向滴灌刚需，对 150 万以内首套刚需购房家庭减负效果很实在；但受房价、贷款额度、贴息期限约束，受益面窄，难以带动整体市场大反转，更多起到托底刚需、稳定市场预期的作用。","水木调研纪要","","0","0","435","https://wx.zsxq.com/group/88888142214212/topic/22258285248452251","data/research/updates/2026-10-07-all_views-003.csv"
"2026-09-29T20:48:49","2026-09","陕西省部署煤炭稳产稳供工作","陕西省部署煤炭稳产稳供工作

据陕西省发改委9月29日发布的消息，近日，该委组织各产煤市煤炭行业管理部门、省属重点煤炭企业召开了全省煤炭稳产稳供工作专题会，研究落实煤炭稳产稳供举措，安排下一阶段工作。

会议强调，要认真贯彻落实三部门文件精神，充分体现产煤大省担当，扛牢稳增长责任，确保安全前提下，全力做好稳产稳供，为能源保供提供有力支撑。

1、强化产量调度和安全风险分析。要加强日常调度监测，及时掌握煤炭产量、生产等情况，动态分析产量变化走势，重点关注产量下滑、安全有风险煤矿，第一时间解决堵点和卡点，确保稳产稳供。

2、加强灾害防治和安全生产。要督促煤矿企业加强灾害超前区域治理，切实落实瓦斯、冲击地压等灾害防治措施，强化隐患排查治理，确保安全前提下做好稳产稳供。对产量波动较大、停产煤矿较多的县区和企业，第一时间逐项协调推动整改，对一般事故隐患要以帮扶指导为主，减少不必要停产。督促重大事故隐患煤矿加大隐患整改力度，加快复产进度，压缩停产时间，对重大灾害治理不到位、存在重大事故隐患等煤矿，坚决依法停产整顿，整改不到位严禁恢复生产。

3、优化生产组织和采掘布局。指导煤矿企业科学制定生产计划，持续优化采掘接续，做好设备日常检修，合理安排主要生产系统集中检修，地方重大活动期间原则上不得要求煤矿企业停工停产，推动煤炭稳产增产。

4、严格电煤中长期合同签订履约。要把发电供热用煤保供摆在突出位置，压紧压实煤电双方主体责任，督促煤炭、发电企业严格履行中长期合同，紧盯年度履约目标，切实提升合同履约水平。强化履约调度督导，压实属地和企业整改责任，切实推动各项保供履约举措落地见效，为更好满足经济社会高质量发展和民生用能需求贡献力量。","水木调研纪要","","0","0","409","https://wx.zsxq.com/group/88888142214212/topic/45548584528244128","data/research/updates/2026-10-07-all_views-003.csv"
"2026-09-29T20:48:36","2026-09","[红包]【申万家电】中美300亿对等降税达成共识，小家电出口有望迎来修复","[红包]【申万家电】中美300亿对等降税达成共识，小家电出口有望迎来修复

[庆祝]9月28日，商务部美大司负责人解读第八轮中美经贸磋商成果时表示，双方商定对各自#规模约为300亿美元（参照2024年度双边贸易额）的进口产品，在符合双方各自国内法律和程序的基础上，以对等方式提供降低关税待遇。其中超过90%的产品，将免除相互加征的全部关税，享受最惠国关税待遇。

[太阳]此次对等降税产品清单中，美方将对玩具、家电、婴儿用品、厨卫用品、节日礼物等自华进口商品降低关税；中方将对农产品、个护用品、医疗器械、煤炭等自美进口商品降低关税。#家电产品方面，电热毯、电动剃须刀、家用料理机、电熨斗、微波炉等10余项产品明细均在商务部公布的美国进口产品清单中，范围主要涵盖#个护、厨房小电以及电热类家用产品，而#空冰洗等大家电并未出现在此次名录中。

[烟花]本次对等降税主要针对名单中品类#此前301条款下7.5%~25%的额外关税加征。随着对等降税框架逐步落地，我们预计：1）小家电品类出口有望迎来修复；2）成本端压力减轻，有望释放较大利润弹性，增强产品竞争力；3）此前受关税影响而转移的订单有望回流。

☎欢迎联系【申万家电团队】刘正17316395519/刘嘉玲15221561909/沈呈熹15026575335/程恺雯18502163860","水木调研纪要","","1","0","407","https://wx.zsxq.com/group/88888142214212/topic/14425452415122822","data/research/updates/2026-10-07-all_views-003.csv"
"2026-09-29T20:48:07","2026-09","袁记云饺通过港交所聆讯，拟募资3亿至4亿港元，预计10月启动招股","袁记云饺通过港交所聆讯，拟募资3亿至4亿港元，预计10月启动招股

[太阳]收入：袁记食品2023年至2025年营业收入分别为20.26亿元、25.61亿元和27.95亿元，2024年同比增长26.4%，但2025年增速回落至9.1%。2026年前五个月，营收13.06亿元，同比增长39.8%，增速重新回升。

[太阳]利润端，2023年至2025年经调整净利润分别为1.79亿元、1.80亿元和2.62亿元，2025年同比增长45.6%。2026年前五个月经调整净利润1.85亿元，同比增幅高达164%。

[太阳]GMV方面，2024年和2025年分别实现62.48亿元和66.62亿元。2026年前五个月GMV达29.49亿元，同比增长27.3%。

[太阳]门店数：截至2026年5月31日，公司共拥有4754家加盟店，占比高达99.6%，直营门店仅23家。2023年至2025年，来自加盟商的收入占比分别为94.9%、94.8%及94.7%。

[太阳]单店GMV：2023年至2025年单店日均GMV分别为5394.4元、5010.8元和4687.6元，呈逐年下降趋势；每单平均GMV从2023年的26.5元一路走低至2025年的22.5元。截至2026年5月31日，单店日均GMV同比提升12.14%至4627元。","水木调研纪要","","1","0","399","https://wx.zsxq.com/group/88888142214212/topic/55521512541422184","data/research/updates/2026-10-07-all_views-003.csv"
"2026-09-29T20:47:40","2026-09","【鲟龙科技】全球鱼子酱龙头，稀缺资源铸就高壁垒","【鲟龙科技】全球鱼子酱龙头，稀缺资源铸就高壁垒
1️⃣# 行业长期供不应求。 2010 年野生鱼子酱全球禁贸，人工养殖为唯一合法来源；鲟鱼需 7-15 年才能产卵，产能释放极慢，当前供应仍远低于历史峰值。需求端全球销量 CAGR（ 2020-2025 ） 15.7%，中国市场高达 47.5%，供需缺口长期存在。
2️⃣# 高壁垒下格局集中；龙头优势显著。 长周期 + 高资金 + 高技术门槛，新进入者难以突破，2025 年全球 CR5 达 57.7%。公司连续 11 年全球销量第一，2025 年销量超第二名 4 倍。
3️⃣# 资源技术领先；产能加速释放。公司 布局 8 大养殖基地，坐拥全球最大鲟鱼活体库；自主育种将怀卵率提至 17%，生态养殖成活率达 97%（行业平均 < 90%）。产能利用率连续三年超 90%，2020-2025年产量 CAGR 26.8%，大幅跑赢行业 15.7%。本次 IPO 新增年产能 4400 吨（约现有 31%），凭借绝对供给优势具备 2-3 年一轮提价能力。
4️⃣# 公司自有品牌升级；打开长期空间。 2025 年自有品牌收入占比 31.4%，ASP 较代工溢价 23.9%；IPO 募资 20% 投向渠道品牌，计划未来开设约 50 家零售门店，C 端渗透持续抬升盈利水平。","水木调研纪要","零售","1","0","382","https://wx.zsxq.com/group/88888142214212/topic/45548584528511888","data/research/updates/2026-10-07-all_views-003.csv"
"2026-09-29T20:30:35","2026-09","[礼物]【广发建筑 耿鹏智团队】签约重大FPSO合同！继续强推FPSO模块制造龙头# 博迈科[拳头]","[礼物]【广发建筑 耿鹏智团队】签约重大FPSO合同！继续强推FPSO模块制造龙头# 博迈科[拳头]

9月29日，公司公告与SBM（总包方）签约FPSO上部模块合同，包括设计、材料采购、建造环节（不含总装），采用FOB模式交付，合同金额16-21亿元。（2025年公司营收19亿元）

我们认为，公司26M3与全球FPSO总包龙头签约长协后，市场份额有望进一步提升，后续订单有望密集落地。高油价中枢&采油深海化趋势强β+锁定SBM订单&管理升级强α，继续看好FPSO模块制造龙头# 博迈科，28年看6亿业绩/15x，目标市值90亿/空间70%+。

[爱心]欢迎联系# 广发建筑耿鹏智团队 沟通索取资料[抱拳]

[玫瑰]耿鹏智/张子峻","水木调研纪要","","1","0","394","https://wx.zsxq.com/group/88888142214212/topic/14425452415545152","data/research/updates/2026-10-07-all_views-003.csv"
"2026-09-29T20:30:07","2026-09","【国泰海通通信】长盈通签订1.47亿元保偏光纤订单","【国泰海通通信】长盈通签订1.47亿元保偏光纤订单

长盈通公告收到某客户关于保偏光纤产品的采购订单，总金额暂定为人民币1.47亿元（含税）。

公告尚未披露客户，据我们推测为进入康宁，且是今年下的订单。目前保偏每公里售价20-30元/米，换算成单模光纤公里级别单位为2-3万/公里，净利率可以来到60-80%。此次预计保偏订单公里数为5000-10000公里。证明CPO/NPO实质性进展。

国内保偏光纤订单公告的首例。保偏光纤随着CPO/NPO交换机起量，作为必需品供需紧张，同时对良率、产品验证要求极高。保守预计明年全行业保偏光纤总需求为10w公里左右，北美进NV认证的康宁藤仓有效产能只有1w+公里，器件级保偏有效产能稀缺，北美厂扩产难度较大，寻求代工急切。我们认为后续中国光纤厂商进入北美代工或者直接切进NV、谷歌等供应链的趋势明确，并且格局很好，议价权强。

欢迎随时交流~余伟民/王彦龙/董伟康15102187507","水木调研纪要","","1","0","400","https://wx.zsxq.com/group/88888142214212/topic/22258285248512141","data/research/updates/2026-10-07-all_views-003.csv"
"2026-09-29T20:29:45","2026-09","SHEIN：26H1订单&用户增长，欧美贸易逆风+地缘影响利润","SHEIN：26H1订单&用户增长，欧美贸易逆风+地缘影响利润

🔸# 关税/油价/运费等成本抬升压制利润。26H1收入201.34亿美元（+1.0%）；经营利润4.93亿美元（-52.9%）；经调整归母净利润4.99亿美元（-55.6%，其中Q1/Q2分别-38.4%/-66.6%）。

# 盈利能力： H1毛利率 70.1%（+5.0pct，由商城业务占比提升/定价调整/自营成本优化共同驱动）；履约费用率 49.2%（+6.3pct，油价/运费上行+关税+前置本地库存投入抬升分子；商城收入净额法确认缩小分母；Q2为50.4%，+7.4pct）。H1经营利润率2.4%（-2.8pct），经调整归母净利率2.5%（-3.1pct）。油价/运费抬升为中东地缘引发的暂时性影响，欧美关税变化为H2最大影响需重点关注。

🌟# 订单用户双增、商城口径切换压低表观收入。26H1订单量+6.4%（Q2订单-7.6%）、LTM活跃用户+14.6%，净收入仅+1.0%。缺口的主因是商城业务占比持续提升（商城模式收入确认为净额法）。
# 结构上： 26H1产品/服务收入-1.9%/+24.9%，服务收入占比升至13.4%（+2.6pct），短期关税/物流成本波动仍存，静待26Q4节日大促拉动订单增长。

# 分区域看：美国降幅收窄、新兴市场增量弥补欧美下滑。# ①美国： 边际改善，Q2美国净收入24.74亿美元（-6.0%，较Q1的-14.3%收窄）；H1美国收入-9.9%，占比22.3%（同比-1.7pct）。# ②欧洲： 多重压力主动调整。Q2欧洲37.70亿美元（-13.9%，H1同比-7.5%），欧洲小包关税影响预计持续H2欧洲收入，节奏需重点跟踪。# ③新兴市场： 增长引擎，拉美领跑。Q2其他地区净收入48.38亿美元（+21.6%，较Q1的+16.0%提速），拉丁美洲领跑，部分被伊朗冲突对中东业务的不利影响所抵销；H1其他地区+16.0%，占比43.7%（同比+7.6pct），有效对冲美欧市场下滑。

🔺管理层明确未来1-2年重心：①价格带拓展，带动ASP上行，依托模式运营杠杆改善盈利；②加大品质/合规/企业透明度相关投入；③优化APP产品体验，精准品牌营销。

风险提示：国际贸易政策变化、地缘政治因素等","水木调研纪要","","1","0","388","https://wx.zsxq.com/group/88888142214212/topic/55521512541285584","data/research/updates/2026-10-07-all_views-003.csv"
"2026-09-29T20:07:49","2026-09","【HY交运ZFZ】#船东最新反馈：油运高景气韧性有望超预期、多维度支撑确立","【HY交运ZFZ】#船东最新反馈：油运高景气韧性有望超预期、多维度支撑确立

#短期运力缺口刚性：# 中东湾外线运价两周内从20w冲至80w+，并持续高位半月，历史首次大规模拆货潮（大船货拆成多条小船）最终推高苏伊士型运价，全航线同步上涨印证整体运力紧缺；霍尔木兹暗航+STS作业效率崩塌，阿曼湾锚地饱和、新增印度西海岸第三锚地往返多4天，有效运力持续被吞噬，至少到明年2月难见缓解，货多船少格局明确。

#中期炼厂需求支撑坚实：# 全球炼化产能缺口持续，欧洲柴油裂解差达100美元/桶、远东约80美元/桶，炼厂利润丰厚，原油运费承受力极强；国内成品油出口放开，库存双降，大量购油需求刚性；沙特东西管道快速修复，货量有保障。供需共振支撑高运价。

⚖️#地缘缓和不改高位中枢：# 即便地缘缓和、海峡全面通行，STS模式不会立即退出；叠加全球深度去库后的补库需求、原油进口多元化拉长航距、行业集中度持续提升（长锦持续高价收购VLCC扩船队，最新开价1.4-1.5e美元收购15-17岁V），运价中枢仍将显著高于战前20w水平，高景气持续性远超市场预期。

[玫瑰]#油运高景气韧性有望超预期、多维度支撑确立！持续强推【招商轮船】、【中远海能】、【招商南油】 #跟着麦哲伦、航运不彷徨#","水木调研纪要","超市","1","0","397","https://wx.zsxq.com/group/88888142214212/topic/22258285245125541","data/research/updates/2026-10-07-all_views-003.csv"
"2026-09-29T19:43:48","2026-09","[红包]【929地产支持政策快评】","[红包]【929地产支持政策快评】

事项：9月29日，央行下调PSL利率25bps至1.5%，财政部等三部门推出购房贷款贴息，结构性宽松再加码，稳地产信号明确。

PSL降息扩围：降低政策性银行负债成本，激励支持基建与国家战略；科创、支农支小再贷款同步扩容，结构性工具量价齐发。PSL上次降息是25年5月，本质上仍然是结构性宽松，但和10Y走势对比来看，带动广谱利率下行成效还是比较明显的。

购房贴息：中央财政首次对商业性房贷贴息，限首套、120平米、150万元以内，年化1pct、最长5年，约相当于利率优惠三分之一，压降刚需成本；从成本上来看可能对二三线城市刚需有一定支持，但二三线地产核心问题是人口净流出，只能说财政在自己能力范围内尽力了。

总结来看，贴息减轻月供负担，或边际提振刚需，但受惠面偏窄，销售弹性待观察；PSL与再贷款投放中长期流动性，资金面料维持充裕，债市影响中性偏暖。总体看，本轮以结构性工具为主，总量宽松窗口未开。甚至可以说未来LPR降息是较长时间难以看到了，利率上也是情理之中。","水木调研纪要","","0","0","417","https://wx.zsxq.com/group/88888142214212/topic/14425452412412122","data/research/updates/2026-10-07-all_views-003.csv"
"2026-09-29T18:42:52","2026-09","【高盛韩国收盘点评：清淡交易环境下半导体供应链领涨】","【高盛韩国收盘点评：清淡交易环境下半导体供应链领涨】

#交易台#

行情数据：韩国综合股价指数（KOSPI）下跌 0.27%，点位 6870.8，成交额 133 亿美元，外资净卖出 21 亿美元；韩国创业板指数（KOSDAQ）上涨 0.38%，点位 849.8，成交额 55 亿美元，外资净买入 9500 万美元。

市场回顾

韩国综合股价指数（KOSPI）平开，午后震荡走低，盘中一度下跌 1.6%，随后在 6800 点附近获得强力支撑。

该指数临近收盘有所回升，最终收跌 0.27%，在当前宏观背景下，这样的表现具备韧性。

韩国创业板指数（KOSDAQ）跑赢大盘，收盘上涨 0.38%，资金轮动涌入中小型半导体设备个股，带动指数上行。

外资延续净卖出态势，净卖出规模达 21 亿美元；本土机构买盘在收盘阶段出现，实现净买入 8900 万美元。

散户资金（净买入 8.44 亿美元）与公司回购资金（净买入 12 亿美元）再度成为市场的核心支撑力量。

韩国综合股价指数成交额较 20 日均值下降 17%，韩国创业板指数成交额较 20 日均值提升 3.1%。

韩元升值 18 个基点，汇率来到 1 美元兑 1357.2 韩元。

主要新闻标题

半导体板块（持平）：三星电子 (005930) 今日除息，依旧收涨 0.9%

消息层面，公司正考虑将 P5 工厂一期生产线的设备安装计划，从 2027 年第三季度提前至 2027 年第二季度。

公司预计到 2029 年，其代工客户数量相比 2017 年将翻两番。

外资延续对三星电子的净卖出趋势，交易台观测到对冲基金资金持续流出。

SK 海力士 (000660) 收盘基本持平，跌幅 0.2%，外资的卖盘被本土机构、散户以及回购带来的买盘所抵消。

交易台显示该股抛压偏重，长线基金与对冲基金资金同步流出。

半导体供应链板块（上涨）

半导体设备个股今日表现优于三星电子与 SK 海力士，上涨动力来自订单落地，以及 Anthropic 宣布未来数年将投入 5180 亿美元用于云计算与算力建设之后，市场对 AI 相关配置需求预期回暖。

该消息快速传导至韩国半导体设备供应链相关标的，资金开始转向订单驱动型中小盘个股。

与此同时，投资者对三星电子和 SK 海力士仍保持谨慎，等待两家公司回购计划落地之后，获取更加清晰的指引。

个股方面，韩美半导体 (HANMI SEMI,042700) 上涨 7.5%，拿到来自 UTAC 的 580 万美元设备订单；NEPES (033640) 上涨 8.5%，EO TECHNICS (039030) 上涨 5.8%。

SEMCO (009150) 上涨 1.9%

公司计划在韩国世宗市与越南制造工厂合计投入 6.8 万亿韩元（约合 50 亿美元）新增资本开支，用于扩建 FC-BGA 基板产能。

CELLTRION INC (068270) 上涨 0.3%

Celltrion 股价从盘中低点回升约 2%，最终收涨 0.3%。

公司此前公布规模 1000 亿韩元的股票回购计划，涉及 560853 股，占已发行股份的 0.2%。

回购执行时间为 2026 年 9 月 30 日至 2026 年 12 月 29 日。","水木调研纪要","","0","0","432","https://wx.zsxq.com/group/88888142214212/topic/14425452441218512","data/research/updates/2026-10-07-all_views-003.csv"
"2026-09-29T18:42:34","2026-09","高盛中国收盘","高盛中国收盘

#交易台#

上证综指上涨 0.18%，科创 50 上涨 0.86%。

上证 50 上涨 0.11%，创业板指上涨 0.09%。

沪深 300 上涨 0.10%，中证 500 上涨 0.50%。

中国 A 股总成交额（万亿人民币）：1.42。

受午后反弹带动，中国股市收盘小幅走高。

反弹由房地产板块领涨，反映出市场对支持政策的预期，但具体时间表和措施仍不明朗。

万科今早触及涨停后遭遇抛售，随后再次封死涨停，带动大盘情绪小幅回升。

此外，PCB（印制电路板）相关个股今日也备受关注，且势头更为持久。

节前价值主题普遍走低，包括石油天然气、煤炭和消费板块。

宁德时代（CATL）今日开盘左右再次触及数周低点，反映出市场对储能（ESS）需求的持续争论，但随后收复了部分跌幅。

中国市场总成交额降至仅 1.4 万亿人民币，为今年以来最低水平。

资金流向：我们在轻微的名义成交量下，买卖比为 1.1 倍净买入。

我们买入机器人和 PCB 板块，卖出金属和材料板块。

电池板块呈现双向交易。","水木调研纪要","","1","0","439","https://wx.zsxq.com/group/88888142214212/topic/55521512554248214","data/research/updates/2026-10-07-all_views-003.csv"
"2026-09-29T18:42:25","2026-09","⭕台系AIDC电源公司收入跟踪：8月增速边际回落，主要因高功率器件供应紧缺、产品切换所致","⭕台系AIDC电源公司收入跟踪：8月增速边际回落，主要因高功率器件供应紧缺、产品切换所致

➡️台达

 26年8月集团营收645.86亿新台币，#同比/环比+34.9%/-3.7%；26年1-8月累计营收4742.68亿新台币，同比+41.1%。其中电源及零组件业务348.76亿新台币，同比/环比+40.1%/-8.8%。

营收环比回落，创3个月以来新低，#主要受功率半导体等原材料短缺、电容供应商更换导致设计变更，以及Blackwell、Vera Rubin平台转换期影响，导致出货递延。

9月起对部分产品调整价格，预计Q4起逐步传导上游原材料涨价压力。公司在法说会上强调Q4营收目标环比增长15%至2286亿新台币，主要受益于Rubin 110kW Powershelf量产、HVDC首批出货，以及Q3延迟订单回补。

➡️光宝

26年8月集团营收195.92亿新台币，#同比/环比+25.2%/+3.1%；26年1-8月累计营收1347.10亿新台币，同比+26.7%。其中云端及AIoT业务营收117.55亿新台币，同比/环比+44.5%/+4.8%。

收入创下8年来新高，增长主要来自PSU、BBU等。但次日股价下挫主要因此前预期较高所致，7、8月营收仅完成Q3目标的62%，#主要原因在消费电子等传统业务（ICTE）表现相对平淡、新产品导入及原料短缺等。

➡️康舒

企业电源业务 26年8月营收21.88亿新台币，同比/环比+109.4%/+26.5%，占集团总营收59%；26年1-8月累计营收121.10亿新台币，同比+52.9%。

#公司聚焦高功率AIDC电源等高附加值产品，电源业务进入加速放量阶段。

结论：
功率器件持续短缺、Q4 Rubin配套110kW电源放量趋势确定，待完成产品切换、供应链缓解后增长将加速。
-------------------","水木调研纪要","","0","0","423","https://wx.zsxq.com/group/88888142214212/topic/45548584552422128","data/research/updates/2026-10-07-all_views-003.csv"
"2026-09-29T18:41:32","2026-09","锂电10月预排产跟踪：物料不足导致头部供给受阻，仍看多材料价格上涨，旺季多环节已逐步落地，保持推荐","锂电10月预排产跟踪：物料不足导致头部供给受阻，仍看多材料价格上涨，旺季多环节已逐步落地，保持推荐

根据xl数据库，10月排产情况如下：电池及材料整体环比0%-5%、同比35%-59%。头部公司排产持续微幅下修主要系物料紧缺，铜箔已出现供给缺口。当前各环节除三元正极非C均已落地涨价；对C铜箔h2预计落地1-2k/t（当前最紧缺），铝箔已普涨1k/t，隔膜、负极谈判中；对Bq3起负极执行焦类联动；海外少有单独涨价函，隔膜q3起部分执行10%涨幅。当前由物料明确紧缺推动头部涨价落地、锂电逐季度业绩保持改善、当前盈利及估值均处于低位（10年回报周期&10倍27年PE）、充分考虑周期波动仍具安全垫。

电池：10月环增4%、同增57%、累计同增54%。其中C/B/GX/FN/E/ZH排产115.8（9月实际排产下调至113.2GWh，物料不足）/41.5/16.1/1.9/20.0/19.4GWh，环增2.3%/5.3%/5.9%/2.7%/3.4%/9.0%。

正极：10月环增2%、同增59%、累计同增54%。其中DS/CY/RB/XW/DF/YN排产2.8/1.3/1.2/1.5/4.4/15.0万吨，环比+7.9%/3.3%/9.1%/2.1%/0.0%/0.0%。

负极：10月环增5%、同增39%、累计同增48%。其中ZC/ST/SS/BTR排产2.6/4.1/7.8/8.2万吨，环增4.0%/0.0%/5.4%/6.5%。

隔膜：10月环增0%、同35%、累计同增49%。其中EJ/XY/ZC排产12.7/5.0/5.5亿平，环增0.2%/1.2%/0.0%。

电解液：10月环增2%、同增51%、累计同增59%。其中TC/ZB排产9.9/5.1万吨，环增2.1%/2.0%。

投资建议：本轮锂电供求格局及材料涨价具备持续性，1q27预排产环比降幅预计在10%-20%，2h26退税带来抢装影响有限，产业仍维持淡季不淡预期，基本面具备支撑，相关标的：

（1）高壁垒/盈利平台持续性强：铜箔（德福、嘉元）、隔膜（恩捷、佛塑、星源）；

（2）受益于加工费上涨/调价机制变动：铝箔（鼎胜、万顺）、负极（尚太、璞泰来）、铁锂（裕能、富临）；

（3）涨价/业绩兑现弹性：VC/溶剂（华盛、石大）、6F（天赐、多氟多）；

（4）其他：结构件（科达利、震裕）。

（详细排产数据及供需稼动率表格欢迎联系）","水木调研纪要","","0","0","423","https://wx.zsxq.com/group/88888142214212/topic/82258285224551112","data/research/updates/2026-10-07-all_views-003.csv"
