时间,月份,标题,内容,作者,命中关键词,点赞,评论,阅读,原文链接,更新批次
2026-09-21T23:21:56,2026-09,Rubin Ultra潜在存在材料升级，关注设备+耗材通胀【东吴机械】,"Rubin Ultra潜在存在材料升级，关注设备+耗材通胀【东吴机械】

👉Rubin Ultra潜在使用8Oberon互联方案。根据Semianalysis8月12日分析文章，Rubin Ultra Oberon 采用 9+18+9 布局——18 个计算托架不变（均匀分配顶部/底部），NVLink Switch 托盘翻倍至 18 个、单托架高度缩减至 0.75U，为满足信号速率要求，PCB材料潜在引入Q布+PTFE方案。

👉8Oberon之间采用NPO/CPO互联。根据Semianalysis，可扩展的 NVLink Switch 托盘分为 NPO 和 CPO 两种变体。对于这两种可扩展版本，NVLink Switch ASIC 的数量比不可扩展版本翻倍至 4 个，这意味着每个机架总共将有 72 个 NVLink Switch ASIC，目的是提高总带宽以支持跨机架连接。NPO 版本：NPO 模块通过插槽安装在 PCB 上，位于 NVLink Switch ASIC 旁边；CPO 版本：每个 NVLink Switch ASIC 将配备 4 个光引擎。

👉交换托盘数量翻倍+材料升级，关注设备+耗材通胀机遇。交换托盘数量提升带动PCB用量增长，另外Q布、PTFE等新材料的应用潜在增加钻孔环节难度，将带动钻机+钻针需求提升，另外金刚石涂层钻针方案有望实现渗透。

👉投资建议：PCB设备&耗材重点推荐【大族数控】【芯碁微装】【东威科技】【凯格精机】【鼎泰高科】【中钨高新】【新锐股份】【欧科亿】，建议关注【杰美特】【民爆光电】。

👉风险提示：算力建设不及预期；PCB资本开支不及预期；宏观经济波动。

☎【东吴机械】周尔双/陶泽",水木调研纪要,,1,0,439,https://wx.zsxq.com/group/88888142214212/topic/82258252188814112,data/research/updates/2026-10-07-all_views-011.csv
2026-09-21T22:59:24,2026-09,[太阳]【晚间信息】,"[太阳]【晚间信息】

1、AI——Kimi与海外云厂商分成模式正式落地。2026云栖大会明天开幕，真武系列超节点将亮相。Meta新AI Agent--Muse的快速走红，Agentic AI带动CPU需求重估

2、金融——央行召开外资金融机构座谈会，美银、高盛、大摩等15家外资金融机构负责人参会并发言

3、农业——“十五五”时期将深入实施国家粮食安全战略 加快建立现代化粮食流通体系。农业农村部：要密切关注超强厄尔尼诺气候影响，扎实推进高标准农田建设",水木调研纪要,,1,0,389,https://wx.zsxq.com/group/88888142214212/topic/82258252185125282,data/research/updates/2026-10-07-all_views-011.csv
2026-09-21T22:59:05,2026-09,🔥🔥🔥【Agentic AI加速落地：Muse带动CPU需求重估，关注硬件与应用两条主线】,"🔥🔥🔥【Agentic AI加速落地：Muse带动CPU需求重估，关注硬件与应用两条主线】

📣 事件：Meta新一代智能体Muse近期快速走红，Intel、AMD股价明显走强，市场开始重新评估Agent时代服务器CPU需求。 与传统大模型主要消耗GPU推理资源不同，Muse能够持续执行跨平台比价、邮件处理、网页搜索、电话沟通等复杂任务，背后需要持久化云端运行环境，并大量调用浏览器、API、虚拟机及任务调度资源，CPU由过去AI服务器中的辅助角色，逐步成为Agent规模化运行的重要算力底座。

我们认为，Agentic AI有望成为服务器CPU需求新的增量来源。 Intel近期表示CPU需求明显高于当前产能，叠加服务器CPU价格进一步上调预期，意味着AI基础设施的供需矛盾正由GPU向CPU、内存、网络等环节扩散。过去市场主要交易GPU数量增长，下一阶段随着Agent从“回答问题”进入“持续执行任务”，单个用户背后的计算资源消耗有望明显提升，CPU服务器需求及CPU/GPU配置关系值得重新评估。

📌 硬件端重点关注国产CPU及服务器产业链。 # 海光信息 直接对应服务器CPU需求提升逻辑，在高并发、虚拟化及数据中心场景具备较强产业映射；# 中科曙光 受益于CPU节点及服务器扩容；# 龙芯中科 关注国产CPU自主替代与行业需求改善。

📌 应用端重点关注能够真正进入业务流程、产生高频调用的Agent厂商。 # 汉得信息 聚焦企业级Agent及ERP业务流程执行；# 梦网科技 重点关注AI消息、智能客服及企业通信场景，Agent普及有望提升企业消息交互与调用频次；# 蓝色光标 关注营销Agent及内容生产执行链条；# 金山办公 则依托文档、表格、知识库等办公入口，具备个人生产力Agent落地基础。

我们认为，Muse最大的产业意义并非新增一个AI应用，而是验证Agent开始从“对话”进入“执行”。硬件看CPU资源重估，应用看高频任务执行，Agent产业链正在进入新的价值量重构阶段。",水木调研纪要,,1,0,388,https://wx.zsxq.com/group/88888142214212/topic/55521525812852254,data/research/updates/2026-10-07-all_views-011.csv
2026-09-21T22:38:41,2026-09,20260921 机械周观点：船舶订单及船价持续景气，人形机器人关注特斯拉量产进展,"20260921 机械周观点：船舶订单及船价持续景气，人形机器人关注特斯拉量产进展

核心观点：
（1）人形机器人：关注T链产品发布及量产进展，把握核心供应商布局机会。
（2）AIDC发电设备：全球燃机景气延续，燃气内燃机快速增长。
（3）工程机械：7月挖机内外销继续共振向上，板块将迎来逐季度改善。
（4）半导体设备：存储IPO继续推动，需求持续旺盛，出海逐步打开空间。
（5）液冷：由渗透预期转向订单兑现，估值重定价开启。

机械板块重点推荐：中国动力、东威科技、杰瑞股份、中国船舶、恒立液压、奥比中光、三一重工、豪迈科技、埃科光电、中微公司、先导智能、博众精工、徐工机械、中集集团、华测检测、迈为股份。

中信建投机械团队 许光坦/陈宣霖/籍星博/吴雨瑄/乔磊/孙贺",水木调研纪要,,1,0,405,https://wx.zsxq.com/group/88888142214212/topic/22258252185841511,data/research/updates/2026-10-07-all_views-011.csv
2026-09-21T22:29:24,2026-09,❗️【天风电新】AIDC液冷-思泉新材：阿里开始出货，海外取得突破-0921,"❗️【天风电新】AIDC液冷-思泉新材：阿里开始出货，海外取得突破-0921
———————————
前期市场传言公司国产链液冷出货偏慢、海外客户开拓不及预期，我们调研后对公司更新如下：

⭐已有订单
1、	国内：阿里AIDC柜内液冷8月出货80台+，预计Q4月均出货100台+；公司26年阿里中标份额约45%，预计27年延续。

以27年阿里1万台机柜、液冷70万元/柜价格，公司份额45%、净利率20%，对应利润增量6.3亿元。

2、	海外：#谷歌CDU配套管道当前月出货千万元级别，预计27H2月出货将提升至3000万元/月。

⭐新订单进展
1、	国内：腾讯首批测试机柜已发货，等待后续批量招标，预计公司有望获得高份额。

2、	海外：海外光模块VC均热板预计11月下单；谷歌&AMD液冷板预计27Q1有望落地。

⭐投资建议
预计公司Q3阿里柜内液冷+谷歌CDU管道将有亿元级别确收、Q4进一步放量。

27年仅考虑已有订单，预计公司整体净利润有望达8亿元（主业1亿+阿里6.3亿+谷歌CDU管道），当前19X。

考虑腾讯、海外光模块散热、海外ASIC冷板等潜在增量，预计公司27年净利润10亿+有较高确定性，对应当前15X，继续重点推荐。
———————————
欢迎交流：孙潇雅/吴佩琳",水木调研纪要,,1,0,401,https://wx.zsxq.com/group/88888142214212/topic/14425424852258422,data/research/updates/2026-10-07-all_views-011.csv
2026-09-21T22:24:14,2026-09,京东方：主业企稳筑底，玻璃基先进封装打开成长空间,"京东方：主业企稳筑底，玻璃基先进封装打开成长空间

1️⃣高端产品占比提升，显示业务盈利修复：2026年H1显示器件业务毛利率12.75%，同比提升0.34个百分点。LCD产品结构持续优化，高端旗舰产品取得突破，柔性OLED出货进一步提升。产品结构升级支撑盈利改善，为新业务培育提供基础。

2️⃣技术能力向先进封装延伸，布局AI算力新方向：依托显示技术、玻璃基加工及规模制造积累，公司已实现玻璃基封装载板全流程工艺拉通，完成大尺寸20层载板样品开发和送样；同时与康宁签署合作备忘录，探索材料与制造工艺协同。看好既有技术积累向先进封装领域拓展。

3️⃣试验线通线叠加客户验证，产业化取得阶段性进展：公司玻璃基封装载板试验线设计产能1000片/月，2026年上半年实现全自动化设备通线，部分国内客户已通过概念认证并进入技术测试阶段。后续重点关注客户验证、良率提升及量产订单落地。

我们认为，主业企稳与玻璃基封装突破是公司两条核心逻辑，看好产品升级带来的盈利改善，以及制造能力向先进封装延伸的中长期成长潜力。

风险提示：需求不及预期、面板价格波动、客户验证及量产进度不及预期。",水木调研纪要,,1,0,403,https://wx.zsxq.com/group/88888142214212/topic/82258252151112582,data/research/updates/2026-10-07-all_views-011.csv
2026-09-21T22:23:28,2026-09,【中粮科技】：丙交酯投产打开PLA产业链第二成长曲线,"【中粮科技】：丙交酯投产打开PLA产业链第二成长曲线

[红包]近期海正生材、金丹科技持续走强，核心交易的是3D打印需求爆发带动PLA产业链景气提升。我们认为，#中粮科技当前最大的预期差，在于市场仍主要按玉米深加工、燃料乙醇等传统业务定价，而公司3万吨/年丙交酯项目已进入投产窗口。

[红包]产业链看，玉米→乳酸→丙交酯→PLA→3D打印耗材，其中丙交酯是两步法PLA的关键中间体。随着消费级3D打印快速增长，PLA正从传统“可降解塑料”向高频耗材场景延伸，产业链景气有望继续向乳酸、丙交酯上游传导。

[红包]中粮科技本身具备玉米深加工基础，叠加丙交酯项目落地，有望进一步完善生物材料产业链布局。若后续项目顺利达产，公司有望从传统农产品加工企业，逐步向玉米生物制造+丙交酯+PLA产业链重新定价。",水木调研纪要,,1,0,404,https://wx.zsxq.com/group/88888142214212/topic/14425424828882252,data/research/updates/2026-10-07-all_views-011.csv
2026-09-21T22:23:08,2026-09,kyjsj苏州天脉交流核心要点#,"#kyjsj苏州天脉交流核心要点#

#iphone均热板#
目前公司全系列40%份额 2027年预期苹果销量2.3 亿部 高端机铜钢vc均热板asp17.5美元 普通系列纯铜vc均热板asp10美金
对应苹果2027年全年vc需求量约30亿美金 净利率保守15% 中性20%
#光模块散热#
vc均热板成为光模块散热主流方案 目前东山精密1.6t100%使用vc均热板，基本都给到天脉，asp120-160元，除此之外预期拿gx/jq等大部分份额
xys1.6t也用vc正在积极对接 xc在后续3.2t上vc均热板 NPO内置光源也用vc均热板
以1亿只光模块销量测算 vc均热板对应150e市场空间 公司目标拿50%份额
#Rubin液冷tim材料#
TIM 是GPU 裸片→冷板、CPU 裸片→冷板之间的导热界面层，每颗GPU Die配1套 TIM，每颗CPU配1套TIM，单机柜主芯片预期TIM合计价值1512美元
公司目前已进联想，后续有望进Nv

结论：主业苹果vc15-20e利润 光模块vc目前在手订单数十亿 看15e利润弹性 安卓vc2e利润 合计看27年打底30e利润 液冷年底有望重大突破",水木调研纪要,,1,0,406,https://wx.zsxq.com/group/88888142214212/topic/22258252151188251,data/research/updates/2026-10-07-all_views-011.csv
2026-09-21T22:22:58,2026-09,美股事件点评：🚀AMD/Intel今晚领涨，市场开始交易“Agentic AI带动CPU需求重估”逻辑。,"美股事件点评：🚀AMD/Intel今晚领涨，市场开始交易“Agentic AI带动CPU需求重估”逻辑。

今晚Intel、AMD明显跑赢NVDA等GPU标的，消息层面，重要催化来自Meta新AI Agent--Muse的快速走红。Barron's认为，市场正在重新评估Agent时代的CPU需求：过去AI CAPEX的核心矛盾主要是GPU，但Agent真正大规模运行后，除了模型推理之外，还需要大量CPU承担浏览器运行、工具调用、文件处理、任务调度、虚拟机/容器以及多Agent并发等工作，而虚拟机更多需要依赖CPU挂载，因此带来CPU扩容的想象空间。

我们认为，CPU企业一度被认为和通用服务器挂钩，但随着Agent的出现，增速有望重构，一旦Agent带来服务器CPU需求上修，估值弹性明显；对比起Intel，AMD有望同时受益于EPYC服务器CPU份额提升+AI GPU增长（Helios），如果Agent推动CPU在AI服务器中的价值量提升，AMD实际上是“GPU+CPU”双重受益。

📌 我们认为Muse的走红，验证了此前我们一直关注的逻辑：Agent时代CPU的重要性可能重新上升。如果未来每个Agent都对应持续运行的CPU资源、虚拟机和后台任务，那么AI服务器CPU需求增速可能显著高于传统服务器周期，边际上尤其利好AMD EPYC，并强化我们对CPU独立机架/AI CPU需求上修的判断。受益标的：AMD",水木调研纪要,,3,0,391,https://wx.zsxq.com/group/88888142214212/topic/82258252151188512,data/research/updates/2026-10-07-all_views-011.csv
2026-09-21T22:22:42,2026-09,🔥CPU板块继续大涨，AMD历史新高，GPT6新场景引领,"🔥CPU板块继续大涨，AMD历史新高，GPT6新场景引领

重申重视【长程任务/MultiAgent时代 CPU价值重估】机遇

----------

🔥MultiAgent时代的CPU|中信证券计算机

🎈Intel、AMD业务进展积极。
- 第二季度，Intel 实现营收 161 亿美元，同比增长 25%，比公司此前指引中点高出 18 亿美元。每股收益为 0.42 美元，是原指引 0.20 美元的两倍以上。其中数据中心与人工智能业务（DCAI）收入达到 63 亿美元，同比增长 59%、环比增长 24%。公司预计，2026 年和 2027 年服务器 CPU 行业出货量都将实现强劲的两位数增长，增长动能延续至 2028 年。2026 年设备投资将同比增加约 40%，主要用于 Intel 3、Intel 18A 和 Intel 18A-P。
- AMD AAI大会问答环节上，公司表示已将 CPU 未来三至四年的TAM预期上调超过50%，达到2000亿美元以上，且预期CPU与GPU配比将超过1，可以达到2个CPU配1个GPU。上述数据与我们预计的短期市场发展趋势相符。

🎈Agent时代需要多少CPU？远期万亿市场规模接近GPU。
- Trend Force预计Agent时代CPU与GPU配比将从1:4-1:8向1:1-1:2转变，但我们认为这一配比仍然只是起点而非终点。
- 	短期，我们认为2027年全球CPU市场规模有望较往年均值翻倍。
- 远期，我们认为拉动CPU配比继续提升的因素主要有：Agent能力指数级提升、Agent渗透加速、CPU与GPU降本空间的差异。
- 	具体市场规模预测方面，按乐观情形（2030年Agent渗透率95%、CPU与GPU配比8:1），预计全球CPU市场规模超2万亿美元，较2026年规模预测增长20倍以上；中性情形（配比4:1）达1.2万亿美元；悲观情形（配比1:1）也超3000亿美元。

🎈Agent时代如何看国产CPU？性能优良，渗透加速。
- 国产CPU性能已明显进步。海光7490（64核）SPECint_rate_base达933分（2P），与Intel Xeon 8490H的878分相当，我们预计国产新一代产品性能有望接近Xeon 6（Granite Rapids，SPECint 1250~1390分）表现。
- 但2025年国产CPU在互联网客户渗透率仍处个位数。随着Agent拉动与产品力提升，2026年将成为国产CPU进入商业客户的关键节点，我们预计当年互联网CPU采购国产渗透率有望达10%以上，2027年进一步提升。客户构成将从信创为主转向信创与互联网齐头并进。。

🎈建议关注国产CPU&GPU龙头企业海光信息，及产业链相关超节点龙头公司如浪潮信息等。
----------------
🚀【近期相关报告】
- 20260722 科技基石系列52——MultiAgent时代的CPU
- 2026071智能领军系列10——多智能体(Multi-Agent)：长程任务时代ScalingLaw新范式
- 20251110 科技基石系列48——AI CPU：价值重估，场景拓展

====================
欢迎感兴趣的投资人联系中信证券计算机",水木调研纪要,,1,0,387,https://wx.zsxq.com/group/88888142214212/topic/22258252151151151,data/research/updates/2026-10-07-all_views-011.csv
2026-09-21T22:22:36,2026-09,【玻璃基板】头部量产线加速推进，量产设备订单基本定型0921,"【玻璃基板】头部量产线加速推进，量产设备订单基本定型0921

本轮反弹中光/PCB新技术方向中涨幅较好，而同样作为新技术方向的玻璃基板明显滞涨。近期京东方全球创新伙伴大会将于22日启幕，据中国台湾经济日报友达近期先后与台积电和英特尔交流合作玻璃基板，韩国JNTC于9月21日与金川市签署投资协议，计划投资2.5亿美元扩产玻璃基板。近期玻璃基板产业进展有望迎来催化。

1）节奏上看，头部大厂1w片玻璃基板量产线#目前计划整体提前一个季度至半年，预计27H1完成设备move in， 27年底爬坡后稳定量产。首条量产线采用试验线的成熟工艺进行复制扩大，基于现有验证设备进行采购。

2）首批量产设备6月开始谈，耗时约3个月完成核心设备选型，#整体约70%的生产设备已完成选型确定，部分已下达意向订单通知备货，正式订单需等10月开始的招标，大概率不会调整已选供应商。

3）本轮看下来最大的变化在检测环节，中试线产能较少可以采用人工检测，量产单板百万级孔数且还不能完全实现无裂纹，需要采用AI检测，#目前在试验增加X-ray等方式；# 此外还有缓冲层CVD为新增量。

【TGV】1w片量产线需8-9台，若由0.7mm提升至1mm厚板材需增至10-11台，#ASP激光+刻蚀+AOI+孔内缺陷X-Ray约2000万元。帝尔激光试验线提供1台其设备，已下明年首批3台意向，剩余5台根据进展下单。

【PVD设备】#若金属化全采用PVD工艺需9台、单台1300w。已向矩阵科技下5台，将根据电镀填铜工艺进度决定后续采购。

【电镀设备】#RDL阶段总需求预计9台、国产ASP3000w。目前已下达4台意向订单，2台Nexx（已被应材收购，还有1台为full-fill bottom-up填铜测试设备）+2台盛美。东威设备验证中。

【光刻】因交期较长暂未确定采购方式，潜在供应商包括芯碁微装、源卓光电科技，#8um线宽/9层产线需10台、ASP1300w。

【联得装备】合作设备较多：1）RDL电测，若每层全检需20台，目前预计50%检测，ASP900w；2）真空贴合设备，已下意向2台，ASP 400w；3）键合设备有1台样机，但封装环节商业模式还没确定；4）压合设备，认为至少需要5-6台，若翘曲较为严重需8-10台，ASP6/700w；5）退火设备，ASP300w，交期较短。

【缓冲层/CVD】钻孔之后需要在玻璃与金属之间填充有机材料实现buffer缓冲层作用，应材设备试验效果较好，但设备价值量过高，国产设备在与微导纳米交流，#ASP5000w+、量产线需6台。#

玻璃基板环节看好【京东方】【沃格光电】；设备环节，看好TGV核心环节/设备份额较好的【帝尔激光】，弹性看好【联得装备】，提供价值量较大的同时市值较小；玻璃原片看好【戈碧迦】等。",水木调研纪要,,1,0,392,https://wx.zsxq.com/group/88888142214212/topic/45548545141141258,data/research/updates/2026-10-07-all_views-011.csv
2026-09-21T22:22:23,2026-09,⭕我们发布前沿观察【MFC、空白掩膜版、静电卡盘：半导体设备零部件国产化斜率最高方向】 # 中信建投电新,"⭕我们发布前沿观察【MFC、空白掩膜版、静电卡盘：半导体设备零部件国产化斜率最高方向】 # 中信建投电新

🚀# 核心观点：
本轮半导体景气周期由AI需求驱动，扩产力度显著超过以往；供给端国内设备整机与主产业链已具备全球影响力，细分零部件与材料成为最后攻坚堡垒，叠加各国出口管控升级，供给紧张程度加剧；我们认为MFC、空白掩膜版、静电卡盘产业链需求属于半导体“三阶导”，同时具备更高国产化斜率。

🚀# 主要内容

1️⃣需求端：全球DRAM销售额达1547亿美元，环增60%，晶圆厂高盈利下大幅规划资本开支；国内随着 “两长”陆续上市并规划大额资本开支，设备整机在手订单大幅增长，进而传导至关键设备零部件及耗材的采购需求。

2️⃣供给端：# 半导体整机国产化率已约35%，核心设备零部件与材料成为“最后一公里”；国际政治环境愈发复杂，各国出口管制升级；其中，中国稀土管控收紧，使得海外相关材料交期拉长；大基金三期3440亿元约70%投向设备与核心材料。

3️⃣# 半导体设备零部件均兼备扩产与存量替换需求，我们以国产化剪刀差、日本垄断程度为标准，锁定景气度较高的环节：

①# 质量流量控制器（MFC）。日本 Horiba、美国 MKS、Brooks 垄断90%+、交期长达 1 年，# 高凯技术 、华丞等加速放量、# 万讯自控等 验证推进中；上游压电陶瓷被京瓷、NEC 等垄断95%+，供应不断收紧，星源材质收购邦瓷电子成为国内唯一量产半导体压电陶瓷厂商。

②# 空白掩膜版（Blank Mask）。日本豪雅、信越、AGC等垄断90%+，# 聚和材料 收购韩国 SKE相关资产成为国内唯一量产PSM厂商；随着晶圆厂in-house、第三方Mask Shop产能相继释放，带动本土替代需求。

③# 静电卡盘（ESC）。美系设备厂捆绑设备销售；单独销售的日本NGK、新光电气、TOTO、NTK等垄断全球85%+；国产# 珂玛科技、江丰电子 率先验证；上游氮化铝等陶瓷粉体被日本德山、住友等垄断，由于氧化钇等稀土管控升级，国产化斜率陡峭。",水木调研纪要,,1,0,379,https://wx.zsxq.com/group/88888142214212/topic/55521525828828154,data/research/updates/2026-10-07-all_views-011.csv
2026-09-21T22:22:08,2026-09,【招商电新】金洲管道推荐20260921,"【招商电新】金洲管道推荐20260921

#液冷产能建设进度大超预期#
公司聚焦液冷零部件OEM/ODM，主要面对台系、北美客户。自年初规划液冷业务以来，6.8亿元增资全资子公司金洲液冷，子公司东莞骅兴液冷项目投资5亿元，7月开建，一期9月中已经全面投产，二期、三期陆续建设，产能投建进度大超预期，合计20亿产值预计年底投产。

#订单落地快、已供货台资T1#
公司已供货台资液冷T1厂商，核心交付产品为Inner manifold，顺利切入海外主流算力链。下游客户需求旺盛，根据公司产能情况持续滚动追加订单，自9月开启接单以来，半月已签署销售合同3000万元，并实现出货，Q3开始形成收入。

#明年估值10x不到#
公司27年主业预计3.5亿利润，骅兴20亿满产，贡献4亿利润，归母2亿（51%股权）。合计5.5亿，账上14亿净现金，当前估值10x不到。公司近期连续发布调研纪要公告，股价表现优异，液冷的实际进展与市场认知有较大预期差，建议重视。

欢迎交流，联系人：蒋国峰13671882095",水木调研纪要,,1,0,368,https://wx.zsxq.com/group/88888142214212/topic/14425424828821842,data/research/updates/2026-10-07-all_views-011.csv
2026-09-21T22:21:57,2026-09,【长江电新】#聚和材料推荐重申：#  半导体材料平台公司可期，相关催化不断,"【长江电新】#聚和材料推荐重申：#  半导体材料平台公司可期，相关催化不断

1、空白掩模版助力实现国产化，聚和未来有望满足国内50%以上的市场需求。#空白掩模版此前国产化率极低，目前聚和已经获得DUV环节的基础产能与核心能力，产品整体覆盖14-90nm制程需求。聚和空白掩膜版产品已通过SK海力士、TMC、迪思微、中微掩模等国内外半导体客户的量产验证，国内下游验证积极，#后续验证通过/客户反馈良好等有望构成催化。

2、其他半导体材料方面，日本光刻胶企业自2026年10月1日起定价上涨，#半导体光刻胶国产化进程加速。聚和材料今年2月新增投资聚芯光，聚焦光刻胶领域；近期国聚同辉投资聚芯光实业，法人代表为胡华勇，此前曾任职于中芯国际、徐州博康、珠海基石，参与推动半导体光刻胶的国产化。#国聚同辉新方案公告，拟重点关注半导体材料相关领域，新增4个外部LP实力雄厚，启航基金具有上海闵行国资背景，北京国谦、元禾璞华聚焦半导体领域投资，浙江见识聚焦材料领域。

3、聚和材料在半导体领域的进展较为顺利，平台公司值得期待，后续相关进展催化不断，继续重点推荐！

[玫瑰][玫瑰][玫瑰]具体情况欢迎联系",水木调研纪要,,1,0,371,https://wx.zsxq.com/group/88888142214212/topic/45548545141142248,data/research/updates/2026-10-07-all_views-011.csv
2026-09-21T21:29:49,2026-09,🔥重要！【上海电气】重大推荐：国内唯一重型燃机出海主机厂，有望受益于全球燃机供需缺口【浙商新兴产业吴婷婷/钟凯锋团队】20260921,"🔥重要！【上海电气】重大推荐：国内唯一重型燃机出海主机厂，有望受益于全球燃机供需缺口【浙商新兴产业吴婷婷/钟凯锋团队】20260921

# 一句话逻辑：国内唯一重燃出海主机厂，全球燃机供需缺口下，有望实现估值与盈利双重提升。

🌹市场认为
1）燃气轮机长期被海外巨头垄断，国内企业出海空间与竞争力有限。
2）公司作为传统综合装备制造国企，主业增速平稳，缺乏高增长的爆发力。

🌹我们认为
1️⃣2025年全球燃机存在30-40GW供需缺口，公司为国内唯一重燃出海主机厂有望充分受益。
👉AI算力扩张下，全球燃机供需严重失衡状态，海外巨头通用、西门子、三菱交付周期普遍排至2028-2030年，国产燃机出海迎来黄金发展窗口期。
👉公司是国内唯一具备重燃全生命周期供货+服务能力的供应商，具备70MW至300MW、E级/小F级/F级/H级燃机自主设计能力，拥有在# 东南亚+大洋洲+南美等区域的自主出口权，# 北美等市场可参与生产分包。
👉2026年9月8日宣布首台套燃机中标马来西亚500MW级联合循环项目，验证公司作为国内唯一重燃出海主机厂逻辑。

2️⃣主业在手订单饱满，新旧能源协同发力，人形机器人打开成长空间

# 检验指标与催化剂
1）检验指标：海外燃气轮机项目中标情况及订单落地；核电项目设备排产交付节奏与收入确认。
2）催化剂：海外区域燃机大单签署；北美AIDC扩建下全球电力设备出海需求超预期。

# 盈利预测与估值
预计2026-2028年营业总收入分别为1378/1502/1644亿元，同比增长9%/10%/9%；营业收入分别为1371/1494/1636亿元，同比增长9%/9%/9%；归母净利润分别为16/20/24亿元，同比增长31%/27%/22%。2026年9月21日收盘价对应的PE分别为64/50/41倍，维持“买入”评级。

# 风险提示
海外工程业务及汇率风险；燃机订单交付或中标不及预期；核电排产节奏依赖风险；人形机器人商业化不确定性风险。

☎欢迎联系浙商新兴产业团队吴婷婷13472717082或者对口销售",水木调研纪要,,1,0,421,https://wx.zsxq.com/group/88888142214212/topic/14425424825811582,data/research/updates/2026-10-07-all_views-011.csv
2026-09-21T21:29:30,2026-09,[红包]【天风机械】富信科技调研邀请：光模块TEC国产替代龙头,"[红包]【天风机械】富信科技调研邀请：光模块TEC国产替代龙头

🌹核心逻辑：# 富信科技是国内Micro  TEC微型热电制冷龙头，核心产品是800G/1.6T光模块、CPO光引擎的刚需温控元件，可精准控制光芯片温度、避免高速传输下波长漂移

💥稀缺性：#公司是国内唯一实现碲化铋材料-芯片-封装全链条量产的厂商，打破日系企业垄断，深度绑定全球头部光模块客户

时间：9月24日（周四）下午三点
地点：广东省佛山市顺德高新区（容桂）科苑三路 20 号

有兴趣参与调研的领导欢迎私戳报名~

天风机械：朱晔/文毓 18916600404",水木调研纪要,,1,0,433,https://wx.zsxq.com/group/88888142214212/topic/22258252158142881,data/research/updates/2026-10-07-all_views-011.csv
2026-09-21T21:29:09,2026-09,中控技术 继续坚定看好公司的成长性[拳头]20260921,"# 中控技术 继续坚定看好公司的成长性[拳头]20260921

☕今日深度调整，经与公司沟通，基本面没有变化，主要系交易行为。

[玫瑰]工业AI龙头长坡厚雪，具备市场+技术的核心壁垒，下半年有望迎来AI+制造加速推进。

☎欢迎沟通变化！",水木调研纪要,,1,0,412,https://wx.zsxq.com/group/88888142214212/topic/45548545148128158,data/research/updates/2026-10-07-all_views-011.csv
2026-09-21T21:28:45,2026-09,【Bloom Energy】从替补到标配，从买需求到买供给弹性，今日纳入标普500指数,"【Bloom Energy】从替补到标配，从买需求到买供给弹性，今日纳入标普500指数

# 大型AI数据中心建设限制/禁令陆续出台，小型neocloud同步崛起，sofc有望升级为主力电源

7月14日，纽约州州长签署行政令，暂停一年审批5000万瓦（50兆瓦）以上的大型数据中心项目，并取消算力税收优惠，成为美国首个实施全州禁令的州。随后，弗吉尼亚、怀俄明等地也有开发商主动暂停或终止项目。一

SOFC正在从数据中心供电的“备选方案”快速升级为主力电源乃至行业标配候选

# 供给端：Power Connect 系统把现场安装再压缩 40%+，时间即金钱

8月， Bloom Energy 发布Power Connect， 系统，在部署效率上正通过「模块化设计迭代」与「工厂预制化」两条路径持续提速，可将现场安装时间再压缩 40% 以上，从90天降低到30-60天。
同时，EPC服务目前是日益凸显的行业瓶颈，成本持续上行。通过将更大比例的电气安装工序转移至工厂内完成，BE能够削减成本、缓解EPC瓶颈并加快部署节奏。我们估计，EPC安装成本占Bloom Energy Corporation燃料电池总成本的约10%-15%，

# 总结：1）sofc与燃气轮机成本差收敛驱同，2）对于1GW约等于200亿美金收入、ROIC25%的数据中心业务时间即金钱。综上，需求加速景气，供给端产品扩产瓶颈较低，power connect系统有望贡献超额弹性。保守预计26-28年收入分别为43.29/166.8/268.91亿美元，yoy+113.9%/+285.3%/+61.2%。营业利润分别为9.21/39.56/69.72亿美金，yoy+327%/+329%/76%，对应营业利润率分别为21.3%/23.7%/25.9%，对应PE为84X/20/11.21X，布局正当时。",水木调研纪要,,1,0,419,https://wx.zsxq.com/group/88888142214212/topic/45548545148128818,data/research/updates/2026-10-07-all_views-011.csv
2026-09-21T21:28:32,2026-09,重要‼️‼️ 福邦26Q4（9月）对比26H2（7月）有两个非常大的变化：,"# 重要‼️‼️
福邦26Q4（9月）对比26H2（7月）有两个非常大的变化：

1.ComputeTray 胜宏重新获得最大份额，SwitchTray（32L）、Midplane（44L）仍保持一供，未来Nvidia体系下总份额仍有望50%

2.德福HVLP-4产能上修非常明显，且已明确进入VR200/VR300供应链",水木调研纪要,,2,0,440,https://wx.zsxq.com/group/88888142214212/topic/55521525821841244,data/research/updates/2026-10-07-all_views-011.csv
2026-09-21T21:25:32,2026-09,PCB更新下： 1、RUBIN确实在出货起量，但也是逐步爬坡，前期进度影响了胜宏6、7月份量，8月起来了，9月进一步起来。生产周期8周，大的量在Q4。RUBIN目前在TSMC的量在上修，TPU稍微下修…,"PCB更新下：
1、RUBIN确实在出货起量，但也是逐步爬坡，前期进度影响了胜宏6、7月份量，8月起来了，9月进一步起来。生产周期8周，大的量在Q4。RUBIN目前在TSMC的量在上修，TPU稍微下修。
2、Q4胜宏谷歌的量和份额也会很可观，所以Q4对整个PCB是MSAP、RUBIN、谷歌三叠加，胜宏Q3不用特别乐观，段子传的H2问题不大，Q4不错。
3、背板目前看还是在的，PTFE方案最近整体测试不太好，估计又要看后面测试。台光M10为主。",水木调研纪要,,2,0,424,https://wx.zsxq.com/group/88888142214212/topic/55521525821852854,data/research/updates/2026-10-07-all_views-011.csv
2026-09-21T21:17:22,2026-09,💡方正科技调研反馈 2609,"💡方正科技调研反馈 2609

【1】#结构：AI占比提升牵引ASP向上_净利率进入环比上行通道
——25A/26E/27E AI算力业务收入占比约50%/60+%/70+%。其中26E看，光模块/交换机/服务器/收入占比约25%/25%/10%。
——订单单价由去年同期约500元/平方英尺提升至7M26月接近1,300元/平方英尺。26H1综合毛利率约32%，净利率接近16%，Q2净利率约18%。

【2】#产能：爬产进行时_1.6T光模块PCB已进入批量交付阶段
——F8计划于11M26建成，27H2逐步爬满；重庆相关扩产和技改项目分批释放1.6T交换机增量（产能排期至27年）；F6扩建项目预计27年开始贡献产能；泰国基地仍处于爬坡和客户导入阶段，预计27年逐步爬升。
——1.6T光模块方面，F3已有一条相关产线实现批量交付，另一条预计11M26设备到位；F8规划三条相关产线。
——26年单月平均有效产能80-90w平方英尺；预计27H2单月有效产能100-120w。其中，每条1.6T产线理论产能约为每月400K，考虑良率（目前已从早期30%提升至75%，目标80+%），5条产线对应月产能约160-200KK。

【3】#壁垒：mSAP产线涉及近百道工序_单条产线设备投入2+亿元
——从压合、电镀、清洗等前序环节开始，一条完整产线涉及接近100道工序；一块板在生产过程中可能反复周转约60至70次，主要流程包括前处理、贴膜、曝光、显影、蚀刻、电镀、清洗和后续检测。
——从零建设并覆盖全部前后工序的完整PCB产线，设备投资至少约2亿元，部分激光钻孔、曝光、电镀等核心设备单台价值可能达到数千万元。",水木调研纪要,,1,0,412,https://wx.zsxq.com/group/88888142214212/topic/22258252158484281,data/research/updates/2026-10-07-all_views-011.csv
2026-09-21T21:16:49,2026-09,新华文轩：拟收购民族社，强化主业竞争力可期【中泰传媒互联网】,"新华文轩：拟收购民族社，强化主业竞争力可期【中泰传媒互联网】

 [玫瑰] 事件：公司拟以自有资金（支付现金方式）收购控股股东四川新华出版发行集团旗下民族社100%股权。

 [玫瑰] 点评：
⭐民族社深耕藏文、彝文等少数民族文字出版、民族古籍整理及主题出版等领域，具备较强的内容资源积累、专业编辑能力和出版资质优势。民族社2025年实现营收1.85亿元、净利润0.22亿元；2026Q1营收0.70亿元、净利润0.16亿元，盈利稳健。本次交易以收益法评估结果为定价依据，评估收购价值为3.46亿元，对应2025年PE约15.9X，并同时设置2026年4月-2029年业绩承诺期，其中2026年4-12月、2027年、2028年承诺净利润分别为0.11亿元、0.17亿元、0.17亿元。

⭐本次收购一方面，解决了控股股东层面潜在的同业竞争问题；另一方面，将民族社的专业资质、内容积淀与公司成熟的出版发行体系深度融合，丰富内容供给矩阵，强化主题出版与民族出版的细分优势；同时依托公司全渠道发行网络，放大民族类图书的市场覆盖与运营效率，助力主业高质量发展。另外，公司以自有资金完成收购与资源整合，有利于提升资源配置效率，依托充裕现金流整合优质内容资产，强化出版主业核心竞争力。

⚡风险提示：文化监管端的政策风险；国有传媒企业优惠政策变动；短视频直播电商图书折扣力度加大；研报使用的信息数据更新不及时的风险。

☎欢迎交流&派点请支持中泰传媒互联网团队
康雅雯 18521305887
李昱喆 18939881981",水木调研纪要,电商,1,0,411,https://wx.zsxq.com/group/88888142214212/topic/14425424825154212,data/research/updates/2026-10-07-all_views-011.csv
2026-09-21T20:42:40,2026-09,【基本面接近见底，底部推荐消费建材】,"【基本面接近见底，底部推荐消费建材】

今日房地产指数、装修建材指数分别上涨4%、3%，科顺股份、三棵树、坚朗五金、兔宝宝、东方雨虹分别大涨8%、8%、6%、4%、4%。

[太阳]地产成交存量化，二手房成交增长对冲新房下滑；公积金用途新增装修自住住房、支付物业费等提取情形

房地产进入存量时代，二手房交易占比从2020年的27%提高至2025年的46%，今年前8个月已达52%。1-8月份，新建商品房销售面积49880万平方米，同比下降12.1%；其中住宅销售面积下降13.0%。新建商品房销售额47470亿元，下降13.0%；其中住宅销售额下降13.1%。根据住房城乡建设部数据，1-8月份，二手房交易网签面积54923万平方米，同比增长10.6%。

新修订的《住房公积金管理条例》自9月20日起正式施行，提取情形从6种增加到9种，新增装修自住住房、支付物业费等提取情形，灵活就业人员也可自愿缴存住房公积金。《城市更新“十五五”规划》明确，期间将改造城镇危旧房约50万套（间）、新开工改造城镇老旧小区约11.5万个、改造城中村约4000个。

[太阳]装修建材指数近期虽有所上涨，但仍处于924以来的底部位置。

[太阳]板块基本面接近见底，强alpha公司收入有韧性

从需求端来看，强alpha公司收入有韧性，东方雨虹、三棵树Q2收入同比增速持平附近，兔宝宝、悍高集团Q2收入增速9%、18%。从成本端来看，油价近期虽有所上涨，但布伦特原油期货价格没有超过Q2高点。大部分公司坏账计提水平25~26年持续下降。

[太阳]复盘此前4轮政策驱动的建材反弹行情，消费建材指数涨幅略低于房地产指数；子版块中，消费建材领涨，水泥次之

复盘22年至今4轮政策驱动的建材反弹行情，22/11/1~23/2/21（防疫政策优化、房地产金融16条）；23/7/10~23/7/31（政治局会议：供求关系发生重大变化）；24/4/17~24/5/20（地产517新政）；24/9/18~24/11/7（924地产新政），建筑材料指数平均涨幅26%，略低于房地产指数（平均涨幅30%）。子版块中，消费建材指数平均涨幅33%，在建材板块中领涨，水泥子版块涨幅次之。

相比于水泥玻璃等周期股，消费建材估值弹性更大。过去4轮建材反弹行情中，涨幅居前的公司包括：【三棵树】（4次反弹平均涨幅63%，三大新业态持续增长，高业绩增速）、【兔宝宝】（4次反弹平均涨幅54%，Q3、Q4业绩快速增长，计划更新中长期分红规划）、【科顺股份】（4次反弹平均涨幅50%，防水涨价，坏账拖累接近尾声）、【东方雨虹】（4次反弹平均涨幅48%，防水涨价，坏账拖累接近尾声）

[太阳]推荐消费建材东方雨虹、兔宝宝、三棵树

【东方雨虹：成本端压力传导顺畅，看好海外业务发力】
预计公司26~27年归母净利润分别为11.90、23.24亿元，同比增长951%、95%，对应估值22、11倍。其中，假设26年收入同比增长8%，不算坏账的利润率8%（Q1、H1分别为8.6%、8.8%），坏账计提12亿（上半年资产减值+坏账计提7亿）。公司上半年成本端压力传导顺畅，计提拖累业绩，预计26年整体计提较充分。26年全年海外收入预算为40多亿元（2025年全年海外约16亿，2024年约8亿多）。长期目标为10年左右海外占集团整体收入的一半，海外远期利润率超过10%，有望成为核心增长点。按分部估值测算，今年国内经营业绩（不算坏账）恢复到20亿以上，假设给15倍估值；海外业务3年内有望达到百亿，利润贡献10亿以上，假设给15倍估值，合计目标市值450亿，80%涨幅空间。

【兔宝宝：本部稳健增长，高股息率】
预计26年业绩7.74亿元，同比增长10%，对应估值12倍。根据公司分红规划，26年年度分红5.5亿元，对应股息率5.8%。上半年本部扣非业绩增长3%，其中Q2增速7%。依托渠道下沉和中小家具厂持续发力，预计26年全年本部扣非业绩增长8%。

【三棵树：短期受到成本端压力，三大新业态驱动C端持续增长】
预计公司26、27年归母净利润分别为7.3、10.3亿元，同比增长-5%、41%，对应估值27、19倍。预计26年收入同比增长4%，达到130亿，考虑坏账计提1.5亿，利润率提升到5.4%（不算坏账的利润率6.8%）。Q2到8月发货中，零售增速较好，10%~15%，工程这边有拖累。",水木调研纪要,零售,1,0,451,https://wx.zsxq.com/group/88888142214212/topic/14425424825252112,data/research/updates/2026-10-07-all_views-011.csv
2026-09-21T20:12:33,2026-09,国机精工交流反馈‼️：半导体超硬材料加大投入，金刚石功能化应用落地在即,"国机精工交流反馈‼️：半导体超硬材料加大投入，金刚石功能化应用落地在即

# 半导体耗材，稀缺先进封装耗材供应商。2025年相关收入4.2e，核心布局封装刀/减薄砂轮，受益先进封装产能提升。26/27目标继续大幅提升。远期规划超硬材料产能20e，半导体占比不低于70%。陶瓷制品今年收入预计2e，远期增量为静电卡盘，产品已向下游发货。

# 金刚石：散热产品国内头部客户持续送样，等待最终方案落地，26年底有望形成批量。金刚石持续降本，芯片材料替换经济性迎来拐点，关注钻针边际变化。年底MPCVD设备达到700台，新疆产能留有较大冗余，等待客户落地。

# 金刚石加工能力：4英寸以下达到1nm，整体加工良率达到8成。",水木调研纪要,,1,0,466,https://wx.zsxq.com/group/88888142214212/topic/14425424822515522,data/research/updates/2026-10-07-all_views-011.csv
2026-09-21T20:00:54,2026-09,🔥【GSDZ】力芯微调研反馈：微能量收集迎放量，存储电源打开成长空间,"🔥【GSDZ】力芯微调研反馈：微能量收集迎放量，存储电源打开成长空间

#微能量收集批量出货#
公司微能量收集芯片已开始出货，海外多家客户已有订单。当前主要用于遥控器，后续拓展电子价签、门锁等IoT场景，遥控器+电子价签潜在需求每年约20亿颗。当前产品ASP约0.5-1美金，毛利率约60%-70%，放量有望带动利润释放。【公司2026年出货预计2000-3000万颗，2027年目标2亿颗】

#存储电源由验证转向出货#
SSD电源产品2025Q4完成验证，2026H1小批量供货、下半年持续爬坡，主要竞对为MPS、TI。公司争取2027年成为相关韩国客户第三供应商，【若达到20%份额目标，对应约6亿元收入空间】。国内已通过国内模组验证，国内存储大厂客户拓展持续推进。

[玫瑰]基本盘7月初启动涨价、涨幅约20%，预计Q4逐步体现。我们认为，公司【微能量收集放量+存储电源突破】有望形成持续催化，后续仍有更多业务值得期待，新业务有望持续贡献业绩增量。",水木调研纪要,,1,0,463,https://wx.zsxq.com/group/88888142214212/topic/22258252414281221,data/research/updates/2026-10-07-all_views-011.csv
2026-09-21T20:00:49,2026-09,【财通地产】板块异动点评,"【财通地产】板块异动点评

#地产板块继续大涨本质是已充分反映最悲观政策预期后的超跌反弹。板块自828新政落地后，经历了两轮大幅下跌，当前跌幅已基本反映新政的最悲观预期，故近期个别城市较为宽松的细则文件流出，在边际上修复预期。

#各传闻仅公积金利率调整是有机会的。贴息传闻无论从资金来源还是执行力度都不可信，公积金贷款利率则由于920后决策机构调整为国务院，确实有机会实现下降，且当前对市场企稳最有效的政策亦为利率政策。

#旺季基本面如期回升同样助推预期。9月以来，15城二手房成交面积同比+8%，核心城市价格也恢复企稳态势。

#行情持续性取决于三大预期的兑现情况。1、各地细则是否会较为宽松（但预计各地细则落地会在10月后）；2、贴息传闻（一定会miss）&公积金利率（当前情绪无论落地与否都不会继续构成上涨的催化）；3、核心城市市场企稳与否（大概率只有上海能够企稳）。

#当前市场情绪已包含一定乐观预期。由于各城市细则及核心城市的价格企稳仍需更多时间观察，拐点级别行情仍需耐心等待，反弹行情中推荐有持有资产安全垫的华润置地。",水木调研纪要,,1,0,459,https://wx.zsxq.com/group/88888142214212/topic/55521525484518154,data/research/updates/2026-10-07-all_views-011.csv
2026-09-21T20:00:36,2026-09,[红包]【国金金属】AI金属月度供需更新0921：钼锡消费景气，钨进口高增,"[红包]【国金金属】AI金属月度供需更新0921：钼锡消费景气，钨进口高增

✨锡：8月锡表观消费量15,447吨，当月同比-1.0%，累计同比+5.9%；锡测算终端消费量为18,975吨，当月同比+5.8%，累计同比+9.0%，维持较高景气。

✨钼：8月钼表观消费量13,938吨，当月同比+18.7%，累计同比+13.2%，单月增速继续上行；钼测算终端消费量15,820吨，当月同比+10.2%，累计同比+8.5%，维持较高景气。

✨钨：8月钨进口金属量2,950吨，当月同比+132.2%，累计同比+84.8%，增量主要来自东南亚、非洲及拉美；钨出口金属量954吨，当月同比-38.8%，累计同比-23.8%，降幅进一步走扩。

✨钽：8月铌、钽、钒矿砂及其精矿进口量1,686吨，当月同比+46.5%，累计同比+28.2%，增速有所上行；片式钽电容器出口量64.84吨，当月同比+13.5%，累计同比+22.4%，维持较高增速。

风险提示：商品价格大幅波动；下游需求不及预期；统计口径差异。

国金金属王钦扬/吴晋恺/宁柯",水木调研纪要,,1,0,433,https://wx.zsxq.com/group/88888142214212/topic/22258252414284541,data/research/updates/2026-10-07-all_views-011.csv
2026-09-21T20:00:00,2026-09,【天风电子】#高凯技术：半导体零部件最缺环节（全球龙头日本厂商Horiba断供、公司为国内供应链首选！！！），MFC国产龙头加速放量，布局真空类打开成长天花板，#近期月度订单环比大幅增长也在反应下游设…,"【天风电子】#高凯技术：半导体零部件最缺环节（全球龙头日本厂商Horiba断供、公司为国内供应链首选！！！），MFC国产龙头加速放量，布局真空类打开成长天花板，#近期月度订单环比大幅增长也在反应下游设备厂厂商开始大批量采购

[玫瑰]MFC国产化率极低，紧缺下替代加速
-- 以MFC为代表的流体控制部件是小而精的半导体零部件赛道，#初步估算当前国内市场60-80亿、未来有望成长到150亿的市场，市场主要由Horiba（60%份额）、MKS、Brooks等垄断。其壁垒高，具备稳定规模量产能力的国产厂商稀缺，#国产化率不足5%。
-- 公司21年推出首款国产自主研发的半导体级压电式MFC，陆续通过国内头部设备厂商及晶圆厂等客户验证并批量供货，在出口管制催化下持续快速放量。公司部分产品可用于7nm及以下先进制程，主要性能指标达到甚至部分优于国际龙头，# 技术和规模在国内厂商中占据优势地位。
-- 今年以来半导体扩产高景气，#MFC等产品极度紧缺、出现涨价，成为设备交期拉长的核心瓶颈零部件之一。下游客户加速验证、采购国产零部件，公司作为国产龙头预计加速放量增长。

[玫瑰]拓展真空类业务，布局第二增长曲线
#公司开发磁悬浮涡轮分子泵、真空阀等真空类零部件，不同产品已处于中试、小批量阶段。其市场规模更为可观，24年国内真空类零部件市场103亿元，未来有望达到200亿的市场空间，且磁悬浮分子泵和真空阀同样国产化率极低，随着公司产品有序验证放量，有望成为第二增长曲线。

当前半导体扩产大周期，零部件为紧缺瓶颈环节，MFC紧缺程度较深，且国产化率低、盈利能力高，最新月度订单持续创新高，未来还将持续快速增长，#我们判断公司3-4年将达到30亿收入体量、净利润达到12亿，#中长期看有望在150亿的MFC市场拿到30-40%份额叠加分子泵&真空阀200亿市场中拿到15%份额、总计70亿收入、35%净利率、25亿净利润，#600亿中长期市值目标，建议积极关注国产龙头#高凯技术。",水木调研纪要,,1,0,435,https://wx.zsxq.com/group/88888142214212/topic/22258252414282521,data/research/updates/2026-10-07-all_views-011.csv
2026-09-21T19:59:41,2026-09,上纬新材：启元Q1、T1起售价19999元，超预期，全球首款量产消费级机器人商业化,"上纬新材：启元Q1、T1起售价19999元，超预期，全球首款量产消费级机器人商业化

[太阳]核心观点：公司C端机器人产品Q1、T1以19999元起售， 10月1日起陆续发货，教育、陪伴及开发者场景成为首批目标客群。开创了物理ai和应用生态与模型高频迭代的新模式

[玫瑰]双产品对应差异化客群，以教育互动、潮玩体验与开发需求对象为潜在客群
1）Q1普通版19999元、探索版26999元，主要面向有教育陪伴需求的家庭、科技潮玩用户及专业开发者。产品身高88厘米、全身22个自由度，支持图形化编程、AI启蒙课程及外观、动作、音色定制；探索版进一步开放SDK、HDK及硬件接口，将家庭互动与专业开发需求分层承接。
2）T1普通版19999元、Pro版29999元，主要面向家庭陪伴、户外伴行及影像创作需求。人形、四足双形态适配不同互动场景，Pro版增加算力与感知配置，支持移动跟随、室内导航等功能，四足形态跟随时可携带3公斤物品。

[玫瑰]量产节拍与发货时点明确，商业化重点转向订单交付及收入确认。
1）两款产品9月20日起开放下单， 10月1日起陆续发货。
2）公司披露生产节拍为每150秒下线一台，装配数据终身可追溯，配套1年免费质保及线下服务团队。

[玫瑰]模型提升交互能力，开放生态持续补充内容与技能，支撑用户长期使用。
1）公司发布运控、感知跟随及多模态交互三类模型，分别覆盖动作执行、移动感知与自然语言交互，后续规划推出机器人Agent及面向家庭长程任务的Prime Mind。
2）生态方面，Prime Flow、Prime Store、Prime Hub分别支持外壳创作、应用分发和技能开发，当前已有超过1000家开发者伙伴，每月新增技能超过100个，并引入有道、QQ音乐、喜马拉雅等内容与应用。

[玫瑰]自研关节支撑小型化与柔顺交互，可靠性测试服务家庭高频使用。
1）自研QDD准直驱“鸡蛋关节”已实现量产，重量260g、直径47mm，峰值扭矩密度85N·m/kg，兼顾紧凑尺寸与动力输出。Q1结合全身力控、防夹手设计及被抱住时自动停止动作等机制，适配家庭近距离接触。
2）可靠性方面，核心线束测试超过100万次，头部舵机测试超过10万次，关节模组完成超过6万次冲击测试。

[太阳]后续怎么看：#供应商从昨天开始，追加人手为产线调配资源，我们认为在渗透率0-10%阶段是乐观者定价，随着OTA、生态以及和物理AI的交互，新品周期开启。

欢迎交流：中信建投机器人汽车 程似骐/陶亦然/蔡星荷",水木调研纪要,教育|潮玩|OTA,1,0,426,https://wx.zsxq.com/group/88888142214212/topic/55521525484512884,data/research/updates/2026-10-07-all_views-011.csv
2026-09-21T19:58:31,2026-09,hcdx 万讯自控：＃小高凯、国产MFC弹性标的,"hcdx 万讯自控：＃小高凯、国产MFC弹性标的

＃受海外MFC断供压力、国产MFC替代加速中。先进制程对应的高端压电MFC受美日荷联盟+FDP长臂约束，许可难获批。海外大厂仅成熟制程型号可正常供货，且交期超过1年+提价，形成实质性断货。产业反馈8月龙头公司订单爆发，行业国产替代迎历史性机遇。

＃成功转型半导体领域、压差式MFC导入中。公司是依托工业流程仪表技术沉淀切入半导体赛道，从0到1已落地多家头部客户。26H1拳头产品压力传感&气体报警，实现1000万产品收入。MFC产品以brooks压差式技术路线为主，客户导入中。26-27年预计半导体领域仪表订单跳跃式增长。

投资建议：主业盈利反转，公司传统工业仪表基本盘稳健，今年收缩低毛利业务&人员管理优化，上半年已实现扭亏，27年预计主业实现1~1.5亿利润。公司成功转型半导体领域，卡位流程仪表市场，未来订单可期，当前底部位置，转债压制解除，市场潜力很大，重点推荐。",水木调研纪要,,1,0,426,https://wx.zsxq.com/group/88888142214212/topic/14425424181428812,data/research/updates/2026-10-07-all_views-011.csv
2026-09-21T19:58:23,2026-09,【拿下北美大客户70%正交背板订单？千亿PCB龙头胜宏科技：具体客户合作细节保密】9月21日，千亿市值的PCB龙头胜宏科技大涨，当日报收248元/股，涨幅9.23%，总市值达到2373亿元。当日有传言…,【拿下北美大客户70%正交背板订单？千亿PCB龙头胜宏科技：具体客户合作细节保密】9月21日，千亿市值的PCB龙头胜宏科技大涨，当日报收248元/股，涨幅9.23%，总市值达到2373亿元。当日有传言称：“北美大客户下单正交背板订单，胜宏拿下70%份额，谷歌TPU PCB业绩指引上调两倍。”同时还有部分关于胜宏科技下半年业绩增长的传闻流出。对此，财闻致电胜宏科技询问，接线工作人员称：“我们跟具体客户的合作细节保密，没办法讨论。”对于下半年业绩环比增长超50%等传闻数据和股价上涨情况，该工作人员表示：“公司没有对后面业绩做出预期或承诺，具体以披露的定期报告为准。”“股价影响因素有很多，今天整个PCB和科技板块都涨的还可以。”该工作人员提到。财闻注意到，胜宏科技的正交背板业务此前就受到高频关注。公司最近一次即9月15日披露的调研纪要显示，有投资者核实“胜宏在最新的正交背板测试中没有通过”的传言真实性时，公司曾回应称：“受商业政策限制，未经许可公司不便讨论具体客户名称及业务情况。”另外，胜宏科技当时还提到，公司始终与客户保持密切沟通，全力配合各代产品的研发及量产工作，单季度产品订单及出货规模受客户节奏、市场需求等多重客观因素影响。（财闻）,水木调研纪要,,1,0,429,https://wx.zsxq.com/group/88888142214212/topic/82258252414251552,data/research/updates/2026-10-07-all_views-011.csv
2026-09-21T19:58:09,2026-09,【财通策略徐近峰团队】Trump TACO or GAMBLE 指数-2026年09月18日,"【财通策略徐近峰团队】Trump TACO or GAMBLE 指数-2026年09月18日

1️⃣TACO or GAMBLE指数，今日达+1.05，较昨日小幅回落；整体看压力很大。

2️⃣标普500今日涨跌幅+0.00%；近20变化-0.04%，20日变化标准化指数+0.03，当前有一定压力。

3️⃣10年美债今日变化+0.00%；近20变化+0.25%，20日变化标准化指数+1.73，当前压力较大。

4️⃣长期通胀预期今日变化+0.00%；近20变化-0.01%，20日变化标准化指数-0.16，当前压力有限。

5️⃣特朗普支持情况今日变化+0.00%；近20变化-4.00%，20日变化标准化指数+1.00，当前压力较大。

[玫瑰]相关数据订阅欢迎联系财通策略徐近峰/张洲驰19514799774",水木调研纪要,,1,0,412,https://wx.zsxq.com/group/88888142214212/topic/14425424181421182,data/research/updates/2026-10-07-all_views-011.csv
2026-09-21T19:58:04,2026-09,【长城机械】鼎阳科技大涨点评,"【长城机械】鼎阳科技大涨点评

公司是全球极少数具有数字示波器、信号发生器、频谱分析仪和矢量网络分析仪四大主力产品研发、生产和销售能力的通用电子测试测量仪器企业。

光模块迭代后，同样产量下测试设备总市场空间至少扩大10倍，核心原因是测试时间变长。2027年1.6T光模块测试设备整体市场空间预计为200亿元。

公司1.6T采样示波器：单价约200万元，相比海外厂商是德的同类产品价格低约1/3；目前已获得客户明确测试承诺，可匹配模块厂建厂规划，2026年内会推出新品，2027年预计形成收入体量。1.6T测试设备芯片为自研，是目前国内唯一实现该类芯片自研的厂商；自研芯片流片一次可满足长期使用需求，供给相对稳定。

矢量网络分析仪：2026年已有批量订单，下游覆盖高速通信、PCB测试等领域。

长城机械 孙培德",水木调研纪要,,1,0,397,https://wx.zsxq.com/group/88888142214212/topic/55521525484524414,data/research/updates/2026-10-07-all_views-011.csv
2026-09-21T19:57:49,2026-09,曹柳龙：美债风险尚未解除,"曹柳龙：美债风险尚未解除
1⃣️ 如果油价未明显回落or特朗普中期选举失利，美债可能发生流动性冲击

2⃣️ 如果这种流动性冲击能够倒逼美联储QE，国内政策空间将彻底打开，“消费核心资产牛”有望接棒

3⃣️ 短期配置低位的地产和消费“防冲击”，待美债流动性冲击过去后，中期布局地产消费/港股互联网/黄金有色

[玫瑰]联系人：曹柳龙/缪一宁",水木调研纪要,,1,0,394,https://wx.zsxq.com/group/88888142214212/topic/14425424181421582,data/research/updates/2026-10-07-all_views-011.csv
2026-09-21T19:57:42,2026-09,AI资本开支及信用市场更新,"AI资本开支及信用市场更新
[玫瑰]AI Capex及相关信用市场更新（2026.09.21）

边际变化：1）各家企业CDS整体回升，上涨幅度0.3%-4.9%；2）30年期美债收益率5.34%，环比+0.05pct。

SpaceX（+0.44bp），微软（+0.58bp），亚马逊（+1.14bp），谷歌（+1.48bp），英伟达（+1.99bp），Meta（+2.89bp），甲骨文（+3.79bp），博通（+4.94bp）。

【光大高端制造团队】黄帅斌  / 庄晓波 / 陈奇凡",水木调研纪要,,1,0,387,https://wx.zsxq.com/group/88888142214212/topic/82258252414254882,data/research/updates/2026-10-07-all_views-011.csv
2026-09-21T19:57:28,2026-09,🔥# 恒锋工具，机器人传动件供需缺口最大的耗材，下游谐波、丝杠扩产爆单+对日替代+涨价预期，t链核心tier2。2e+业绩，50%毛利率，高度重视[抱拳],🔥# 恒锋工具，机器人传动件供需缺口最大的耗材，下游谐波、丝杠扩产爆单+对日替代+涨价预期，t链核心tier2。2e+业绩，50%毛利率，高度重视[抱拳],水木调研纪要,,1,0,383,https://wx.zsxq.com/group/88888142214212/topic/45548545212542448,data/research/updates/2026-10-07-all_views-011.csv
2026-09-21T19:57:23,2026-09,🍁🍁🍁德尔股份：主业经营α持续兑现，海外产能构筑差异化优势,"🍁🍁🍁德尔股份：主业经营α持续兑现，海外产能构筑差异化优势

🍁行业承压下主业盈利逆势改善，海外工厂构筑经营α。2026H1公司收入同比下降1.5%，但归母净利润同比增长22.9%至9500万元以上，扣非同比+115%，新能源汽车相关收入同比增长35%。公司约60%收入来自海外，#核心特点是海外本地生产、本地销售，目前美国2个工厂、墨西哥2个工厂、欧洲6个工厂，深度配套奔驰、宝马、福特、大众等全球车企。近年来公司持续优化海外经营，关闭德国高成本工厂并向低成本区域迁移，同时推进管理整合、人员优化及供应链降本，卡酷思盈利能力持续修复。

🍁股权激励强化利润改善信心。公司激励目标为2026年利润及扣非利润同比增长不低于60%，对应全年净利润约1.6-1.7亿元。在汽车行业整体承压背景下，公司依托海外业务改善及新能源产品放量，盈利中枢有望继续提升。

🍁机器人业务的核心看点同样在海外，现有工厂及客户资源有望成为业务落地的重要基础。#公司已在美国设立专门公司布局电机、执行器等机器人核心零部件，国内同步搭建机器人训练平台；第一阶段可在欧美工厂内部导入机器人、降低人工成本，成熟后再依托美国、墨西哥及欧洲现有工厂的本土供应能力和整车客户资源向外拓展。公司不是单纯从零切入机器人，而是具备海外产能、客户及工程化基础，若后续北美机器人订单取得实质突破，有望打开新的成长及估值空间。",水木调研纪要,,1,0,383,https://wx.zsxq.com/group/88888142214212/topic/45548545212545118,data/research/updates/2026-10-07-all_views-011.csv
2026-09-21T19:57:07,2026-09,浙商大制造 邱世梁丨顾淳晖 【继峰股份】盘中涨停，公司业绩确定性强，守得云开见月明!,"浙商大制造 邱世梁丨顾淳晖 【继峰股份】盘中涨停，公司业绩确定性强，守得云开见月明!

[太阳]26H1：归母3.65亿元（yoy+137%），扣非归母3.08亿元（yoy+63%）
26Q2：归母2.33亿元（yoy+372%）

[太阳]与灵心巧手合作：灵心巧手为灵巧手领军企业，26M2完成15亿元B轮融资，已实现腱绳、直驱、连杆等技术路线全覆盖，月产千台高自由度灵巧手，2026年交付目标5-10万台。

[玫瑰]乘用车座椅：自主座椅龙头标的，受益于中高端国产替代与第三方化率提升：
（1）中高端国产市占率提高：中高端座椅利润空间大，公司是自主中高端龙头，将显著受益。
（2）第三方化率提高：美洲与EMEA地区四大第三方座椅供应商市占率均超80%，我国仅为38%，提升空间大。
（3）公司在手定点较多：截至25年底累计获27个定点，生命周期总销售额超1000亿元等。

风险提示：海外座椅工厂进展不及预期，股东减持风险等

[發]具体细节，欢迎联系浙商大制造邱世梁/顾淳晖15800815025",水木调研纪要,,1,0,380,https://wx.zsxq.com/group/88888142214212/topic/22258252414258181,data/research/updates/2026-10-07-all_views-011.csv
2026-09-21T19:57:02,2026-09,强烈看好弹性小票迅捷兴+威尔高+超声电子,"# 强烈看好弹性小票迅捷兴+威尔高+超声电子

[烟花]1、迅捷兴（业绩预期更新）：# Q3业绩3000-4000万元、今年业绩1-1.5亿。RCC材料如若通过NV验证则能在明年Q1正式应用放量，考虑其月产值2亿元，满产10个月+40%净利率，可算出8e利润弹性。明年整体业绩上限看10亿元，新材料逻辑给予25-30x估值，250-300亿目标市值。
2、威尔高：一次电源Rubin PCB全球龙头，# Q3业绩有望实现1-1.5亿元、Q4利润有望触及2e，27年订单预期50e+，15-20%净利率估算7.5-10亿利润，小而美的电源PCB市场小龙头，给予30x估值，225-300e目标市值。
3、超声电子：#8月单月利润高企、Q4有望实现4亿+业绩，CCL持续涨价+PCB顺价顺利，叠加光模块PCB持续推进，公司27年业绩年化可展望20亿，当前估值10倍不到，实属三线PCB业绩链中性价比极高的选择。

# 持续关注有边际变化的主线公司景旺+方正
1、景旺电子：# Q3业绩有望实现9-10亿元，mSAP PCB+AI PCB顺利放量，27年业绩看50-60亿，目标市值1500亿，当前仍是一线PCB公司中边际变化显著+可持续性强+Q3业绩亮眼的选择。
2、方正科技：# Q3业绩有望实现6-7亿元，mSAP PCB业务占比持续提升，AI PCB顺利导入Rubin，27年业绩看35亿，目标市值900亿，同属有重大边际变化的AI PCB新起之秀。",水木调研纪要,,2,0,399,https://wx.zsxq.com/group/88888142214212/topic/45548545212548188,data/research/updates/2026-10-07-all_views-011.csv
2026-09-21T19:56:46,2026-09,周一舆情热度：,"周一舆情热度：

①创新药-今年以来中国创新药对外授权交易总额突破1200亿美元中国今年批准上市创新药59个。（华仁药业、南华生物、百花医药、瑞康医药、诺禾致源、C信诺维、近岸蛋白等）

②华字辈-2026年9月21日A股市场再次炒起“字”，带”华“字个股大面积涨停。（华仁药业、新华传媒、南华生物、华阳变速、长光华芯、新华医疗、新华百货、华大海天等）

③房地产-国家统计局数据显示，8月一线城市新建商品住宅销售价格同比降幅比上月收窄0.2个百分点至0.9%。（世联行、绿地控股、我爱我家、华发股份、金融街、深华发A等）

④泛消费-商务部称，1-8月，社会消费品零售总额增长1.1%除汽车以外消费品零售额增长2.7%6。（国芳集团、会稽山、大连圣亚、新华百货、泰慕士、华阳变速等）
⑤低价股-近日，低价股掀涨停潮，部分活跃资金聚焦低位低价股；（华仁药业、华阳变速、华英农业、华发股份、华丽家族等）

⑥半导体芯片-韩国半导体零部件供应严重短缺、交货周期拉长，有设备商或要等40个月。（华软科技、长光华芯、博通集成、诚邦股份、新亚制程、金溢科技等）",水木调研纪要,零售,1,0,377,https://wx.zsxq.com/group/88888142214212/topic/55521525484521424,data/research/updates/2026-10-07-all_views-011.csv
2026-09-21T19:56:41,2026-09,【中泰电新】# 振江股份：卡位欧洲四大整机龙头，“零部件—组装—铸造—海工”整合推进,"【中泰电新】# 振江股份：卡位欧洲四大整机龙头，“零部件—组装—铸造—海工”整合推进

# 公司基于领先的客户渠道卡位，从给客户提供单一零部件，到逐步拿到欧洲头部客户风机组装业务卡位，再同步导入其他新增风电品类、持续打开空间

# 第一阶段主要给欧洲西门子等风机企业销售定转子等各类风电零部件，一年25亿收入2亿左右业绩

# 第二阶段风机组装正在兑现：西门子海上风机14MW组装从去年底逐步交付，Nordex Q2也开始交付，两者在手框架订单可达200E。同时，Vestas+Enercon框架基本定好，Vestas8月落地、Enercon未来4年120E框架，进一步贡献增量

# 第三四阶段—风电铸件、海上塔桩加快推进：
# 基于风机组装的卡位优势，公司继续导入此前没做的铸造主轴、轴承座等铸件。全球5-6家头部公司全部认证推进中，规划20万吨产能，后续2-3年陆续释放利润
# 基于在欧洲和风机及业主长期合作，商务和渠道关系很深，后续有望给业主供应塔桩产品。目前已获越南项目海塔订单，系中电建在越南唯一供应商，27年贡献利润；同时，单桩产品也与沃旭等业主陆续报价

# 投资建议：公司零部件主业稳定受国内装机波动的影响小；公司卡位欧洲四大整机龙头，风机组装业务放量，26全年经营利润预计呈逐季向上态势；同时，公司产业链延伸至风电铸造以及海工领域，进一步释放业绩弹性。持续推荐

📩风险提示：需求不及预期、竞争加剧等",水木调研纪要,,1,0,352,https://wx.zsxq.com/group/88888142214212/topic/82258252414258212,data/research/updates/2026-10-07-all_views-011.csv
2026-09-21T19:56:28,2026-09,HVDC电源维谛专家交流信息探讨9.21,"HVDC电源维谛专家交流信息探讨9.21
听了维谛专家的交流，感觉目前市场有几点信息存在落差，以HVDC目前的推进进度，相信也很快得到印证。

以维谛专家的口径：

1、市场认为HVDC28年才有订单，但实际上是26年第四季度就有，台达维谛麦米都会有小批量订单。这里如果麦米系统内可以印证Q4小批量订单，基本也能证明HVDC量产的进度应该比市场认可的要快，26年底小批量，27年大批量生产预期。

2、市场认为麦米是RUBIN二供，但实际上一供是台达二供是维谛，一般来说一供60-70%份额，二供20-30%份额，三供5-10%。台达同时布局电源和系统，在PSU市场成本优势更突出；维谛优势在于系统领域，未来系统端份额预计更高。

3、市场认为RUBIN大部分是采用415V电源，但实际上RUBIN电源90%的份额采用HVDC。英伟达Rubin机型单机柜功率达240千瓦，单模组可达4.2兆瓦，对应电流达6300安培，已触及交流低压元件的电流承载极限，800V HVDC成为必然技术路线。这不是选项是刚需。

4、Rubin阶段处于交直流切换期，早期批次约10%-20%使用交流供电，80%-90%切换为直流供电；到Rubin Ultra阶段将实现全直流800V供电。当前800V CE认证已完成，北美UL认证在立项和标准制定阶段，将边推进边完善规范。（这里补充个个人验证，HVDC检测设备UL认证已通过，目前在订单落地中。）

5、第一批次直流模块总体订单金额预计约30亿美金，维谛公司预计三年可获得设备订单金额约20-25亿美金，目前确定性订单以头部厂商为主，订单落地节奏完全取决于北美客户的建设规模和下单速度。

6、北美市场高压直流产品毛利率保底40%起步，显著高于国内HVDC产品10%左右的毛利率，也高于国内UPS产品20%-30%的毛利率，与海外UPS产品45%左右的毛利率接近。

7、行业延展关注方向

• 锂电需求爆发：供电系统向兆瓦级升级，传统铅酸电池并机数量多、密度低，无法满足需求，锂电池在海外市场呈现5-10倍的增长，且锂电池价值量通常高于电源本身。

• 小母线需求提升：AI机柜功率密度提升，传统列车位配电无法满足需求，高密度小母线（Busway）应用将快速增长，价值量不低于HVDC。

• 电网仿真与微网领域：供电系统从单个电",水木调研纪要,,2,0,359,https://wx.zsxq.com/group/88888142214212/topic/82258252414258282,data/research/updates/2026-10-07-all_views-011.csv
2026-09-21T19:56:19,2026-09,【集智股份】推荐！,"【集智股份】推荐！

1、公司简介：AI机柜内部空间紧凑程度提升，对柜内液冷零部件的精确度要求更加严格，#液冷服务器运行过程中普遍出现盲插接口错位、液体渗漏问题。例如#大Manifold 直线度和平整度；# 不锈钢波纹管  与QD接头处；# 冷板  表面形状等。公司是目前❗️行业内可以做到的精度最高（1um）的矫直设备企业，与台湾头部散热厂商，国内代工产业链均已开展合作。

2、❗️核心逻辑：
1）高功率机柜对零部件精度的要求大幅提升；
2）精度提高、设备asp提升：传统行业矫直机价值量40w/台，液冷目前已经提升到65-70w/台
3）产品迭代或不同型号，矫直机同步迭代：每一代产品迭代需要配合新的矫直机，不同机柜需要的矫直机也不同，属于定制化产品。

2、基础假设：
2027年液冷市场空间3000亿→manifold~300亿/需求量60万根，不锈钢波纹管~100亿/需求量3500万根，冷板~630亿/需求量3600万块。
1）Manifold-矫直机：四道工序校验总时长60-80min/根、8-10根/天，年化设备需求~200台。
2）不锈钢波纹管-矫扭机：检测节拍10-15min/1根、80-100根/天，年化设备需求~1200台。
3）冷板-矫型机：检测节拍4-5min/1块、180-200块/天，年化设备需求~600台。

4、空间测算：
1）考虑：检测良率90%+扩产冗余1倍，液冷矫直机年化总需求~4500台，平均单台asp 60w，净利率40%，10.8亿利润空间。
2）假设公司份额50%，对应~5-6亿利润、给25xPE，对应125-150亿市值，叠加主业27年40亿，整体看175-190亿，当前市值76亿。

🌹近期与【集智股份】有深度交流，需求爆发背景/矫直机应用场景/技术细节/产能规划/客户情况等，感兴趣的领导欢迎私戳交流！",水木调研纪要,,1,0,334,https://wx.zsxq.com/group/88888142214212/topic/14425424181425512,data/research/updates/2026-10-07-all_views-011.csv
2026-09-21T19:56:04,2026-09,GS地产：9.21地产大涨,"GS地产：9.21地产大涨
[太阳]市场在传什么政策？
市场在传小作文主要有三：
1、公积金利率降10bps（递上去了，能不能批看情况）
2、财政部贴息（已经传了好几次了、好几次）
3、救助万科（银行贷款展期和完全的救助之间是有壁的）
其余就是发文、专家会等等情绪面烘托
[太阳]市场在炒什么？
驱动不是基本面，而是按照惯例的政策博弈。这个时间点小作文多变，本质上是博弈”930“出大政策的一个惯性。那为什么资金能炒起来呢？因为地产的机构持仓很低，拉升阻力不是很大，配合消息传播的拉升是最快的方式。所以，定位上仍然是反弹而不是反转。",水木调研纪要,,1,0,328,https://wx.zsxq.com/group/88888142214212/topic/55521525484521214,data/research/updates/2026-10-07-all_views-011.csv
2026-09-21T19:55:59,2026-09,[红包]【中信互联网】腾讯控股深度跟踪报告_AI应用其势已成，价值重估其时渐近,"[红包]【中信互联网】腾讯控股深度跟踪报告_AI应用其势已成，价值重估其时渐近

[礼物]报告链接：#小程序://研究服务/qiOkjIdbYfqR2hs

[咖啡]报告缘起：模型降价，Muse初露锋芒，看好AI应用领域腾讯生态价值释放。API调用价格大幅下行，模型使用门槛持续降低，行业竞争重心从底层模型能力转向应用层落地。应用端，办公智能体Harness成为模型落地核心入口，WorkBuddy位列国内首位，依托生态与数据优势持续巩固龙头地位。同时，Meta Muse产品体验超预期，对标来看，腾讯“微信小微”具备更强的生态壁垒，产品落地与长期商业价值潜力突出，有望驱动公司价值重估。

[咖啡]模型迭代：聚焦实用价值，追赶超预期。混元模型，8月发布Hy4 preview，跻身开源模型第一梯队，内部盲测表现优于GLM 5.3、Kimi K3，追赶进度超预期。预计Hy4正式版26Q4上线，27H1 Hy5持续迭代。微信WeLM模型，自研WeLM-617B（23B激活）MoE架构模型推进研发，通用理解与推理能力升级，将落地微信复杂场景，完善微信小微能力体系。

[咖啡]主业应用：游戏、广告显著提效，经营杠杆持续释放。AI+游戏：短期AI赋能研发提效；中期玩家体验革新；长期AI游戏新形态可期。AI+广告：落地AI产品全家桶，近一年来AI贡献20%增速中约一半增长，拉动腾讯广告市占率达20%（YoY+2pcts）。AI+金融科技：提升运营效率，降低金融风险。综上，AI赋能主业显著释放经营杠杆，为新AI产品长期发展贡献现金牛，26Q2剔除新AI产品腾讯实现Non-IFRS经营利润率42%（YoY +2.8ppts）。

[咖啡]ToB&P应用：深耕高附加值业务，商业兑现有望加速。ToB云业务：26Q2收入同比增长超20%；TokenHub支持多主流大模型调用及弹性计费，预计2027年Token日消耗量突破50万亿，增量空间广阔。ToP效率智能体领域，核心产品WorkBuddy增长强劲，2026年6月访问量达2097万，依托开放平台布局Agent OS赛道。目前WorkBuddy付费业务、MaaS业务毛利率已趋近传统云业务，弹性充足，中性测算WorkBuddy年收入规模有望达540亿元。

[咖啡]ToC应用：微信Agent是最具潜力的超级AI入口，TAM万亿规模。近期微信Agent小微已开启灰度测试，构筑五维稀缺竞争壁垒：1）流量。2）生态。3）Context。4）社交图谱。5）支付。当前阶段，模型能力是决定微信Agent产品落地成效的核心变量，仍需持续优化。中长期展望，我们预计在C端消费场景，微信Agent的TAM在万亿规模。

[太阳]投资策略：我们看好公司核心竞争力的持续释放：1）混元模型实用性能力持续提升，模型价值有望重新定价；2）基于腾讯生态积累的Context优势，公司在Agent真实落地中具备独特壁垒；3）腾讯AI商业化有望遵循“内部提效—B/P端付费—C端交易闭环”的渐进路径，其中微信Agent超级入口的价值弹性可期，高附加值ToB&P业务也将带动AI投入ROI逐步兑现。维持“买入”评级。

[玫瑰]欢迎联系中信证券互联网团队",水木调研纪要,,1,0,330,https://wx.zsxq.com/group/88888142214212/topic/45548545212544118,data/research/updates/2026-10-07-all_views-011.csv
2026-09-21T19:55:45,2026-09,【中泰电子&机械丨联讯仪器】：回调无忧，坚定看好！,"【中泰电子&机械丨联讯仪器】：回调无忧，坚定看好！

[红包]今日联讯回调幅度较大，市场担忧8月海关“其他示波器”出口额环比下滑（2.98亿元，环比下滑21%）。我们认为无需担心，业绩趋势不变，坚定推荐：

1️⃣8月海关数据系出口结构变化。7月海外订单基本由国内发货，计入海关出口统计，8月开始，部分海外订单切换至海外基地发货，不纳入国内海关数据，这是8月海关“其他示波器”金额环比变化主要因素。公司订单和业绩趋势并未改变。

2️⃣核心推荐观点再重申：
①半导体：18G FT测试机在存储大厂验证顺利，预计26-27年放量；soc测试机自研ASIC芯片，且专门针对GPU测试研发设备，放量可期；
②光通信：光芯片KGD设备市占率超50%，订单持续高增；1.6T示波器全球领先，正迎爆发增长，2.4t下月给客户送测，3.2t随后推出；CPO测试环节全覆盖，其中OE环节，测试效率较行业平均水平提升2倍，正对接全球头部客户。

[玫瑰]欢迎交流公司具体情况~

[闪电]风险提示：市场拓展进度不及预期",水木调研纪要,,1,0,327,https://wx.zsxq.com/group/88888142214212/topic/14425424181422822,data/research/updates/2026-10-07-all_views-011.csv
2026-09-21T19:54:58,2026-09,【国金电新】Bloom Energy正式纳入标普500，Meta 1.2GW项目开工，SOFC产业落地加速_260921,"【国金电新】Bloom Energy正式纳入标普500，Meta 1.2GW项目开工，SOFC产业落地加速_260921

[太阳]Bloom Energy于今日开盘前纳入标普500指数，替代Molson Coors。纳入后将被全球被动指数基金及ETF强制配置，SOFC龙头进入主流资本市场视野。

#Meta#  Project Phoenix 1.2GW项目开工。位于宾夕法尼亚州Shippingport的2GW数据中心园区由Aligned Data Centers开发，Meta为核心租户，已于9月10日正式动工。项目采用自有现场电源而非电网供电，RBC与Mizuho均指向Bloom Energy为其SOFC供应商。据监管材料，项目计划配置约1.2GW Bloom SOFC。

#800V#  DC原生架构获系统性验证。9月16日，BE发布《The New Rules of AI Power》报告，量化800V DC-native架构优势——1GW AI数据中心可减少非计算CAPEX约36亿美元（-27%），5年TCO减少55亿美元（-9%），同时消除变压器、开关柜及部分AC/DC转换设备需求。

我们认为SOFC在AI缺电的刚性叙事下已成为核心方向。 BE是当前唯一拿到美国AI数据中心SOFC规模化订单的企业，是这条链上最快兑现业绩的公司。Meta Project Phoenix开工标志着BE客户覆盖从Oracle、AEP进一步扩展至Meta体系。#聚焦增长最快、能兑现业绩的BE及其供应链是当前SOFC赛道确定性最强的策略。

#BE供应链逻辑将逐步强化、首推振华股份。公司已打入BE供应链，卡位优势显著。银河20万吨铬盐项目被叫停后，行业新增供给高度集中于振华，叠加SOFC需求持续落地+收储，铬盐及金属铬价格弹性可期。

[玫瑰]投资建议： 振华股份（金属铬）、春晖智控（温度控制器）、三环集团（电解质隔膜）、德昌电机（连接体）、壹连科技（电连接组件）、京泉华（磁性器件）等。

联系人：姚遥/唐雪琪

🔗振华深度：【国金电新】振华股份：铬盐全球龙头，卡位SOFC上游核心资源环节，景气大周期开启
🔗SOFC深度：【国金电新】电力缺口催生刚性替代，SOFC跃升为AI数据中心电源新标配",水木调研纪要,,1,0,326,https://wx.zsxq.com/group/88888142214212/topic/14425424181544212,data/research/updates/2026-10-07-all_views-011.csv
2026-09-21T19:53:53,2026-09,🔥【国联民生电子】华为超节点搭配npo出货,"🔥【国联民生电子】华为超节点搭配npo出货

🚀9月17日，华为在2026年9月17日的全联接大会上发布了昇腾960超节点（产品型号Atlas 960E），#首次在超节点中采用近封装光学（NPO）技术，取代传统可插拔光模块。

📌整机采用5,500个自研Hi-ONE光引擎，替代原本所需的4.8万只800G可插拔光模块，总容量达39.6 Pbps（可插拔方案为38.4 Pbps），实现超节点内可插拔光模块数量“归零”。

📌采用线性直驱，移除光引擎内高功耗DSP芯片，将均衡功能整合至主芯片SerDes，时延从100 ns降至10 ns。#光源内置（耐高温高可靠CW激光器），引擎支持单独更换，系统级光路保护切换达百纳秒级。

[玫瑰]我们认为：我们在光博会中了解到：1）明年国内800G和1.6t开始起量。2）#国内NPO进展快于海外，但是明后年海外量级更大；根据nv的新架构，#可以推算出明年nv至少200w只的量，叠加META、AWS等NPO方案，总体预期在500-1000w只，后年放量。3）#NV的NPO方案目前大概率也是选择内置光源，建议持续关注散热和NPO进展。

[玫瑰]建议持续关注：
NPO：华工科技、光库科技、源杰科技、长盈通、联讯仪器、中际旭创、优迅股份
CPO：天孚通信、炬光科技

风险提示：扩产节奏不及预期，产业竞争加剧

☎ 国联民生电子薛宏伟/袁妲",水木调研纪要,,1,0,332,https://wx.zsxq.com/group/88888142214212/topic/55521525484152154,data/research/updates/2026-10-07-all_views-011.csv
2026-09-21T19:20:12,2026-09,AlphaSense专家访谈纪要，AMD高级软件系统设计师，谈SK海力士的HBM领先地位及其长期挑战,"AlphaSense专家访谈纪要，AMD高级软件系统设计师，谈SK海力士的HBM领先地位及其长期挑战

（关于中国厂商良率的评价可能过于悲观了）

专家视角：客户方（AMD，高级软件系统设计师）
分析师视角：买方机构投资者

 要点：

- SK海力士之所以能够在HBM领域取得领先，是因为它率先完成了HBM3/HBM3E的商业化落地，并且与英伟达开展深度联合认证；并非本身拥有一套根基性、难以撼动的技术优势。

- 在通用服务器DRAM以及传统存量DRAM市场上，三星凭借规模与产能依旧是实力更强的厂商；LPDDR赛道上三星、SK海力士、美光三家形成实打实的三方竞争格局。

- 至少到2028年，HBM市场仍将处于供给紧张的状态，三星、SK海力士、美光三家寡头的格局仍将维持；长鑫存储与长江存储大约要到2028‑2029年之后，才会在全球范围内形成有威胁的竞争力。

- 长鑫现阶段HBM裸片良率低于行业三巨头的60‑65%水平，悲观的预估不足30%；主要瓶颈在于硅通孔互连技术以及芯片键合工艺

- 如果SK海力士将晶圆产能转向HBM生产，有可能造成传统DRAM与LPDDR的供货收紧；前提是海力士不新增采购设备，而是直接改造现有产线。

- SK海力士面临的最大隐患在于业务集中风险：大约50%的HBM收入来自这一轮AI超级景气周期；扩产同时还会受到设备交付周期长、封装工程人才紧缺的制约。

- 和英伟达这类客户开展更深层次的联合设计，一方面降低了HBM的大宗商品属性，巩固了SK海力士的竞争护城河；但另一方面，也加深了它对少数云厂商、AI加速器客户的业务依赖。

SK海力士的HBM行业地位

这位专家认为，SK海力士的优势来源于较早完成产品认证，并且和英伟达形成紧密的反馈迭代闭环；这一点进一步帮助企业拿到了更好的良率，并且在一代代HBM产品迭代过程当中锁定客户。

“SK海力士过去的优势来自较早完成产品认证以及量产成熟度；这并不是一项永久性的技术优势。”

没有哪家厂商拥有与生俱来、可以永久保持的技术优势。各家厂商的领先只是局限于特定产品世代；究竟哪家供应商率先完成对应标准的大规模认证（例如HBM4、DDR6）才是关键。客户后续也有可能根据供货情况、产品路线规划、报价，或是某一代产品的功耗、散热表现转而选择三星或者美光。

传统DRAM与LPDDR

撇开HBM业务不谈，凭借庞大的产能规模，三星在通用服务器DRAM以及传统存量DRAM领域明显处于领先地位；该专家认为SK海力士在未来五年之内很难追上这部分差距。与之形成对比的是LPDDR市场。随着包括英伟达Vera Rubin系统在内越来越多的服务器平台开始采用低功耗内存，LPDDR赛道是实打实的三方竞争市场。

中国厂商

长鑫存储可以视作通用DRAM与LPDDR市场当中一位实力不容小觑、报价富有进攻性的第四家供应商。现阶段它还无法在HBM赛道形成有力竞争；难点在于大规模量产条件下掌握硅通孔（TSV）互连以及裸片键合技术。

“我的猜测是长鑫存储的HBM裸片良率不到30%”，而行业三巨头的良率预估为60‑65%。

产能、约束条件以及风险

扩张HBM产能，需要和传统DRAM、LPDDR争夺相同的前端半导体生产设备。因此，如果激进地扩大HBM产能建设，又没有额外投入新的设备资本、只是改造原有旧产线，就有可能造成其他存储产品供货紧张。光刻设备漫长的交付周期，再加上中国台湾以外地区封装工程人才缺口，进一步加大了扩产的难度。

“倘若SK海力士退出LPDDR赛道……三星就将形成垄断。”

该专家提出的核心风险观点：SK海力士大约一半的HBM营收来自本轮AI驱动的景气上行；而历史上这类由AI催生的需求周期本身就存在放缓回落的可能性。与此同时，它与英伟达等客户开展深度联合设计是一把双刃剑：既加固了SK海力士的竞争护城河，也让它更加深度依赖这部分客户。",水木调研纪要,,1,0,389,https://wx.zsxq.com/group/88888142214212/topic/55521525485852844,data/research/updates/2026-10-07-all_views-011.csv
2026-09-21T19:02:35,2026-09,【中信新材料/电子】立昂微调研更新20260921,"【中信新材料/电子】立昂微调研更新20260921

【硅片】
价格：第一波涨价在7月开始体现了一部分，8月开始明显体现，预计10.1进行今年第二波涨价，Q3产出环比也有提升，Q3业绩环比增长会比较显著。
订单和客户：低电阻率硅片交期3-4个月，订单饱满可以挑选客户，价格优先。重掺有望切入欧洲功率大厂，12英寸轻掺外延供应上海积塔和芯联集成，台积电来找过公司探讨测试片供应。
产能：12英寸重掺通过技改新增3万片/月达到18万片/月，明年春节前15万片/月新产线拉通开始逐步爬坡；12英寸轻掺15万片/月（8万片/月外延）预计年底或者明年初满产，20万片/月（12万片/月外延）新产能未来两年逐步落地。

【功率】
10.1也会涨价，预计全年毛利率超去年，预计明年一季度碳化硅MOS量产。

【化合物半导体】
光通信VCSEL配合H做机柜内方案验证。
——————————————
中信证券新材料
李超/郭柯宇15811531856/陈旺/俞腾/何鑫圣/陈健/杨博钧",水木调研纪要,,1,0,366,https://wx.zsxq.com/group/88888142214212/topic/22258252412221841,data/research/updates/2026-10-07-all_views-011.csv
2026-09-21T18:04:23,2026-09,近一周公募基金大幅加仓的行业有：电新 交运 有色 医药 机械 石油石化,"近一周公募基金大幅加仓的行业有：电新 交运 有色 医药 机械 石油石化

其中电新 交运 有色 已经连续出现加仓

近一周公募基金大幅减仓的行业有：钢铁 电子 食品饮料 煤炭 非银金融 建材

其中煤炭 食品饮料 建材已经连续出现减仓",水木调研纪要,,1,0,426,https://wx.zsxq.com/group/88888142214212/topic/55521525481815524,data/research/updates/2026-10-07-all_views-011.csv
2026-09-21T17:44:47,2026-09,【天风电子】#高凯技术：半导体零部件最缺环节（全球龙头日本厂商Horiba断供、公司为国内供应链首选！！！），MFC国产龙头加速放量，布局真空类打开成长天花板，#近期月度订单环比大幅增长也在反应下游设…,"【天风电子】#高凯技术：半导体零部件最缺环节（全球龙头日本厂商Horiba断供、公司为国内供应链首选！！！），MFC国产龙头加速放量，布局真空类打开成长天花板，#近期月度订单环比大幅增长也在反应下游设备厂厂商开始大批量采购

[玫瑰]MFC国产化率极低，紧缺下替代加速
-- 以MFC为代表的流体控制部件是小而精的半导体零部件赛道，#初步估算当前国内市场60-80亿、未来有望成长到150亿的市场，市场主要由Horiba（60%份额）、MKS、Brooks等垄断。其壁垒高，具备稳定规模量产能力的国产厂商稀缺，#国产化率不足5%。
-- 公司21年推出首款国产自主研发的半导体级压电式MFC，陆续通过国内头部设备厂商及晶圆厂等客户验证并批量供货，在出口管制催化下持续快速放量。公司部分产品可用于7nm及以下先进制程，主要性能指标达到甚至部分优于国际龙头，#技术和规模在国内厂商中占据优势地位。#
-- 今年以来半导体扩产高景气，#MFC等产品极度紧缺、出现涨价，成为设备交期拉长的核心瓶颈零部件之一。下游客户加速验证、采购国产零部件，公司作为国产龙头预计加速放量增长。

[玫瑰]拓展真空类业务，布局第二增长曲线
#公司开发磁悬浮涡轮分子泵、真空阀等真空类零部件，不同产品已处于中试、小批量阶段。其市场规模更为可观，24年国内真空类零部件市场103亿元，未来有望达到200亿的市场空间，且磁悬浮分子泵和真空阀同样国产化率极低，随着公司产品有序验证放量，有望成为第二增长曲线。
内容来自金斧头
当前半导体扩产大周期，零部件为紧缺瓶颈环节，MFC紧缺程度较深，且国产化率低、盈利能力高，最新月度订单持续创新高，未来还将持续快速增长，#我们判断公司3-4年将达到30亿收入体量、净利润达到12亿，#中长期看有望在150亿的MFC市场拿到30-40%份额叠加分子泵&真空阀200亿市场中拿到15%份额、总计70亿收入、35%净利率、25亿净利润，#600亿中长期市值目标，建议积极关注国产龙头#高凯技术。",水木调研纪要,,2,0,418,https://wx.zsxq.com/group/88888142214212/topic/22258252418455221,data/research/updates/2026-10-07-all_views-011.csv
2026-09-21T17:44:33,2026-09,【中信电子】AI PCB量价双增逻辑持续，传统涨价利润弹性释放，持续推荐,"【中信电子】AI PCB量价双增逻辑持续，传统涨价利润弹性释放，持续推荐

1）短期业绩动能强劲：AI PCB领域，H2以来Rubin/Trainium 3已开始大规模拉货，TPU v8拉货则有望于Q4启动，同时PCB端良率和产能稳步推进，业绩增长斜率有望提升；传统PCB领域，具备拿料能力的厂商6-8月集中提价20%+，涨价节奏提升，26Q3起盈利能力有望大幅改善。#我们看好26Q3/4头部PCB公司的业绩增长动能。

2）中长期供需紧张延续，PCB业绩高增能见度提升：需求端持续上修，英伟达Rubin ultra PCB方案逐步清晰，ASP显著增长，M9/超高多层渗透提升，PTFE+热固材料混压方案进展顺利，有望率先在SwitchTray落地，正交背板应用存在超预期机会；谷歌TPU、AWS等出货量亦在持续上修，v9/T4 PCB升级持续，同时国产算力也在迎来加速放量期；供给侧仍偏紧，当前核心钻机、曝光机、电镀等设备交期持续拉长，新接订单已排至2年后，短期产能增长斜率受限。#我们认为中期维度供给产能强约束将延续，PCB高增能见度持续提升。

3）传统CCL涨价趋势延续，AI CCL加速放量。传统CCL领域， 8月最新提价已于9月开始落地执行，当前PCB顺价通畅，CCL厂商涨价诉求较强，我们判断供需持续紧张下后续传统CCL涨价趋势有望延续，26Q3起相关厂商利润有望加速释放。AI CCL领域，当前海外算力景气仍高企，CCL层面核心物料缺货，同时海外头部CCL厂商产能供应紧张，国产CCL迎来加速放量机遇，同时2026年起国产算力PCB/CCL需求有望强劲增长，国产AI CCL头部厂商有望深度受益。当前国产AI CCL出货节奏持续超预期，我们看好未来国产厂商AI CCL加速释放利润。

4）载板化趋势加速，载板、mSAP景气周期进一步拉长。载板领域，国产BT载板有望随产能释放加速释放利润，而ABF载板良率和产能蓄势待发，26H1已完成众多核心客户及产品导入，26H2有望迎来全面起量。类载板领域，高端光模块/mSAP PCB紧缺延续，量价双增驱动下2027年mSAP PCB需求有望激增，#我们判断2027年mSAP行业仍将维持供需紧张状态，相关公司业绩有望高斜率释放。

投资结论：我们看好行业景气周期的持续性，短期受益于AI的迭代放量及传统领域的涨价，26H2业绩有望表现强势；中长期则有望受益于PCB工艺/材料迭代升级，ASIC、载板、mSAP、PTFE等细分方向均有望实现超额增长。其中建议关注以下投资主线：

1）AI PCB/CCL龙头公司：短期业绩表现强劲+中期业绩高增能见度提升，重点推荐：【沪电股份、深南电路、生益科技、景旺电子、兴森科技】，建议关注【广合科技】；

2）此前传统业务占比较高、业绩承压的公司，随年中涨价传导，26H2有望迎来业绩明确反转，同时AI预期有望进一步强化，建议关注：【世运电路、奥士康、崇达技术、迅捷兴、四会富仕】等；

3）受益于CCL持续涨价落地，业绩释放有望超预期，建议关注：【南亚新材、金安国纪、华正新材】。

#其他公司变化情况欢迎联系交流#
欢迎联系 中信电子
 其他公司变化情况欢迎联系交流",水木调研纪要,,1,0,434,https://wx.zsxq.com/group/88888142214212/topic/14425424185488152,data/research/updates/2026-10-07-all_views-011.csv
2026-09-21T17:44:06,2026-09,[礼物]台达电子交流更新——260921,"[礼物]台达电子交流更新——260921

1️⃣业绩释放进入加速阶段
根据公司近期电话会议交流预计，26Q3公司营收将环比增长10%；且26Q4/27Q1将继续加速业绩释放。近期的PSU召回事件损失将由供应商承担，且替换供应商已推进落地；召回事件再次验证AI电源技术难度及进入壁垒较高。

2️⃣短期材料涨价可传导、长期将受益于经营杠杆
短期看，原材料短缺导致涨价或将持续至27H1，台达已于9月对部分产品提价，26Q4将传导大部分成本上涨压力，验证总装单位议价能力；长期看，台达毛利率将稳定，净利率将受益于经营杠杆。

3️⃣Rubin ultra的HVDC渗透率将提升至100%
±400V于9月开始生产，Q4出货交付；26年订单履约率可能只有50%，需求旺盛供不应求。Rubin Ultra受功率密度限制，公司明确将100%普及HVDC侧挂柜。

4️⃣SOFC试点生产顺利推进
SOFC生产按计划推进，台达预计27年重点为良率和成本优化，28年技术路径及落地将更加明确。

[玫瑰]持续重点推荐AI电源板块：新雷能、中富电路、宗申动力、威尔高

☎ 欢迎联系【国联民生军工团队】吴爽/叶鑫",水木调研纪要,,1,0,408,https://wx.zsxq.com/group/88888142214212/topic/55521525481588184,data/research/updates/2026-10-07-all_views-011.csv
2026-09-21T17:43:29,2026-09,AlphaSense专家访谈纪要，AMD高级软件系统设计师，谈SK海力士的HBM领先地位及其长期挑战,"AlphaSense专家访谈纪要，AMD高级软件系统设计师，谈SK海力士的HBM领先地位及其长期挑战

（关于中国厂商良率的评价可能过于悲观了）

专家视角：客户方（AMD，高级软件系统设计师）
分析师视角：买方机构投资者

 要点：

- SK海力士之所以能够在HBM领域取得领先，是因为它率先完成了HBM3/HBM3E的商业化落地，并且与英伟达开展深度联合认证；并非本身拥有一套根基性、难以撼动的技术优势。

- 在通用服务器DRAM以及传统存量DRAM市场上，三星凭借规模与产能依旧是实力更强的厂商；LPDDR赛道上三星、SK海力士、美光三家形成实打实的三方竞争格局。

- 至少到2028年，HBM市场仍将处于供给紧张的状态，三星、SK海力士、美光三家寡头的格局仍将维持；长鑫存储与长江存储大约要到2028‑2029年之后，才会在全球范围内形成有威胁的竞争力。

- 长鑫现阶段HBM裸片良率低于行业三巨头的60‑65%水平，悲观的预估不足30%；主要瓶颈在于硅通孔互连技术以及芯片键合工艺

- 如果SK海力士将晶圆产能转向HBM生产，有可能造成传统DRAM与LPDDR的供货收紧；前提是海力士不新增采购设备，而是直接改造现有产线。

- SK海力士面临的最大隐患在于业务集中风险：大约50%的HBM收入来自这一轮AI超级景气周期；扩产同时还会受到设备交付周期长、封装工程人才紧缺的制约。

- 和英伟达这类客户开展更深层次的联合设计，一方面降低了HBM的大宗商品属性，巩固了SK海力士的竞争护城河；但另一方面，也加深了它对少数云厂商、AI加速器客户的业务依赖。

SK海力士的HBM行业地位

这位专家认为，SK海力士的优势来源于较早完成产品认证，并且和英伟达形成紧密的反馈迭代闭环；这一点进一步帮助企业拿到了更好的良率，并且在一代代HBM产品迭代过程当中锁定客户。

“SK海力士过去的优势来自较早完成产品认证以及量产成熟度；这并不是一项永久性的技术优势。”

没有哪家厂商拥有与生俱来、可以永久保持的技术优势。各家厂商的领先只是局限于特定产品世代；究竟哪家供应商率先完成对应标准的大规模认证（例如HBM4、DDR6）才是关键。客户后续也有可能根据供货情况、产品路线规划、报价，或是某一代产品的功耗、散热表现转而选择三星或者美光。

传统DRAM与LPDDR

撇开HBM业务不谈，凭借庞大的产能规模，三星在通用服务器DRAM以及传统存量DRAM领域明显处于领先地位；该专家认为SK海力士在未来五年之内很难追上这部分差距。与之形成对比的是LPDDR市场。随着包括英伟达Vera Rubin系统在内越来越多的服务器平台开始采用低功耗内存，LPDDR赛道是实打实的三方竞争市场。

中国厂商

长鑫存储可以视作通用DRAM与LPDDR市场当中一位实力不容小觑、报价富有进攻性的第四家供应商。现阶段它还无法在HBM赛道形成有力竞争；难点在于大规模量产条件下掌握硅通孔（TSV）互连以及裸片键合技术。

“我的猜测是长鑫存储的HBM裸片良率不到30%”，而行业三巨头的良率预估为60‑65%。

产能、约束条件以及风险

扩张HBM产能，需要和传统DRAM、LPDDR争夺相同的前端半导体生产设备。因此，如果激进地扩大HBM产能建设，又没有额外投入新的设备资本、只是改造原有旧产线，就有可能造成其他存储产品供货紧张。光刻设备漫长的交付周期，再加上中国台湾以外地区封装工程人才缺口，进一步加大了扩产的难度。

“倘若SK海力士退出LPDDR赛道……三星就将形成垄断。”

该专家提出的核心风险观点：SK海力士大约一半的HBM营收来自本轮AI驱动的景气上行；而历史上这类由AI催生的需求周期本身就存在放缓回落的可能性。与此同时，它与英伟达等客户开展深度联合设计是一把双刃剑：既加固了SK海力士的竞争护城河，也让它更加深度依赖这部分客户",水木调研纪要,,1,0,401,https://wx.zsxq.com/group/88888142214212/topic/14425424185488212,data/research/updates/2026-10-07-all_views-011.csv
2026-09-21T17:42:50,2026-09,HVDC电源维谛专家交流信息探讨9.21,"HVDC电源维谛专家交流信息探讨9.21
听了维谛专家的交流，感觉目前市场有几点信息存在落差，以HVDC目前的推进进度，相信也很快得到印证。

以维谛专家的口径：

1、市场认为HVDC28年才有订单，但实际上是26年第四季度就有，台达维谛麦米都会有小批量订单。这里如果麦米系统内可以印证Q4小批量订单，基本也能证明HVDC量产的进度应该比市场认可的要快，26年底小批量，27年大批量生产预期。

2、市场认为麦米是RUBIN二供，但实际上一供是台达二供是维谛，一般来说一供60-70%份额，二供20-30%份额，三供5-10%。台达同时布局电源和系统，在PSU市场成本优势更突出；维谛优势在于系统领域，未来系统端份额预计更高。

3、市场认为RUBIN大部分是采用415V电源，但实际上RUBIN电源90%的份额采用HVDC。英伟达Rubin机型单机柜功率达240千瓦，单模组可达4.2兆瓦，对应电流达6300安培，已触及交流低压元件的电流承载极限，800V HVDC成为必然技术路线。这不是选项是刚需。

4、Rubin阶段处于交直流切换期，早期批次约10%-20%使用交流供电，80%-90%切换为直流供电；到Rubin Ultra阶段将实现全直流800V供电。当前800V CE认证已完成，北美UL认证在立项和标准制定阶段，将边推进边完善规范。（这里补充个个人验证，HVDC检测设备UL认证已通过，目前在订单落地中。）

5、第一批次直流模块总体订单金额预计约30亿美金，维谛公司预计三年可获得设备订单金额约20-25亿美金，目前确定性订单以头部厂商为主，订单落地节奏完全取决于北美客户的建设规模和下单速度。

6、北美市场高压直流产品毛利率保底40%起步，显著高于国内HVDC产品10%左右的毛利率，也高于国内UPS产品20%-30%的毛利率，与海外UPS产品45%左右的毛利率接近。

7、行业延展关注方向

• 锂电需求爆发：供电系统向兆瓦级升级，传统铅酸电池并机数量多、密度低，无法满足需求，锂电池在海外市场呈现5-10倍的增长，且锂电池价值量通常高于电源本身。

• 小母线需求提升：AI机柜功率密度提升，传统列车位配电无法满足需求，高密度小母线（Busway）应用将快速增长，价值量不低于HVDC。

• 电网仿真与微网领域：供电系统从单个电源向园区级电源系统演进，微网、电网仿真相关业务需求提升，行业内已出现相关收购动作v",水木调研纪要,,1,0,402,https://wx.zsxq.com/group/88888142214212/topic/45548545218512218,data/research/updates/2026-10-07-all_views-011.csv
2026-09-21T17:42:29,2026-09,【华创AI新材料&化工】氟化工更新17：8月制冷剂出口数据公布，R32出口量环增，短期出口仍有所承压,"【华创AI新材料&化工】氟化工更新17：8月制冷剂出口数据公布，R32出口量环增，短期出口仍有所承压

[庆祝]根据海关总署数据，8月制冷剂主要品种出口数据如下：

①R32：8月出口量2560吨（同比-64.9%，环比+23.0%），均价56831元/吨（同比+19.9%，环比-1.3%）

②R125混配：8月出口量3760吨（同比-35.7%，环比-21.2%），均价53721元/吨（同比+17%，环比-0.9%）

③R134a：8月出口量7366吨（同比-33.3%，环比-24.1%），均价55413元/吨（同比+22.6%，环比-0.4%）

④R143a混配：8月出口量2975吨（同比-22.2%，环比-13.9%），均价34928元/吨（同比+16.8%，环比+0.6%）

⑤R22：8月出口量7037吨（同比+10.3%，环比-10.2%），均价15692元/吨（同比-33.5%，环比-0.3%）

⑥R142b：8月出口量2290吨（同比+74.4%，环比+80.5%），均价15695元/吨（同比+15.7%，环比+2.5%）

[玫瑰]中东地缘局势及运输扰动对8月实际出货仍形成一定压制。考虑到库存低位和海外配额期最后一年，预计10-11月份会有好转；若后续地缘及航运扰动缓和，前期延后的采购需求有望集中释放，制冷剂出口量或迎来较快修复。

[烟花]建议持续关注#巨化、永和、三美、昊华、东岳等；#欢迎深度交流

[蛋糕]联系人：孙维容/徐思博",水木调研纪要,,1,0,394,https://wx.zsxq.com/group/88888142214212/topic/55521525481584424,data/research/updates/2026-10-07-all_views-011.csv
2026-09-21T17:42:16,2026-09,【华泰科技消费&家电】创想三维近况更新,"【华泰科技消费&家电】创想三维近况更新
📣#重磅新品i8即将开启众筹，海外售价289美金，是其主打高速度与极低废料损耗的四色3D打印产品，主要参数如下：
1️⃣打印速度：最高可达500mm/s，最高加速度可达10000 mm/s²，切换耗材时间小于1秒，整体多色打印速度可提升5倍

2️⃣多色技术：原生支持四色耗材切换，采用极短的共享耗材路径（小于1mm），实现打印时近乎“零”清洗废料，大幅降低耗材浪费

📝与当下主流产品相比，i8最大的亮点在于其多色耗材流转逻辑，#通过近乎“零”路径交汇的设计，消除了传统多色打印极度浪费耗材（吐废料）和频繁退拔料的痛点，四色打印的速度损耗极低。

🧧继续重点推荐，年度新品密集发布，股价迎来催化。搭载自研KliTek™多喷嘴技术的K3、儿童专用打印机、耗材回收机M1&R1及新款扫描仪、雕刻机等将先后推出。公司构建“硬件+耗材+平台”生态矩阵，技术+供应链优势显著，受益于消费级3D打印市场快速发展趋势，看好后续经营弹性持续释放。

☎️近期我们组织了创想三维的业绩说明会、多场反路演及调研，欢迎索取纪要、数据库~樊俊豪/周衍峰/徐子恒/王森泉",水木调研纪要,,1,0,389,https://wx.zsxq.com/group/88888142214212/topic/82258252418214222,data/research/updates/2026-10-07-all_views-011.csv
2026-09-21T17:42:05,2026-09,【集智股份】推荐！,"【集智股份】推荐！

1、公司简介：AI机柜内部空间紧凑程度提升，对柜内液冷零部件的精确度要求更加严格，#液冷服务器运行过程中普遍出现盲插接口错位、液体渗漏问题。例如#大Manifold 直线度和平整度；#不锈钢波纹管# 与QD接头处；#冷板# 表面形状等。公司是目前❗️行业内可以做到的精度最高（1um）的矫直设备企业，与台湾头部散热厂商，国内代工产业链均已开展合作。

2、❗️核心逻辑：
1）高功率机柜对零部件精度的要求大幅提升；
2）精度提高、设备asp提升：传统行业矫直机价值量40w/台，液冷目前已经提升到65-70w/台
3）产品迭代或不同型号，矫直机同步迭代：每一代产品迭代需要配合新的矫直机，不同机柜需要的矫直机也不同，属于定制化产品。

2、基础假设：
2027年液冷市场空间3000亿→manifold~300亿/需求量60万根，不锈钢波纹管~100亿/需求量3500万根，冷板~630亿/需求量3600万块。
1）Manifold-矫直机：四道工序校验总时长60-80min/根、8-10根/天，年化设备需求~200台。
2）不锈钢波纹管-矫扭机：检测节拍10-15min/1根、80-100根/天，年化设备需求~1200台。
3）冷板-矫型机：检测节拍4-5min/1块、180-200块/天，年化设备需求~600台。

4、空间测算：
1）考虑：检测良率90%+扩产冗余1倍，液冷矫直机年化总需求~4500台，平均单台asp 60w，净利率40%，10.8亿利润空间。
2）假设公司份额50%，对应~5-6亿利润、给25xPE，对应125-150亿市值，叠加主业27年40亿，整体看175-190亿，当前市值76亿。

🌹近期与【集智股份】有深度交流，需求爆发背景/矫直机应用场景/技术细节/产能规划/客户情况等，感兴趣的领导欢迎私戳交流！",水木调研纪要,,1,0,387,https://wx.zsxq.com/group/88888142214212/topic/14425424185484122,data/research/updates/2026-10-07-all_views-011.csv
2026-09-21T17:41:45,2026-09,【中泰电新】#振江股份：卡位欧洲四大整机龙头，“零部件—组装—铸造—海工”整合推进,"【中泰电新】#振江股份：卡位欧洲四大整机龙头，“零部件—组装—铸造—海工”整合推进

#公司基于领先的客户渠道卡位，从给客户提供单一零部件，到逐步拿到欧洲头部客户风机组装业务卡位，再同步导入其他新增风电品类、持续打开空间

#第一阶段主要给欧洲西门子等风机企业销售定转子等各类风电零部件，一年25亿收入2亿左右业绩

#第二阶段风机组装正在兑现：西门子海上风机14MW组装从去年底逐步交付，Nordex Q2也开始交付，两者在手框架订单可达200E。同时，Vestas+Enercon框架基本定好，Vestas8月落地、Enercon未来4年120E框架，进一步贡献增量

#第三四阶段—风电铸件、海上塔桩加快推进：
#基于风机组装的卡位优势，公司继续导入此前没做的铸造主轴、轴承座等铸件。全球5-6家头部公司全部认证推进中，规划20万吨产能，后续2-3年陆续释放利润
#基于在欧洲和风机及业主长期合作，商务和渠道关系很深，后续有望给业主供应塔桩产品。目前已获越南项目海塔订单，系中电建在越南唯一供应商，27年贡献利润；同时，单桩产品也与沃旭等业主陆续报价

#投资建议：公司零部件主业稳定受国内装机波动的影响小；公司卡位欧洲四大整机龙头，风机组装业务放量，26全年经营利润预计呈逐季向上态势；同时，公司产业链延伸至风电铸造以及海工领域，进一步释放业绩弹性。持续推荐

📩风险提示：需求不及预期、竞争加剧等",水木调研纪要,,1,0,385,https://wx.zsxq.com/group/88888142214212/topic/45548545218515588,data/research/updates/2026-10-07-all_views-011.csv
2026-09-21T17:41:25,2026-09,0921惠科股份：面板‑TGV 玻璃基板‑先进封测先锋，对标英特尔‑友达转型路径，布局 Micro‑LED光电融合算力基座,"0921惠科股份：面板‑TGV 玻璃基板‑先进封测先锋，对标英特尔‑友达转型路径，布局 Micro‑LED光电融合算力基座

#国内少数复用# G8.6 面板大板工艺切入 TGV 玻璃载板，价值系统性重估
■英特尔最新专利提出 Micro‑LED 嵌入玻璃基板，实现光电深度融合；联合友达依托面板厂大玻璃制程沉淀打造 TGV 玻璃载板，瞄准 AI 机柜短距并行光互联、抢夺 CoWoS 外溢先进封装订单，走出一条#显示面板企业跨界算力先进封装的转型路径。
■惠科股份同样基于自有 G8.6 高世代面板大板工艺基础向上游半导体环节延伸；两大半导体子公司分工清晰：成都惠芯主攻 TGV 玻璃载板研发试产，走和友达一致的路线，依托面板大板工艺开发玻璃通孔基板；绍兴惠芯40 亿 12 英寸混合芯片封测项目尚处于前期筹备，开展 Bumping‑COF 显示驱动封测业务；远期绍兴惠芯可以承接自家 TGV 玻璃基板后端的封测集成工序，实现基板 + 后端封测的内部打通。Micro‑LED 方面公司以显示 Micro‑LED 研发储备为主；搭建国内版基板 + 后端封测的产业拼图。

#面板‑TGV# 玻璃基板‑先进封测三大业务平台，多基地扩产中，主业打底，玻璃先进封装开辟远期期权曲线
■23‑25 年营收 358.24/402.82/476.31 亿元，归母净利 25.82/33.20/38.01 亿元、CAGR 约 21%；26H1 营收 205.16 亿元、+7.99%，归母净利 18.57 亿元、‑14.07%（境外毛利率承压叠加研发投入增加）；存量业务巩固超大尺寸 LCD 面板基本盘，85 英寸以上 TV 面板出货面积全球第一；
■新增两大半导体平台：成都惠芯（总投资 35.72 亿元）定位研发试产，开展 TGV 玻璃通孔载板研发送样；绍兴浙江惠芯（40 亿）筹建 12 英寸先进封测产线，规划一期月产能 2000 万颗，面向显示驱动 Bumping/COF 封测；两家子公司现阶段均为研发、前期筹备阶段，尚未量产贡献营收；
■扩产重心：存量显示业务稳住基本盘；TGV 玻璃基板 + 后端封测作为两层远期期权抓手，兼顾显示驱动封测降本与 CPO 玻璃基光电融合的远期可能性；同时继续布局 Mini/Micro‑LED 显示、车载等高附加值面板业务。

#存量面板主业叠加玻璃基板# + 封测远期叙事，复合逻辑重构估值锚
■惠科 26H1 营收 205.16 亿元；存量面板业务对标京东方；新业务整体复刻友达的转型思路：一方面开发 TGV 玻璃载板，另一方面自建配套后端封测能力；当前总市值约 1785 亿元；当前市值主要由 LCD 面板主业定价；绍兴封测业务、成都 TGV 玻璃基板业务全部属于远期期权价值；新业务参考友达玻璃业务尚处在研发阶段暂无独立市值；假设后续封测产能逐步落地，TGV 送样验证顺利 #保守预估中期看# 2100‑2300 亿元（面板对标京东方中枢基础上，叠加内部封测业务期权溢价，TGV 玻璃叙事暂不计入确定性估值）。",水木调研纪要,,1,0,388,https://wx.zsxq.com/group/88888142214212/topic/22258252418212521,data/research/updates/2026-10-07-all_views-011.csv
2026-09-21T16:57:08,2026-09,【东方食饮】黄酒产业趋势分析,"【东方食饮】黄酒产业趋势分析
基本结论：黄酒产业尚未进入“S曲线”最陡峭阶段，“微寒”而非“过热”。

从产业阶段看，我们认为2026年黄酒产业趋势加速崛起，但当下黄酒在酒精消费的渗透率处于低位，需求侧尚未进入“S”曲线斜率最陡阶段：

1）短期内，市场对黄酒的消费属性及定价体系认知仍模糊，黄酒在高端价位的定价权仍相对匮乏，产业需要寻找“最大公约数”，通过合适的价值链分配体系形成渠道合力，引导产品结构提升，以高带低，拉动黄酒消费属性从饮食配套的消费品向具备社交属性的消费品变迁；

2）黄酒产地、格局相对分散，头部品牌效应尚不明晰，仍存在过度竞争，产业对于黄酒行业的消费标准、定价理念等方面共识有待完善。考虑到当下行业供给、需求逐步优化，黄酒在2027年有望进入加速发展阶段，高端黄酒有望迎来渗透率快速提升。

9月重点提示黄酒，当下位置，按顺序，继续提示古越龙山、会稽山等黄酒标的！

东方证券 李耀/张馨予",水木调研纪要,,1,0,435,https://wx.zsxq.com/group/88888142214212/topic/45548545221828418,data/research/updates/2026-10-07-all_views-011.csv
2026-09-21T16:57:02,2026-09,【中信证券前瞻】海外AI产业链景气度全景式跟踪，最新一周（截至9/21）较上一周：,"【中信证券前瞻】海外AI产业链景气度全景式跟踪，最新一周（截至9/21）较上一周：

本周，Token价格降幅较此前显著收窄，同时算力硬件租赁价格继续温和上行、四大云厂10Y信用利差同步大幅收窄，指向底层算力需求与市场信用预期同步改善。

1、模型：Token价格指数均值-0.9%，降幅较此前几周大幅收窄，我们认为主要由ChatGPT 6 Astra上线带来的高端模型需求带动，近期模型有望密集发布，关注：1）Anthropic IPO进展及Opus 5.5；1）OpenAI开发者大会（9月29日）；2）Meta Connect大会（9月23日）等。

2、Hypercaler：H100/B200租赁价格均值分别+0.2%/+0.6%；META/ORCL/CRWV 5Y CDS分别-2.1/-2.0/+34.6bps，走势与上周持平，CRWV CDS仍维持高位。AMZN/MSFT/GOOGL/META 10Y信用利差（Z-Spread）均值分别-7.0/-6.5/-7.6/-8.7bps，云厂信用状况继续改善。

3、半导体&硬件：DDR4 16Gb(2Gx8)3200、DDR5 16Gb(2Gx8)4800/5600均价分别变化-4.7%/+1.8%，DDR4现货价格走弱，DDR5延续温和上行。",水木调研纪要,,1,0,438,https://wx.zsxq.com/group/88888142214212/topic/82258252441848552,data/research/updates/2026-10-07-all_views-011.csv
2026-09-21T16:56:40,2026-09,持续重大推荐【优利德】1.6T光模块采样示波器、网分VNA产品存在较大预期差，敬请重视！[福][福][福],"持续重大推荐【优利德】1.6T光模块采样示波器、网分VNA产品存在较大预期差，敬请重视！[福][福][福]

1、不考虑新产品，公司仪器仪表主业2027年利润有望超3.5亿，安全边际高。

2、公司1.6T光模块采样示波器推进顺利，核心芯片已进入流片阶段，预计2027年开始正式交付。

3、矢量网络分析仪（VNA）有望成为AI高速互联的研发与制造测试环节重要增量。AI算力集群依赖超高速互联，对信号完整性极为敏感。VNA是评估高速PCB、连接器、线缆和封装性能的基础手段。

AI互联的可靠性要求，倒逼全检成为刚需。VNA在AI高速互联测试中从研发端与抽检向#产线全检#  推进，高端VNA需求有望放量。

公司高端VNA产品进展超预期，67G VNA发布时间预计提前，已对接高端铜缆连接器客户，年底有望获批量订单。公司今年引进深耕VNA领域20余年的团队，该团队已有50G成熟产品，加入公司后加速推进67G产品升级。",水木调研纪要,,2,0,436,https://wx.zsxq.com/group/88888142214212/topic/82258252441821442,data/research/updates/2026-10-07-all_views-011.csv
2026-09-21T16:46:27,2026-09,中长期供需紧张延续，PCB业绩高增能见度提升：需求端持续上修，英伟达Rubin ultra PCB方案逐步清晰，ASP显著增长，M9/超高多层渗透提升，PTFE+热固材料混压方案进展顺利，有望率先在S…,"中长期供需紧张延续，PCB业绩高增能见度提升：需求端持续上修，英伟达Rubin ultra PCB方案逐步清晰，ASP显著增长，M9/超高多层渗透提升，PTFE+热固材料混压方案进展顺利，有望率先在SwitchTray落地，正交背板应用存在超预期机会；谷歌TPU、AWS等出货量亦在持续上修，v9/T4 PCB升级持续，同时国产算力也在迎来加速放量期；供给侧仍偏紧，当前核心钻机、曝光机、电镀等设备交期持续拉长，新接订单已排至2年后，短期产能增长斜率受限。# 我们认为中期维度供给产能强约束将延续，PCB高增能见度持续提升。

3）传统CCL涨价趋势延续，AI CCL加速放量。传统CCL领域， 8月最新提价已于9月开始落地执行，当前PCB顺价通畅，CCL厂商涨价诉求较强，我们判断供需持续紧张下后续传统CCL涨价趋势有望延续，26Q3起相关厂商利润有望加速释放。AI CCL领域，当前海外算力景气仍高企，CCL层面核心物料缺货，同时海外头部CCL厂商产能供应紧张，国产CCL迎来加速放量机遇，同时2026年起国产算力PCB/CCL需求有望强劲增长，国产AI CCL头部厂商有望深度受益。当前国产AI CCL出货节奏持续超预期，我们看好未来国产厂商AI CCL加速释放利润。

4）载板化趋势加速，载板、mSAP景气周期进一步拉长。载板领域，国产BT载板有望随产能释放加速释放利润，而ABF载板良率和产能蓄势待发，26H1已完成众多核心客户及产品导入，26H2有望迎来全面起量。类载板领域，高端光模块/mSAP PCB紧缺延续，量价双增驱动下2027年mSAP PCB需求有望激增，# 我们判断2027年mSAP行业仍将维持供需紧张状态，相关公司业绩有望高斜率释放。

投资结论：我们看好行业景气周期的持续性，短期受益于AI的迭代放量及传统领域的涨价，26H2业绩有望表现强势；中长期则有望受益于PCB工艺/材料迭代升级，ASIC、载板、mSAP、PTFE等细分方向均有望实现超额增长。其中建议关注以下投资主线：
1）AI PCB/CCL龙头公司：短期业绩表现强劲+中期业绩高增能见度提升，重点推荐：【沪电股份、深南电路、生益科技、景旺电子、兴森科技】，建议关注【广合科技】；
2）此前传统业务占比较高、业绩承压的公司，随年中涨价传导，26H2有望迎来业绩明确反转，同时AI预期有望进一步强化，建议关注：【世运电路、奥士康、崇达技术、迅捷兴、四会富仕】等；
3）受益于CCL持续涨价落地，业绩释放有望超预期，建议关注：【南亚新材、金安国纪、华正新材】。
# 其他公司变化情况欢迎联系交流

欢迎联系 中信电子",水木调研纪要,,3,0,453,https://wx.zsxq.com/group/88888142214212/topic/14425424118244482,data/research/updates/2026-10-07-all_views-011.csv
2026-09-21T16:46:08,2026-09,关于【飞速创新】三大认知差/预期差@GLMS,"关于【飞速创新】三大认知差/预期差@GLMS

1）关于业绩：市场预期今明年业绩10/15e元，实际可能会超（今年上半年就4.7e元），主要来自neocloud和本地化部署超预期，并购博达后有望带来1+1>2的协同效应；

2）关于商业模式：市场此前认知公司是纯粹渠道商，FCC政策影响业务；实际：公司已经蜕变成方案一体化解决商，平台上50w客户，复购率超8成，100%自有品牌；收购博达后以交换机为中轴夯实一体化服务能力；全球供应链搭建（供应链&产能全球化）提升抗风险能力；

3）筹码结构：市场担忧解禁影响，实际：公司回购托底（入通以来持续回购，昨天回购40w股彰显信心），且本轮基石减持有限。",水木调研纪要,,1,0,436,https://wx.zsxq.com/group/88888142214212/topic/55521525448251144,data/research/updates/2026-10-07-all_views-011.csv
2026-09-21T15:50:12,2026-09,【长江家电】白电回调主要或跟产业在线数据发布情绪影响有关,"【长江家电】白电回调主要或跟产业在线数据发布情绪影响有关

今天白电回调或主要与产业在线发布8月份空调产销数据有较大关系，数据显示空调8月产销整体下滑 15%-16%。

据产业在线，2026年8月空调内销出货量同比-28.0%（去年同期+1.2%），外销量同比+3.6%（去年同期-4.2%），合计出货量同比-15.2%（去年同期-1.0%）。分厂商，美的内销量同比-34.9%（去年同期-17.3%），外销量同比+9.2%（去年同期+8.3%），合计出货量同比-18.3%（去年同期-9.2%）；格力内销量同比-15.0%（去年同期持平），外销量同比-35.3%（去年同期-10.5%），合计出货量同比-21.1%（去年同期-3.4%）；海尔内销量同比-30.0%（去年同期+27.1%），外销量同比-22.9%（去年同期-16.7%），合计出货量同比-28.6%（去年同期+15.6%）。

但产业在线数据或存在一定程度的偏差(主要是根据零部件出货数据推算的)，需结合安装卡数据综合评判：八月份美的集团中高个位数增长（去年同期个位数增长），海尔智家低个位数下滑（去年同期20%+增长），海信家电中个位数增长（去年同期1%增长）。",水木调研纪要,,1,0,487,https://wx.zsxq.com/group/88888142214212/topic/45548545222854188,data/research/updates/2026-10-07-all_views-011.csv
2026-09-21T15:50:06,2026-09,[红包]【XB中小盘】强Call推荐‼️：重视国机精工,"[红包]【XB中小盘】强Call推荐‼️：重视国机精工

# 半导体耗材，稀缺先进封装耗材供应商：2025年相关收入4.2e，核心布局封装刀/减薄砂轮，受益先进封装产能提升。26/27目标继续大幅提升。

# 金刚石：散热产品国内头部客户持续送样，等待最终方案落地，26年底有望形成批量。金刚石持续降本，芯片材料替换经济性迎来拐点，关注钻针边际变化。

☎️xb  gwj",水木调研纪要,,2,0,479,https://wx.zsxq.com/group/88888142214212/topic/22258252444825411,data/research/updates/2026-10-07-all_views-011.csv
2026-09-21T15:49:42,2026-09,福赛科技大涨点评：机器人业务顺利推进，业务延伸打造新生态,"福赛科技大涨点评：机器人业务顺利推进，业务延伸打造新生态

卡位机器人轻量化行业，单机ASP未来可期。公司前瞻布局机器人赛道，利用其在精密注塑、模具开发及轻量化复合材料领域的技术积淀，积极攻关机器人零部件。机器人轻量化大势所趋，轻量化结构件市场空间广阔，公司在售产品asp可观，后续仍有提升空间，相关产能准备也在稳步推进。

具备电机研发能力，有望发挥协同作用。公司开拓新能源三电嵌件领域，产品与电机系统密切相关，同时控股子公司福赛宏仁专注于汽车电驱与电控系统产品的技术研发与制造，具备电机领域积累，未来有望发挥协同优势。

投资建议：作为内饰龙头企业，公司受益于内饰行业发展与产品升级，全球化布局扩大客户覆盖面，同时布局人形机器人领域，助力业务未来增长。我们预计公司2026-2028年归母净利润分别为1.8/2.3/2.8亿元，同增37%/28%/23%，持续推荐!

风险提示：原材料价格风险；市场竞争加剧风险；海外市场风险；机器人业务拓展不及预期。

欢迎联系：丁逸朦、江莹、刘晓恬、张宇晨或对口销售！",水木调研纪要,,1,0,476,https://wx.zsxq.com/group/88888142214212/topic/22258252444825251,data/research/updates/2026-10-07-all_views-011.csv
2026-09-21T14:57:14,2026-09,260921 财政贴息&地产的调研汇报,"260921 财政贴息&地产的调研汇报

地产新模式后，明年H1土地出让下降几是定局。

根据我们近期调研，较有可能的是：

1）加大安排转移支付
2）专项债补充财力
3）修改债务率监管体系
4）调整分成结构，包括省级与市县的财政分成比例

最重要的是：
5）发展是硬道理。财政贴息是上级最喜欢的措施，
原因在于：1）花钱少、撬动倍数大；2）退出期限固定，是今年中央财政大幅超收的最好用途，后续不会成为“常态化负担”。

除了给政金工具、创投的贴息，今天地产股大涨的小作文应该是“首套房贴息”的传闻，即使消息面上有松动，但距离真正落地，我们调研下来应该还有距离，不是眼前就要落地的工作。",水木调研纪要,,1,0,511,https://wx.zsxq.com/group/88888142214212/topic/14425424114588512,data/research/updates/2026-10-07-all_views-011.csv
2026-09-21T14:54:55,2026-09,【东财食饮】经销商“白染黄”的底层逻辑和趋势展望,"【东财食饮】经销商“白染黄”的底层逻辑和趋势展望

 1、现象：26 年较 25 年，黄酒产业最大的变化是更多的白酒经销商涉足黄酒板块，会稽山先后与茅五剑、四川盛世群运等各地白酒大商签约；古越龙山与粤强推出新品，两家公司加速在全国多地市场布局。

2、背后逻辑梳理：1）利润补充，白酒经销商普遍不赚钱，# 当前高端黄酒渠道毛利30%+、白酒仅部分产品有微利；2）品类卡位差异化，低度、国潮、健康、悦己消费背景下酒种选择多元化，黄酒是重要选项；3）趋势，近年黄酒讨论热度提升；企业通过工艺改善、技术升级、品类培育等，口碑有所改善，产品接受度有提升。

3、趋势展望：1）至少具备一轮招商行情：# 目前多地均有白酒大商转向黄酒，黄酒当前招商门槛不高（百万级可成为团购商）、资金占用少因此中小商的加入也会比较多；2）白酒经销商的加入对于黄酒产业有极大促进作用，黄酒企业体量小、销售模式传统，# 白酒商能够转化客群、培育高端黄酒氛围; 3）前景广阔，低度化悦己消费叠加国潮，黄酒在低度酒精赛道有独特优势，消费者对于低度、利口、饮后舒适度好的产品有需求，黄酒品类的接受度在持续提升；4）未来格局清晰，黄酒讲究年份，# 目前有老酒留存的企业很少，新进入者难影响格局。

4、投资判断：# 为数不多确定性扩张的品类，短期看是企业积极作为以及经销商加入并培育消费氛围带来的扩张，中长期来看品类契合低度化健康化方向、行业持续升级复兴，投资机会极大。# 短期重点看招商铺货，明年看消费者培育。# 报表节奏上，今年看毛利率的提升、短期因市场培育投入费用率会维持较高水平，明年下半年看净利率的逐步改善。",水木调研纪要,,1,0,511,https://wx.zsxq.com/group/88888142214212/topic/22258252442888551,data/research/updates/2026-10-07-all_views-011.csv
2026-09-21T14:54:34,2026-09,家电白马股在跌什么,"家电白马股在跌什么

我们认为今天跌主要有两个原因：# 风格切换+增值税退税取消预期，而产业在线数据无法解释黑电（海信、TCL电子等）下跌。

1、从风格切换角度看，美联储加息25bp落地，我们解读为利空落地，宏观影响敏感度降低的趋势下，可能会重新选择“产业趋势”。

2、市场传闻，出口增值税退税可能取消，而家电自身具备较强的盈利能力，属于传闻的退税取消范畴。

考虑内销下半年低基数+空调外销受厄尔尼诺拉动+低估值+高股东回报，仍建议领导积极逢低布局。# 美的集团、海尔智家、格力电器、海信家电、海信视像、TCL电子",水木调研纪要,,0,0,509,https://wx.zsxq.com/group/88888142214212/topic/14425424114528182,data/research/updates/2026-10-07-all_views-011.csv
2026-09-21T14:54:13,2026-09,【云意电气】BE报告述SOFC适配800V DC，关注底部SOFC标的云意电气❗️,"【云意电气】BE报告述SOFC适配800V DC，关注底部SOFC标的云意电气❗️

[太阳]Bloom Energy发布《The New Rules of AI Power》，随AI方案迭代升级，单机柜功率提升，供电架构将向800V DC发展。传统电网供电方案需变电站、开关柜、变压器等大量转换设备，而SOFC可直接输出800V直流电，BE测算1GW算力中心采用SOFC+800V DC方案可较传统电网交流方案5年期非算力总拥有成本节省55亿美元，降幅 21%，节省的资本开支可支撑多部署8%算力。同时SOFC方案可规避大型变压器等长交期设备，快速部署优势凸显。

自建顶尖团队+携手翌晶能源、云意SOFC产业落地加速
云意电气近期公告成立SOFC合资公司，合伙人包括海外数据中心渠道、顶尖教授团队，目标打通从电池片、电堆到系统全栈自研自制。同时公司与翌晶能源签署战略合作协议，并已经就未来三年SOFC产品采购、项目实施形成初步工作计划。
翌晶能源拥有国内首条年产能100MW的SOC电堆自动化产线及年产30万片电池规模化制备生产线，是国内唯一能生产并提供百kW级至MW级SOEC及SOFC系统的厂家，同时已成功中标国内首个数据中心配套SOFC发电系统示范项目订单及欧洲兆瓦级SOFC电堆订单。

稀缺北美渠道、潜在订单充足
公司合资公司的股东之一SuperX AI为英伟达Preferred level NPN（解决方案提供商），具备B200/B300服务器、AI基础设施及云服务供应能力，26年6月4日其首个美国AI推理云中心在丹佛投入运行，6月23日与哈萨克斯坦总理探讨了分阶段建设1GW AI算力园区提案！SuperX有望为公司直接或间接提供大量SOFC海外市场订单。

[红包]公司主业稳健、财务优异，今年以来新领域布局大刀阔斧，积极性拉满，目前仍处于底部位置，现价推荐，欢迎联系！[抱拳][抱拳]",水木调研纪要,,1,0,509,https://wx.zsxq.com/group/88888142214212/topic/55521525445128224,data/research/updates/2026-10-07-all_views-011.csv
2026-09-21T14:53:50,2026-09,【广发电子】硅电容大势所趋，行业拐点已至。产业链调研，国产GPU/ASIC对于硅电容的需求迫切，明年弹性很大。继续推荐 英集芯。,【广发电子】硅电容大势所趋，行业拐点已至。产业链调研，国产GPU/ASIC对于硅电容的需求迫切，明年弹性很大。继续推荐 英集芯。,水木调研纪要,,1,0,504,https://wx.zsxq.com/group/88888142214212/topic/82258252442852452,data/research/updates/2026-10-07-all_views-011.csv
2026-09-21T14:53:34,2026-09,福事特大涨更新：矿山后市场维保+AI液冷管路双轮驱动，高成长可期,"福事特大涨更新：矿山后市场维保+AI液冷管路双轮驱动，高成长可期

[玫瑰]公司是国内液压管路隐形冠军，加速向高毛利的矿山维保服务商转型，并积极拓展海外市场和液冷等新兴领域。看好矿山机械行业整体迎来新一轮增长繁荣期。

[玫瑰]战略性将业务重心向矿山后市场倾斜。公司现阶段从管路维护升级为设备全生命周期管理，业务模式转型带来高增长预期。公司26年初与长期核心客户江铜集团达成战略合作，长期服务于中煤、神华、紫金等知名矿企，前期跟随国内矿企出海，已在苏里南、蒙古、塞尔维亚、纳米比亚等地建立服务网点，海外业务加速成为新一轮核心增长引擎。

[玫瑰]抢占液冷等高增长赛道，打开第二成长曲线。公司利用在管路系统领域的技术优势，积极布局数据中心液冷系统市场，新业务与公司现有技术协同性高，有望在未来 1-3 年内开辟新的增长点。

[咖啡]目前矿山维保逻辑兑现下公司有业绩支撑（27全年业绩对应10倍出头），估值隐含AI液冷预期低，新逻辑+大空间，建议领导重点关注！

[闪电]风险提示：市场拓展不及预期、竞争加剧等",水木调研纪要,,1,0,497,https://wx.zsxq.com/group/88888142214212/topic/55521525445125284,data/research/updates/2026-10-07-all_views-011.csv
2026-09-21T14:52:58,2026-09,【长城证券-能源开采】继续call❗煤炭再上车机会，煤价止跌反弹和供给矛盾仍旧凸出,"【长城证券-能源开采】继续call❗煤炭再上车机会，煤价止跌反弹和供给矛盾仍旧凸出

[太阳]煤价止跌反弹，利多煤炭投资氛围。秦港平仓价报981元，较前两日最低点971元已反弹10元，且从前十日的高点1002元回调非常有限，体现出淡季不淡的特点。当前供给端仍旧是凸出矛盾，晋陕蒙开工率上周继续下探，山西省开工率仍处于L型的低位平台。我们上次对地方和国 家层面的换届和大会梳理了重要时间点，四季度面临山西和内蒙的换届，仍旧将以安全为第一要务，明年也是同样的换届和大会（陕西和其他产煤省、21大）。

[太阳]保供要求是惯例，但要看执行情况。上周FGW能源局的保供文件，仍旧是强调在【安全的前提之下】。每年供暖季前的保供发声是常态，但今年提出【安全前提】还是不一样的，那么就类似我们上一段所说的重要时间点的大会，供给紧张还会持续。我们一直提到【2021年】的参照，保供能否被100%贯彻才是最需要担心的。预测供给仍旧紧张，价格上行。而且现在也没有到FGW之前说的1155元，即使到了，参照【2022年】也有惯性上穿的可能，而且今年电厂都把煤价高限提到了现金平衡线所对应的现货价格1000元（明显高于报表盈亏平衡性的860元），政策层面的提高煤价接受度的阈值也是很大概率的。何况当下全球能源危机。

[太阳]秋季是非电煤的旺季，原油大涨也会催生煤价。我们提到原非电煤的煤化工、水泥、冶金加热（非还原）采购的是现货动力煤，金九银十反而是旺季，尤其煤化工对原油化工一直存在替代效应，当前高油价催生煤化工开工率高企。历史上2022和2023年煤炭价格在秋季达到年内高点，背景也是原油价格大涨。后续对原油中枢价格维持高位将至少贯穿到2027年底，因为美伊冲突仍有提升烈度的可能，而且海峡放开一定会有超强的补库。

[红包]近期煤炭调整后已存在再配置的价值，9月存在上车机会，推荐：动力煤弹性【兖矿、晋控、广汇】，焦煤【淮北、平煤、潞安】，稳健红利【神华、新集、中煤、陕煤】

----------",水木调研纪要,,1,0,487,https://wx.zsxq.com/group/88888142214212/topic/22258252442855251,data/research/updates/2026-10-07-all_views-011.csv
2026-09-21T14:52:44,2026-09,【广发纺服】涉机器人业务上市公司 & 产业链更新,"【广发纺服】涉机器人业务上市公司 & 产业链更新
20260921

特斯拉：特斯拉机器人团队上周起在宁波、杭州、上海等地审厂拓普集团、三花智控、均胜电子等原有汽车供应链伙伴，主供关节模组、执行器、精密结构件；审厂前相关企业均已拿到订单，通过后即将投产。即将量产的是Optimus第三代，重点升级手部灵巧机构与关节执行器，先用于工厂物料搬运等工业场景；原Model S/X产线已改造为Optimus专用线（规划年产能100万台），得州第二条线设计年产能1000万台、预计明年夏投产

优必选：中标乐山商用服务人形机器人项目约1.508亿元；7月与韩国AJIN合作推进Cruzr Y1、Walker S2产线POC，两月内新增欧洲、日韩订单超5000万元，具身业务部总裁姚卯青称海外营收占比由2025年不足10%升至2026上半年近20%；9月20日发布全球首部《人形机器人科技伦理治理白皮书》。

联系人：糜韩杰 / 左琴琴 / 董建芳 / 钟泽宇",水木调研纪要,,1,0,484,https://wx.zsxq.com/group/88888142214212/topic/82258252442855582,data/research/updates/2026-10-07-all_views-011.csv
2026-09-21T14:52:25,2026-09,两个小作文： pcb: 胜宏调研，下半年比上半年增至少50%，扩产最快最充分（物料，设备，人力，场地）,"两个小作文：
pcb: 胜宏调研，下半年比上半年增至少50%，扩产最快最充分（物料，设备，人力，场地）

光通信：cohr给德科立下了10亿edfa（掺铒放大器，用于DCI）订单。",水木调研纪要,,1,0,484,https://wx.zsxq.com/group/88888142214212/topic/82258252442511482,data/research/updates/2026-10-07-all_views-011.csv
2026-09-21T14:52:12,2026-09,宇通客车调整点评—0921[玫瑰],"宇通客车调整点评—0921[玫瑰]

宇通最近跌什么？1）欧洲对中国出口限制，iaa法案预期等；2）短期数据压制，市场担心q3节奏。我们聊下来，市场觉得虽然底部，逻辑也没破，但有些领导等利空落地一下更好，#当下位置。#我们觉得看目前迎来很好的捞点：

拆解如下，去年宇通利润55e利润

1️⃣其中欧洲预计15-18e（去年大概1500台欧盟（挪威+英国等接近700-1000台）；踢去非欧盟大概欧盟利润11-12e左右。

2️⃣非欧盟利润是43e左右这部分会持续增长（英国冰岛挪威等、拉美、非洲、澳新等地增长持续），#后续这部分利润预计很容易增长到50-60e水平（这还是最保守假设没有欧盟的情况下）。

那么其实看当下宇通是一个中期10x左右估值的资产，且没有资本开支，股息率预计9-10%左右，是具备很高的配置性价比的。

另外短期数据波动也合理，宇通过去3年都是高波动但是兑现销量目标，目前公司也很有信心，这块目前没啥问题。

当下位置捞点已现，建议关注[抱拳]",水木调研纪要,,1,0,449,https://wx.zsxq.com/group/88888142214212/topic/55521525445284584,data/research/updates/2026-10-07-all_views-011.csv
2026-09-21T14:51:53,2026-09,❗️【天风电新】英杰电气观点更新：从射频电源→半导体核心零部件平台化，公司进入新成长阶段-0921,"❗️【天风电新】英杰电气观点更新：从射频电源→半导体核心零部件平台化，公司进入新成长阶段-0921
———————————
市场对英杰认知还停留在光伏业务，实际上公司已转型为半导体零部件公司。英杰对应27年估值不到40X，零部件公司估值普遍在60X以上，随着半导体业务占比提升，公司估值有望迎来重构。

半导体订单迎来全面爆发。1-8月公司订单6.6e，同+130%，其中，英杰本部订单4.5e，同+194%。7、8月份单月订单已达1e以上。预计半导体全年订单有望“破9冲10”。

订单高增#不单来源射频电源。除射频电源外，产品还包括溅射、直流、功率控制等电源。1-8月订单中，金刚石微波电源约1e、碳化硅炉电源约9kw，占半导体订单近3成。英杰已是半导体电源平台化公司；全面受益本轮景气周期；订单增速或超预期。

此外，收购开物智能，布局MFC、真空泵、真空阀等核心零部件研发，将从单一电源品类向半导体零部件平台化公司转型。

其他类板块值得重视，占收入约1/3，应用领域及产品种类众多。其中，#PCB脉冲电源已有小批量出货。#

投资建议：公司Q3进入业绩兑现期，不考虑真空部件、pcb脉冲电源等期权，单看射频电源有较大增长空间（中微、HC需求增速快）。

按中期165亿射频电源市场空间、25%份额、30%净利率、股权60%，7.4亿利润给25X，+主业40e看226e，对应40%空间。
———————————
欢迎交流：孙潇雅/张嘉豪",水木调研纪要,,2,0,455,https://wx.zsxq.com/group/88888142214212/topic/22258252442514511,data/research/updates/2026-10-07-all_views-011.csv
2026-09-21T14:17:23,2026-09,通用AI厂商主动牵手垂类制药大模型，英矽智能与前沿基础大模型厂商达成战略合作，验证了AI制药垂类模型的产业价值，行业正式迈入“通用基座赋能+垂类场景深耕”的新发展阶段，技术迭代与商业化进程全面加速，利…,"通用AI厂商主动牵手垂类制药大模型，英矽智能与前沿基础大模型厂商达成战略合作，验证了AI制药垂类模型的产业价值，行业正式迈入“通用基座赋能+垂类场景深耕”的新发展阶段，技术迭代与商业化进程全面加速，利好全赛道AI制药大模型厂商。建议关注：A股AIDD全链条AI能力布局的【华兰股份】【东吴医药团队】

全链条AI制药版图清晰，子公司差异化卡位协同发力：华兰股份以灵擎数智为AI战略投资平台，系统性布局AI制药全产业链环节：【药图智能】打造生命科学知识图谱核心底座，构建“知识+证据+模型”可信AI体系，覆盖药物研发、药物警戒等核心场景；【科迈生物】聚焦AI抗体设计，大幅缩短抗体药物研发周期；【梵宇智拓】深耕AI小分子药物发现，依托GVAE高保真潜空间技术实现分子主动设计，突破传统筛选模式瓶颈；【佳吾益】攻坚胞内胞外“不可成药”靶点，拓展药物研发边界；【自然常数】布局AI跨物种真实世界模型，将AI能力延伸至临床风险预测，提前预判新药临床命运。各子公司覆盖从数据底座、药物设计到临床预测的完整流程，技术壁垒深厚，协同效应显著。

商业化加速落地，业绩增长动能逐步释放：2026年上半年公司已带领旗下AI制药主体拜访30余家药企客户，多家客户进入业务推进阶段，AI业务从技术验证向商业化订单转化节奏提速。随着行业需求持续释放，公司全链条布局优势将逐步兑现，打开中长期业绩增长空间。

风险提示：AI制药技术进展不及预期；商业化落地慢于预期；行业竞争加剧。",水木调研纪要,,1,0,491,https://wx.zsxq.com/group/88888142214212/topic/82258252421158542,data/research/updates/2026-10-07-all_views-011.csv
2026-09-21T14:16:56,2026-09,【中泰地产】地产股因何连续大涨：4大利好共振,"【中泰地产】地产股因何连续大涨：4大利好共振

现房销售悲观预期出尽：828文件出台后地产板块已充分调整，悲观预期充分释放，近期住建内部会议与武汉等地细则，均对政策进行了较大幅度的优化，利空情绪消化出尽

“金九银十”成色十足：9月前三周新房二手房成交数据均较为火热，叠加去年低基数，同比增长超预期（上海+28%，深圳+24%）

政策支持仍在路上：我们预计，更多的支持政策，如公积金贷款利率下调等，仍有望持续出台

库存去化周期见底：根据我们测算，33个核心城市商品房库存平均去化周期预计将在明年下半年降低到不足12个月，有望推动供需关系扭转带动房价见底

投资建议：四大利好共振，看好地产板块4季度表现，重点推荐关注华润、建发、金茂、保利、招商、滨江等优质房企标的

风险提示：居民购房需求超预期下行",水木调研纪要,,1,0,479,https://wx.zsxq.com/group/88888142214212/topic/22258252421155451,data/research/updates/2026-10-07-all_views-011.csv
2026-09-21T14:16:44,2026-09,【长江电新】8月电力设备出口整体延续增长，液体变压器稍有波动——2026年8月电力设备进出口数据详析,"【长江电新】8月电力设备出口整体延续增长，液体变压器稍有波动——2026年8月电力设备进出口数据详析

1、液体变压器：2026年8月出口42.12亿元，同比-2.63%，环比-15.33%；2026年1-8月合计出口332.94亿元，同比+25.07%。
从出口地区看，非洲保持高增，同比+53.93%、环比+5.75%；北美同比+111.03%，但环比-35.65%；欧洲同比-7.63%、环比+11.26%；拉美同比+25.78%、环比-37.29%。
结构上主要是10-220MVA、400-500MVA等高压大容量变压器出口保持强势，其中400-500MVA同比+406.58%，但500MVA以上同比-78.51%，单月有所分化。

2、电表：2026年8月出口9.90亿元，同比+11.17%，环比+7.11%；2026年1-8月合计出口73.75亿元，同比+3.38%。
从出口地区看，整体同比延续增长、环比转正。欧洲表现突出，同比+25.07%、环比+13.65%；非洲维持高增，同比+67.32%、环比+18.69%；亚洲同比-16.69%、环比+3.70%。

3、高压柜：2026年8月出口25.96亿元，同比+26.88%，环比-21.32%；2026年1-8月合计出口198.46亿元，同比+24.41%。
出口地区看，北美延续爆发态势，同比大增1108.83%、环比+1.71%；第一大市场亚洲同比+32.98%，但环比-26.28%；欧洲同比+40.08%、环比-34.27%；拉美同比+32.40%、环比+19.87%。

4、电缆：2026年8月出口24.04亿元，同比+44.73%，环比+10.08%；2026年1-8月合计出口187.27亿元，同比+26.83%。
另外绕组线2026年8月出口15.96亿元，同比+16.98%，环比-13.73%；2026年1-8月合计出口129.05亿元，同比+27.69%，同比延续高增。
线缆核心品种有接头线缆8月出口125.47亿元，同比+25.69%，环比-4.24%，1-8月合计出口955.46亿元，同比+24.50%，出口规模在前月高基数上小幅回落，但仍处高位。

5、低压开关：2026年8月出口金额达126.77亿元，同比+25.32%，环比-0.46%，1-8月出口金额达917.80亿元，同比+24.19%。
分地区看，主要市场保持增长。核心基本盘亚洲贡献突出（单月83.34亿元），同比+30.55%、环比+0.62%；北美与欧洲分别同比+17.32%、+17.26%，保持增长但增速有所回落；非洲同比+20.53%、大洋洲同比+32.92%。

6、整体上，8月电力设备出口延续增长态势，电缆、高压柜及低压开关表现亮眼，液体变压器有所波动；主要产品对北美、非洲、欧洲等核心地区出口保持较强动力。

具体情况欢迎联系交流",水木调研纪要,,1,0,508,https://wx.zsxq.com/group/88888142214212/topic/82258252421411422,data/research/updates/2026-10-07-all_views-011.csv
2026-09-21T14:16:02,2026-09,[烟花]【长江电新】深度丨掘金泛科技：信德新材引领沥青基碳纤维国产化之路,"[烟花]【长江电新】深度丨掘金泛科技：信德新材引领沥青基碳纤维国产化之路

1、信德新材早在2019年便成立了大连信德新材料，从事沥青基碳纤维及其复合材料的研发、生产。沥青基碳纤维主要应用于光纤、半导体、蓝宝石、光伏、粉末冶金等领域，在烧结、拉伸、延伸、沉积等工序中均需要使用，用于石墨/石英坩埚的外侧，通常由顶盖、筒体和底托等部件构成。碳纤维根据原料基材不同，可以分为PAN基、粘胶基、沥青基，热场材料则更多从功能性角度出发，对碳纤维材料的隔热性能、耐高温性能、灰分、使用寿命等要求较高。沥青基的比较优势一是耐高温性能更好，能够覆盖2000℃以上的保温需求；光伏、半导体硅单晶的晶体生长温度通常在1500℃左右，而光纤拉丝、SiC晶体生长均超过2000℃。二是灰分更低，碳纤维在产品生产过程中的杂质进入炉体，会影响光纤、半导体的品质。

2、对于沥青基碳纤维的需求测算，首先是碳化硅热场材料市场，根据晶升装备招股书数据，单台碳化硅单晶炉对应375-500片/年，即100万片对应2000-2667台单晶炉。根据安徽弘昌新材料2024年招股说明书信息，单台碳化硅单晶炉热场碳纤维保温材料的需求为0.06吨、更换周期为3个月。根据上文对碳化硅需求的预测。可以测算出，碳化硅市场对沥青基碳纤维的需求，2025年为918-1101吨，2028年预计达到2519-3022吨，2030年有望达到4948-5938吨。此外光纤光棒、蓝宝石等场景也有沥青基碳纤维的需求，因暂无公开资料显示光棒、蓝宝石生产中的烧结、沉积等设备单台的沥青基消耗量和更换周期，我们暂不进行定量测算，但可从相关项目的设备数量进行对比，大致估算沥青基碳纤维的需求空间。

3、高端热场材料用的碳纤维目前仍依赖进口，主要供应商包括沥青基生产企业的日本吴羽、大阪燃气和粘胶基/PAN基生产企业德国西格里。日本两家公司自2009年以来已停止产能扩张，德国西格里也在精简碳纤维业务。信德新材积极导入碳纤维业务，2025年明确碳纤维制品已进入光伏、光纤、半导体、热处理等领域并陆续通过验证阶段。2026年6月公司公告中，披露了在亨通光电等部分光纤客户的验证已获得通过，同时半导体领域的验证较为顺利。",水木调研纪要,,1,0,465,https://wx.zsxq.com/group/88888142214212/topic/14425424148181112,data/research/updates/2026-10-07-all_views-011.csv
2026-09-21T14:15:56,2026-09,🔥【国金机械】 博迈科大涨：深海油气 FPSO市场高景气，公司高增长趋势确定性强,"🔥【国金机械】 博迈科大涨：深海油气 FPSO市场高景气，公司高增长趋势确定性强

[玫瑰]深海油气FPSO 市场有望持续高景气。根据克拉克森数据，26 年全球预计有14个FPSO新项目授出（含FLNG），SBM Offshore和MODEC两大总包龙头的在手订单均创历史新高。从资源禀赋看，圭亚那Stabroek区块已探明可采油气当量逾110亿桶，后续还有Longtail（2026）、Haimara（2027）、Bluefin（2028）三个FPSO规划。巴西方面，Petrobras正在推进多艘FPSO部署，Búzios区块整体将部署12艘FPSO。苏里南市场GranMorgu项目投资105亿美元，计划2028年投产。马来西亚国家石油公司在52区块发现超10亿桶油当量天然气，计划开发FLNG设施。

[玫瑰]公司卡位优势好、未来2年订单预期积极。公司作为上部模块分包商，深度绑定FPSO双寡头SBM/MODEC100%份额，项目经验丰富。我们预计今年新签订单50亿+、将创历史新高，预计集中在26Q4落地。展望27年单，澳大利亚、西非仍有数个FPSO以及LNG项目落地，公司订单预计积极。

[玫瑰]预计从Q3起业绩迎来拐点、扭亏为盈。上半年公司受项目交付延迟以及资产减值影响，业绩承压。从Q3开始，此前项目减值接近尾声，将带动公司业绩释放。

[礼物]当前公司股价、业绩、订单处于底部，随着新签订单落地和项目交付，股价有望迎来戴维斯双击，建议重点关注！

☎️国金机械满在朋/秦亚男 17356570576",水木调研纪要,,1,0,456,https://wx.zsxq.com/group/88888142214212/topic/82258252421414212,data/research/updates/2026-10-07-all_views-011.csv
2026-09-21T13:53:07,2026-09,🔥# 智谱 ZCode 事件影响已充分释放，move on！（0921）,"🔥# 智谱 ZCode 事件影响已充分释放，move on！（0921）

🌟未影响模型训练。 公司明确表示相关代码数据未留存、未用于模型训练，因此公司# 最核心的模型能力和迭代节奏未受影响。

🌟主要影响在用户信任和市场情绪。 经过数日充分讨论，公司# 已完成整改、开源 ZCode 并通过第三方安全审计。Harness 开源后透明度明显提升，同类风险再次发生的概率显著下降，我们认为本次事件更接近一次# 风险集中释放。

🌟核心仍看成长性。 相比单次产品安全事件，我们更关注模型能力、用户增长及 ARR 持续超预期，# 公司核心竞争力和商业化进展仍在持续兑现。",水木调研纪要,,2,0,456,https://wx.zsxq.com/group/88888142214212/topic/14425424148551112,data/research/updates/2026-10-07-all_views-011.csv
2026-09-21T13:52:42,2026-09,BE-Meta 1.2GW项目开工，SOFC产业落地加速,"BE-Meta 1.2GW项目开工，SOFC产业落地加速

[玫瑰]Meta Project Phoenix项目位于宾夕法尼亚州Shippingport，由Aligned Data Centers开发，规划建设3座数据中心、总规模约2GW，Meta已被媒体报道为该园区的核心租户，项目于9月正式开工。根据宾州DEP监管材料判断，项目电力方案中计划配置约1.2GW Bloom SOFC。项目已进入施工阶段，且Bloom已在招聘commissioning相关人员。若后续1.2GW订单正式公布，将成为Bloom继Oracle、AEP之后又一个GW级AIDC项目。

[玫瑰]9月16日，BE发布《The New Rules of AI Power》，进一步阐述了其在AI数据中心的差异化逻辑：随着NVIDIA下一代AI rack向800V DC架构迁移，传统电网、燃机和燃气发动机均先输出AC，再转换为DC；SOFC则天然产生DC，Bloom希望直接接入800V DC bus，从而减少transformer、switchgear及部分AC/DC conversion infrastructure。BE测算，1GW AI数据中心采用DC-native架构可减少约36亿美元non-compute CAPEX（-27%），5年TCO减少55亿美元（-9%）。

[玫瑰]我们继续看好SOFC在数据中心的应用落地。继续推荐作为SOFC产业链主和BE国内核心映射标的潍柴动力。此外建议关注BE产业链的三环、振华、壹联等企业。",水木调研纪要,,2,0,450,https://wx.zsxq.com/group/88888142214212/topic/14425424148551422,data/research/updates/2026-10-07-all_views-011.csv
2026-09-21T13:32:30,2026-09,美银的Simon Woo 这周末的更新：一个值得注意的变化：超大规模云服务商 CSP 已签署新合同，同意在2027年第一季度支付高于2026年第四季度的DRAM ASP。另外看到 2030 年了,"美银的Simon Woo 这周末的更新：一个值得注意的变化：超大规模云服务商 CSP 已签署新合同，同意在2027年第一季度支付高于2026年第四季度的DRAM ASP。另外看到 2030 年了

- 最近与内存制造商、现货市场分销商以及OEM的核查显示，第三季度平均售价（ASP）保持坚挺：尽管长期协议（LTA）占比上升，大多数DRAM产品的第三季度ASP环比上涨20%至30%，NAND涨幅超过15%

- 第四季度预计ASP也将上涨高个位数。此外，一个值得注意的变化：超大规模云服务商 CSP 已签署新合同，同意在2027年第一季度支付高于2026年第四季度的DRAM ASP

- 关于下半年ASP，现有的乐观观点保持不变，预测数据无调整。然而，对于2027年上半年，由于内存供应持续短缺以及OEM和大科技公司为抢占芯片而展开的激烈竞争，立场已转为更积极

- 相应地，2027年至2028年DRAM/NAND ASP假设分别上调8%至12%和2%至3%。不过，预计2028年ASP将下降约10%（DRAM下降5%，NAND下降13%），这被解读为在2029年至2030年恢复增长前的软着陆阶段",水木调研纪要,,2,0,486,https://wx.zsxq.com/group/88888142214212/topic/45548545252212218,data/research/updates/2026-10-07-all_views-011.csv
2026-09-21T13:31:15,2026-09,【华泰计算机】AI安全观点（0921）,"【华泰计算机】AI安全观点（0921）

🚀结论：除Coding外，网络安全正在成为大模型非常重要的Inference场景。网络安全天然具有7×24小时、多日志、多工具调用、多轮推理的特征，当前产业正处于从 Copilot 向 Agent 迁移的拐点，已具备成为“高频、长链路、持续运行、强 Agent 化”Inference 场景的关键条件。

事件： 9月12日Anthropic CEO公开发文呼吁放缓模型能力迭代速度，给安全防护留出追赶时间，此后OpenAI宣布投入10亿美元支持网络安全防御团队。

💡# 大模型的网络安全能力处于什么水平？

🎯当前海外前沿模型的网安能力处于""单项超人类+受监督自主""阶段，漏洞发现已超越绝大多数人类专家，端到端自主攻击在受控环境中已被打通。今年Anthropic和OpenAI的前沿模型相继出现突破安全边界的行为，模型不仅能自主发现和利用复杂漏洞，甚至能突破隔离环境触及真实系统，安全开始变成AI规模化部署必须同步建设的刚需基础设施。

🎯网络安全已成为2026年大模型军备竞赛的核心高地，海外模型厂商均已把网安能力产品化为独立访问体系（OpenAI的Daybreak、Anthropic的Project Glasswing、Google的Big Sleep和CodeMender）

🎯国内模型如GLM5.3在检测和漏洞推理侧已经追平甚至局部反超，深度利用链与AISI 多步攻击模拟（TLO）上，美国前沿闭源模型仍明显领先。

💡# 商业化：美股网安公司在5月份财报季已经体现出业绩加速态势；国内AI安全已经从验证阶段进入生产级部署，开始产生规模化收入。

🎯GLM-5.3发布一个月，CoWork行业订单超过10亿元，首个落地场景就是网络安全，已有超过100家安全企业接入GLM5.3，覆盖国内主要安全厂商、互联网大厂和金融机构。

💡# AI安全未来主要有两个增长驱动力：

①Security for AI：AI应用本身快速普及以后，提示词注入、越权调用、数据泄露、Agent失控、MCP供应链攻击等新的安全需求会产生增量市场。

②AI for Security：AI开始替代安全分析师，AI进入SOC、漏洞检测、威胁分析等工作流，推动网络安全厂商产品AI化。

📈# 关注标的： 美股-PANW/CRWD/Zcaler，A股-深信服、绿盟科技",水木调研纪要,,2,0,463,https://wx.zsxq.com/group/88888142214212/topic/14425424141182522,data/research/updates/2026-10-07-all_views-011.csv
2026-09-21T13:30:56,2026-09,中美会谈新闻实时更新,"中美会谈新闻实时更新

1）9月21日上午彭博社报道，美国财政部长贝森特称赞和中国官员举办的会谈“非常成功”，会谈内容涵盖人工智能、贸易和投资等领域，为本周中美会晤做好了准备。

2）关于人工智能，以加强沟通，防范风险为主。贝森特表示，“美国提议在两国之间建立通报机制，我们希望就共同日标和共同威胁达成共识。”他还补充说，该机制将被称为“美中人工智能对话”。该通报机制将用于应对国家安全事件，并补充说，美国认为“世界第一和第二人工智能强国之间加强透明度至关重要”。美国贸易代表格里尔指出，在讨论人工智能时，美国出口管制并未列入议程。

3）关于经贸，主要是对非敏感商品互降关税。格里尔表示，互降关税的300亿美元“非敏感”商品清单可能包括来自中国的消费品和低技术商品，以及来自美国的能源、农产品和医疗产品。“在这样一个世界里，只有一小部分美国和中国的商品可以以平衡的方式进行贸易，这些商品不敏感，在未来，当出现贸易行动时，我们可以将它们视为一个独立的类别。”

4）据彭博社报道，双方均未公开提及延长休战协议。知情人士透露，美国原计划因贸易伙伴产能过剩而加征新关税的公告，已被推迟至会后发布。

5）据彭博社9月21日报道，中国可能恢复每年60亿美元的美国液化天然气采购。中国几乎从2025年初开始停止进口美国液化天然气，已有迹象表明，一些中国企业正在为本月可能发生的变化做好准备。中国燃气控股有限公司上周同意从2030年起购买美国液化天然气，为期20年——这是在经历了数月的贸易紧张局势后达成的一项罕见的长期供应协议。据知情人士透露，上周在曼谷举行的天然气会议上，其他中国液化天然气买家也与美国出口商进行了会谈。由于会谈内容尚未公开，这些人士要求匿名。因为波斯湾周边海域的航运仍然受限，而中国最大的供应国之一卡塔尔几乎被完全切断。对特朗普政府而言，这意味着一笔引人注目的交易——LNG合同通常持续数十年——而此时美国生产商正在扩张，亟需新的合同承诺。

供参考，请勿转发传播[玫瑰][玫瑰]",水木调研纪要,,2,0,462,https://wx.zsxq.com/group/88888142214212/topic/14425424141118112,data/research/updates/2026-10-07-all_views-011.csv
2026-09-21T13:30:52,2026-09,🍁🍁 🍁阿尔特更新：富士康合作签约仪式，签订 1.6 万台 订单预计超过35亿,"🍁🍁 🍁阿尔特更新：富士康合作签约仪式，签订 1.6 万台 订单预计超过35亿

今日阿尔特与富士康成立的富特康在富士康园区开业，并同和松延动力、开普勒等机器人公司签署合作协议，公司首日签订3年1.6万台订单，预计订单货值超过35亿；

🍁主业确认向上趋势-智能化+出海双轮释放成长动能，传统主营业务为中国最大独立汽车研发平台，累计服务超过80个主机厂，独立研发超500款车型。公司26H1 营收6.25亿元，同比+19.62%；归母净利0.26亿元，去年同期亏损0.58亿元，同比扭亏为盈。

#具身智能重要卡位布局#
🍁携手富士康拟成立具身智能合资公司，公司与富士康正式签署机器人合资协议，双方机器人''交钥匙''（Turn-Key）平台从概念揭幕走向实体化运营，是公司具身智能战略中最重要的一次卡位落子。 面向全球开拓机器人研发、制造、销售业务。

🍁公司与光轮智能（具身数据独角兽）签订协议拟成立合资公司，卡位具身数据短板与模拟仿真，布局具身量产落地中最稀缺的工程化与场景环节，构建''场景+数据+仿真''闭环；

🍁旗下太乙人工智能子公司全面拥抱物理AI-汽车研发，目前已试用30个主机厂，预计年内5个主机厂落地。叠加富士康的“全球智能制造与供应链能力”、光轮补数据与模拟仿真训练，共同支撑从场景定义到部署迭代的完整闭环。",水木调研纪要,,2,0,459,https://wx.zsxq.com/group/88888142214212/topic/14425424141118412,data/research/updates/2026-10-07-all_views-011.csv
2026-09-21T13:30:35,2026-09,几个视角看待二三线 PCB 环节的周期和投资阶段 - 260921,"几个视角看待二三线 PCB 环节的周期和投资阶段 - 260921

1、产业链正发生了大的结构性变化！
供给端：CCL 供应现按照配额制进行（这是历史没有的情形），紧缺状态和价格上行持续到明年 6🈷️以后；
需求端：高端 PCB 厂不稀罕做，挤出中端 PCB 需求；中低 PCB 拿不到 CCL 供给，做不了，长尾需求流入腰部 PCB。二三线 PCB 厂的产能被挤兑，反映在订单能见度上是 3-4 个月；
定价模式：以出货时点的 ccl 价格为定价基准，向上适度涨价索取利润空间；
客户端：行业下行期，市场份额是命脉，保供意味着价格接受度超预期。

这是对业绩持续性释放认知的核心预期差！【坚定】

2、通胀周期的历史韵脚总有规律可循！
回头看此轮 CCL 的通胀周期，从 25Q3 开始连续四个季度涨价，持续加速，期间金安国纪的股价亦从 25Q3 的 10-12 元上涨至 26Q2 的 120 元高点，累计涨幅 10 倍。目前 ccl 的通胀周期依然在演进当中。
通胀周期是有时钟的：从去年炒作有色金属等资源品涨价，再到中游 ccl 等产品，以及接下来的 PCB 产品的通胀，在这个过程中，【重要的是顺势而为！】
再审视此轮 PCB 的通胀，从 6🈷️开始提价，目前仅第一个涨价出业绩的季度，后续的产业逻辑和基本面情况，可支持后续至少 3-4 个季度的利润率上行和业绩释放！
就算考虑市场学习曲线，当下我认为二三线 PCB 的投资阶段出于 1/3 左右，股价涨幅仅 40-50%（从 8🈷️20+号 起算），还未到中场休息的阶段

3、估值问题，还是周期问题？
既然我们考虑的维度是行业周期，我们要判断的是目前出于周期的什么位置，与 PE估值没有关系。结合上面的论述，我们尚处于 PCB 通胀的第一个季度，时间和空间均有相当大的空间！思考清楚这个，你会更加从容应对。

中短期依旧看好中小PCB厂商：#【超声电子、奥士康、崇达技术】、满坤科技、澳弘电子、博敏电子、YD电子、中京电子、四会富仕、万源通、金禄电子、世运电路等。

欢迎交流，渴望观点碰撞，一起挖掘牛骨[呲牙]",水木调研纪要,,2,0,467,https://wx.zsxq.com/group/88888142214212/topic/45548545252222858,data/research/updates/2026-10-07-all_views-011.csv
2026-09-21T13:30:29,2026-09,🔥#智谱# ZCode 事件影响已充分释放，move on！（0921）,"🔥#智谱# ZCode 事件影响已充分释放，move on！（0921）

🌟未影响模型训练。 公司明确表示相关代码数据未留存、未用于模型训练，因此公司#最核心的模型能力和迭代节奏未受影响。#

🌟主要影响在用户信任和市场情绪。 经过数日充分讨论，公司#已完成整改、开源# ZCode 并通过第三方安全审计。Harness 开源后透明度明显提升，同类风险再次发生的概率显著下降，我们认为本次事件更接近一次#风险集中释放。#

🌟核心仍看成长性。 相比单次产品安全事件，我们更关注模型能力、用户增长及 ARR 持续超预期，#公司核心竞争力和商业化进展仍在持续兑现。",水木调研纪要,,2,0,445,https://wx.zsxq.com/group/88888142214212/topic/45548545252222488,data/research/updates/2026-10-07-all_views-011.csv
2026-09-21T13:30:18,2026-09,🔥【国金机械】 博迈科大涨：深海油气 FPSO市场高景气，公司高增长趋势确定性强,"🔥【国金机械】 博迈科大涨：深海油气 FPSO市场高景气，公司高增长趋势确定性强

[玫瑰]深海油气FPSO 市场有望持续高景气。根据克拉克森数据，26 年全球预计有14个FPSO新项目授出（含FLNG），SBM Offshore和MODEC两大总包龙头的在手订单均创历史新高。从资源禀赋看，圭亚那Stabroek区块已探明可采油气当量逾110亿桶，后续还有Longtail（2026）、Haimara（2027）、Bluefin（2028）三个FPSO规划。巴西方面，Petrobras正在推进多艘FPSO部署，Búzios区块整体将部署12艘FPSO。苏里南市场GranMorgu项目投资105亿美元，计划2028年投产。马来西亚国家石油公司在52区块发现超10亿桶油当量天然气，计划开发FLNG设施。

[玫瑰]公司卡位优势好、未来2年订单预期积极。公司作为上部模块分包商，深度绑定FPSO双寡头SBM/MODEC100%份额，项目经验丰富。我们预计今年新签订单50亿+、将创历史新高，预计集中在26Q4落地。展望27年单，澳大利亚、西非仍有数个FPSO以及LNG项目落地，公司订单预计积极。

[玫瑰]预计从Q3起业绩迎来拐点、扭亏为盈。上半年公司受项目交付延迟以及资产减值影响，业绩承压。从Q3开始，此前项目减值接近尾声，将带动公司业绩释放。

[礼物]当前公司股价、业绩、订单处于底部，随着新签订单落地和项目交付，股价有望迎来戴维斯双击，建议重点关注！

☎️国金机械满在朋/秦亚男 17356570576",水木调研纪要,,2,0,443,https://wx.zsxq.com/group/88888142214212/topic/14425424141114152,data/research/updates/2026-10-07-all_views-011.csv
2026-09-21T13:09:34,2026-09,领导，请阅【招商房地产】高频数据全追踪！ # 欢迎订阅,"领导，请阅【招商房地产】高频数据全追踪！ # 欢迎订阅

一、成交
网签：
新房网签（39城）：9月以来（9月1-17日）新房网签面积同比降幅较8月全月扩大5 PCT至-11%，# 9月以来整体新房网签同比降幅扩大；重点城市网签表现普遍较8月全月走弱，其中北京、广州、深圳、杭州网签面积同比转负，上海网签面积同比增幅收窄，成都网签面积同比降幅扩大。
二手房网签（16城）：9月以来二手房网签面积同比增幅较8月全月收窄1 PCT至+5%，# 9月以来整体二手房网签同比增幅收窄；北京、上海等重点城市网签面积同比增幅扩大，深圳网签面积同比增幅收窄，成都网签面积同比降幅扩大。

二、拿地：1-8月全国土地成交面积/成交金额同比分别为-22%/-20%（分别较1-7月-1 PCT/+5 PCT），土地成交均价同比从1-7月的-5%转正至+3%。# 1-8月全国土地成交数据整体呈现“量缩价升”的特征。

三、库存：8月80城推盘未售库存去化周期较7月上升0.1月至32.4月，其中一/二/三四线城市分别为21.4月/28.5月/44.0月；8月全国开工未售库存去化周期较7月下降0.1月至20.6月。

四、前瞻及佐证指标：
1、二手价格、租金及租金回报率：8月北京、广州、深圳二手成交价格环比下降，上海二手成交价格环比上升；北京租金环比下降，上海、广州、深圳租金环比上升；北京、上海、广州、深圳租金回报率均环比上升；
2、二手带看人数（12城）：8月整体带看人数同比降幅较7月收窄2 PCT至-8%；
3、流动性前瞻：根据招商证券房地产组流动性前瞻指标判断，2026年9月，宏观层面流动性环比宽松力度收窄，同比转向宽松；
4、挂牌量（49城）：8月49城二手房存续挂牌套数环比+0.2%。

# 更全面的高频成交、来访、带看、中介二手房成交价格、挂牌量、价变动、拿地、库存等基本面数据请联系：
招商证券房地产（不动产与综合服务）团队赵可/区宇轩13509233602/李盛天/孔嘉庆/卢思宇/冯靖淇18382156053。",水木调研纪要,,2,0,424,https://wx.zsxq.com/group/88888142214212/topic/55521525454284244,data/research/updates/2026-10-07-all_views-011.csv
2026-09-21T13:06:26,2026-09,【CXO观点更新】CXO板块兼具业绩确定性与估值性价比，半年报业绩亮眼，上行趋势有望持续。,"【CXO观点更新】CXO板块兼具业绩确定性与估值性价比，半年报业绩亮眼，上行趋势有望持续。

 [太阳]CXO预计持续有亮眼表现。1）多家公司中报超预期并上调指引，坚实基本面持续兑现中；2）海内外投融资的持续复苏（2026H1 全球投融资金额267.6亿美金 yoy+58.5%），以及海外CXO Q2的强势表现（多家龙头公司上调业绩指引），均增强对行业持续复苏的信心。；3）AI4S转化为CXO全链条订单增长逻辑顺畅，带动行业整体估值提升。

 [太阳]半年报各细分方向全面开花，多家公司超预期,预计三季度持续。CDMO端康德收入大超预期并大幅上调全年指引，凯莱英半年报在手订单增长54%，康龙保持两季度订单高增速，CDMO订单+50%，大分子CDMO端药明生物新增项目加速并上调指引，临床CRO端泰格、康龙临床新签订单+30%，安评公司Q2维持新签高增。药明康德、凯莱英、药明生物等龙头公司在上调指引后按经调利润估值仍在合理范围内，且业绩确定性进一步坚实。

 [太阳]建议关注：1)龙头CDMO成长逻辑强，估值具性价比，药明康德、康龙化成、凯莱英、药明生物等；2）临床前安评环节预计年内订单保持高增速，昭衍新药、美迪西、益诺思等；3）临床CRO景气度已有回暖迹象，泰格医药、诺思格、普蕊斯等。",水木调研纪要,,2,0,402,https://wx.zsxq.com/group/88888142214212/topic/14425424141221482,data/research/updates/2026-10-07-all_views-011.csv
2026-09-21T13:06:20,2026-09,[红包]【天风通信】 彩讯股份：签订算力服务合同，AI业务加速落地未来可期,"[红包]【天风通信】 彩讯股份：签订算力服务合同，AI业务加速落地未来可期

🔥事件：公司发布公告，公司于2026年9月20日与H公司签署《算力技术服务协议》，向H公司提供算力技术服务，服务费总额预计不低于人民币18.12亿元（含税），各订单服务期限均为自服务验收之日起60个月。截至公告披露日，合同已满足全部生效要件，现已正式生效。

#持续布局AI及算力业务# 2026年上半年彩讯 AI 战略进入规模化落地阶段，实现 AI 及算力相关收入24187.77万元；同比增长36.86%；占总营收比34.76%。推进 AI 及算力相关项目117个，其中2026年上半年新签项目34个，覆盖 AI 智能体平台、AI 办公、AI 营销、AIGC 与多模态、AI 编程与低代码、AI 数据服务、AI 算力及云服务等领域。公司拟通过可转债项目资金布局算力业务，构建万卡级智算集群，预计将为公司带来持续稳定的收入贡献；非算力类AI业务同比实现三倍以上增长，主要系中央企业及国有企业AI项目落地需求显著提升，Deepseek大模型开源及私域部署方案落地，有效推动国央企AI应用需求集中释放，公司各业务场景AI应用渗透率持续提升。公司可转债拟投向算力租赁及服务业务，目标客户涵盖汽车与自动驾驶领域客户、互联网大厂、三大运营商；2026年大模型厂商算力需求旺盛，亦将成为公司重要客户群体。

#企业级AI进入生产系统# 26H1彩讯发布Rich AIBox·Nexus版本，平台从智能体开发工具进一步升级为企业级智能体开发与运营平台。面向企业生产环境，平台进一步强化安全合规能力，将数据安全、组织权限、运行审计和人工接管纳入智能体全流程治理，基于Harness运行框架，强化了独立工作空间、任务自主规划、上下文管理、Skill 按需装载、文件读写、沙箱执行、会话持久化和运行审计等能力。

#收购基智智能# 公司全资收购基智智能，正式布局 AI 语音智能体核心赛道，该赛道处于AI Agent 与智能语音市场的交汇点，商业落地性与规模化路径清晰。收购采用纯现金支付（3.64亿元），基智智能管理团队需以收购所得部分现金购买公司股票实现深度绑定；业绩承诺期为2026-2028年，累计净利润不低于8400万元（年均 2800 万元）。

🏅公司深耕数字经济领域，积极拥抱AIGC技术，研发能力强，伴随着人工智能行业发展以及算力需求的持续增长，未来订单量有望快速增长，当前位置建议积极关注。

📞天风通信团队 王奕红/陈汇丰/唐海清",水木调研纪要,,2,0,394,https://wx.zsxq.com/group/88888142214212/topic/82258252424554252,data/research/updates/2026-10-07-all_views-011.csv
2026-09-21T13:06:06,2026-09,【财通AI材料&大化工团队】再推3D打印材料：下一个景气赛道卡脖子环节,"【财通AI材料&大化工团队】再推3D打印材料：下一个景气赛道卡脖子环节

核心观点：3D打印行业依然存在较大预期差，市场认为行业产能过剩，意思不大，但我们并不这么认为，我们认为行业已经到了景气拐点，且持续时间有超预期的可能；

核心逻辑：

1、PLA进入景气周期核心原因在于3D打印材料需求高增，且持续性较佳：究其原因，PLA进入景气区间核心原因在于下游3D打印材料需求的高增长，以下游3D打印机出口数量为例，2025年之前，大部分月份出货量在50万台以下，而到了今年1到7月份，除了3月份出口50万台，其它月份出货量均在60万台以上，3D打印设备出口高增背后原因在于3D打印使用门槛的大幅降低以及性价比的提升，尤其AI的赋能使得3D打印使用门槛大幅下降。

2、规划产能与现有产能差距大，实际落地产能并不多，当下供需平衡表健康；卡脖子环节，产业链除了PLA紧张之外，我们认为聚合级乳酸的景气度可能会更高，优选具备乳酸标的，其次是PLA标的。

风险提示：3D打印材料需求不及预期，乳酸和PLA扩产超预期",水木调研纪要,,2,0,394,https://wx.zsxq.com/group/88888142214212/topic/45548545252442448,data/research/updates/2026-10-07-all_views-011.csv
2026-09-21T13:05:53,2026-09,大元泵业推荐：液冷屏蔽泵拐点已至，产能、认证、新品渐次落地,"大元泵业推荐：液冷屏蔽泵拐点已至，产能、认证、新品渐次落地
————————————
屏蔽泵零泄漏、免维护、体积减半，已是北美云厂下一代 CDU 统一路线，海外泵企有 1–2 年产品空窗，订单集中于国内。往Q3-Q4看大元产能、认证、订单、产品升级拐点明确。

变化1：Q3投产＋UL认证加速

屏蔽泵年产能500万台，老工业区1/2产能适配AIDC需求，改造产线 9 月底全部投入运营、10 月可交付，产能覆盖未来两年液冷需求。同时公司计划泰国建厂。

公司大功率电子泵单机 UL 认证已经通过，整机认证按客户节点快速推进，#认证落地后预计订单及量产有望迎来爆发式放量。

变化2：55kW新品发布在即

公司大功率屏蔽泵已实现 60W–55kW 全覆盖，#55kW产品配套下一代4MW# CDU、推出在即。

🌟投资建议：谷歌27年1.8万2MWCDU、3.6w 37kw泵；按谷歌占整体25%倒推，全球14.4万台泵，27年市场规模100e。

按27年公司谷歌35%份额、其他20%份额，大元液冷泵收入有望26e，按25%净利率，液冷利润6.6e、30x对应200e市值。

主业利润1.2e、给20x对应24e。合计目标市值220e。",水木调研纪要,,2,0,393,https://wx.zsxq.com/group/88888142214212/topic/22258252424552451,data/research/updates/2026-10-07-all_views-011.csv
2026-09-21T13:05:44,2026-09,一句话结论,"一句话结论

DRAM 20~30%环比，显著高于市场一致预期；NAND>15%小幅超一致预期；最大超预期点不是Q3涨幅本身，是云厂商签约接受2027Q1涨价这一长单信号
⚠️ 信息仅产业资料整理，不构成投资建议
一、市场一致预期基准（集邦TrendForce，产业最主流的合约价预期）

• DRAM Q3合约价预期：13%~18%环比

• NAND Q3合约价预期：10%~15%环比
市场前期共识：Q3涨价斜率大幅收敛，二季度DRAM涨幅高达58–63%，市场普遍预期Q3涨价明显降速，消费端承压，只有服务器端偏强
美银调研口径 DRAM 20–30%，中枢已经高出集邦上限（18%）；NAND>15%，刚好摸到集邦预期上限。
核心口径差异：集邦是全品类加权合约均价（PC+手机+服务器）；美银这个20~30%包含服务器DRAM现货、配额溢价订单，服务器颗粒涨幅远高于消费端，是结构性涨价。PC、手机消费级DRAM涨幅依然偏弱，LPDDR涨幅只有个位数。
二、机构预期分化（乐观派/中性派）

1. 乐观派（瑞银）：此前上调预期，DRAM Q3预期32%、NAND 30%，这个区间和美银20–30%是接近的，属于少数乐观投行的预判，不是市场一致预期

2. 中性/谨慎派（集邦、群智、杰富瑞）：普遍预期DRAM 13–18%，认为高基数+消费电子需求疲软会压制涨价幅度，甚至有观点认为Q3涨价接近尾声

三、真正的超预期：长单条款（比涨价幅度更重要）

市场之前所有人的剧本：云厂商压价、长单用来锁价控成本。
新事实：超大规模CSP签约，同意2027Q1 DRAM价格＞2026Q4

• 标志买方博弈立场反转：优先抢产能配额，而不是压价

• 这一点是绝大多数卖方研报此前没有定价的预期差，是本轮美银报告最大的增量催化

四、容易踩的误区：不要把这个涨幅当成全品类普涨

• ✅ 强：服务器DDR5、大容量企业级NAND、HBM配套DRAM，涨幅拉满

• ⚠️ 弱：PC普通DDR、手机LPDDR、消费级SSD颗粒，涨价动能明显乏力，部分消费规格现货甚至出现回调
本轮是AI算力驱动的结构性牛市，不是全行业普涨周期，这点也是市场慢慢在修正的认知。
五、后续验证指标（用来确认涨价能不能持续兑现）

1. 原厂正式Q3合约落地报价，确认是否摸到20%+

2. 云厂商资本开支指引、服务器出货量

3. 现货相对合约的溢价能不能维持（高溢价代表实物供给紧张）

4. 三大原厂资本开支计划，有没有上调普通DRAM扩产",水木调研纪要,,2,0,393,https://wx.zsxq.com/group/88888142214212/topic/55521525454225184,data/research/updates/2026-10-07-all_views-011.csv
2026-09-21T13:05:38,2026-09,TIM/ 德邦科技交流更新-AI 新材料更新（0921/2）,"TIM/ 德邦科技交流更新-AI 新材料更新（0921/2）

1、AI算力推动散热材料升级，# 公司卡位芯片级、模组级及系统级TIM环节。公司通过收购泰吉诺实现TIM1、TIM1.5、TIM2全层级覆盖，产品涵盖导热垫片、导热凝胶、相变材料、液态金属及石墨烯复合材料。

2、# 高端产品验证推进、TIM有望成为核心增量。公司TIM1.5、TIM2已实现批量供货，TIM1已通过头部封测厂验证；800G及以上高速光模块需要新增耐插拔复合TIM，北美头部客户已开始贡献收入。预计2026年公司TIM收入超过3亿元，2027年有望保持30%以上增长并突破4亿元。

3、# 业务结构持续向高毛利半导体及智能终端材料倾斜，26H1集成电路板块收入同比增长58%、占比突破20%，固晶胶贡献主要内生增量，固晶膜处于小批供货阶段；智能终端端LIPO窄边框材料、偏光片胶等产品持续放量。
————
（一马平川）",水木调研纪要,,2,0,389,https://wx.zsxq.com/group/88888142214212/topic/14425424141225442,data/research/updates/2026-10-07-all_views-011.csv
2026-09-21T13:05:25,2026-09,🍁 🍁 🍁【hcdx】八亿时空：业绩反转，液晶+光刻胶树脂双龙头，多点突破,"🍁 🍁 🍁【hcdx】八亿时空：业绩反转，液晶+光刻胶树脂双龙头，多点突破

🍁 # 液晶材料主业有望再上台阶。公司液晶材料业务深度绑定大客户，长期保持稳中向好趋势。公司积极推进新客户拓展，优化客户结构，进一步推动主业收入利润增长。

🍁 # “独立第三方树脂”弹性更大。聚焦树脂及单品，换全行业合作空间。阴离子型 K 胶（KrF）国内首家、性能对标日本全球头部企业；树脂出货跟随晶圆厂/胶厂验证节奏放量，目前已具备百吨级产能。独立第三方树脂企业定位，弹性更大。

🍁 # 车用PDLC+染料液晶空间大，增速高。全景天窗调光薄膜核心材料，市场空间较大。毛利显著高于现有混晶业务。当前营收已数千万元。

🍁 # 积极拓展OLED客户，未来有较大增长空间。核心动力来自已储备的国内外优质客户订单释放。

🍁 # OCS用液晶材料具备放量潜力。当前算力集群规模加速扩张，OCS需求预期提升，公司具备OCS用高端液晶材料生成能力，具备放量潜力。

🍁 # 投资建议：公司混晶主业与光刻胶树脂龙头优势明显，业绩反转，景气双线加速。小品类液晶材料具备卡位优势和放量潜力。当前市值60亿，业绩支撑强，布局新领域，建议重点关注。",水木调研纪要,,2,0,380,https://wx.zsxq.com/group/88888142214212/topic/14425424141225212,data/research/updates/2026-10-07-all_views-011.csv
2026-09-21T13:05:18,2026-09,🌟【国盛电子】聚辰股份：SPD持续放量， VPD新品再添增长极,"🌟【国盛电子】聚辰股份：SPD持续放量， VPD新品再添增长极
⚡️SPD：SOCAMM2产品是面向英伟达的Vera Rubin平台设计的，由于服务器SOCAMM中需要用到一颗SPD，我们认为SPD出货量有望受益于Vera Rubin出货放量。此外，受益于 AI PC 等高端应用的加速渗透，以及 LPCAMM2 内存模组可能替代LPDDR5X 板载内存成为新一代轻薄型笔记本电脑和其他紧凑型设备的理想解决方案（传统的LPDDR5X 板载内存方案无需配套使用 SPD 芯片，LPCAMM2 内存模组则需要配套使用1颗SPD芯片），进一步推动了市场需求的增长。随着SOCAMM2与LPCAMM2 等新型内存模组的陆续商用，以及公司不断加强对产品的推广、销售及综合服务力度，公司 DDR5 SPD 芯片出货量有望持续增长。

⚡️VPD：VPD EEPROM广泛适配多部件架构的PCIe SSD产品，可承载日趋复杂的部件互联参数与设备元数据。随着云计算厂商、AI服务器集群和企业级存储系统加速扩产，为确保存储数据在高负载下的供电稳定性与安全性，配套eSSD的VPD芯片作为关键的识别与配置元件，上述需求最终将传导至模组出货量的持续攀升，并带动VPD芯片需求同步高速扩张，公司配套新一代eSSD模组和CXL内存模组的VPD芯片已顺利通过目标客户的测试认证，并将搭载在目标客户的模组样品上，分发给各终端客户进行测试验证。

🧧总结来看，随着SOCAMM2与LPCAMM2 等新型内存模组的陆续商用，公司 DDR5 SPD 芯片出货量有望持续增长，公司配套新一代eSSD模组和CXL内存模组的VPD芯片已顺利通过目标客户的测试认证，并将搭载在目标客户的模组样品上，分发给各终端客户进行测试验证，VPD新品有望再添公司增长极。

风险提示：需求不及预期、研发进展不及预期",水木调研纪要,,2,0,377,https://wx.zsxq.com/group/88888142214212/topic/14425424141222882,data/research/updates/2026-10-07-all_views-011.csv
2026-09-21T13:04:28,2026-09,天风通信｜#华工科技重点推荐：# 物料压力缓解，LPO&NPO&CPO&产能全线提速,"天风通信｜#华工科技重点推荐：# 物料压力缓解，LPO&NPO&CPO&产能全线提速

🌟1、可插拔&LPO
1）26下半年物料压力缓解，国内&泰国产能释放加速，#27年将形成合计超千万只800G、超500万只1.6T产能，海外&国内产能布局领先。叠加毛利提升，光通信业务具备高利润弹性。
2）800G LPO明年百万只订单落地，出货量有望持续高增。

🌟2、NPO&CPO
公司3.2T NPO国内外头部客户送样快速推进；6.4T CPO已送样北美，预计年底完成联调；#27H1公司NPO&CPO将开启出货爬坡。

🌟3、其他主业更新
1）船舶领域订单充足，26H2保持增长；
2）3D打印业务配合头部消费电子客户验证，27年需求高增确定性高；
3）#半导体激光装备已进入长存等国内核心客户，TGV激光打孔装备样机已落地；#刻蚀、切割、探针卡装备等环节产品已实现销售，驱动公司估值提升。

[红包]公司光通信技术领先，1.6T、LPO、NPO、CPO等高端产品全线覆盖，订单充裕，DSP光互联产品有望伴随物料缓解放量，去DSP光互联产品为市场领军地位，看好公司27-28年出货爬坡利润增长提速释放，当前位置重点推荐！",水木调研纪要,,2,0,382,https://wx.zsxq.com/group/88888142214212/topic/14425424144888242,data/research/updates/2026-10-07-all_views-011.csv
2026-09-21T13:04:24,2026-09,AI中长视频加速落地，关注AI影视与广电板块机会【中泰传媒互联网】,"AI中长视频加速落地，关注AI影视与广电板块机会【中泰传媒互联网】

📌9月20日，腾讯视频上线12集古装玄幻剧《行镖》，单集约20分钟，采用真人+AI制作模式，公开创作团队约20人。开播同时，导演公开第1集全部制作资产及视频分镜提示词，为第2-12集提供二创资产，并推出配套课程，拆解分镜设计、真人实拍、AI生成、素材迁移及风格统一等制作流程，相关话题登上微博热搜。

📌9月17日，广电总局表示，2026年前8个月上线微短剧43万部，为2025年全年的13倍，其中AI剧占比超过九成；同时要求落实AI内容标识、肖像和声音授权、平台全流程把关及成片人工审核，严禁“AI魔改”。

📌政策端将继续落实“广电21条”，压缩审查时限，推进总局与省局同步审查及边审边播，并建设行业级AI共性技术平台和国家人工智能应用中试基地。广电媒体还将拓展体育、文旅、教育、康养等服务场景，加快由传统频道运营者向内容平台、技术平台和产业服务平台转型。

🌹我们认为，AI影视正由微短剧的规模化供给进一步迈向中长视频的工业化生产，制作流程标准化和资产复用有望持续降低内容成本、提升精品供给能力。监管鼓励创新与规范治理并重，“广电21条”同步改善内容审查及播出效率，有望推动AI影视的产业关注度由内容制作向长视频平台、电视大屏及广电渠道扩散。

🔥重点推荐：芒果超媒、荣信文化、中文在线；
⭐建议关注：华智数媒、中广天择、掌阅科技、昆仑万维、海看股份、新媒股份、华数传媒、江苏有线等。

⚡️风险提示：AI技术及商业化不及预期、精品内容供给不及预期、监管政策变化、行业竞争加剧的风险。

☎️中泰传媒互联网康雅雯团队&欢迎交流
康雅雯18521305887
田明昊19521475131",水木调研纪要,教育,2,0,375,https://wx.zsxq.com/group/88888142214212/topic/45548545255112118,data/research/updates/2026-10-07-all_views-011.csv
2026-09-21T13:04:11,2026-09,坚定看好CCL 上游 【东北计算机】0921,"坚定看好CCL 上游 【东北计算机】0921

1️⃣# 通胀线看好电子布/铜箔

1）电子布：预期26Q4~27 年 E布 / 二代 / T布全面紧缺；散单10月再涨一次价即达到市场预期的27年价格水平，27 年价格预期再次上修。

2）铜箔：HVLP4单月需求预期放大至3000吨/月，叠加 1.6T 光模块 mSAP 强制用极薄载体铜箔（三井 90% 市占，国产替代打开）  。

2️⃣# 技术升级线看好碳氢树脂/硅微粉

Rubin Ultra Switch Tray层数由22L升至32L/44L，337G 传输下PPO / 碳氢 M9  Dk/Df 逼近物理极限，PTFE与高填充成为确定性解方。1）树脂端，NV交换机及背板预期导入PTFE混层方案（PTFE CCL+碳氢PP）；2）填料端，多层板为严控CTE防翘曲，高纯球形硅微粉添加比例翻倍。

相关标的：（未覆盖公司不作为推荐标的）
电子布：宏和科技、中材科技、国际复材
铜箔：德福科技、铜冠铜箔
树脂：东材科技、瑞丰高材（未覆盖）
硅微粉：凌玮科技、联瑞新材（未覆盖）

风险提示：下游需求不及预期",水木调研纪要,,2,0,387,https://wx.zsxq.com/group/88888142214212/topic/22258252422114211,data/research/updates/2026-10-07-all_views-011.csv
2026-09-21T13:04:06,2026-09,❗️瑞松科技：国内首条MPO整线设备下单，国产存储探针台与下游原厂合作加速，首次重大推荐20260921,"❗️瑞松科技：国内首条MPO整线设备下单，国产存储探针台与下游原厂合作加速，首次重大推荐20260921

#MPO生产包括七大核心工序，各环节自动化成熟度差异显著。其中（1）裁切和剥线环节自动化程度最高，可实现批量化操作；（2）拆线、排线、注胶、涂覆等环节因产品种类多，定制化需求高，人工效率直接影响良品率。（4）#最核心难点在“插芯”环节， 目前行业内依赖熟练女工在洁净车间完成，需倾斜角插入以避免光纤断裂问题；但随着下游客户对芯数增加（从12/16芯，向/24/32芯演进），人工良品率低（目前16芯人工良率仅30%）、招工难以及高成本等问题日益提升，因此催生对行业MPO上游自动化设备需求！

#瑞松科技自研六轴机器人MPO方案，技术参数适配高芯数MPO生产需求：公司MPO设备采用六轴机器人抓取光纤、带倾斜角（约0.5-1度）插入MT插芯的方案，可适配光纤本身的翘曲特性，插芯工序良率可达99%以上，显著高于同业180度水平直插方案的良率，也远高于人工插芯约30%的良率水平。精度参数方面，公司六轴机器人在10厘米工作范围内可实现0.3微米的定位精度，性能优于同行。

#中标F客户MPO整线订单，其他客户预期积极跟进：预计瑞松10月与国内F客户签订首条整线MPO订单，单条线价值量约400万元，包含2台机器人12、16芯本体，预计27年初正式交付；后续还将升级24芯散/穿纤设备产线，年化约百条线体需求。产业链角度，中游MPO厂商如富联，天孚，senko，molex的合作体系在加速建立。#瑞松MPO设备出货层面按照27/28年800-1000台/2000-2500台六轴机器人本体，对应12/30亿的产线收入，3/8亿利润增量。

#自研存储设备探针台配套下游原厂客户，远期贡献远期估值弹性。公司存储探针台设备首台样机已经推出，最多可支持 40 个unit，每个unit 对应一片12寸 wafer，目前与国内原厂客户合作正在加速，单台价值量5kw左右，27年有望实现国产此型号级别探针台产品的首台突破。

#传统主业业绩上修，26H1收入同比70%+增长。公司传统主业为以机器人为核心的智能制造解决方案供应商，面向下游3C、汽车、农业等领域，预计26/27/28年实现13/15-18/20+亿收入，#保守预计对应0.7/1.2/2亿利润，主业稳定增长，当下位置贡献充足安全边际。

预计27年全球MPO设备达百亿市场，瑞松作为国内唯一MPO上游全产业链设备供应商，#中期股价空间按照28年主业/MPO分别给30X/40X对应60亿+320亿=380亿市值；同时考虑半导体设备加速突破，当下位置坚定看500亿空间！",水木调研纪要,,2,0,372,https://wx.zsxq.com/group/88888142214212/topic/22258252422114241,data/research/updates/2026-10-07-all_views-011.csv
2026-09-21T13:03:53,2026-09,[烟花]【中信电子】继续强烈推荐京东方：玻璃基板良率提升，加速布局先进封装，面板首发涨价函，持续看好！,"[烟花]【中信电子】继续强烈推荐京东方：玻璃基板良率提升，加速布局先进封装，面板首发涨价函，持续看好！

[礼物]加速布局玻璃基载板先进封装、光互联等半导体产业链，利润/估值空间有望进一步打开。1）公司前瞻布局玻璃基载板业务，可有效解决当前封装载板封装尺寸物理极限、高密高速互联的瓶颈，公司在上市公司中具备稀缺的全制程玻璃基载板能力，目前已实现TGV开孔、深孔填铜、增层及布线等全流程工艺拉通，同时深度携手康宁，完成制程探索及认证及下游市场开拓，目前公司中试线良率提升超预期，预计年底产能提升至1000片/月，产品性能、交付品质得到客户认可，量产线布局节奏加快，公司目标27H2实现量产；2）公司前瞻布局国内最大单体Micro LED芯片产线并积极进军Micro LED CPO光互连，已产出相关样品并为客户送样，综合进度行业领先。公司积极拥抱AI浪潮，结合自身优势基因积极切入半导体/先进封装产业链，我们看好公司未来相关新兴业务的利润和估值弹性。

我们26Q3已外发玻璃载板行业深度跟踪，欢迎参考：#小程序://研究服务/rsDoWY5xVrY262F

[礼物]主营业务利润释放趋势明确：上周以京东方、TCL为代表的头部面板厂历史上首发涨价函，背后是供给侧格局强化、中游面板议价权的全面提升，目前大尺寸TV面板稼动率可达85%–90%左右，9月底~Q4大尺寸TV面板价格有望上涨；展望后续，随着大尺寸化、高端化的持续落地，我们认为TV面板有望自27年起进入供需紧平衡状态，价格及盈利中枢将获得更强支撑，叠加资本开支、折旧、综合成本的下降，未来数年面板的利润释放趋势将持续强化，京东方作为全球面板龙头有望充分受益。

我们26Q2已外发面板行业深度跟踪，欢迎参考：#小程序://研究服务/MZSKPnS9aNXuE3s

[礼物]综上我们看好公司未来主营业务的增长性和确定性，半导体/先进封装等业务则有望贡献持续增长动能，推动公司估值重塑及提升。持续看好及推荐！

[礼物]欢迎联系 中信电子",水木调研纪要,,2,0,362,https://wx.zsxq.com/group/88888142214212/topic/45548545255115548,data/research/updates/2026-10-07-all_views-011.csv
2026-09-21T13:03:31,2026-09,🔥重视【AI制药】巨头密集落子，从效率工具走向研发基建｜中信证券计算机,"🔥重视【AI制药】巨头密集落子，从效率工具走向研发基建｜中信证券计算机

[太阳]字节、礼来、诺和诺德同周加码，产业信号密度罕见
-9月16日，诺和诺德宣布与Anthropic合作，将Claude Science用于药物研发。

-同日，金斯瑞加入礼来TuneLab，为生态企业提供湿实验服务，助力AI预测快速转化为实验数据——MNC正从“买AI能力”走向“建AI生态”。

-据路透报道，字节跳动分拆的Anew Labs完成2.9亿美元融资，投后估值15亿美元，字节仍持有56%。

-#我们认为：大模型公司、MNC、互联网巨头密集加码，AI制药正从单点验证走向系统性投入。

[太阳]大模型打开“干实验”能力边界，竞争从模型走向“预测+验证”闭环
-Anthropic最新实验中，Claude针对15个蛋白靶点设计binder，成功命中14个，48小时完成1320个设计，命中率22%—35%。

-礼来与英伟达共建AI创新实验室，未来五年最高投入10亿美元，打通computational dry labs与agentic wet labs。

-#AI正在压缩“提出假设”的成本，竞争焦点向实验验证、数据反馈和自动化迭代迁移。谁能跑通“预测→实验→数据→再预测”，谁就有机会重塑研发成本曲线。

[太阳]“十五五”规划，AI制药进入产业顶层设计
-9月18日，工信部等十部门发布《医药工业发展“十五五”规划》：2030年创新药产业规模年均增速20%以上，FIC占全球比例25%以上。

-规划明确深化AI赋能，并围绕药物发现、临床研究等打造AI制药高价值应用场景。

-#产业投入+大模型跃迁+政策定调，AI制药加速从“技术主题”走向“产业基础设施”。

[太阳]港股AI制药三家公司，分别卡位核心环节
-晶泰控股：AI4S+机器人，卡位研发基建。26H1 AI4S收入1.94亿元，同比+136.4%，持续推进机器人实验室与自主合成。

-英矽智能：AI原生药物发现+管线兑现。26H1收入1.063亿美元，同比+287%；Rentosertib进入III期，9月10日完成首例患者给药。

-剂泰科技：AI+药物递送稀缺卡位。5月登陆港股；MTS-004获1亿元首付款，PBA适应症里程碑最高18.45亿元。

-#三家公司各有特色：# 晶泰看研发基建，英矽看管线兑现，剂泰看AI递送。

[红包]建议关注：
1）晶泰控股：AI4S+机器人，研发基建龙头
2）英矽智能：AI制药+创新管线，商业化加速
3）剂泰科技：AI+药物递送，稀缺细分卡位

[玫瑰]欢迎感兴趣的投资人联系中信证券计算机团队",水木调研纪要,,2,0,358,https://wx.zsxq.com/group/88888142214212/topic/55521525455881444,data/research/updates/2026-10-07-all_views-011.csv
2026-09-21T11:28:57,2026-09,【三祥新材】涨停封板：# 锆铪分离预计投产在即【浙商化工&算力 杨占魁】,"#【三祥新材】涨停封板：# 锆铪分离预计投产在即【浙商化工&算力 杨占魁】

⭕️铪在先进制程、存储中的应用正在持续拓宽，持续受益于AI带动的存储芯片、半导体产业扩张。而铪的供给增量有限，供需或持续偏紧，#涨价有望延续。2026年8月，铪金属海外报价12508美元/千克（#折合人民币约8400万元/吨），较年初+31.7%，同比+165.4%。

⭕️公司2万吨锆铪分离项目稳步推进，#半工业化产线已实现连续稳定生产，产出的锆铪产品均为4N级以上产品（电子级），#部分产品已向下游半导体领域客户送样，预计投产在即，有望贡献超预期业绩弹性。

报告链接：https://mp.weixin.qq.com/s/dUv...
风险提示：锆铪等产品价格波动风险；项目落地节奏不及预期等

欢迎联系：浙商化工杨占魁",水木调研纪要,,2,0,407,https://wx.zsxq.com/group/88888142214212/topic/82258252481522552,data/research/updates/2026-10-07-all_views-011.csv
2026-09-21T11:28:10,2026-09,[拳头]【八亿时空】深耕混晶二十余载，光刻胶树脂启新程,"[拳头]【八亿时空】深耕混晶二十余载，光刻胶树脂启新程

🌟八亿时空成立于2004年7月，2020年1月登陆上交所科创板，是一家专业从事显示材料、半导体材料、医药材料研发、生产和销售的高新技术企业，主营业务为液晶显示材料。公司建立了从单晶到混晶、具有完全自主知识产权的IPS-TFT产品体系，深度绑定京东方等面板龙头客户。在巩固混晶基本盘的同时，公司以上海、浙江上虞、河北沧州三地子公司为支点，分别承担半导体材料、OLED材料、医药中间体及原料药等新业务的研发与生产职能。

🌟当前LCD面板价格在前期波动后走势较为平稳，面板生产企业营收基本保持平稳，而京东方、华星光电、惠科等内资面板生产商份额持续提升，根据Wind数据2026年1-4月内资企业在大尺寸TFT液晶面板领域份额约57.5%，相较2020年水平提升21.0pct。受益于面板需求支撑，2025年中国液晶材料市场规模达46.2亿元，同比增长约4.5%。与此同时，日本DIC、JNC等日系厂商通过出售业务与专利资产逐步退出，为国产企业承接份额、扩产放量创造空间。公司自2015年起成为京东方国产TFT混合液晶战略供应商，京东方长期稳居第一大客户。

🌟受益于AI产业链高景气与存储芯片价格上涨，全球及中国大陆半导体销售额大幅提升，中国大陆半导体光刻胶市场规模有望从2024年的56亿元增长至2029年的115亿元。光刻胶成膜树脂合成工艺壁垒高、验证周期长，是国内企业实现配方自主化的核心卡点之一。公司历经多年研发，已能独立开发KrF/ArF系列光刻胶树脂，其KrF光刻胶用PHS树脂在金属离子杂质控制、分子量分布等关键指标上达到国际先进水平。2025年公司光刻胶树脂业务已实现吨级出货量及千万级营收，公司预计2026年底将建成400吨/年光刻胶树脂产能，并已建成50吨/年PSPI产能，同时通过股权合作与光刻胶头部企业恒坤新材形成协同，为产品的客户导入与放量提供产业纽带。

[红包]预计公司2026-2028年归母净利润分别为1.30、1.74、2.31亿元。首次覆盖，给予公司“买入”评级。

[礼物]风险提示：下游需求不及预期，客户验证导入进度不及预期，研发风险，产能建设进度不及预期。",水木调研纪要,,2,0,401,https://wx.zsxq.com/group/88888142214212/topic/82258252481581422,data/research/updates/2026-10-07-all_views-011.csv
2026-09-21T11:21:45,2026-09,🔥【森合高科】新增推荐：环保浸出剂绝对龙头，产能供不应求，长期看五倍空间,"🔥【森合高科】新增推荐：环保浸出剂绝对龙头，产能供不应求，长期看五倍空间

💎关注重点：
❗️1.# 什么是环保浸出剂、优势在哪？ 环保浸出剂主要用于黄金等贵金属浮选提取的环保型选矿药剂，可替代当前主流剧毒氰化钠浸出工艺。其核心优势一是环保性对资质基本无要求，下游企业使用门槛低；二是综合成本较氯化氢低；三是应用场景可拓展，除黄金外，还可用于铜、铅、锌等有色金属提炼。

❗️2.# 500亿替代空间广阔。全球每年黄金选矿领域氰化钠使用量约为100-200万吨，国内需求50万吨，叠加其它有色选矿场景，全球市场规模达500亿元。当前环保浸出剂国内渗透率不足20%，海外更低，随着环保要求和浸出效率的提升，替代空间广阔。

❗️3.# 为什么是森合高科？公司是A股唯一环保选矿上市公司，资金助力扩产+技术更新，壁垒逐步深厚；＃市占率超50+的绝对龙头，公司目前年产能8万吨，行业第二梯队合计年产能仅2万吨，且产品为消耗品，客户粘性强，市场地位稳固。

❗️4.# 空间多大？-长期五倍，短期一倍。公司积极扩产，新厂区预计8万吨产能27年全部释放，叠加小幅超产预计年产20万吨，新增12万吨，1.2-1.3万元/吨，贡献营收15亿，净利率30%对应利润5亿，15倍PE对应75亿市值增量，看百亿市值。＃远期看40万吨产能，叠加边际成本下降盈利能力提升对应15亿利润，看200亿市值！

☎️A 股唯一标的+高替代空间+高速扩产+10倍PE+当前低位，建议重点关注❗️",水木调研纪要,,2,0,402,https://wx.zsxq.com/group/88888142214212/topic/55521525414814114,data/research/updates/2026-10-07-all_views-011.csv
2026-09-21T11:11:53,2026-09,隆鑫通用交流要点 -20260921,"隆鑫通用交流要点 -20260921

#总体#
预计26H2总体景气度较好，主要是出口支撑，国内预计稳定

#出口增量#
两轮摩托目前在欧洲市占率5-6%，有希望通过高端化在2-3年达到10%，长期挑战15%；拉美市场潜力较大；东南亚部分产品突破日系布局。四轮车26H1在欧洲放量较快，非美国市场中期目标10万台销量。三轮车出口有望维持20-30%增长

#国内市场#
无极部分车型表现突出。电动化赛道竞争激烈，公司战略暂未定

隆鑫各产品出口增长明确，摩托车贸易风险较小。目前股息率也有吸引力，我们继续看好",水木调研纪要,,2,0,413,https://wx.zsxq.com/group/88888142214212/topic/14425424151485442,data/research/updates/2026-10-07-all_views-011.csv
2026-09-21T11:11:23,2026-09,【中泰建材&化工孙颖团队】基础化工观点更新,"【中泰建材&化工孙颖团队】基础化工观点更新

1、# 细分龙头白马：   持续看好兼具规模和成本双重优势的龙头白马。聚氨酯板块产品价格整体走强，利润扩张，纯MDI/聚合MDI/TDI/软泡聚醚价格分别为21200/18000/17100/12500元/吨，环比+2.4%/+2.3%/-0.6%/-0.8%；纯MDI/聚合MDI/TDI/软泡聚醚利润分别为5267/3767/1189/494元/吨，环比变化+310/+310/+909/+32元/吨。

2、# 厄尔尼诺催化下明年或是农化大年，四季度将启动明年补库。# 尿素 本周第三批出口配额落地，关注配额出口和成交趋势。海外尿素因成本上涨持续涨价。# 钾   26H2俄钾、白俄钾供给收缩，叠加厄尔尼诺扰动，钾肥价格易涨难跌。# 磷   硫磺成本高企之下，产品可顺价且具备成长性的标的受益明显。# 草甘膦   南美备库不足，下半年经销渠道可能开启补库。# 草铵膦   需求旺盛，价格持续上涨，已经突破6万元/吨，货紧价扬。

3、# 化纤产业链：传统“金九”旺季预期逐步落地，秋冬面料备货、外贸圣诞订单陆续释放。PTA行业库存、MEG港口库存、涤纶长丝/短纤/纺织企业/瓶片【厂内库存天数】环比+8.3%/-2.6%/+9.1%/-10%/-4.1%/-1.0%，除PTA行业库存和涤纶长丝厂内库存累库外，其余产品均去库，库存处于健康偏低状态。PTA和MEG开工回升，其他产品开工下滑。PX/PTA/MEG/长丝/短纤/印染/纺织/瓶片周度开工分别为80.4/72.1/61.9/73.7/58.2/55/48/52.6%，环比0/+1.9/+2.1/-1.0/-2.6/0/-0.3/-1.4个百分点。关注景气度较高以及产业链供需较为紧张的长丝、粘胶长丝+短纤、氨纶等产品。# 染料：分散染料和活性染料价格继续上涨，订单基本以现价销售，H酸、对位酯、还原物等价格高位，下游印染开工率维持在55%。本周活性染料价格上涨4元至3.9元/公斤。

4、# 氟化工：   板块经历阶段性回撤后，已再度进入“击球区”，行业估值便宜。生产配额强约束下，制冷剂价格高位稳固；高端含氟新材料在半导体、AI液冷等方向加速导入，国产替代+需求扩容提供中长期弹性。

风险提示：原油价格大幅波动、需求不及预期。

请鼎力支持# 中泰建材   &化工团队：孙颖、聂磊、万静远、张昆、曹惠、刘梦岚、黄雪茹等",水木调研纪要,,2,0,414,https://wx.zsxq.com/group/88888142214212/topic/22258252484215821,data/research/updates/2026-10-07-all_views-011.csv
2026-09-21T11:11:05,2026-09,【中信电子】壁仞科技更新：正式上调明年收入目标到200亿元,"【中信电子】壁仞科技更新：正式上调明年收入目标到200亿元

各位领导好，我们近期与壁仞科技有紧密调研与交流，欢迎联系~

公司新品当前回片及测试顺利推进，进度符合预期。公司新品对标H200，预计26Q4起陆续向CSP、AIDC等客户送测，27Q2起迎来逐步起量。

产能及核心物料保障充沛，提供坚实出货基础。公司选择国产fab产线，起量阶段有望获取突出的产能保证优势。且如HBM等核心物料公司已具备较好的库存准备，可有效支撑27年百亿营收以上规模的出货。同时公司当前积极推进国产存储合作。

产品定价及盈利展望积极。公司新产品目标高端市场且具备领先的市场竞争力，我们预计公司后续新品定价及盈利展望乐观。

中信电子",水木调研纪要,,2,0,415,https://wx.zsxq.com/group/88888142214212/topic/45548545282522258,data/research/updates/2026-10-07-all_views-011.csv
2026-09-21T11:10:49,2026-09,奥来德业务梳理： 8.6代蒸发源持续兑现、发光材料&玻璃基板潜力可期【华源机械】,"奥来德业务梳理： 8.6代蒸发源持续兑现、发光材料&玻璃基板潜力可期【华源机械】

[太阳]OLED主业：蒸发源率先兑现、材料进入导入窗口

🔺# 蒸发源设备： 8.6代进入兑现期、存改需求稳定

①订单兑现：25年中标京东方B16一期蒸发源订单6.55亿元，相关设备已完成主体交付；二期潜在订单体量或接近一期，三年设备收入确定性强
②存量需求：6代线仍有国产替代、Tandem叠层改造、性能升级及维修备件需求，预计每年形成约1—2亿元设备基本盘

🔺# OLED材料： RP+GP贡献近期弹性，BP/HB/ET/RH打开成长空间

①需求逻辑：OLED向平板、笔电等中尺寸终端渗透，折叠屏提升单机显示面积，Tandem结构增加单位面积材料消耗
②导入进展：GP已在京东方实现小规模量产出货，RP正在推进导入，GP+RP价值量占比近20%，此外HB、ET、BP、RH亦同步拓展

[太阳]玻璃基板：PSPI+低应力膜+PVD设备协同布局

🔺# 产品布局：围绕玻璃基先进封装布局三大产品线

①PSPI材料：用于玻璃基RDL增层，在玻璃附着及精细布线方面具备优势，可与ABF膜共用，并发挥平坦化、支撑及高精度光刻作用
②超薄低介电低应力膜：用于缓解铜与玻璃热膨胀差异、提高铜与玻璃附着力，直接影响TGV填铜良率
③PVD设备：用于在TGV孔壁及玻璃表面沉积低应力膜，与公司原有真空蒸镀及薄膜沉积能力具备协同性

公司在玻璃基业务上# 材料+设备 布局齐全，价值量可观，有望成为成长第二曲线

[太阳]# 弹性储备： 硅基OLED&钙钛矿

①# 硅基OLED： 对应12英寸产线资本开支，Micro OLED蒸镀设备已具备产业基础，后续订单取决于国内外12英寸OLEDoS扩产节奏

②# 钙钛矿： 材料+设备同步布局，公司已布局钙钛矿材料及蒸镀设备，现阶段主要跟踪实验线建设、客户验证及正式资本开支节点",水木调研纪要,,2,0,416,https://wx.zsxq.com/group/88888142214212/topic/14425424151414422,data/research/updates/2026-10-07-all_views-011.csv
2026-09-21T11:10:42,2026-09,【国金机械】广钢气体再call：先进逻辑扩产超预期，竞争格局担忧已price in,"【国金机械】广钢气体再call：先进逻辑扩产超预期，竞争格局担忧已price in

[礼物]上周五我们提示广钢基本面和逻辑拐点，今天领涨科技，继续强调！

[礼物]不止是两存，目前看到的华东地区先进逻辑扩产节奏明显快于预期，Q4或迎来连续重大突破！

[礼物]公司26年下半年在存储逻辑核心客户的拿单有望上修40%，这不是昙花一现，而是下游持续旺盛的扩产需求与公司始终快人一步的竞争力！

[礼物]中报后对于公司丢份额的担忧已经price in，我们认为2年内不太会有份额继续变化，引入国产二供后需要1年建设期+0.5年试运行+0.5年二期项目敲定后才能继续拿项目，引入国产三供四供对客户没有益处，公司是电子大宗气全国断档第一的位置不会变！

[玫瑰]对各位领导最关心的项目进展、预期上修幅度、业绩测算等，我们都有细致梳理！

☎欢迎交流：满在朋/李子安18511371566",水木调研纪要,,2,0,411,https://wx.zsxq.com/group/88888142214212/topic/82258252484242512,data/research/updates/2026-10-07-all_views-011.csv
2026-09-21T11:09:53,2026-09,【长江电子杨洋团队】# 小PCB公司们的8月单月业绩,"【长江电子杨洋团队】# 小PCB公司们的8月单月业绩
崇达8月单月1e+利润，超声8月单月利润8kw，奥士康8月单月利润1e，金禄电子和四会富仕8月单月利润5kw
迅捷兴Q3业绩1-1.5亿元，威尔高Q3业绩1.5亿元

# 大票里面Q3业绩表现好的
景旺Q3业绩10亿元（乐观，专家口径），方正Q3业绩7亿元（乐观，专家）
鹏鼎14亿，沪电22亿，东山22亿
深南、生益电子和广合科技的Q3业绩基本都能看到至少环比30%-40%增长",水木调研纪要,,4,0,426,https://wx.zsxq.com/group/88888142214212/topic/14425424151448822,data/research/updates/2026-10-07-all_views-011.csv
2026-09-21T10:50:56,2026-09,[烟花]【| 脑机动态定期更新】,"[烟花]【| 脑机动态定期更新】

[礼物]近期部分重要进展：

1. 工信部等十部门印发《医药工业发展“十五五”规划》，4处提及脑机接口，涉及脑机接口康复医疗器械、前沿技术应用，以及京津冀、粤港澳脑机接口产业集群建设。
2. 国家药监局批准发布全球首个融合AI技术处理脑电数据的脑机接口医疗器械标准，明确用于AI算法的脑电数据集质量要求与评价方法。
3. 国家医保局启动首批国家医保医疗服务项目目录制定，首批覆盖康复等13类医疗服务项目；此前脑机接口已独立立项医疗服务价格项目。
4. 工信部等部门启动高端医疗装备推广应用项目申报，围绕5个方向、16种重点产品和1类典型场景开展推广应用。
5. Neuralink发布VOICE试验第三例参与者Terry案例，通过植入式脑机接口将脑信号解码为患者本人声音，实现意念控制语音交流。
6. Paradromics宣布Connect-One研究首位Connexus脑机接口植入患者已实现实时语音和文字交流，面向渐冻症、中风等失语患者恢复沟通能力。

[太阳]后续建议关注：头部脑机公司IPO报材料、国内外头部公司临床数据发布等。

[玫瑰]投资建议：建议关注博拓生物、翔宇医疗、创新医疗、麦澜德、美好医疗、爱朋医疗、可孚医疗、伟思医疗、三博脑科、岩山科技、心玮医疗、微创脑科学、乐普医疗等，以及后续有望上市的脑机公司强脑科技、博睿康等。具体标的情况可详细沟通。

☁ 脑机接口专题报告：https://s.c1ns.cn/J7aSJ

风险提示：政策变化风险；产品或服务商业化不及预期风险",水木调研纪要,,2,0,432,https://wx.zsxq.com/group/88888142214212/topic/55521525411115424,data/research/updates/2026-10-07-all_views-011.csv
2026-09-21T10:50:29,2026-09,迈富时：公司全力把握企业智能体规模化落地机遇【中泰传媒互联网】,"迈富时：公司全力把握企业智能体规模化落地机遇【中泰传媒互联网】

迈富时公告拟向Frontier SPC旗下Asia Pacific Growth Fund SP发行983.28万股新股，发行价50.85港元/股，预计募资总额5亿港元，发行完成后新增股份占扩大后股本约3.54%。募集资金将全部用于全栈Token工厂的扩建与优化，包括AIDC、GPU及算力集群建设，大模型、模型管理平台与相关软件部署，以及推理优化能力开发。

中国信通院正式公布《全栈Token工厂应用价值交付能力完备性》测评结果，迈富时凭借从算力、模型、平台到场景的全栈布局，成为行业首批通过测评的企业。参与测评的AI Agentforce智能体中台38项功能测试全部通过，覆盖智能体构建、测试、部署、监控及迭代等全生命周期。

目前，迈富时已形成覆盖研发、营销、销售、服务、经营分析等八大领域的智能体矩阵，服务覆盖200+行业、1000+细分场景，并经过21万+企业客户验证。公司披露的案例显示，其智能体已在服务提效、销售转化、数据治理与GEO营销等环节实现可量化的业务效果。

根据公司2026年中期业绩交流口径，预计2026E—2028E AI应用业务收入分别为26.8/45.6/79.8亿元，同比增速分别为80%/70%/75%，延续高速增长态势。

我们认为，本次信通院测评验证了迈富时从底层算力到场景交付的全链路能力；此次定增则有望进一步补充算力及模型基础设施，强化全栈Token工厂的交付能力。技术与资金协同，有望支撑公司把握企业智能体规模化落地机遇，加快AI应用商业化。

⚡️风险提示：企业AI需求不及预期、智能体商业化落地不及预期、行业竞争加剧的风险。",水木调研纪要,,2,0,416,https://wx.zsxq.com/group/88888142214212/topic/82258252488882512,data/research/updates/2026-10-07-all_views-011.csv
2026-09-21T10:49:47,2026-09,芒果超媒：AI影视内容布局加码，芒果TV平台有望受益，持续看好平台经营改善【中泰传媒互联网】,"芒果超媒：AI影视内容布局加码，芒果TV平台有望受益，持续看好平台经营改善【中泰传媒互联网】

⭐2027芒果共创生态大会发布2027年大剧、综艺及AIGC内容片单。
剧集方面，此次大会共推出89部大剧资源，围绕“女性““青春”“家庭”等题材打造核心内容，再以悬疑、科幻、历史、严肃文学改编等题材拓宽受众，拥有《咸鱼飞升》《人间有味》等头部作品储备。综艺方面，“综N代”矩阵筑牢基本盘，同时加码《女为悦己容》等14档创新节目，以社会议题切入探索差异化增量，并推出“视频播客”板块，旨在打造IP衍生形态与拉长节目生命周期。

⭐本次AIGC内容独立成单，覆盖经典IP焕新、女频中长剧、少儿动画三大品类，共计28部作品。相关作品沿用“成熟IP快速开发+成熟内容逻辑复用”思路，持续验证公司全链路AI制作体系的跨品类适配能力，推动内容产能提升与题材边界拓展。

⭐公司2027年优质内容储备充足，我们看好后续优质内容上线吸引用户，有效夯实公司互联网视频业务。同时，随着AI在中长剧、纪录片等多品类落地，公司内容成本有望结构性下降，缓解预算压力，亦可扩充内容供给规模，更好匹配用户多元需求，赋能平台运营改善可期。

⚡风险提示：AIGC内容监管政策变化的风险；AI剧播出效果不及预期的风险；政策监管风险",水木调研纪要,,2,0,410,https://wx.zsxq.com/group/88888142214212/topic/82258252488885422,data/research/updates/2026-10-07-all_views-011.csv
2026-09-21T10:49:29,2026-09,【创新药旗手】众生药业——1601全球首创pan-PDE抑制剂数据碾压已获批药物，MASH领域潜力大单品驱动估值重塑！【支持东吴医药朱国广团队】,"【创新药旗手】众生药业——1601全球首创pan-PDE抑制剂数据碾压已获批药物，MASH领域潜力大单品驱动估值重塑！【支持东吴医药朱国广团队】

🔥【旗手观点】

1️⃣ZSP1601——全球首创pan-PDE抑制剂，MASH领域FIC+BIC，数据碾压已获批竞品

ZSP1601作为全球首创pan-PDE抑制剂，在MASH领域具备FIC+BIC双标签。IIb期数据显示，纤维化改善至少1级且MASH无恶化比例达64.9%（安慰剂32.5%），相比安慰剂提升29.5%——显著优于已获批的THR-β抑制剂瑞司美替罗（11.7%）及司美格鲁肽（14.4%）。商业化潜力对标瑞司美替罗（24年4月获批，25年全年销售额9.6亿美元），#MDGL凭借该单一商业化管线美股市值达123亿美金。众生1601数据大幅优于瑞司美替罗，BD价值空间巨大。

2️⃣BD出海——FIC+BIC双标签，海外MNC关注度高，BD期权价值显著

ZSP1601作为口服小分子，具备FIC+BIC双标签，海外MNC兴趣度极高。公司已参加刚刚结束的BIO 2026，并开展多场路演交流。催化剂方面：26年内启动中国单药III期临床、适应症拓展2期（联用GLP-1、治疗F4肝硬化患者），新英格兰发布详细II期数据。

3️⃣RAY1225——全球首创双周双靶GLP-1/GIP激动剂，减重数据亮眼，商业化授权齐鲁有保障

RAY1225为全球首创Q2W全偏向型双靶激动剂，具备月给药潜力。II期24周18mg减重21.18%，优于替尔泊肽，≥15%减重达标率100%；降糖方面HbA1c降幅2.22%，达标率94.4%，肝脂肪相对降幅72.28%。商业化在即：预计26Q4递交减重适应症NDA，27Q2递交降糖适应症NDA。国内商业化权益已授权齐鲁（2亿首付+最高8亿里程碑+双位数销售提成），国内50亿峰值预期，公司保留海外权益。MASH、OSA适应症IND已获批，持续拓展空间广阔。

4️⃣流感药FIC医保放量+中药主业稳健，提供坚实安全边际

FIC流感药昂拉地韦（甲流PB2靶点FIC）2025年5月获批上市并已入医保，青少年及儿童适应症已NDA，峰值预期20亿元。中成药业务提供现金流''安全垫''。26年收入指引27-28亿元（yoy 7%-11%），归母3亿元（yoy 9%），主业稳健增长提供安全边际。",水木调研纪要,,2,0,413,https://wx.zsxq.com/group/88888142214212/topic/45548545288884828,data/research/updates/2026-10-07-all_views-011.csv
2026-09-21T10:48:57,2026-09,【天风电子】智立方再更新：重视五大核心要素，目标市值490e，持续推荐！,"【天风电子】智立方再更新：重视五大核心要素，目标市值490e，持续推荐！

1️⃣光芯片设备高景气。受益行业扩产及NPO、CPO工艺升级，公司订单同环比表现亮眼（#具体可私信）。四季度国内两大客户有望继续下单，强催化不断。
2️⃣新品打开价值量。光博会推出Chip Test及超高精度固晶设备，其中Chip Test格局好、利润率高，#发布后即开启客户Demo，有望依托现有客户快速放量。
3️⃣全球客户全面覆盖。公司覆盖中国大陆、中国台湾、北美及东南亚，无论产业链如何调整，都有望跟随客户扩产和技术升级承接需求。
4️⃣#中国台湾布局开始兑现。今年重点搭建本地团队，目前中国台湾光芯片客户已下单；当地先进封装及CPO产业链密集，有望成为新的订单增长极。
5️⃣先进封装打开第二成长曲线。MDB20、FC300持续送样，逐步在订单及收入端兑现；HBM分选、TCB等布局有望全面受益国内HBM扩产。海外龙头Hanmi在HBM设备周期中实现数十倍股价弹性，峰值市值接近2000亿元人民币，公司先进封装业务的成长空间和估值弹性值得重视。
今年半导体IC及光通信订单超级加速，EPS与估值双击阶段已开启！持续重点推荐，目标市值490亿元！",水木调研纪要,,2,0,415,https://wx.zsxq.com/group/88888142214212/topic/14425424155528182,data/research/updates/2026-10-07-all_views-011.csv
2026-09-21T10:48:35,2026-09,❗️❗️❗️20260920_M9/M10树脂产业专家调研纪要分享，建议关注BCB树脂赛道：#α看呈和科技/β看东材科技#,"❗️❗️❗️20260920_M9/M10树脂产业专家调研纪要分享，建议关注BCB树脂赛道：#α看呈和科技/β看东材科技#

[咖啡]背景介绍：M9目前有三个版本，包括一代布、二代布、Q布，Q布是目前主力出货版本，但是存在价格高、良率低的问题，行业正在推动 ''二代布+提升树脂性能'' 来替代Q布方案 。M9中提升BCB比例可满足低CTE需求，解决ODV在高温烘烤中释放小分子气体导致EHS安全问题，并提升电性能以弥补二代布与Q布的电性差距。目前M9有实际出货的CCL厂商为台光、生益、松下，预计明年5-6月开始放量，2028年有望达到目前M8的百万张量级。M9的下游应用目前包括LPU和Runbin 8卡版本。未来M10的树脂大概率采用纯碳氢树脂，届时对于BCB的需求会更大。

[礼物]Part1：M9二代布+提升树脂方案正在测试中，碳氢树脂中BCB的占比将显著提升，该方案价格（打八折）和良率（提高20%）优于于目前的Q布版本，Rubin下一代架构和谷歌下一代GPU将明确新增对这一路线M9的需求

[礼物]Part2：M9中的碳氢树脂配方，将从Q布方案的30%BCB+20%ODV变为二代布方案的50%-60%BCB，后续路线BCB占比将越来越高

[礼物]Part3：碳氢树脂在国内的供应商主要是东材科技，下游CCL某台系厂商正考虑#呈和科技# 为国内碳氢树脂供应商的候选，目前呈和科技BCB树脂已经与SX、SY有研发配合

[礼物]Part4：树脂行业定价由研发所定和配方强关联决定，当前高端树脂均处于供不应求的阶段，参考历史经验未来即使量产降价空间有限

[礼物]Part5：M10中的树脂可能会以纯碳氢树脂（以BCB树脂为主）为主，PPO基本不用，高BCB含量带来的脆性问题会引入改性材料解决

[礼物]Part6：目前CPO方案仅英伟达在尝试，对材料电性要求降低（M7~M8即可），但对窄板方向性要求更高，量产也要 3~4年以后，当前及近期的主流仍是NPU方案

[红包]建议重点关注潜在BCB树脂新星#呈和科技，公司主业明年业绩约6-7e，对应30倍pe合理估值。根据产业调研，公司BCB树脂已经送样下游CCL厂商客户且反馈良好。若考虑BCB树脂期权，按照年产500吨✖️300w/吨来展望，未来市值或还有翻倍空间📈

若客户需要完整版纪要可私聊，by 🫘[强]",水木调研纪要,,2,0,408,https://wx.zsxq.com/group/88888142214212/topic/14425424155521412,data/research/updates/2026-10-07-all_views-011.csv
2026-09-21T10:39:40,2026-09,【中信电器智造】大元泵业：UL整机认证进入最后节点，海外订单有望加速兑现,"【中信电器智造】大元泵业：UL整机认证进入最后节点，海外订单有望加速兑现

⭕#UL整机认证进入最后冲刺、海外放量关键约束有望解除。 公司大功率电子泵单机UL认证年中已顺利通过，目前整机认证正按客户节点快速推进，预计9月底或国庆节后有望落地。UL认证是公司大功率液冷泵进入北美数据中心批量应用的重要节点，认证完成后，前期已完成验证的海外项目有望加快转入正式订单和量产交付，业务节奏进一步提速。

⭕#海外客户订单推进顺利、北美液冷链条已进入兑现阶段。 公司与北美主流CDU厂商合作持续推进，前期样机测试、客户审厂及供应商大会反馈均较积极，Google新一代液冷项目相关产品也已进入批量交付阶段。随着海外客户逐步量产，公司海外客户订单将进一步释放。

⭕#大功率电子屏蔽泵产品矩阵持续完善、先发优势进一步强化。 公司2012年前后即实现永磁同步屏蔽泵量产，目前CDU用泵已完成11kW、22kW、37kW产品迭代，并储备55kW及更大功率平台。相比传统机械密封泵，电子屏蔽泵在零泄漏、体积、控制及高可靠性方面更适配AI数据中心，随着单柜功率和CDU功率持续提升，大功率屏蔽泵的技术壁垒和单机价值量均有望继续提升。

⭕#我们认为，大元液冷逻辑正在进入订单和业绩兑现的关键阶段。 前期市场更多围绕客户真实性、产品功率及技术路线存在争议，目前大功率产品、海外客户和认证进度均在持续验证。UL整机认证一旦落地，有望成为海外订单集中释放的重要催化，叠加海外客户持续放量，公司液冷泵业务有望进入更快增长阶段，建议重点关注，明年液冷利润看7e，给30倍，叠加主业市值看240e。",水木调研纪要,,2,0,419,https://wx.zsxq.com/group/88888142214212/topic/22258252485112121,data/research/updates/2026-10-07-all_views-011.csv
2026-09-21T10:39:06,2026-09,[太阳][太阳]【长江汽车&电新】福赛科技：轻量化新料号持续增加，坚定看好轻量化龙头！,"[太阳][太阳]【长江汽车&电新】福赛科技：轻量化新料号持续增加，坚定看好轻量化龙头！

#正式订单陆续下达，ASP逼近1w+#
首批料号自5月开始陆续完成客户报价，且订单也陆续落地，按照完成报价的料号估算，整体ASP在0.7-1w左右，产品持续交付，订单指引与行业9月量级指引一致，客户催货急迫。

#新料号源源不断，所用零部件延展到最核心传动件甚至小总成，最近新增5-10个料号，整体在15-20个+。
1）近期新增5-10个料号，料号数持续增加：客户料号数持续下达，主要源于注塑件用量及型号越来越多，V4及后续版本机器人用量只多不少；
2）更重要的是料号开始延展到最核心传动件甚至小总成，价值量持续提升：从最新料号看，新料号开始渗透最核心传动部件，意味着注塑件应用天花板持续打开，此外，公司也在积极布局小总成产品，远期整机ASP想象空间巨大。

#主业经营超预期，Q2同环比数据可观，全年归母预期2e左右，对应40-50e市值。ASP按照1w+估算，70%份额，15%净利率，机器人市值往300e+展望，同时ASP仍有大幅提升空间。",水木调研纪要,,2,0,412,https://wx.zsxq.com/group/88888142214212/topic/55521525412881484,data/research/updates/2026-10-07-all_views-011.csv
2026-09-21T10:38:24,2026-09,【国泰海通医药】众生药业更新推荐 & 再谈1倍2倍逻辑,"【国泰海通医药】众生药业更新推荐 & 再谈1倍2倍逻辑

#重视众生药业的GLP-1/GIP双靶点双周制剂RAY1225的全球价值
8.10甘李将其GLP-1双周制剂博凡格鲁肽授权给Menarini，首付款6200万欧元。值得注意的是仅欧洲权益、仅减重适应症！我们认为相关中国减重资产的全球价值需要重估，包括众生的GLP-1/GIP双靶点双周制剂。

#1倍逻辑#
仅美国，MASH是一个300-400亿美金的市场，BIC的数据 & 口服优势支持ZSP1601 成为30亿美金的品种

#2倍逻辑#
ZSP1601的数据媲美目前最强靶点注射FGF21（唯一POC F4肝硬化的靶点），有潜力进一步拓展F4",水木调研纪要,,2,0,412,https://wx.zsxq.com/group/88888142214212/topic/45548545284121228,data/research/updates/2026-10-07-all_views-011.csv
2026-09-21T10:37:27,2026-09,【戈碧迦】玻璃载板+特种电子纱双重稀缺卡位，强call🚀,"【戈碧迦】玻璃载板+特种电子纱双重稀缺卡位，强call🚀

1️⃣#玻璃载板：全球供给极为稀缺、头部公司验厂已通过🚀
三星、美光、海力士三家27年总需求接近150w片/月，但海外产能供给受限，国内能做的企业更是稀缺。#头部公司近期已完成审厂且马上进行送样、目前单月需求约60w片、公司有望取得20%份额合计10e收入、40%净利率对应4e利润，仅此一家即可打开可观业绩弹性。

2️⃣#特种电子纱：对标日东纺、国产首发在即🚀
高端电子布涨价持续的核心因素在于特种电子纱，旭化成等海外龙头甚至因缺货缩短审核时间。#公司26H1已开启大规模送样、国内多家头部客户已导入、海外龙头正在试样验证、预计27H1完成技术审核，一旦通过即可直接启动大规模供货。#27年特种电子纱仍将处于涨价周期、有望实现10e收入、30%净利率对应3e利润，产能与利润贡献同步提升。

🔥27年公司主业预计1e利润，30xPE对应30e市值；玻璃载板+特种电子纱预计7e利润，40xPE对应280e市值；#合计市值可看310e以上、对比当前约160e市值仍有90%增长空间，建议重点关注❗️

ztjx",水木调研纪要,,2,0,414,https://wx.zsxq.com/group/88888142214212/topic/55521525412841144,data/research/updates/2026-10-07-all_views-011.csv
2026-09-21T10:37:15,2026-09,[红包]【威海广泰】拟出售回购股份补充弹药，未来几年业绩有望持续高增,"[红包]【威海广泰】拟出售回购股份补充弹药，未来几年业绩有望持续高增

#核心逻辑：低比例出售回购股份增厚现金、护航全球扩张，无人驾驶商业化落地+军工复苏，未来几年业绩有望进入高速释放期。

[太阳]拟出售回购股份解读：增厚现金弹药，冲击小
拟出售已回购股份不超10,640,000股（占总股本2.00%，任意连续90日内不超1%），出售比例低、对市场冲击小；出售后货币资金进一步增厚（26H1 8.95亿元），支撑全球布局提速、巩固行业领先地位。

[爆竹]全球空港装备领跑者，国际化布局推进：
公司已完成空港装备全系列电动化，深度受益机场地勤装备电动化、低碳化转型加速，与全球头部地服集团深度合作，上半年空港装备#海外收入超5.8亿元，同比增长超50%。8月签订印度约1.15亿元重大合同，海外拓展加速。

[爆竹]无人驾驶空港场景落地，智能化装备迭代：
公司无人驾驶平台车成功在新加坡实现销售，商业化落地；#国内某枢纽机场货运全流程无人化线路已经跑通，场景闭环。

[爆竹]军工全面复苏，订单增长确定性强：
近期军工板块信号积极，前期压制因素渐消，“十五五”规划+建军百年催化，有望进入全面复苏阶段。公司空港装备与应急救援装备军民两用，相关需求持续释放；无人机军用方向布局高速靶机，军品订单有望继续保持扩张。

[蛋糕]业绩：26H1营收16.97亿元，同比+19.13%；归母净利润1.59亿元，同比+90.62%，盈利质量显著，#未来几年有望进入高速释放期。#

风险提示：海外拓展及订单交付不及预期；无人驾驶商业化进度低于预期；军品订单落地及确认节奏存在不确定性；汇率波动及原材料价格变动风险。",水木调研纪要,,2,0,397,https://wx.zsxq.com/group/88888142214212/topic/45548545284124118,data/research/updates/2026-10-07-all_views-011.csv
2026-09-21T10:36:50,2026-09,奥来德业务梳理：# 8.6代蒸发源持续兑现、发光材料&玻璃基板潜力可期【华源机械】,"#奥来德业务梳理：# 8.6代蒸发源持续兑现、发光材料&玻璃基板潜力可期【华源机械】

[太阳]OLED主业：蒸发源率先兑现、材料进入导入窗口

🔺#蒸发源设备：# 8.6代进入兑现期、存改需求稳定

①订单兑现：25年中标京东方B16一期蒸发源订单6.55亿元，相关设备已完成主体交付；二期潜在订单体量或接近一期，三年设备收入确定性强
②存量需求：6代线仍有国产替代、Tandem叠层改造、性能升级及维修备件需求，预计每年形成约1—2亿元设备基本盘

🔺#OLED材料：# RP+GP贡献近期弹性，BP/HB/ET/RH打开成长空间

①需求逻辑：OLED向平板、笔电等中尺寸终端渗透，折叠屏提升单机显示面积，Tandem结构增加单位面积材料消耗
②导入进展：GP已在京东方实现小规模量产出货，RP正在推进导入，GP+RP价值量占比近20%，此外HB、ET、BP、RH亦同步拓展

[太阳]玻璃基板：PSPI+低应力膜+PVD设备协同布局

🔺#产品布局：围绕玻璃基先进封装布局三大产品线

①PSPI材料：用于玻璃基RDL增层，在玻璃附着及精细布线方面具备优势，可与ABF膜共用，并发挥平坦化、支撑及高精度光刻作用
②超薄低介电低应力膜：用于缓解铜与玻璃热膨胀差异、提高铜与玻璃附着力，直接影响TGV填铜良率
③PVD设备：用于在TGV孔壁及玻璃表面沉积低应力膜，与公司原有真空蒸镀及薄膜沉积能力具备协同性

公司在玻璃基业务上#材料+设备# 布局齐全，价值量可观，有望成为成长第二曲线

[太阳]#弹性储备：# 硅基OLED&钙钛矿

①#硅基OLED：# 对应12英寸产线资本开支，Micro OLED蒸镀设备已具备产业基础，后续订单取决于国内外12英寸OLEDoS扩产节奏

②#钙钛矿：# 材料+设备同步布局，公司已布局钙钛矿材料及蒸镀设备，现阶段主要跟踪实验线建设、客户验证及正式资本开支节点",水木调研纪要,,2,0,380,https://wx.zsxq.com/group/88888142214212/topic/22258252485121241,data/research/updates/2026-10-07-all_views-011.csv
