时间,月份,标题,内容,作者,命中关键词,点赞,评论,阅读,原文链接,更新批次
2026-09-08T12:56:44,2026-09,野村——全球AI趋势追踪——CIOE 2026前瞻：200G/400G芯片、硅光、NPO/CPO及特种光纤引领光通信下一轮升级,"野村——全球AI趋势追踪——CIOE 2026前瞻：200G/400G芯片、硅光、NPO/CPO及特种光纤引领光通信下一轮升级

第27届中国国际光电博览会（CIOE 2026）将于9月11日在深圳开幕。作为全球光通信领域最具影响力的展会之一，CIOE是观察技术路线图、产品研发及供需动态的关键窗口。野村认为本届展会的三大核心亮点为：1）1.6T可插拔光模块延续主流趋势，但供应链瓶颈（InP衬底、200G EML、PD、DSP等）值得密切关注；2）2.4T/3.2T模块及NPO/CPO商业化已现曙光，预计2027年起开始出货；3）硅光（SiPh）在2026年渗透率持续提升，但单通道400G是主要障碍，薄膜铌酸锂（TFLN）等新材料的突破对产品升级至关重要。野村预计2026-2027年AI网络基础设施需求将保持强劲，供应紧张将强化龙头公司的竞争优势，看多全球AI基础设施价值链上的光通信标的，包括中际旭创（300308 CH，买入）、光迅科技（002281 CH，买入）、天孚通信（300394 CH，买入）及太辰光（300570 CH，买入）。

【光电芯片：200G EML缺货持续，国产替代加速】

受1.6T模块强劲需求拉动，200G EML芯片因主要供应商产能爬坡及良率提升尚需时日，仍处于短缺状态，可能继续拖累1.6T出货。本届展会上，Coherent、博通、三菱电机及永鼎股份等将展示其200G EML芯片。目前200G EML、200mW+ CW激光器及高端DSP芯片仍由博通、Lumentum、住友电工、Marvell等国际巨头主导，但源杰科技、索尔思等国内企业正积极切入高端光芯片供应链。电芯片方面，224G PAM4 SerDes和跨阻放大器（TIA）正进行技术验证，性能趋于稳定可用；高端DSP芯片则因良率问题持续短缺，成为制约1.6T供应的另一瓶颈。

【光模块：1.6T上量，3.2T/6.4T NPO亮相，硅光渗透深化】

NPO/CPO解决方案将成为CIOE 2026的焦点。华工科技、光迅科技等有望展示NPO方案。3.2T/6.4T光引擎商业化进程加速，将引发包括有源/无源光学元件、电子芯片、PCB/CCL、热管理材料在内的供应链新一轮技术升级，中小厂商的技术壁垒进一步抬高。同时，凭借成本与性能优势，硅光模块渗透率有望继续提升，但下一代硅光芯片/调制器面临挑战，亟需TFLN等新材料突破。光迅科技将发布800G L波段OSFP ZR/ZR+相干模块，通过扩展至L波段使单纤容量翻倍，满足算力时代超大带宽、长距离传输需求。

【光学元件：NPO/CPO驱动FAU与MPO连接器需求激增】

NPO/CPO在scale-out和scale-up网络中的需求增长，正导致光纤阵列单元（FAU）、MT插芯、连接器、隔离器、滤光片及光纤阵列单元（FAU）等元件供应趋紧。据C&C行业研究数据，2026年数据中心光互连FAU需求预计达1.6亿只，2027年总需求同比增幅超80%，而当前全球总供应产能仅约1.7亿只/年。扇港、US Conec等海外厂商在“超低损耗”MT插芯和MPO/MTP连接器领域占据主导，Coherent在隔离器、藤仓和康宁在FAU领域优势明显。

【光纤光缆：特种光纤量价齐升，空芯光纤产业化提速】

AI算力数据中心对特种光纤的旺盛需求叠加光纤预制棒供应持续紧张，行业已进入量价齐升的上行周期。CRU数据显示，2025年全球数据中心光纤需求同比增长75.9%，2026年预计达9160万芯公里（同比+32%），2030年将增至1.28亿芯公里，其中AI相关需求占比超70%。价格方面，普通G.652.D裸纤现货价从2026年初至3月上涨165%至83.4元/芯公里；AI数据中心用G.657.A2光纤价格更从2025年的32元/芯公里飙升至2026年3月的240元/芯公里，涨幅达650%。空芯光纤正从实验室走向量产网络验证，有望成为下一代光传输核心介质；多芯光纤及新结构光纤设计亦成研发重点。亨通光电在2026年创新FPOD（氟等离子体气相沉积）工艺，突破八角掺氟管和掺氟棒全套材料工艺，显著提升高端特种光纤关键材料的质量与效率。

【光芯片衬底：InP需求爆发，TFLN晶圆量产在即】

据Yole预测，按4英寸折算，2026年全球磷化铟（InP）衬底需求约200万片，2027年升至250-280万片，2028年进一步扩至400-500万片。JX金属、AXT、住友电工等全球供应商正全力扩产。薄膜铌酸锂（TFLN）凭借高电光系数、低驱动电压、低损耗和高线性度，有望成为下一代光互连核心技术路径。光库科技、富士通、住友已实现8英寸TFLN晶圆量产，熹联光芯等也将展示相关产品。

【重点公司评级与目标价】

• 中际旭创（300308 CH）：买入，目标价1,375.00元（基于21倍2027年预期EPS 65.47元，与其A股历史中位数市盈率一致）。

• 光迅科技（002281 CH）：买入，目标价217.50元（基于63倍2027年预期EPS 3.45元，与2026-2028年盈利复合增长率63%匹配）。

• 天孚通信（300394 CH）：买入，目标价282.00元（基于50倍2026年预期EPS 5.63元，与Wind中国A股CPO板块中位数市盈率一致）。

• 太辰光（300570 CH）：买入，目标价231.50元（基于58倍2027年预期EPS 3.99元，与2026-2028年盈利复合增长率58%匹配）。",水木调研纪要,,1,0,557,https://wx.zsxq.com/group/88888142214212/topic/82258841884528812,data/research/updates/2026-10-07-all_views-025.csv
2026-09-08T12:55:45,2026-09,小PCB，大Beta：三线板厂的“建滔”时刻——260908,"小PCB，大Beta：三线板厂的“建滔”时刻——260908
Q3业绩开启trade，A股和台股共振的方向是三线“非AI”PCB板厂
8月月度数据显示，三线板厂的业绩开始爆发：台湾三线板厂定颖8月YOY+84%，MOM+16%；泰鼎-KY YOY+36%，MOM+16%，数据如下图
传导逻辑：电子布涨价→CCL涨价→PCB板涨价，三季度受益的是板厂，而由于上游缺货和涨价，板厂的集中度显著提升，上市公司均受益。
后续如果上游涨价趋缓，PCB厂也会成为最受益的，更主要的是预期极低。
#Trade#  Q3业绩+格局优化+后续成本优化同样受益，可以看4Q的景气延续，且预期普遍较低
可以构建投资组合：崇达、中京、博敏、世运、奥士康等等，当然最好除了业绩外还有“进阶的故事”，载板关注崇达技术，对标定颖投控重点关注超颖电子",水木调研纪要,,1,0,522,https://wx.zsxq.com/group/88888142214212/topic/82258841884581812,data/research/updates/2026-10-07-all_views-025.csv
2026-09-08T12:55:27,2026-09,伯恩斯坦——澜起科技（Montage Technology）：MRDIMM深度解析——AI智能体时代的内存带宽破局者，维持跑赢大盘评级,"伯恩斯坦——澜起科技（Montage Technology）：MRDIMM深度解析——AI智能体时代的内存带宽破局者，维持跑赢大盘评级

在伯恩斯坦此前对澜起科技的首次覆盖及内存接口芯片行业综述发布后，投资者持续争论MRDIMM（Multiplexed Rank Dual Inline Memory Module，多路复用双列直插内存模块）能否突破小众服务器内存产品的定位并实现有意义的渗透率。本篇深度报告通过自下而上的技术拆解、工作负载适配性、平台就绪度及采用路径评估，直接回应了这一不确定性。伯恩斯坦分析认为，MRDIMM解决了AI智能体（Agentic AI）时代涌现的结构性DDR带宽瓶颈，同时与现有DDR生态系统保持高度兼容，且仅带来有限的增量成本。因此，伯恩斯坦预测MRDIMM渗透率将在2030年升至25%以上，进一步强化了其对澜起科技的“跑赢大盘”（Outperform）评级。

【技术原理：MRDIMM以最低扰动路径突破CPU内存墙】

内存带宽提升存在四条根本性技术路径：1）提高原生DRAM数据速率（相当于让卡车跑得更快）；2）利用Rank级并行性（相当于在卡车上垂直堆叠两个集装箱）；3）加宽接口位宽（相当于加长卡车和集装箱）；4）增加内存通道数（相当于开辟更多独立车道）。MRDIMM选择路径2，通过Rank级并行性将主机端接口速度翻倍，同时将架构变更的复杂性集中在模块级接口芯片上，而无需改变通道数量、总线宽度及成熟的DDR5模块生态系统。相比之下，路径3和4需要重新设计CPU封装、插槽和主板，扰动极大。

具体而言，传统RDIMM一次只能访问一个Rank，而MRDIMM的MRCD（多路复用寄存器时钟驱动器）可同时寻址两个Rank，MDB（多路复用数据缓冲器）则将两路并发Rank数据流进行时分复用，输出至主机端。在保持64位通道宽度不变的情况下，MRDIMM利用两个运行在6400 MT/s的Rank侧流，喂给主机接口12800 MT/s的速率，从而在不加宽接口的前提下实现有效主机数据速率翻倍。

【延迟特性与成本效益】

尽管MRDIMM因数据路径中增加了有源接口芯片而引入微小的固有延迟，但在高负载下，其更高的接口带宽能显著减少任务级延迟——该延迟通常由排队效应主导。轻流量时，RDIMM凭借无复用开销保有轻微延迟优势；但在高并发、近饱和场景中，RDIMM的排队延迟呈非线性飙升，而MRDIMM凭借更高的服务带宽可维持较低的利用率和更短的内存请求队列。对于推荐系统、检索应用、CPU推理及数据移动密集型任务，MRDIMM能同时优化吞吐量和尾延迟。

成本方面，MRDIMM的增量物料清单（BOM）主要来自由MRCD和MDB组成的接口芯片组。当前128GB DDR5 MRDIMM模块中，接口芯片组售价约70-80美元，仅占模块总价的约2%。由于接口成本增量相对固定，而DRAM颗粒主导模块总价值，当DRAM涨价时，MRDIMM相对RDIMM的溢价比例会机械性收窄。伯恩斯坦估算，当前同容量MRDIMM较RDIMM溢价约300-350美元，相当于128GB模块价格的10%左右，成本障碍较低，不会成为采用的主要阻碍。

【AI智能体时代：DDR带宽需求结构性上升】

行业重心正从纯算力扩展转向“上下文扩展”（Context Scaling）。在智能体AI架构中，长上下文推理、多步骤Agent工作流、RAG检索、外部工具调用及持久化用户记忆，都要求系统能高效存储、检索和管理海量上下文信息。这推动AI内存架构从以HBM为中心向多层分级演进：HBM作为靠近计算的热数据层，DDR成为连接HBM与基于存储的上下文仓库之间的主动桥梁，而不再仅是被动容量层。

与此同时，“CPU内存墙”问题加剧：每代CPU核心数及单核算力提升速度快于插槽级DDR带宽的扩张速度，导致每单位算力可分配的有效DDR带宽被压缩。当应用已具备充足CPU算力和I/O资源，却因内存子系统率先饱和而无法转化为吞吐量时，MRDIMM的价值最为凸显。

【三大CPU角色与MRDIMM部署目标】

智能体AI工作流涉及三种CPU角色，其对DDR带宽的敏感度各异：

1. 主机节点CPU（Host-node CPUs）：负责调度加速器、准备和移动数据。若主机节点无法足够快地准备或移动数据，昂贵的GPU将闲置。因此，缓解该瓶颈的经济价值远超直接CPU性能收益，主机节点是MRDIMM最具结构性的部署机会。

2. 沙盒CPU（Sandbox CPUs）：执行异构任务（编码、编译、检索、分析等），工作负载混合差异大，仅当遇到向量检索、嵌入查找、CPU LLM推理等内存密集型任务时，MRDIMM才创造显著价值。

3. 通用CPU（General-purpose CPUs）：运行数据库、企业应用等，DDR带宽敏感度取决于具体工作负载。

伯恩斯坦特别指出，推荐和嵌入（Recommendation and embedding）是MRDIMM最理想的应用场景：其表项规模远超缓存容量，查询触及大量稀疏向量且并发度高，瓶颈在于并发下的聚合随机访问流量，而非单次请求的数据量。MRDIMM虽不能让单次随机查找更快，但能并行服务更多查找，防止请求队列在重压下爆炸。

【渗透率预测：2030年达25%+，TAM迈向200亿美元】

伯恩斯坦预测，2026年将是过渡年，CSP（云服务提供商）的采用主要处于测试阶段，MRDIMM渗透率预计维持在2-3%的低位。但随着2027年AMD Venice CPU的采用将吸引更多CSP从RDIMM转向MRDIMM，渗透率有望在之后加速。

整体MRDIMM插座渗透率由三大CPU角色的全球服务器CPU插座占比及各自MRDIMM采用率共同决定。假设主机节点采用率最高，沙盒和通用CPU选择性部署，伯恩斯坦预测整体MRDIMM渗透率将从2026年的2-3%升至2030年的25%以上，这一预测相对历史DDR5 adoption趋势仍属保守。

【平台支持与CSP进展】

• CPU平台：Intel于2024年下半年通过Granite Rapids率先支持Gen1 MCR DIMM（8800 MT/s）；AMD则通过2026年推出的Venice直接切入Gen2 MRDIMM，并计划2027年在Verano中延续支持。这大幅扩充了可认证MRDIMM的高端x86插座池。

• 内存供应链：全球领先DRAM供应商均已进入量产阶段；长鑫存储（CXMT）也推出了服务器级DDR5产品并公布了RDIMM量产计划，多供应商支持降低了供应集中度，增强了客户认证信心。

• CSP信号：Azure同时确认采用Intel Granite Rapids和AMD Venice，是当前最明确的MRDIMM采用者；AWS、Google Cloud、Oracle已确认Xeon 6采用，具备高准备度；Meta和字节跳动运行海量推荐/检索工作负载，理论上有最高采用动机，但公开确认尚缺。

【MRDIMM vs. SOCAMM2：并非零和博弈】

SOCAMM2将LPDDR5X封装为紧凑可插拔模块，优先优化每瓦带宽和物理密度，是NVIDIA Vera CPU的专属方案。MRDIMM则最大化绝对带宽和容量。16通道Gen2 MRDIMM配置可提供约1638 GB/s带宽和16TB+容量，远超8模块SOCAMM2的1229 GB/s和0.75TB。SOCAMM2的清晰优势在于能效（约为传统DDR5的4倍每瓦带宽）和紧凑性，但迁移至SOCAMM2需重新设计内存控制器、PHY、封装、主板等，切换成本极高。NVIDIA能证明这笔绿地投资合理，是因为其掌控了GPU、CPU、互连、电源和机架架构；而Intel、AMD及其他ARM厂商已深耕成熟DDR生态，通过MRDIMM即可获得更高带宽，无需承受同等系统级扰动。因此，SOCAMM2是NVIDIA特定方案，对MRDIMM的全球内存接口芯片TAM影响有限。

【TAM测算与估值】

伯恩斯坦预计，全球DDR模块接口芯片TAM将在2030年达到200亿美元，2025-2030年复合年增长率约65%。其中MRDIMM相关的MRCD和MDB产品将贡献2030年总额的约73%，加上配套芯片，这反映了每模块异常高的接口芯片价值。该预测未包含NVIDIA专有SOCAMM2中使用的电压调节器和PMIC等组件，因其对TAM影响甚微。

TAM扩张由三个乘数因素驱动：1）全球服务器CPU出货量（不含NVIDIA）从2025年3060万颗增至2030年8930万颗（CAGR 24%）；2）每CPU平均DIMM模块数从9.5升至13.6（因12/16通道架构占比提升）；3）每DIMM接口芯片价值量从5.9美元升至16.3美元（DDR5升级+MRDIMM份额提升）。三者相乘效应解释了TAM增速远超CPU出货量增速的原因。

【财务预测与估值】

伯恩斯坦对澜起科技的估值基于分类加总：A股目标价400元人民币，基于2028年预期每股收益（EPS）51倍市盈率；H股目标价520港元，较A股目标价溢价15%（反映全球投资者将澜起视为稀缺的中国AI敞口标的，且无直接地缘政治风险），对应2028年预期EPS 59倍市盈率。公司评级为“跑赢大盘”（Outperform）。

【投资风险】

主要风险包括：1）内存及AIDC服务器需求下降；2）竞争加剧导致份额流失和利润率压缩；3）未能为AIDC网络市场推出新产品。",水木调研纪要,,2,0,518,https://wx.zsxq.com/group/88888142214212/topic/14425518551251852,data/research/updates/2026-10-07-all_views-025.csv
2026-09-08T12:54:17,2026-09,🔥广汇能源重点推荐——【长江大化工】,"🔥广汇能源重点推荐——【长江大化工】

我们持续坚定看好、继续推荐#首华燃气，看好天然气量价逻辑；与此同时，当前再度重申重视#广汇能源翻倍空间，煤‑化工‑天然气三板块全面共振，坚定看800亿以上市值[玫瑰][烟花]# 广汇能源：蛰伏数年，年化业绩再破百亿，梦回2022！
Q2仅为景气起点，业绩逐季抬升，Q4迎来集中爆发
1、煤炭量价齐升：港口煤价突破960元/吨，疆煤同步跟涨。Q2吨净利50元、Q3中枢80元（当前已破100元），Q4冬储旺季看120元，销量1600万吨，煤炭利润有望突破20亿。
2、煤化工全面涨价：Q3检修扰动过后，Q4装置满产运行。依托自有煤炭成本优势+中东供给收缩，乙二醇、甲醇、煤焦油价格大幅上行，单月利润超3亿，Q4煤化工利润冲击10亿+。
3、外购气迎来拐点：长协气自Q3开始兑现利润，2022年板块曾实现30亿+盈利；当前单船气净利1.5亿，Q4旺季价差持续扩张，预计贡献6亿业绩。

测算：Q3业绩13亿+，Q4经营业绩超30亿（不含减值），单季年化盈利突破百亿，复刻2022年盈利巅峰。

❓️# 市场分歧点：本轮高景气能否延续？
煤价并非短期行情，供给硬缺口推动疆煤重估
国内煤炭供给持续收缩，7月产量同比下滑超10%，违规产能退出无法恢复。
市场保供传闻频发，恰恰印证现货缺口严峻；新增产能投放滞后，难以快速补缺口，煤价高景气确定性充足。

政策持续利好疆煤，9月7日发改委明确扩容疆煤外运、打通铁路运力瓶颈。运力放开后，公司煤炭可批量外销川渝、华北，疆煤深度绑定港口高价，高毛利外销占比持续提升。

[红包]# 不止周期弹性，煤‑化工‑油三维成长可期
1、煤炭：马朗矿实际3000‑4000万吨产能，年底启动核增，东部矿区2027年有望核准。
2、煤化工：现有装置高负荷运行，叠加富油煤改造、千万吨级分质利用新项目，长期增量明确。
3、油气：斋桑区块稳步上产，持续贡献全新业绩增量。

[礼物]# 投资建议：盈利复刻22年巅峰，估值严重低估
2026年业绩有望突破50亿；中性假设煤价中枢900元/吨（低于现价），2027年利润有望达80亿。依托一体化资源壁垒+远期产能扩张，给予10‑12倍PE，目标市值800‑1000亿，具备翻倍空间，稀缺周期+成长双属性一体化资源标的，重点布局！",水木调研纪要,,1,0,503,https://wx.zsxq.com/group/88888142214212/topic/22258841882144841,data/research/updates/2026-10-07-all_views-025.csv
2026-09-08T12:53:58,2026-09,【华泰计算机】剂泰科技- P：加速布局AI大分子，看好未来商业化潜力,"【华泰计算机】剂泰科技- P：加速布局AI大分子，看好未来商业化潜力

🌟公司是稀缺的AI大分子制药标的，依托自研 NanoForge 平台，整合千万级结构脂质库、AI 基础模型、科研智能体及高通量干湿实验闭环，构建 AiLNP、AiRNA、AiProtein、AiTEM 全栈能力，覆盖分子设计、递送载体、制剂优化至实验验证全链条，并已由 ''递送药物'' 向 ''编程生命'' 的 Biological AI 战略升级。心脏靶向 LNP、T 细胞靶向递送等多项技术处于全球前沿，储备十余条在研管线，构成公司稀缺的技术资产护城河。

🌟26H1公司实现营业收入1.54 亿元，同比增长134倍；经调整净亏损0.51亿元，亏损同比大幅收窄56.4%。期内自研三特异性 TCE 大分子资产 MTS-128 完成全球独家授权，获 2000 万美元首付款及最高 16 亿美元里程碑付款，创中国 AI 制药临床前大分子资产授权纪录；OpenCGT 合作潜在交易总额突破 60 亿元，AiTEM 平台落地恒瑞医药。

🌟大分子是 AI 制药商业化的下一个主战场，公司依托 ''平台部署 — 资产授权 — 联合开发'' 多层次收入阶梯，MTS-105等多个大分子管线临床有序推进，AI 平台可平行批量产出高价值大分子资产。我们认为，公司在分子设计与体内递送两端同时卡位，有望充分受益大分子药物全链条AI赋能改造的产业红利。

☎️华泰计算机 郭雅丽/范昳蕊13522867375/袁泽世/岳铂雄/王浩天/徐诚伟",水木调研纪要,,1,0,480,https://wx.zsxq.com/group/88888142214212/topic/82258841882142182,data/research/updates/2026-10-07-all_views-025.csv
2026-09-08T12:46:08,2026-09,🍁🍁🍁宁德时代更新【华创电新】,"🍁🍁🍁宁德时代更新【华创电新】

🍁今日盘前新闻理想后续将自研电池搭载到所有车型，市场担忧后续份额。实际上从装机量看前7月宁德国内乘用车占比高达45.9%，同比去年大幅提升了4.9%，全球装车份额也从38.0%提升到39.9%，公司份额实际上是在大幅提升的。

当前车企盈利压力较大，引入自研及二三供更多是降本、增强议价和供应链安全诉求，宁德在安全、快充、能量密度、制造一致性等综合产品力上依旧明显领先二线厂商，中高端车型对宁德电池的品牌认知也更强，长期份额逻辑没有变化。#20万以上的车能选配宁德电池消费者必然选配（甚至提车多等几个月）。

🍁排产传言或被期货放大影响，实际上公司今年持续处于满产状态，预计9、10月排产持续上行，今年公司实际上为下游承担了部分原材料上涨压力，后续锂价恢复至合理区间27年单位盈利有望上行贡献超预期增量。

🍁此外，公司储能优势在海外，不受国内需求扰动，核心客户和项目更多来自全球市场，国内大储并非主要增长来源，因此市场担忧的国内储能需求放缓对公司影响有限；海外电网升级、可再生能源并网及数据中心需求仍支撑储能高景气。

🍁往27年预计1200-1300e，目前估值已经回落至12x，公司的竞争力经过多轮周期的检验，短期情绪压制反而提供较好的底部布局机会。

求领导多多支持华创电新团队[呲牙]",水木调研纪要,,1,0,478,https://wx.zsxq.com/group/88888142214212/topic/45548821885142858,data/research/updates/2026-10-07-all_views-025.csv
2026-09-08T12:45:42,2026-09,【广发】持续看好航发产业周期和大飞机国产化，首推【航发科技/航发动力】,"【广发】持续看好航发产业周期和大飞机国产化，首推【航发科技/航发动力】

# 航发科技：商发核心弹性标的。【空间测算：看250-300亿】2026年收入规划45.53亿，展望十五五末期主业30亿，给3倍PS对应90亿；外贸20亿元（含燃机），净利率15%，对应3亿利润，给20倍PE看60亿；商发40-50亿，给10%净利率，5个亿利润，看150亿，合计300亿。

# 航发动力：燃机需求景气向上、商发增量空间大。【空间测算：看2000亿+】主业26年经营规划近500亿，给2-3倍PS对应1000-1500亿。展望十五五末，商发收入100-150亿，净利率10%，对应10-15亿利润；燃机50-100亿，净利率20%，对应15亿，合计30亿增量，给30倍PE看900亿，合计看2000亿+。

欢迎交流行业和个股空间测算细节～",水木调研纪要,,1,0,476,https://wx.zsxq.com/group/88888142214212/topic/55521148115825884,data/research/updates/2026-10-07-all_views-025.csv
2026-09-08T12:45:36,2026-09,[烟花]【中金油气化工】海外农产品涨价，关注农化板块投资机会,"[烟花]【中金油气化工】海外农产品涨价，关注农化板块投资机会

[太阳]农产品价格上涨利好化肥和农药等农资产品价格提升。2026 年初以来CBOT大豆、小麦和玉米价格明显上涨。国际原油价格高企将通过生物燃料等渠道传导，为玉米等农产品提供价格支撑，同时中金农业组预计超强厄尔尼诺潜在风险降低单产预期强化，农产品价格易涨难跌。我们认为农产品价格上涨将提升种植收益，有助于打开上游农资投入品的涨价空间。

[太阳]国内尿素和磷肥盈利处于历史低位，钾肥和磷矿石景气有望延续。受国内供应增加、原材料硫磺等价格大幅上涨及出口配额管控等不同因素影响，目前国内尿素和磷肥盈利处于历史低位水平；而磷矿石仍是磷肥及其他磷化工产业链中盈利较好的环节，受益于储能产业快速发展对磷矿石需求提升，我们认为磷矿石行业景气有望延续。全球钾肥供需格局较好，目前氯化钾盈利处于历史较好水平，考虑到海外钾肥新增产能爬坡需要时间且投资成本较高，及海外部分产能因资源枯竭而逐步退出，我们认为2027 年钾肥行业景气有望延续。

[太阳]植保行业有望迎来新一轮上行周期。受国内产能扩张、海外渠道去库存及农产品价格回落等因素影响，2H22 以来我国农药行业进入较长时间的下行周期。若全球农产品价格抬升，我们预计驱动海外渠道进入补库周期，叠加国内企业资本开支收缩及项目审批难度提升等导致农药产能增速趋缓，有望推动植保行业进入新一轮上行周期。

我们认为农产品涨价预期有望驱动化肥、农药行业的景气好转。
[玫瑰]欢迎交流！中金油气化工贾雄伟15618546382/严蓓娜",水木调研纪要,,1,0,475,https://wx.zsxq.com/group/88888142214212/topic/22258841882152521,data/research/updates/2026-10-07-all_views-025.csv
2026-09-08T12:40:17,2026-09,[太阳]【中信医药】动脉网投融资数据更新,"[太阳]【中信医药】动脉网投融资数据更新

[玫瑰]动脉网2026年8月全球医疗健康领域投融资月报更新：

2026年8月，全球医疗健康领域整体的披露投融资金额为34.94亿美元（同比下降4.20%）；2026年1—8月全球累计融资额为394.37亿美元，同比增长1.67%。

分地区来看：2026年8月，海外和国内融资额分别为24.69亿美元和10.25亿美元（国内占比达29.34%），同比分别下降8.72%和增长8.81%。2026年1—8月，海外和国内累计融资额分别为309.02亿美元和85.36亿美元，同比分别下降6.53%和增长48.97%。

全球分细分领域来看：2026年8月，生物医药融资额为22.05亿美元（同比增长40.09%）；器械与耗材融资额为7.50亿美元；数字健康融资额为3.54亿美元。2026年1—8月，生物医药、器械与耗材、数字健康累计融资额分别为217.68亿美元、77.98亿美元和80.64亿美元。

整体来看，2026年1—8月全球医疗健康领域投融资规模保持小幅增长，其中国内市场累计融资额维持较快增长，生物医药仍是资本布局的核心赛道；8月单月全球融资额同比小幅下降，国内融资保持同比增长，生物医药融资同比增长较为突出，占当月全球融资总额的63.11%。

联系人：陈竹/王凯旋/梁心怡",水木调研纪要,,1,0,446,https://wx.zsxq.com/group/88888142214212/topic/45548821885285148,data/research/updates/2026-10-07-all_views-025.csv
2026-09-08T12:30:24,2026-09,【kydz】华峰测控公司交流&更新20260908,"【kydz】华峰测控公司交流&更新20260908

市场今日两大担忧均系误读，逻辑不改，坚定重点推荐。​​ 今日股价调整主要源于两点担忧——① 控股股东减持；② 市场传言公司8月新签订单仅2亿元。我们就此与公司做了交流，认为两项均不构成基本面利空。

# 控股股东减持属既定安排、当日恰好排队完成，公司认为当前市值仍被低估

本次减持系公司此前交流中已提示的正常减持安排，昨日恰逢交易所减持排队额度到期完成，并非临时或计划外行为，受让方主要为二级市场投资者。公司明确表态：​​当前市值处于低估区间，而非高位兑现​​，减持不反映管理层对公司价值的判断转向。

# “8月订单仅2亿""系统计口径误读、实际8月新签约4.7亿元、超此前4亿预期

市场传言的""2亿""仅为口径截取。公司在​​8月最后一日新签一笔2.7亿元大单​​，据此​​8月实际新签订单约4.7亿元，超出此前约4亿元的预期​​。月度订单本身波动较大，单月节奏不代表产业需求趋势；​​当前行业景气度仍处于上行周期的起点​​，未见实际拉货下滑。

继续坚定看好华峰测控，我们认为公司26/27年订单有望达到40-45亿/70-75亿，当前估值显著低估，重点推荐。

☎️陈蓉芳/向俊儒",水木调研纪要,,1,0,428,https://wx.zsxq.com/group/88888142214212/topic/14425518554424822,data/research/updates/2026-10-07-all_views-025.csv
2026-09-08T12:04:07,2026-09,强call【爱科赛博】🔥🔥🔥,"强call【爱科赛博】🔥🔥🔥
今年以来aidc订单表现亮眼，主要来自台达维谛，后续潜在规模可观。公司年初以来一直有做激励想法，我们估计有望近期落地，aidc业务发展前景乐观。上半年公司亏损1000w+，下半年预计扭亏为赢，当前处于业绩拐点前夕。25年公司中标best电源，当前跟踪多个frc项目，有核聚变业务期权。此外，公司积极对接半导体设备客户，争取电源产品导入机会。
公司筹码轻，位置好，当前市场环境下有望跑出相对收益。
年内目标市值先看到100e，远期看到150-200e。",水木调研纪要,,1,0,436,https://wx.zsxq.com/group/88888142214212/topic/55521148111818584,data/research/updates/2026-10-07-all_views-025.csv
2026-09-08T12:03:46,2026-09,⭕神马电力更新：北美套管、输电等订单加速，765kV年底到明年上半年首批订单落地,"⭕神马电力更新：北美套管、输电等订单加速，765kV年底到明年上半年首批订单落地

➡北美
# 三大家：北美变压器套管持续供不应求，当地OEM逐步将自制套管、绝缘件外包，构成北美短期增长来源。

# 765kV：GEV推进800kV空心复合绝缘子认证，日立推进套管认证；首批765kV变电订单预计26年底-27H1出现，套管订单看27年中前后。

# 收入：北美收入预计26/27/28年分别约2-3/7-8/12亿元+；北美毛利率40%-45%+，海外客户付款方式进一步向预付款转移。

➡海外&国内
# 海外：欧洲输电市场年增速10%+，印度、中东、拉美增速更快；未来几年公司收入增长中枢预计至少30%。

# 国内：H1特高压输电/变电收入同比约3倍/2倍，合计超过1亿元，下半年订单继续加速。

➡新品
# 内绝缘：持续向GEV、北美主要OEM及国内特变、思源、泰开等推进认证和试验，后续有望成为新的产品增量。

# 干变：预计27年商业化，定位配网及数据中心等69kV以下场景，采用硅橡胶替代传统环氧树脂浇筑方案。",水木调研纪要,,1,0,431,https://wx.zsxq.com/group/88888142214212/topic/82258841888181852,data/research/updates/2026-10-07-all_views-025.csv
2026-09-08T12:03:18,2026-09,OCS进展加速！,"OCS进展加速！

[太阳]讯石光通信的OCS专题——OCS加速部署，行业前景广阔
华为演讲：Google和英伟达提到在Scale up、Scale out和Scale across全面部署OCS，OCS实现更低成本、低时延、低功耗。千卡集群，OCS相比2层CLOS，提升约10%的吞吐收益。
H3C演讲：OCS光交换相比电交换，时延降低32%
凌云光演讲：DBS技术OCS超高可靠性，已出货OCS产品累计运行188亿端口小时
lumentum演讲：2026年OCS总潜在市场规模（TAM）将超过25亿美元，并随着规模化部署机遇的释放，到2030年增长至超过80亿美元

[太阳]OCS标的推荐
1）腾景科技：同时覆盖MEMS+液晶方案，已实现二维准直器阵列、大尺寸纯YVO2钒酸钇晶体及部分光学元组件量产
2）光库科技：子公司武汉捷普为谷歌OCS主力代工厂，可自供高速环形器、隔离器与光纤阵列等核心无源器件
3）德科立：硅基波导OCS整机商，与欧洲iPronics合作、拥有整机代工能力，可提供SOA光放大器
4）炬光科技：覆盖产品包括高通道密度V型槽阵列、微棱镜透镜阵列等核心光学元件
5）天通股份：薄膜铌酸锂核心供应商，对应下一代单通道400G调制器。
6）凌云光：将展出RDCN光互联解决方案，以光路交换（OCS）与GPU直出光口（光I/O）协同为核心，构建面向千卡级Scale-up和万卡级Scale-out网络的超高速、低时延全光互联架构，支持8×8～384×384灵活光交换。凌云光为Polatis提供OCS交换机代工服务。
7）光迅科技：光迅科技掌握MEMS mirror阵列芯片的设计、封装、测试等关键环节的能力；基于多款阵列芯片的定制开发，可支持覆盖从64×64到384×384端口的全系列OCS产品需求。",水木调研纪要,,1,0,447,https://wx.zsxq.com/group/88888142214212/topic/14425518555854852,data/research/updates/2026-10-07-all_views-025.csv
2026-09-08T12:02:59,2026-09,⭕️英杰电气更新推荐：月度半导体订单加速提升，预期差在于平台化能力,"⭕️英杰电气更新推荐：月度半导体订单加速提升，预期差在于平台化能力

1-8月公司新签订单同比翻倍以上，其中半导体仍是最核心增量方向。1-8月半导体累计订单同比增长130%以上，【8月半导体新增订单继续明显提速，环比增长约40%】，半导体业务加速增长趋势明确。

今年以来，半导体业务跃升公司第一大业务（26H1半导体业务毛利占比48%），公司半导体订单也迎来明显拐点，主要来自：

（1）射频电源持续放量：受益于中微、拓荆等国内半导体设备厂商需求增长及国产替代推进；

（2）其他半导体制程电源加速增长：除射频电源外，公司直流、溅射、感应、脉冲、交流电源等产品已进入头部半导体设备设备厂商，#非射频制程电源成为新的重要增长来源；#

（3）长晶炉电源稳步增长：碳化硅衬底、功率半导体等领域扩产，公司长晶炉直流电源需求保持增长。

此外，公司收购四川开物智能后，进一步切入半导体真空环节，拓展设备零部件业务边界，随着国产替代持续推进，#真空阀、干式真空泵有望成为新的增长看点。

【我们认为，英杰电气的预期差在于半导体平台化能力：不只是射频电源，而是从单一电源产品向“射频电源+多品类制程电源+真空零部件”持续扩张】在客户资源、研发体系及供应链方面形成协同。

预计公司26、27年PE分别为47、27X，持续看好。",水木调研纪要,,1,0,419,https://wx.zsxq.com/group/88888142214212/topic/82258841888182282,data/research/updates/2026-10-07-all_views-025.csv
2026-09-08T12:02:36,2026-09,高端PCB箔进展梳理：德福/铜冠领跑，4代单月即将突破百吨，Q4继续放量加速,"高端PCB箔进展梳理：德福/铜冠领跑，4代单月即将突破百吨，Q4继续放量加速
#德福科技#
目前PCB铜箔产能5万吨，7月HVLP出货量约400吨，8/9月预计500/600吨，其中4代在9月将突破100吨，Q4预计单月提升至800-1000吨，其中4代单月200吨。

#铜冠铜箔#
目前PCB铜箔产能4万吨，Q2 RTF+HVLP1-4出货量5k吨，其中HVLP4单月50-100吨，年底目标单月200吨。

#诺德股份#
目前PCB铜箔产能3万吨，年底达到4.5万吨，RTF目前单月200吨，HVLP1/2单月80吨，预计全年高端箔合计4000吨，下游客户包括台系/SH等；HVLP3部分客户已通过测试，4还在送样中。

#嘉元科技#
目前PCB铜箔产能4万吨，RTF和HVLP1/2已小批量供货，月供几十吨到上百吨，3/4正在送样测试中，送样客户包括国内头部PCB厂以及日韩厂商，预计27Q1有测试结果；载体铜箔已有产能70万平，3家客户测试阶段。

#海亮股份#
26H1PCB箔销量3000-4000吨，以HTE为主，RTF、HVLP及载体铜箔已在送样客户端验证。
内容来自金斧头
26Q2起国内头部铜箔厂HVLP4上量明显，当前北美AI服务器处于新品拉货旺季，Q3/Q4随着新品量产+价格传导，PCB产业链具备高弹性，继续看好铜箔环节，推荐德福科技、铜冠铜箔，关注诺德股份、嘉元科技、海亮股份等。",水木调研纪要,,1,0,425,https://wx.zsxq.com/group/88888142214212/topic/45548821888188428,data/research/updates/2026-10-07-all_views-025.csv
2026-09-08T12:01:54,2026-09,欧洲海风日常更新：德国WindSeeG改革获内阁批准，整体延续此前草案方案，CfD机制落地确定性提升，仍尚未追溯存量项目#,"欧洲海风日常更新：德国WindSeeG改革获内阁批准，整体延续此前草案方案，CfD机制落地确定性提升，仍尚未追溯存量项目#
--------------
此前我们提出，德国海风核心观察点在于：CfD改革能否落地、2027年能否恢复正常拍卖，以及2023-2025年已中标但尚未FID的存量项目能否获得救济并启动设备招标。

【最新进展：9月2日德国联邦内阁正式批准WindSeeG修订案，并将进入德国议会立法审议程序，改革由此前BMWE部门草案升级为政府正式法案，计划2027年起实施】

德国海风改革明确，但内阁版仍未设置追溯性CfD或明确救济机制，德国海风行业组织诉求强烈。
--------------
本次内阁版总体延续8月草案，未来海风拍卖采用【市场化竞标+双向CfD兜底】两阶段机制，同时将项目常规运营期由25年延长至35年、提出未来形成平均约3GW/年的稳定开发节奏。

相较8月草案，本次内阁版新增CfD价格指数化审查任务，有望降低项目中标至投产5-7年间的通胀及供应链成本风险。

#但最大的短期矛盾仍未解决。【对于2023-2025年已中标、尚未FID的约16GW存量项目，内阁版仍未设置追溯性CfD或明确救济机制】。#德国海风基金会建议在议会阶段增加退回机制，将无法推进的海域重新拍卖。

#退回重拍方案5月就由德国海上风电协会BWO提出，7月已经上升为德国主要海风行业组织的共同诉求；9月2日内阁版仍未采纳后，海风基金会再次明确要求在议会阶段加入。
--------------
【我们认为，WindSeeG获内阁批准意味着德国海风商业模式改革确定性进一步提升，未来新增项目经济性和长期需求逐步改善；但短期设备订单拐点仍取决于存量项目处理。】

#后续短期设备招标启动的关键在于存量项目能否取得救济并推动FID，若顺利解决，届时也会对中国企业（如大金、海力、天顺、东缆、中天等）产生积极影响。",水木调研纪要,,1,0,413,https://wx.zsxq.com/group/88888142214212/topic/82258841888185522,data/research/updates/2026-10-07-all_views-025.csv
2026-09-08T12:01:44,2026-09,【zx新材料】莱茵生物：天然甜味剂龙头，受益全球糖市短缺,"【zx新材料】莱茵生物：天然甜味剂龙头，受益全球糖市短缺

1⃣巴西制糖比下降、厄尔尼诺天气风险等因素使得全球食糖市场正在由供给过剩转向供需偏紧乃至缺口，ISO（国际糖业组织）预计2026/27年度全球食糖将出现26.2万吨的供应缺口，糖价已进入上行趋势，我们看好代糖的行业性机会，其中天然甜味剂原料端基本不受玉米、原油价格影响，有望最受益。

2⃣莱茵生物是全球天然甜味剂（甜菊糖苷、罗汉果甜苷）龙头，公司和帝斯曼-芬美意的5年长协（24-28年）累计目标收入金额为8.4亿美元，最低累计目标收入金额为6.8亿美元，按照最低目标测算，24-25年完成1.92亿美元收入，预计26-28年年均收入有望达到1.63亿美元，公司成长确定性较强。

3⃣公司在合成生物学领域的布局一方面赋能主业，酶转RM系列产品突破传统植提产品的瓶颈，另一方面研发出新分子左旋β-半乳葡聚糖，打开远期空间。我们看好未来公司新产能逐步释放、毛利率修复、美国工厂减亏带来的利润兑现，26年2亿利润当前仅25倍PE，估值和股价均处于历史底部水平，看好向上弹性。
——————————————
中信证券新材料
李超/郭柯宇15811531856/陈旺/俞腾/何鑫圣/陈健/杨博钧",水木调研纪要,,1,0,399,https://wx.zsxq.com/group/88888142214212/topic/14425518555828242,data/research/updates/2026-10-07-all_views-025.csv
2026-09-08T12:01:26,2026-09,【招商机械】持续看好日联科技：菲莱收购持续推进，受益光扩产+产线自动化+国产替代三重beta,"【招商机械】持续看好日联科技：菲莱收购持续推进，受益光扩产+产线自动化+国产替代三重beta

行业层面，受益光扩产+产线自动化+国产替代，设备供不应求。
● #光模块设备供不应求：#  国内外光模块厂持续扩产，#短期设备需求高增长确定性强，核心驱动力是800G向1.6T升级+产线自动化率提升+国产设备导入，中期NPO需求逐步释放，长期CPO成为重要方向，催生新技术新设备需求。

● #国产替代加速演绎：海外设备存在价格高、交期长（25周+）、产能供应不足的问题，国产设备在贴片、耦合、测试等领域技术已接近海外头部厂商水平，且价格比海外低20-30%，交期仅12-16周，同时具备售后响应快的优势，国产替代加速进行。

公司层面，收购菲莱测试，进军光模块领域打开成长空间。
●菲莱是国内光模块老化测试设备第一梯队供应商，产品覆盖从晶圆、芯片、器件到模块的全链条测试，1.6T采样示波器在研。深度合作包括易中天、源杰、索尔思、Fabrinet、lumentum等头部客户。

●收购进程持续推进中，新签订单延续高增速，短期并表后能够进一步增厚日联利润：长期在产能/客户/技术/管理等层面双向协同，具备再造一个日联科技的能力。

☎️招商机械 郭倩倩",水木调研纪要,,1,0,397,https://wx.zsxq.com/group/88888142214212/topic/55521148111824454,data/research/updates/2026-10-07-all_views-025.csv
2026-09-08T11:31:55,2026-09,【国泰海通家电蔡雯娟】安孚科技对易缆微持股增至21% 260908,"【国泰海通家电蔡雯娟】安孚科技对易缆微持股增至21% 260908

近日易缆微公示完成股东股份变更，股东安孚科技对其持股从8.5%提升至21%，成为第三大股东（第一股东为Wei Chen持股26%、第三大股东广州智清电子10%）。

易缆微独创的硅光异质集成薄膜铌酸锂技术平台，是实现数据中心1.6T/3.2T集成高性能光模块和光电共封装CPO的核心技术，具有平滑演进的技术优势、大幅降低功耗和运营成本的商业价值，已确立了数据中心硅光领域单波200Gbps、400Gbps光芯片的全球技术领先地位。易缆微已向国内外多家主流光模块厂商送样测试，验证反馈良好，并于今年3月在美国OFC大会上，同索尔思联合首发了3.2T（单波400G）光模块DEMO版，当前正集中资源推进高速光芯片量产工作，有望依托安孚及其股东产业资源形成产业链互补导入订单。

东山精密协同赋能，硬科技打开估值天花板。公司围绕半导体核心链主持续开展投资与并购布局，已战略入股硅光异质集成薄膜铌酸锂光芯片易缆微21%，光刻光源华昇迈10%，有望稳步实现从消费电池龙头向科技驱动型产业平台企业转型，把握科技产业国产替代与AI产业发展的长期历史性机遇，第二曲线估值空间进一步打开。",水木调研纪要,,1,0,431,https://wx.zsxq.com/group/88888142214212/topic/55521148111128444,data/research/updates/2026-10-07-all_views-025.csv
2026-09-08T11:20:26,2026-09,[抱拳]【中信证券交运物流】周观点：航运周期范式重塑，继续推荐中谷物流、招商南油,"[抱拳]【中信证券交运物流】周观点：航运周期范式重塑，继续推荐中谷物流、招商南油

[玫瑰]集运：传统周期框架亟需修正，重视三大因素边际催化。
2Q26中远海控/海丰国际/德翔海运单箱收入分别同比+12.8%/+9.7%/+23.6%，码头拥堵、关键水道受阻、贸易流向碎片化形成影响因素的持续爆发点。以码头拥堵为例，8月全球底待泊运力占比约12.6%、仅略低于2022年同期的15.7%，码头新增供给受限、泊位高利用率增叠加厄尔尼诺效应导致难以根本解决对有效运力损耗，巴拿马运河等关键水道亦受此影响。多对多、碎片化的贸易流改变叠加新联盟运行机制客观上增加区域集装箱的运输需求。任何一项或多项因素边际变化均有望形成需求脉冲式上行，进而传导至运价和估值端。我们继续推荐区域集装箱船东：中谷物流(2026年股息率7.3%，下同)、德翔海运(5.3%)、海丰国际(6.1%)、锦江航运(4.0%)，中远海控（6.4%）

[玫瑰]成品油：运力西移加剧供给紧张，关注国内出口恢复和季节性驱动，招商南油性价比凸显。
俄罗斯成品油出口禁令加速贸易流向转变，欧洲增加美湾、西非、远东等地成品油进口，区域贸易更多向跨区贸易转变，推动大西洋市场景气。根据Clarksons，8月份科威特-鹿特丹的LR2/LR1船型运价分别环比增长23.3%/11.3%至122,073美元/天和82,226美元/天。大西洋市场景气吸引运力西移，根据Clarksons数据，9月4日当周LR2/LR1/MR苏伊士以西的运力占比为51.0%/38.9%/48.2%，分别较7月低点增长3.5/7.4/0.7ppts，运力西移的同时导致东边市场供需偏紧，推动运价上行。同时需求端，国内成品油出口的逐步恢复叠加冬季储能需求的支撑，成品油运输有望迎来景气拐点。",水木调研纪要,,1,0,421,https://wx.zsxq.com/group/88888142214212/topic/82258841885158442,data/research/updates/2026-10-07-all_views-025.csv
2026-09-08T11:20:05,2026-09,【招商军工|深度】商用发动机：国产商发势在必行，进入适航取证收尾阶段,"【招商军工|深度】商用发动机：国产商发势在必行，进入适航取证收尾阶段
———————————
[烟花]产业变化：CJ1000A进入适航取证冲刺阶段。
据上观新闻报道，2026年9月2日，记者从“开物·时代智造——为国担当，勇为尖兵”先进事迹报告会经信专场上获悉，国产商用航空发动机研制取得重要进展，C919配套的长江‑1000A发动机已进入适航取证收尾阶段。

[礼物] 最“卡脖子”环节，需求紧迫：大飞机提速交付关键掣肘，国产商发势在必行。
当前C919订单端、产能端、运营端及海外取证均在稳步推进，影响其提速交付的关键掣肘在于海外供应链的稳定性，国产化迫在眉睫。25年5月受地缘政治动荡影响，美国政府一度对商飞断供C919发动机，这一限制措施于7月被解除，这一定程度导致了商飞被迫下调交付目标的结果。当前C919产业链呈典型 “金字塔” 结构：塔尖航空发动机是最核心卡脖子环节（价值量占比25-30%）。

[太阳] 市场空间：年均超千亿。
根据中国商飞公司发布的《中国商飞公司市场预测年报（2025-2044）》预测，预计将有9,736架飞机交付中国市场，其中单通道喷气客机7,250架，占二十年交付总量的 74.46%；若按照航空发动机占价值量比例25-30%的高值计算，未来20年国内民用航空发动机市场总量将达到4440亿美元。对应到	CJ1000A来看：新装市场年均市场空间882亿人民币。未来二十年预计交付中国7250架，对应市场空间8770亿美元，具体到航空发动机价值则对应市场空间2631亿美元，年均131.5亿美元（约882亿人民币）。全寿命周期中，维修后市场空间基本等于新装市场空间，并随着存量发动机的增加而扩大。因此CJ1000A的未来二十年年均市场空间将达到1764亿人民币。

[红包]建议关注：
航发动力、航发科技、航发控制、航材股份、中航高科、航亚科技、应流股份、万泽股份、图南股份、隆达股份、三角防务、派克新材、西部超导、中航重机等。

风险提示：1、发动机整机适航认证进度等不及预期2、飞机交付进度延误风险等
———————————
联系人：王超 /战泳壮 18810753295",水木调研纪要,,1,0,422,https://wx.zsxq.com/group/88888142214212/topic/55521148112822124,data/research/updates/2026-10-07-all_views-025.csv
2026-09-08T11:19:40,2026-09,⭕宁德超跌原因分析及当下观点# 中信建投电新,"⭕宁德超跌原因分析及当下观点# 中信建投电新

➡️宁德今日超跌主要系：

①理想切自研电池影响，理想自研电池已经在L8、L6、i8上进行搭载，后续，自研电池将全面搭载到所有的车型，Q4新上MEGA、i8、i6，该部分影响一年大概20-30GWh的量，是比较正常的供应商切换，小米、Tesla每家都是有电池二供的，也不影响宁德仍然每年车电池份额40%以上。

②传闻排产下修：受到Q3这部分三元电池下降影响，乘用车电池和早期计划有下降，此前我们已经给出9月调整3-5GWh的预期，仍然维持5%以上的环比增长，这个趋势保持不变。

# 我们维持全年仍有1150+产量预期，对应53%+的同比增长，高于行业增速。

🥇观点:维持全年1000亿的业绩预期（产量1150GWh，开票算1000GWh），明年1300亿利润预期不变（核心是大家对行业增速预期过低），目前对应明年大概12倍水平，底部推荐。",水木调研纪要,,1,0,418,https://wx.zsxq.com/group/88888142214212/topic/45548821884211858,data/research/updates/2026-10-07-all_views-025.csv
2026-09-08T11:19:11,2026-09,🇨🇳# 睿创微纳  积极增配,"🇨🇳# 睿创微纳  积极增配

全球领先物理AI多维感知IC龙头！

🚀红外高景气出海，强现实：

红外高景气，# 需理解营收高增，8u全球唯一量产推动产能、性价比优势显著是重要驱动力，公司展望下半年，# 公司有望进一步释放供给弹性，承接并交付# 更多订单，判断订单持续处在供不及求的状态！

🚀光芯片+微波射频，强景气空间：

# 官宣进军高速光子器件领域，完成高速光子器件技术开发,研制满足单通道100G、200G、400G通信要求的系列化芯片；高速光子器件可应用于光引擎、光模块等算力中心和通信领域。

# 强调IC平台型公司定位，系MEMS芯片、氮化镓/砷化镓芯片IDM核心供应商，景气红外、微波射频只是部分大单品，重视# 其MEMS芯片、GaN芯片工艺能力的广阔外延空间。

------------
🇨🇳广发军工",水木调研纪要,,1,0,418,https://wx.zsxq.com/group/88888142214212/topic/45548821884215248,data/research/updates/2026-10-07-all_views-025.csv
2026-09-08T11:07:11,2026-09,🔥【视涯科技】字节PICO新机核心显示卡位，MicroOLED国产替代进入兑现窗口,"🔥【视涯科技】字节PICO新机核心显示卡位，MicroOLED国产替代进入兑现窗口

1️⃣ 核心供应链：据产业链信息，字节下一代PICO头显核心MicroOLED屏幕拟由视涯供货，单眼规格或提升至4K×4K。相比上一代Vision Pro采用索尼MicroOLED，字节新机若切国产方案，视涯相当于直接卡住下一代XR最核心、价值量最高的显示环节。

2️⃣ 降本逻辑非常硬：索尼方案双屏成本约700美元，而视涯方案据产业信息双屏约3000元人民币，规格更高、成本反而更低。PICO如果要把AI空间计算从小众硬件做成大众消费电子，MicroOLED降本是必须过的一关，国产屏替代正好解决核心BOM痛点。

3️⃣ AI+XR双催化：字节最新空间视频生成模型把高算力内容生成转移到云端，头显硬件本身可以继续降配置、降成本。内容端门槛下降以后，真正决定体验的反而是显示，4K MicroOLED的重要性进一步上升。

4️⃣ 后续催化：PICO新机定型、MicroOLED供应商确认、视涯订单放量。若字节下一代XR设备进入规模出货，视涯有望从“小众MicroOLED厂”直接切到“字节AI硬件核心显示供应商”的新定价体系。

一句话：字节AI负责把内容做出来，视涯科技负责把内容看清楚。下一代PICO如果真上4K MicroOLED，视涯是最直接的硬件增量之一。",水木调研纪要,,1,0,411,https://wx.zsxq.com/group/88888142214212/topic/82258841854182452,data/research/updates/2026-10-07-all_views-025.csv
2026-09-08T11:06:22,2026-09,长光华芯 业绩加速在即，坚定看好长光华芯,"长光华芯 业绩加速在即，坚定看好长光华芯

# 光芯片目前依旧供不应求！现阶段产能就是业绩弹性，市场上所有的下游客户都在抢着锁定27-28年的光芯片产能，扩出来的货马上就能转化为营收体现在报表内。同时光芯片是整个光通信产业最难的一个环节，技术难、关键设备到货久，供给缺口缓解不会快，我们预计行业整体产能释放可能要到27年底！

# 长光拥有21台MOCVD设备。昨天讯石光通信大会上公司披露具备21台关键设备MOCVD，对应到光芯片产能极具想象力空间，出货量的增长曲线可能不是线性的，而是非线性提升！

# 下一代高速激光器进展加速。预计# 27年推出500-800mW CW激光器和推出400G EML，对应下一代3.2T可插拔和CPO需求。同时公司还进一步向硅光芯片拓展，旗下星钥预计26年底通线，月产达5000片。

我们认为公司Q2业绩已经彰显出产能释放加速的趋势，参考业内龙头爬坡经验，未来长光很有可能连续多季度保持营收同比三位数增长，建议重点关注当下的投资机遇！",水木调研纪要,,1,0,407,https://wx.zsxq.com/group/88888142214212/topic/55521148124444244,data/research/updates/2026-10-07-all_views-025.csv
2026-09-08T11:05:48,2026-09,黄磷当前维持28400元/吨震荡上行，湿法磷酸成本抬升带动热法磷酸替代需求，叠加供给刚性，磷化工景气回暖。,"黄磷当前维持28400元/吨震荡上行，湿法磷酸成本抬升带动热法磷酸替代需求，叠加供给刚性，磷化工景气回暖。
# 600078澄星股份：黄磷外销占比高，涨价业绩弹性更强，重整后盈利大幅修复，布局6N高纯黄磷、电子级磷酸，绑定磷化铟半导体材料逻辑，周期+新材料双驱动。
# 600141兴发集团：一体化磷化工龙头，黄磷大多自用深加工，草甘膦量价齐升，同步布局电子磷化学品、新能源材料，业务多元，基本面更稳，抗周期波动能力更强。
风险提示：黄磷为强周期品，价格存在回落风险；新材料放量存在不确定性，不构成投资建议。",水木调研纪要,,1,0,407,https://wx.zsxq.com/group/88888142214212/topic/14425518521115442,data/research/updates/2026-10-07-all_views-025.csv
2026-09-08T11:05:39,2026-09,蘑菇 AI 助手开放体验：现在内置模型，打开就能用[烟花],"蘑菇 AI 助手开放体验：现在内置模型，打开就能用[烟花]

星球内容越积越多，找旧帖、查资料、筛精华、整理专栏，常常要翻很久。现在可以把这些事交给蘑菇 AI 助手。
它可以帮你：
👉按主题查找历史内容
👉筛选精华、整理专栏
👉协助设置精华、修改标签、删除评论

现在蘑菇 AI 助手 已经内置模型，不用再准备 API Key。打开网页，登录知识星球就能开始使用；每天签到，还可以领取免费的模型额度。👏

欢迎星主们都来试试。使用过程中如果发现问题，或者有好的建议，欢迎在评论区告诉我们。我们会准备一些小奖励（赠送模型额度）。

🔗 立即体验：知识星球 蘑菇 AI 助手，让星球内容更有价值🍄",水木调研纪要,,1,0,401,https://wx.zsxq.com/group/88888142214212/topic/14425518521115212,data/research/updates/2026-10-07-all_views-025.csv
2026-09-08T10:55:47,2026-09,深水海纳：塔城国资入主，矿产资源整合预期,"深水海纳：塔城国资入主，矿产资源整合预期

深水海纳拟引入塔城西域矿业科技有限公司成为控股股东，实际控制人将变更为塔城地区国资委。我们认为，本次交易的核心价值并非传统意义上的控制权变更，#而在于西域矿业背后的塔城国资资源整合平台属性。塔城地区矿产资源禀赋突出，金、铜、钼、铬等优势矿种丰富，目前正持续推进金铜矿资源整合及重点矿山开发。伴随国资入主，上市公司未来承接区域资源整合、矿权并购及资产证券化的预期明显升温。

从估值角度看，公司当前市值约26亿元，若仅考虑国资控股及资本运作预期，合理市值中枢可看30~35亿元；若后续西域矿业进一步明确资源整合方向，市场给予10~20亿元级矿业权益预期，对应公司市值有望向40~55亿元扩张；若未来落地中型金铜矿资产注入，按照资源资产重估逻辑，公司市值存在向60~80亿元迈进的空间。若最终形成塔城金铜钼等优势资源的上市平台，则远期100亿元以上市值具备想象空间。

我们认为，深水海纳当前本质上是一个“国资矿业资产证券化期权”：26亿元市值对应的是传统环保业务，而真正的弹性来自后续资源整合。需强调的是，目前矿产资产注入尚未落地，上述估值属于情景测算，后续应重点跟踪西域矿业资产边界、矿权整合、并购重组及资产注入进展。",水木调研纪要,,1,0,409,https://wx.zsxq.com/group/88888142214212/topic/55521148124528414,data/research/updates/2026-10-07-all_views-025.csv
2026-09-08T10:55:26,2026-09,【长江电新】德业股份：估值已脱离基本面，底部坚定推荐！,"【长江电新】德业股份：估值已脱离基本面，底部坚定推荐！

1、德业今天股价调整主要源于市场情绪与资金面扰动，而非基本面变化。我们认为公司当前估值已严重脱离基本面，继续坚定看好底部布局机会。

2、基本面上看，欧洲近期户储需求旺盛，# 单月欧洲户储排产已达10万台，乌克兰、波兰、西班牙等需求增长尤为显著。在此背景下，公司# 9月储能排产达20万台，环增30%。后续电价上涨预期下，我们预计Q4公司排产有望延续环比增长趋势。在此背景下，公司# 下半年利润预计逐季环增。# 2027年公司更有望实现30%-50%收入增长。

3、近期市场担心欧洲贸易壁垒、毛利率下降等，我们产业了解下来，# 户储并未出现竞争格局进一步恶化，Q2毛利率下降主要为原料涨价、汇兑等阶段性因素导致，绝大多数市场产品售价维持不变。德业成本优势维持，行业共性的成本上涨利好格局出清。明年若原料降价，公司毛利率也预计修复。

4、我们预计德业2026-2027年实现利润60亿+、80亿+，对应PE仅为17、13倍。再次强调公司已经超跌，底部坚定推荐！",水木调研纪要,,1,0,398,https://wx.zsxq.com/group/88888142214212/topic/14425518521421552,data/research/updates/2026-10-07-all_views-025.csv
2026-09-08T10:49:06,2026-09,【华泰中小】TDK需求更新260908,"【华泰中小】TDK需求更新260908

TDK产能：高端应用产能当前150万颗/月，明年增长至500万颗/月。

海星股份：
当前产能有限，根据月度实际可产出情况锁定供应，订单目前交付20万平/月，10月增至30万平/月，27Q1增至40万平/月，27年底50万平/月。客户希望公司能尽快push扩产节奏增加供应。

价格：涨价已基本达成一致，根据产品规格全品类（含Ai）涨幅5-10%，目前执行到27年3月份，后续会再根据市场情况谈判。",水木调研纪要,,1,0,343,https://wx.zsxq.com/group/88888142214212/topic/45548821842844588,data/research/updates/2026-10-07-all_views-025.csv
2026-09-08T10:48:28,2026-09,【招商传媒 顾佳团队】出版行业近期我们强烈推荐：本身处于低估值高股息红利板块，估值较为安全，近期随着多模态AI工具的发展，未来出版行业有望将存量的小说动漫和IP通过AI多模态工具进一步AI影视视频化，…,"【招商传媒 顾佳团队】出版行业近期我们强烈推荐：本身处于低估值高股息红利板块，估值较为安全，近期随着多模态AI工具的发展，未来出版行业有望将存量的小说动漫和IP通过AI多模态工具进一步AI影视视频化，从而增加变现价值和用户破圈，从而有望带动板块估值提升，我们建议关注【中信出版】【荣信文化】【果麦文化】【南方传媒】【中原传媒】【读客文化】【世纪天鸿】【新经典】等

背景: AI赋能出版IP影视化，有望带动IP资源重估。出版公司整体估值处于较低水平，股息率整体相对较高，建议关注相关公司。

1、	头部公司股息率基本在5%左右，PE也处于较低分位值。同时，各公司也在积极布局新业务。
【中南传媒】约11XPE，5.4%股息率。全资子公司湖南省新华书店与湖南省教育厅签订了​​9.67 亿元​​的政府采购合同，继续成为 ​​2026 年度​​湖南省义务教育免费教科书等产品的供应商，主业基本盘稳固。公司持续推进“文化+科技”战略，与芒果TV联合出品的AI漫剧《阳光小白马》已于 ​​2026 年 2 月​​上线。
【南方传媒】约9XPE，5.1%股息率。公司近期积极推进“​​AI+​​”与“​​书影融合​​”两大战略。AI 方面，公司与中文在线达成战略合作，共建国家级 AIGC 数字内容产业基地。公司设立 ​​2400 万元​​的内部影视基金，用于将旗下优质 IP 转化为漫剧、短剧，已推出《厌朱墙》、《重生2000》等作品。8月29日公司发布≪谁在撒谎≫AIGC漫剧项目标志着集团“出版资源影视化转化、IP价值产业化开发”的探索迈出重要一步。公司投资的互动游戏《对不起，我是警察》、短剧《重生2000：从追求青涩校花同桌开始》已顺利上线，《征途荣耀》AIGC真人影视剧、《谁在撒谎》AIGC漫剧等项目有序推进。

2、部分公司包括【荣信文化】、【中信出版】等布局新业务。【荣信文化】公司控股的AI漫剧公司余禾文化表现亮眼，其AI漫剧《逆血登天》上线48小时内抖音播放量破亿。【中信出版】​​公司利用“夸父AI”平台提升全流程效率的同时，还存在与集团（旗下有​​《财经》、《证券市场周刊》​​等媒体资源）存在潜在资源协同。

风险提示：教育反腐导致业绩低于预期、分红不及预期、新业务进展不及预期等",水木调研纪要,教育,1,0,339,https://wx.zsxq.com/group/88888142214212/topic/22258841854514251,data/research/updates/2026-10-07-all_views-025.csv
2026-09-08T10:48:06,2026-09,【牛磺酸更新20260908】,"【牛磺酸更新20260908】

今早永安药业牛磺酸出口单报价从4美金/KG提至5美金/KG，远大医药随即跟进。目前市场供应偏紧，价格持续保持上行态势。建议继续关注永安药业/新和成。",水木调研纪要,,1,0,325,https://wx.zsxq.com/group/88888142214212/topic/55521148124285224,data/research/updates/2026-10-07-all_views-025.csv
2026-09-08T10:43:42,2026-09,❗【天风电新】中化国际更新（2）：PPO在台光份额不断提升,"❗【天风电新】中化国际更新（2）：PPO在台光份额不断提升
———————————
公司已公告收购【南通星辰】100%股权，南通星辰是稀缺台光PPO大陆供应商，主要用于M7&8，台光在此块市场份额高达50%，其PPO目前主要供应商为SABIC、南通星辰。
目前SABIC无动力扩产，而台光对PPO需求与日俱增，25年月度需求300吨，26年初提至500吨，最新提到600-700吨，往27年继续增加。而SABIC供给刚性，新增供应商验证周期长（1.5-2年），故南通星辰作为稳定供应商，有望充分受益，且在台光份额快速提升（目前20%+，明年40-50%）。
具体产能、量、利情况如下：
1、 产能：目前年化800吨，26H2新增1500吨（7-8月投产），27年新增3000吨，预计26/27年有效出货在1500、4000吨。
2、 单价&盈利：单价在65-70W，吨净利预计35W，原材料丙烯、甲醇价格均在几千元，价格波动对盈利影响不大。
3、 利润预计：南通星辰今年利润7.5亿，27年达15亿，28年20亿+。
4、 碳氢：大部分玩家仍在测试和小批量阶段，做出来和稳定供应是两回事，后续PPO树脂仍能占据主流，且市场空间不断增长。
5、 其他客户开拓：当前产能不足+发展初期，优先保供台光，几年后再去导入其他客户更有可能。
#观点：#
1、 继续看好【中化国际】，对比树脂同行【东材】、【圣泉】和台光链的铜箔-【铜冠】，电子布【宏和】均有较高性价比，继续推荐。
2、 空间：按照27年星辰15亿利润，给30X，值450亿，再加上主业150亿，第一波看600亿。
———————————
欢迎交流：孙潇雅/张童童",水木调研纪要,,1,0,327,https://wx.zsxq.com/group/88888142214212/topic/82258841854522542,data/research/updates/2026-10-07-all_views-025.csv
2026-09-08T10:41:07,2026-09,【广发建筑 耿鹏智团队】 重点提示英伟达机架母线/液冷板间接供应商# 电工合金,"【广发建筑 耿鹏智团队】 重点提示英伟达机架母线/液冷板间接供应商# 电工合金

# 核心逻辑：  小而美铜加工龙头，“量增扩产+结构升级+海外本地化”，英伟达液冷板/busbar间接供应商，受益AIDC数据中心+新型电网+电气化铁路三大需求高增。

# 强β：英伟达800V高压直流供电架构或成主流、高容量智算机柜提升用铜需求。9月4日，《促进数字化绿色化协同转型发展实施方案（2026-2030年）》提到，支持液冷散热、余热回收、低功耗芯片等技术创新和推广应用，探索算力设施800V高压直流供电架构，推动超百千瓦单机柜部署。英伟达 Rubin 新一代加速平台正式落地，传统 480V 交流供配电架构短板全面凸显，25H2英伟达联合谷歌等CSP厂商联合发布800V高压直流供电架构，供电线路从传统线束、PDU演进为# 标准化机架母线产品。传统机柜单柜铜用量约60kg（含损耗）、800V架构下高容量智算机柜单柜铜用量220kg（含损耗）。我们假设中美到2030年智算机柜渗透率30%，测算26-30年中美数据中心合计铜加工费约200亿元（不含原料）。

# 价升：机架母线（busbar）方案替换直流母线、单吨加工费显著抬升。
传统直流母线加工费约5000元/吨，800V架构新方案下机架母线单吨加工费为1～1.5万元/吨，加工费抬升2-3倍。液冷板、其余零部件等Rubin铜部件持续放量，产品升级有望迅速带动公司利润率提升。半导体ATE设备、商航三元铜合金等高毛利产品持续放量，结构改善带动整体价升。

# 量增：扩产已成刚需、海内外产能逐步投运。
25年铜母线产能共2.46万吨，铜母线/零部件产能利用率分别达99.9%/120.9%。厦门基地26.3月开工/27年投运，新增年产3.5万吨高性能铜及铜合金材料（其中铜母线3万吨，铜制零部件0.5万吨），完全达产后预计可实现年销售收入26.7亿元（含材）。墨西哥基地：25年6月成立全资孙公司墨西哥凤凰铜业，预计贡献约1万吨新产能，本地化可规避国际贸易壁垒，贴近北美AIDC需求，基地预计26内投产（租赁），境外毛利率28.2%远高于境内9.6%。

# 新型电网+轨交电气下游同样高景气/26H1业绩高增、铜排母线业务爆发
26H1归母1.17亿元/高增42.55%，其中铜母线及零部件业务实现营收18.88亿元/翻倍增长100%/占比77%、成为增长核心引擎；细分看，AI数据中心算力材料板块26H1实现营收3.2亿元/增长163%，核心受国内新型电力系统建设提速、数据中心产业算力高景气、绿电行业持续升温等强需求驱动。

继续提示：请充分重视# 【电工合金】“六张网”主线、强预期差标的。小而美铜加工龙头，受益国内外800V高压智算中心、国内输配电网CAPEX提速，扩产进行时、业绩持续高增。科技+有色共振，当前仅68e市值，高胜率高赔率品种！

耿鹏智/陈怡洁",水木调研纪要,,1,0,321,https://wx.zsxq.com/group/88888142214212/topic/82258841852144812,data/research/updates/2026-10-07-all_views-025.csv
2026-09-08T10:22:51,2026-09,宁德时代更新-20260908,"宁德时代更新-20260908

最近宁德跌主要是以下几个因素：1）理想入股欣旺达、小米新车与欣旺达和中航合作电池；2）网传排产下修；3）储能客户可能会下修三季度排产，目前情况不明朗。

我们认为，今年上半年受到所有原料涨价的影响，各家排产确实都很猛，到年底了开始做一些库存控制，降低一些排产，属于正常现象。

与其他电池厂竞争，历史上看也没很大影响，车端电池出口与高端车型，宁德份额还是很稳定，不会有很大的出货和盈利冲击。

储能端看，短期终端客户装机情况确实一般，但是四季度还是会有明显抢补贴和抢出口退税，所以年底前还是会有明确爆发。

全年看，公司没有下修业绩，全年依旧维持950亿左右业绩预期，明年目前1200-1300亿利润预期不变，目前对应明年大概12倍水平，绝对低估。
短期就是没啥向上催化，但是负面新闻不少，历史上看，到了下修宁德业绩的时候，就是历史大底了，参考24年年底。",水木调研纪要,,1,0,374,https://wx.zsxq.com/group/88888142214212/topic/55521148125528444,data/research/updates/2026-10-07-all_views-025.csv
2026-09-08T10:22:24,2026-09,思美传媒：龙版传媒换手7连板，重点关注低位尚未反应的思美传媒,"# 思美传媒：龙版传媒换手7连板，重点关注低位尚未反应的思美传媒

❶AI短剧：子公司掌维科技前瞻布局AI漫剧与AI真人短剧，搭建专属AI短剧平台，完成多部AI真人剧、3D漫剧的制作储备，打通“小说IP—剧本—分镜—视频”完整生产链路，同步开展校企试点工作。

❷知识版权：子公司具备数字出版物版权保护技术.

❸IP：掌维科技旗下拥有“原创书殿”、“言情书殿”等网文平台及“奇悠阅读”等手机阅读APP，累计注册用户超3亿，储备了超过10万部的网文作品",水木调研纪要,,1,0,361,https://wx.zsxq.com/group/88888142214212/topic/45548821845542418,data/research/updates/2026-10-07-all_views-025.csv
2026-09-08T10:21:38,2026-09,AI材料：重新重视，产业叙事强化，H2业绩加速兑现,"AI材料：重新重视，产业叙事强化，H2业绩加速兑现

[玫瑰]# 远期产业叙事强化。  GPT-6 Astra发布，模型从“聊天”变成“同事”了，可以直接操作帮我们完成任务了（computer use）。因而，场景也从coding拓展了非常多的可能性，也就意味着算力硬件远期需求再上修。

[玫瑰]# 中期产业景气在加速。Q3  Rubin、Tr3大规模拉货，TPU v8拉货或Q4启动。根据SemiAnalysis，ABF基板六家主要供应商产能已基本售罄，整体交期从6-8个月拉长至12-14个月。对应上游材料，Q3起业绩环比加速。另外，AI速率的提升离不开介质材料的升级，M7→M8/M9，再到M10（ptfe），材料迭代正在进行中。

[玫瑰]# 为什么当下可以重视起来。英伟达接近新高，而A股PCB链的标的距离前高还有40%+空间。经过整整两个月的筹码消化，我们明显感觉到预期已经平淡了很多。

[玫瑰]选股思路不变，聚焦“升级+放量”的弹性方向，优选各细分龙头，# 电子布：  国际复材、中材科技、中国巨石、宏和科技，# 硅微粉：  联瑞新材、国瓷材料，# 树脂：  东材科技、圣泉集团，# PTFE：  东岳集团等。

[爆竹]风险提示：需求不及预期、技术路线变化风险",水木调研纪要,,1,0,359,https://wx.zsxq.com/group/88888142214212/topic/14425518524425282,data/research/updates/2026-10-07-all_views-025.csv
2026-09-08T10:21:29,2026-09,储能行业更新-20260907,"储能行业更新-20260907
8月采招同环比高增！国内储能迎来拐点

# 8月中标规模同环比高增、储能需求景气延续
据寻熵研究院数据，26年8月中标32.0GW/93.2GWh（同比+24%/+34%，环比+92%/+82%），环比翻倍级别高增。26M1-8合计中标138.8GW/409.6GWh（同比+74%/+51%）。整体来看，继7月中标规模同比高增后，8月继续维持较高景气度，国内储能项目需求持续释放，符合我们对下半年迎来景气度拐点的判断

# 独立储能为需求主力集采放量、西北仍为主力军
1）从项目类型看，独立储能/集采框采/新能源配储/用户侧占比分别为68%/28%/3%/不足1%。独立储能仍为当前国内大储需求的核心来源；集采框采占比明显提升，主要系中能建完成24GWh储能系统集采。新能源配储占比较7月的15%明显回落至3%，月度波动较大，后续仍需观察风光项目配储意愿及置信出力等机制推进情况
2）区域方面，新疆（含兵团）、山西、内蒙古位列全国前三，采招规模分别达到12.0/10.1/9.6GWh，西北地区仍是国内储能需求的重要增量市场，内蒙之外是有明确增量区域的

# 投资建议
我们认为板块前期调整较多，悲观预期已经基本price in，国内储能基本面仍处于高景气阶段，7-8月采招数据持续验证项目需求旺盛。我们判断26年是政策换挡期，下半年招中标和装机数据都会继续修复，27年会继续维持高增速，看好储能集成商龙头海博思创、储能电池龙头宁德时代",水木调研纪要,,1,0,341,https://wx.zsxq.com/group/88888142214212/topic/45548821845544158,data/research/updates/2026-10-07-all_views-025.csv
2026-09-08T10:07:58,2026-09,永艺股份推荐更新,"永艺股份推荐更新

[太阳]景气跟踪：订单景气，我们预计7/8月出货均创历史新高，Q3基数抬升、整体收入仍有望保持双位数。此外，7月起提价落地、原材料&汇兑影响弱化，实际盈利能力有望保持坚挺。

[太阳]美国市场：终端保持平稳（销量角度），公司H1同比增长超30%，剔除25年关税纷争导致基数较低，公司凭借越南产能布局&产品力优势，新老客户份额提升，其中零售新渠道同比增长超80%；H2基数抬升，增速或略有回落，但份额增长逻辑有望延续。

[太阳]非美（主要为欧洲）：受地缘冲突&宏观经济影响，整体需求偏弱。宜家体量较大、全年预计平稳增长；欧洲非宜家办公椅整体增速达30%，表现靓丽主要系东欧等空白市场突破，以及新客户逐步起量（部分客户订单产品范围&数量提升）。H2外部影响弱化，整体或将温和回暖。

[太阳]国内：H1终端疲软，公司线下B端承压，但C端仍实现稳健增长、其中线下零售店持续扩容，预计贡献显著增量。此外，费用投入优化，整体品牌端已成功扭亏。国内品牌为公司重要战略布局，未来增长确定性叫强。

[太阳]中长期战略规划：公司全球市占率仅小个位数（越南&中国出口份额合计约10%），目前发展规划聚焦TOP国家TOP客户份额提升，成长空间广阔。此外，罗马尼亚基地、美国零售渠道等新业务稳步减亏，盈利中枢有望稳步提升。",水木调研纪要,零售,1,0,362,https://wx.zsxq.com/group/88888142214212/topic/45548821845482418,data/research/updates/2026-10-07-all_views-025.csv
2026-09-08T10:07:29,2026-09,【东北计算机】村田制作所大额回购进展：8月单月完成约600亿日元回购，回购节奏加速,"【东北计算机】村田制作所大额回购进展：8月单月完成约600亿日元回购，回购节奏加速

村田制作所9月7日公告，基于4月30日董事会决议，截至8月31日已通过二级市场累计回购普通股816.03万股，回购金额约600亿日元，平均回购价约7352日元/股（9月7日收盘价7620日元/股）。

# 回购节奏加快或暗示管理层对景气度的乐观判断 公司4月30日董事会授权最多回购7500万股（占发行在外股份4.12%），回购金额上限1500亿日元，回购期至2027年1月29日。值得注意的是，#5-7月公司未实施任何回购，而8月单月即完成约600亿日元回购，金额进度达授权上限的约40%，股数进度达10.9%，回购节奏显著加快。行业层面，三星电机近期针对 OEM/ODM 客户平均上调消费级 X5R 产品价格 25%-30%，主动腾出产能扩充高端产线；应用于 AI 服务器的高端 X6S 产品依客户议价，平均涨幅亦达 10%-20%。龙头加速回购与MLCC全品类涨价形成共振，村田加速回购可能反映管理层对下半年至明年行业景气度的乐观判断。

村田回购提速强化了高端MLCC景气上行的产业逻辑，国内MLCC厂商在中高端市场的国产替代进程有望加速，相关标的：三环集团、风华高科、国瓷材料、博迁新材等。

风险提示：AI资本开支波动；消费电子复苏不及预期；MLCC 价格竞争加剧等。",水木调研纪要,,1,0,367,https://wx.zsxq.com/group/88888142214212/topic/14425518524254582,data/research/updates/2026-10-07-all_views-025.csv
2026-09-08T10:07:15,2026-09,【国泰海通环保徐强团队】8 月储能采招 93GWh，创历史新高,"【国泰海通环保徐强团队】8 月储能采招 93GWh，创历史新高

# 8月储能采招93GWh，创历史新高。根据寻熵研究院，2026年8月国内储能市场共计完成了32.0GW/93.2GWh采招订单（同比24%/34%，环比92%/82%)，其中储能系统和含设备的EPC总承包规模合计32.0GW/87.2GWh。去年8月是全年储能采招最高值，在前基较高的情况下，26年8月储能采招仍有较好表现。1-8月份的采招规模为409.6GWh，yoy+50.7%。

# 单价：2小时储能系统平均报价为0.692元/Wh，环比上涨19.5%。4小时储能系统平均报价0.530元/Wh，环比微降2%。2小储能EPC平均报价为1.144元/Wh。4小时储能EPC平均报价为0.877元/Wh。

# 此前，大家对27年的国内储能需求担心较多，在去年8月全年最高采招基数的情况下，目前7-8月储能采招的同比增长仍有51.6%，增强明年需求信心。目前大储和锂电板块明年估值水平均在10-13倍左右，估值低，且前期预期低，有预期修复可能性。建议关注：大储# 阳光、海博，电池# 宁德、亿纬、欣旺达、中创，户储# 德业、鹏辉、思格。",水木调研纪要,,1,0,359,https://wx.zsxq.com/group/88888142214212/topic/22258841852582581,data/research/updates/2026-10-07-all_views-025.csv
2026-09-08T10:06:44,2026-09,ZX能化-代糖重点推荐【莱茵生物】,"ZX能化-代糖重点推荐【莱茵生物】
五重共振，超强厄尔尼诺、印度出口变进口、巴西产量下降、泰国减产、欧盟减产将带来白糖产量大幅下降，27年短缺压力较大。
莱茵生物是天然植物提取甜菊糖苷及罗汉果甜苷等天然糖，更健康，成本端压力小，不受制于玉米涨价，有望受益于白糖涨价带来的价差改善！
建议关注相关生产企业：金禾实业、三元生物、百龙创园、华康股份等。",水木调研纪要,,1,0,361,https://wx.zsxq.com/group/88888142214212/topic/45548821845484518,data/research/updates/2026-10-07-all_views-025.csv
2026-09-08T09:47:05,2026-09,东睦股份：华为三折叠放量在即,"# 东睦股份：华为三折叠放量在即

1、麒麟9050 Pro，首款采用逻辑折鲁技术，CPU底部玻璃电容对标苹果水准，内部增设垂直互联通道，国产工艺已经逼近国际一线，信号传输路径更短、时延更低、性能更好；

2、三折叠单机价值量千元以上，东睦股份约占80%以上份额，按照中性50万台测算，该款生命周期（26Q3Q4）约增厚4亿以上营收，1亿以上利润；

3、百宝箱公司：消费电子（双折、笔电、耳机、眼镜）、机器人（轴向磁通电机、灵巧手齿轮）、液冷（NV液冷min件）、AI供电（一体成型电感）、粉体材料（陶瓷基板用氮化铝、软磁粉）等。

价值投资首选，长期看千亿的公司~",水木调研纪要,,2,0,373,https://wx.zsxq.com/group/88888142214212/topic/14425518288188152,data/research/updates/2026-10-07-all_views-025.csv
2026-09-08T09:46:32,2026-09,高盛——中际旭创（300308.SZ）：2026年亚洲领袖大会炉边对话——XPO、NPO、CPO将共存；研发至关重要,"高盛——中际旭创（300308.SZ）：2026年亚洲领袖大会炉边对话——XPO、NPO、CPO将共存；研发至关重要

高盛在香港举办的亚洲领袖大会上，邀请中际旭创董事长刘圣博士参与“AI基础设施大趋势：光网络”专题讨论。管理层对AI持续投入、技术向高速/低功耗/高密度/低时延迁移，以及公司通过研发与产能扩张/多元化维持全球领先地位的承诺保持高度乐观。高盛认为，公司在400G/800G/1.6T时代的连续成功，印证了其强大的研发能力、快速交付及与供应链/终端客户的深度合作，维持买入评级。

关键要点

1. 从电信转向数通：行业属性的根本转变

管理层指出，光模块最初用于电信领域，该行业呈3-5年周期性波动。2008年起，美国头部云服务商启动云计算，推动光模块应用场景从电信转向数通（旭创核心聚焦领域）——即高速连接，具备强劲市场需求与快速规格迭代特征。

2. 竞争护城河：研发响应与量产能力并重

电信领域产品迭代周期为3-5年，而数通领域新一代产品诞生不超过2年，且规格繁多，对研发要求极高。同时，上市交付时效、供应链管理（大批量高质量交付）及生产效率（模块生产多步骤优化）成为赢单关键。管理层强调，行业目前竞争健康，未感受到定价压力，客户亦愿意为价值付费。公司通过提升生产效率与产品组合升级持续改善毛利率，产品升级与新产品持续导入是驱动综合ASP与毛利率上行的核心杠杆。

3. 规格升级方向：XPO/NPO/CPO三线并进

光模块技术正朝着更高速率、更高密度/带宽、更低功耗与更低时延演进，推动公司布局12.8T XPO（可插拔光模块）及NPO/CPO光引擎。管理层预计，在AI数据中心中，可插拔光模块、NPO与CPO将长期共存：可插拔模块仍主导Scale-out（横向扩展）网络，NPO与CPO将逐步从铜缆手中夺取Scale-up（纵向扩展）市场份额，而可插拔模块亦将应用于Scale-across场景。公司坚定投入Scale-out、Scale-up与Scale-across全场景研发，以捍卫全球领先的市场地位。

4. 资本开支与产能管理：平台共享提升灵活性

资本开支与产能可分为封装与测试两部分。测试环节基于模块速率，可插拔模块与光引擎测试要求一致；封装环节则尽量共用平台，共享尽可能多的工序，从而根据客户需求灵活切换可插拔模块与光引擎的产能。

5. 供应链管理：深度绑定供应商，共御周期波动

管理层将供应商视为合作伙伴，建立稳定关系。在AI热潮导致的零部件短缺中，这种长期协作带来显著红利。公司通常每个零部件保持2-3家供应商，合作多数超过10年；通过联合产品开发、直接投资、预付款及长期协议，形成穿越周期的可持续供应体系，并与供应链共同赢取客户。

6. AI支出可持续性：早期阶段，需求能见度长达十年

管理层强调，AI是一场革命，目前处于基础设施投入与应用发展的极早期，周期将长达10-20年，部分客户规划已延伸至2030年以后。未来2-5年需求极为强劲，行业投资回报周期短（约1-2年）。AI支出不仅涵盖新建数据中心，还包括技术迁移（如提升能效、加快数据传输），驱动供应链持续增长。与2000年互联网泡沫相比，当前终端客户（需求端）与供应链（供给端）信息透明度大幅提升——客户深度参与供应链产品研发与产能投资，减少了信息不对称与重复下单风险。管理层指出，当前产出的每一只模块均被部署于数据中心，反映真实需求。

7. H股IPO募集资金投向

资金将重点用于三大方向：（1）研发：保持高强度投入，为每一代新技术做好充分准备，维持全球领先；（2）产能扩张：不仅涵盖旭创自身产能，亦包括供应商产能，持续投资供应链以支持伙伴成长；（3）产能多元化：为全球 Tier-1 客户提供更高灵活性。目前约50%产能位于中国境外，良率已与国内持平，客户亦愿意为此支付溢价，因在AI热潮下，具备韧性且可持续的供应至关重要。

估值、目标价与风险

基于35.6倍2027年预期市盈率，中际旭创A股12个月目标价为2,645元人民币；H股目标价3,267港元，较A股溢价13%（基于网络同业前向基本面交易市盈率对比）。当前A股收盘价814元，潜在上行空间224.9%；H股收盘价1,006港元，潜在上行空间224.8%。评级均为买入。

关键下行风险包括：1）800G及以上光模块需求增速不及预期或恶化；2）新光器件上量慢于预期或表现不佳；3）800G及以上市场份额正常化快于预期；4）地缘政治风险；5）零部件供应恶化制约出货增长。",水木调研纪要,,1,0,373,https://wx.zsxq.com/group/88888142214212/topic/82258841511414822,data/research/updates/2026-10-07-all_views-025.csv
2026-09-08T09:46:23,2026-09,【hcdx】津上机床中国：公司入通，8月订单同比继续高增,"【hcdx】津上机床中国：公司入通，8月订单同比继续高增

🍁公司昨日已经入通，有望迎来增量资金与流动性提升，有助于提升估值。公司8月订单同比继续高增，公司淡季订单仍然维持高位。

🍁液冷、3C、汽车仍是前三大下游需求，今年我们预计液冷和3C订单都是3倍以上增长，汽车订单今年未下滑。我们预计公司26年液冷+3C同比去年增加6-7千台订单，假设单台价格40万元，利润率20%，对应同比增加的收入达26亿元，同比增加的利润达5.2亿元。

🍁公司新扩展的光模块、探针等新下游均已具备量产能力，随着下游客户试用，预计未来带来更广阔的市场空间。#高端制造硬科技往精细化方向走，提升了数控机床需求，尤其高端数控机床走心机，全球精度最高的就是西铁城和津上，我们调研了很多ai制造企业，都反馈扩产瓶颈在数控机床上。",水木调研纪要,,1,0,360,https://wx.zsxq.com/group/88888142214212/topic/82258841511412112,data/research/updates/2026-10-07-all_views-025.csv
2026-09-08T09:46:05,2026-09,20260907【HF有色】lme铜创历史新高，推荐江铜紫金洛钼等标的,"20260907【HF有色】lme铜创历史新高，推荐江铜紫金洛钼等标的

事件：9月7日，lme铜最高涨至14550美元/吨，突破1月29日挤仓传闻带动下的14527美元/吨前高，再创历史新高。

点评：
1、特征：此次新高和1月29日脉冲式冲高后快速回落不同，此次为持续稳步上涨，更持久。

2、原因：1）直接原因：全球总库存持续下降，美国加征关税预期带动库存持续向美国转移，加剧现货紧张，挤仓风险持续加大。2024年、2025年和2026年截止至最新，仅comex 库存分别增加6.5、36.7和26万吨。7月份美国精炼铜及铜合金进口量达22.5万吨，创1990年以来新高。2)根本原因：过去五年铜矿供给均大幅低于预期，供给增加极慢。建筑等传统需求承压，但新能源汽车、储能及ai先后成为拉动铜需求的核心动力。供需持续存在缺口。

3、展望：若美加征关税，铜价或暴涨，突破1.5万美元/吨或只是起点；若美不加征关税，铜价或回调，随后触发电力投资等需求后企稳并反弹，仍将维持高位。

投资建议：
国内及海外铜个股均严重跑输铜价，主要因:1)宏观经济预期差：美伊冲突持续时间已超半年，反复的高油价带动通胀预期，加息预期升温压制全球经济增长。2)美国加关税预期未落地担心铜价下跌。3)美联储加息预期影响股票估值。我们认为，供需缺口持续存在为铜价提供坚实支撑，铜价位置虽高但下跌概率小，高位可维持，存在进一步上涨可能。高铜价持续越久，市场接受度会越高。国内铜公司普遍分红低压制股息率逻辑，但业绩确定性高、pe估值低且有成长。推荐江铜、紫金、洛钼、西矿、金诚信、五矿及中金国际等，关注金浔、高争及宏达等。

风险提示：美联储加息、美加关税低于预期。

-------------------------------
 【联系人】wbq",水木调研纪要,,1,0,344,https://wx.zsxq.com/group/88888142214212/topic/82258841511412212,data/research/updates/2026-10-07-all_views-025.csv
2026-09-08T09:45:51,2026-09,【西部计算机】麒麟9050 Pro发布，“逻辑折叠”技术首次落地,"【西部计算机】麒麟9050 Pro发布，“逻辑折叠”技术首次落地

[太阳]华为正式发布三折叠手机 Mate XT 2，并推出全新旗舰芯片麒麟 9050 Pro。其中，麒麟 9050 Pro 首次采用华为所提出的“逻辑折叠”技术。

[太阳]“逻辑折叠”技术通过重新设计芯片内部逻辑单元的空间布局，让传统平面化芯片结构转向立体化排布，从而缩短信号传输距离，降低计算过程中的功耗。

[太阳] “逻辑折叠”技术不仅要通过超高密度的垂直键合点进行连接，还需根据三维协同设计场景，对EDA 软件与设计工具链进行重构。

相关公司：1）键合设备：拓荆科技、华海清科、快克智能、芯源微；2）三折叠：东睦股份。3）封装厂：长电科技、盛合晶微；4）晶圆厂：中芯国际、华虹宏力；5）EDA软件：华大九天、概伦电子、广立微。

郑宏达 谢忱 李想 王朗",水木调研纪要,,0,0,349,https://wx.zsxq.com/group/88888142214212/topic/45548821411218528,data/research/updates/2026-10-07-all_views-025.csv
2026-09-08T09:45:36,2026-09,麦格米特更新：根据产业跟踪反馈，公司Q4电源出货大概率会加速，主要得益于Vera Rubin电源的放量，我们仍然维持对公司的首推，明年业绩区间20-30e。,麦格米特更新：根据产业跟踪反馈，公司Q4电源出货大概率会加速，主要得益于Vera Rubin电源的放量，我们仍然维持对公司的首推，明年业绩区间20-30e。,水木调研纪要,,1,0,344,https://wx.zsxq.com/group/88888142214212/topic/22258841511418551,data/research/updates/2026-10-07-all_views-025.csv
2026-09-08T09:45:29,2026-09,🍁🍁🍁hcdx 万讯自控：小高凯，半导体流程控制类零件拓开第二增长曲线,"🍁🍁🍁hcdx 万讯自控：小高凯，半导体流程控制类零件拓开第二增长曲线

🍁受海外管制影响，国内半导体级流程控制仪表供不应求。如MFC国产化率很低，由外资Horiba/Brooks等垄断。＃公司原有工业仪表底层技术可直接复用至半导体场景，产品验证与订单预期乐观。

🍁产品矩阵：
• 压力传感器：当前半导体收入80%来自该品类，性能对标国际龙头森萨塔。
• 压差路线MFC：国内第一梯队，技术路线契合Brooks判断的行业未来主流方向，国内竞对高凯、先导元创。
• 其他：科里奥利质量流量计，国内少有的高性能国产产品；气体分析仪，送样阶段，对标皖仪科技。

🍁国内客户端验证进展加快：国内已经落地国内8‑9家头部半导体客户，26H1半导体业务实现收入约1000万，部分客户已经产生二三次复购，订单规模持续抬升。

🍁订单预期空间充足：26年半导体订单目标较H1半导体收入增长5倍；成功导入海外客户，27-28年有望贡献亿级订单。

🍁投资建议：＃主业包袱出清、半导体级订单快速增长。传统工业仪表基本盘稳固，公司收缩低毛利民用报警器业务，完成人员优化后，预计今年有望扭亏，27年主业体现1e利润。看好半导体设备订单国内外迎放量，打开第二增长曲线，重点推荐。",水木调研纪要,,0,0,346,https://wx.zsxq.com/group/88888142214212/topic/55521148288482854,data/research/updates/2026-10-07-all_views-025.csv
2026-09-08T09:44:55,2026-09,🔥【国金机械】杰瑞股份更新：高点调整20%+，又到了击球区，重视,"🔥【国金机械】杰瑞股份更新：高点调整20%+，又到了击球区，重视

# 之前下杀原因不是直接因素，且均有回应：

1️⃣交付很顺畅，交期在提前：明年交付20e美金；X客户催交，公司交付从预期明年提至Q4；

2️⃣特朗普法案：针对并网发电，公司主要产品都是用于离网发电，并且之前就这个担忧和客户沟通过，基本不受影响。

3️⃣新进入者担心壁垒：某新进入者是从海外收购二手机头翻新，量少成本高；杰瑞已经订单落地+批量交付，不是停留在产能，并且还有一体化ASP提升逻辑。

# 主业不改之前指引+发运顺畅+燃机Q3交付&Q4交付提速，从Q3我们将看到业绩逐季度的业绩表现，杰瑞再度进入击球区，各位领导重视！

[玫瑰]欢迎联系国金机械团队 满在朋/刘民喆",水木调研纪要,,0,0,336,https://wx.zsxq.com/group/88888142214212/topic/82258841511441852,data/research/updates/2026-10-07-all_views-025.csv
2026-09-08T09:44:38,2026-09,【华西计算机】CIOE 2026：薄膜铌酸锂产业链齐聚，国产材料与器件加速突破,"【华西计算机】CIOE 2026：薄膜铌酸锂产业链齐聚，国产材料与器件加速突破

# TFLN厂商云集：第27届CIOE中国光博会上，薄膜铌酸锂产业链集中亮相。材料端，天通控股展出铌酸锂/钽酸锂晶圆；器件端，光库科技展出400G PAM-4 TFLN调制器芯片，铌奥光电展出400 G/lane PAM4 TFLN调制器芯片与3.2T DR8 TFLN产品，中电科五十五所展出薄膜铌酸锂调制器芯片，宁波元芯展出TFLN 调制器。从上游衬底材料到中游芯片器件，国产TFLN产业链参展矩阵逐步成型。

# 天通股份大尺寸铌酸锂晶圆量产卡位：天通控股亮相CIOE 2026，展品涵盖蓝宝石晶体、蓝宝石光学盖板、蓝宝石晶棒及衬底片，以及核心战略产品钽酸锂/铌酸锂晶圆。公司是国内唯一实现8英寸铌酸锂晶圆量产‌的上市公司，6英寸和8英寸铌酸锂晶圆均已量产，12英寸产品完成研发验证，且正在构建异质铌酸锂薄膜晶圆产线。

🚀受益标的：天通股份、共达电声

⚠️风险提示：薄膜铌酸锂渗透不及预期，下游需求不及预期。",水木调研纪要,,0,0,331,https://wx.zsxq.com/group/88888142214212/topic/45548821411222158,data/research/updates/2026-10-07-all_views-025.csv
2026-09-08T09:25:10,2026-09,【招商机械】长源东谷并购康豪机电点评,"【招商机械】长源东谷并购康豪机电点评

#康豪机电在国内数据中心柴发机组热交换系统占有率72.2%。公司主营业务为#热交换系统 和 #动力单元。热交换系统主要配套内燃机与新能源，公司在中国柴油发电机组热交换系统市场占有率13.6%，排名第一；在全球数据中心柴油发电机组热交换系统占有率20.3%，排名第二；在中国数据中心柴油发电机组热交换系统占有率72.2%，排名第一。公司深度绑定头部IDC与CSP以及主流柴发厂商，具备绝对优势。柴油动力单元以柴油发动机为核心，集成其他零部件形成的一体化预集成动力总成产品。 公司在中国油气市场动力单元占有率51.7%，排名第一。

#受益数据中心需求公司近年业绩高增净利率可观。公司2024、2025、2026年Q1营业收入分别为12.5、14.4、4.2亿元；毛利率分别为30.30%、33.27%和33.93%；净利润分别为2.30、3.05、0.86亿元；对应净利率分别为18.4%、21.2%和20.5%。

#康豪机电估值50.1亿元。本次上市公司收购康豪机电100%股权，交易对价为50.1亿元。发行价格为29.75元/股，因此增发1.68亿股，增发后公司总股份为4.93亿股。标的公司2026-2029年业绩承诺分别不低于3.5、4.0、4.7、5.3亿元。

#估值定价基本符合预期看好公司长期发展。增发后公司总股本为4.93亿，考虑配套融资可能略高于5亿总股本，基本符合我们之前给市场的预期。预计合并后明年主业利润大约为12-13亿元，给予25x PE，对应300e市值。公司明后两年预计累计交付燃机机组1GW，对应单年利润大约为8-10亿，给予30x PE，新增大约300e市值，对应总市值600e。如果按照29年单年1GW交付能力估算，新增大约500e市值，对应总市值800e。当前股价对应增发后市值320亿，仍有较大空间。

☎️联系人：郭倩倩/葛小川",水木调研纪要,,0,0,327,https://wx.zsxq.com/group/88888142214212/topic/22258841514142141,data/research/updates/2026-10-07-all_views-025.csv
2026-09-08T09:24:46,2026-09,电子纱涨价超了预期？台虹投资PTFE/戴尔亲测存储紧张/ABF 载板高增速、高价值量、高壁垒--AI 新材料更新（0908）,"电子纱涨价超了预期？台虹投资PTFE/戴尔亲测存储紧张/ABF 载板高增速、高价值量、高壁垒--AI 新材料更新（0908）

（1）# 电子布/电子纱链条
电子纱型号很多，简言之，对应1080/2116电子布的电子纱，涨价比 9.1 号预期的更多，真实落地幅度超了。在一众质疑声中，大幅涨价。
e225 多涨 4000 元/吨
d450 多涨 15000 元/吨

（2）# ptfe链条
台虹投资20亿台币（约4.2亿元）扩产，预计主要用于PTFE方案，继续验证NPO架构下PTFE存在明确的应用场景。
①预计Rubin ultra-switch tray为PTFE混压 M 系列，M8二代布 or M9 Q、# 都有可能。
②ptfe订单，“水先流动起来”“事情先推起来”，金额多少并不是当下重点。
③无论纯m9/m8，还是混压，都利好【生益】，硅微粉【联瑞】弹性最大，生益链的铜箔【铜冠】【德福】。

（3）# mSAP链条
高盛上修光模块，mSAP最受益
①主链Q3业绩高增预期；
②设备锁单【芯碁微装】，曝光机是唯一，激光钻孔有望突破JW+HB；
③材料端弹性看载体铜箔和t布、高端一代布，26Q3看点是BT载板订单、Q4看点是mSAP订单，关键是能否靴子落地，弹性【方邦】，龙头【铜冠】【德福】。

（4）# ABF链条
Astera Labs/Intel订单外溢到境内ABF载板厂，# 不是偶然，本质是CPU/GPU需求增速明显快于ABF载板扩产（前期中国境内企业份额不足5%），海外终端将电脑/低端CPU订单倾斜给境内。
①ABF膜的扩产慢于载板，有膜储备sy，hz，hc等。
②ABF载板，迟早要做成的事，重要板块自主可控有意义，国产链条xs，海外链sn。

--------
（一马平川）。",水木调研纪要,,0,0,335,https://wx.zsxq.com/group/88888142214212/topic/22258841514148511,data/research/updates/2026-10-07-all_views-025.csv
2026-09-08T09:24:15,2026-09,【天风电新】铂科新材：分终端拆解芯片电感收入规模,"【天风电新】铂科新材：分终端拆解芯片电感收入规模
———————————
上周给大家更新过AIDC电感市场空间（仅考虑GPU周边芯片电感），预计27、28年分别为75、156亿元。

#本次我们按照终端客户拆分，进一步拆解铂科潜在芯片电感收入规模。供应链关系：
✔️NV：目前分立式，供应商乾坤、铂科等；
✔️Google：模组式，预计主供为台达，其它有Flex、英飞凌、沛塬等，MPS或切入；
✔️AWS、AMD：模组式，主供MPS。

模组式芯片电感和mos管等集成，先交付至集成电源芯片企业（如MPS等），再交付至三次电源企业；分立式芯片电感直接交给三次电源企业（或通过中间商）。

分终端，假设铂科在各终端份额：
✔️NV：假设27、28年40%份额；
✔️Google：通过Flex、沛塬等供应，后续跟随沛塬、MPS在Google链份额提升，假设27、28年份额12%、15%；
✔️ AWS、AMD：当前约80-90%份额，假设客户由于规模扩大引入二供三供，27、28年铂科份额85%、80%。

仅考虑AI芯片需求，预计27、28年铂科芯片电感收入21、41亿元。由于芯片电感为上游，出货快于整体机柜，#假设下一年需求的20%提前至当年提货，则27年芯片电感需求为21*80%+41*20%=25e。

此外，公司在光模块今年已有1e收入，27、28年有望持续高增。#我们认为铂科27年至少有25e+芯片电感收入。【若竞争对手出现扩产瓶颈问题，或公司跟随沛塬、MPS等在Google份额大幅提升，芯片电感收入有进一步上修可能性。】

假设27、28年芯片电感收入27e，45e，净利率31%、33%，贡献8.5、15e利润。预计公司27、28年经营性利润12.8、20e，对应PE 23、15X，扣除股权激励费用后净利润11.7、19.3e。后续有进一步上修可能性，保持重点推荐。
———————————
欢迎交流：孙潇雅/薛舟",水木调研纪要,,0,0,332,https://wx.zsxq.com/group/88888142214212/topic/45548821412151488,data/research/updates/2026-10-07-all_views-025.csv
2026-09-08T09:24:07,2026-09,【横店东磁】Cybercab无稀土电机从研发到量产，公司核心卡位,"【横店东磁】Cybercab无稀土电机从研发到量产，公司核心卡位

➡事件
从2023年特斯拉开始讨论“下一代电机不用稀土”，到2026年无稀土电机在Cybercab上的实现，相关供应商的无稀土产品实现从研发到放量的推进。

➡点评
# 卡位：  公司预计为T独供。

# 进展：  根据公司过往公告，2025年已配合海外头部客户开发无稀土替代产品，去年10月交付中试及小批量产品。2026年从小批量向中批量推进，规模量产在26Q4-2027，与海外robotaxi项目进展相关。根据公司后续规划，预计无稀土替代产品线规模10亿+。

[玫瑰]结论：公司为国内磁材龙头，2025年磁材板块收入近50亿，根据公司2026半年报交流，看好AI拉动磁材与器件需求高增，公司芯片电感、SST磁芯等产品有望进入快速增长期，中期纬度看公司磁材板块收入预计提升至100亿规模。2026H1实现净利润9.5亿，中性预计26/27年公司净利润20/24亿，对应当下16/14倍PE。

华鑫机械",水木调研纪要,,0,0,327,https://wx.zsxq.com/group/88888142214212/topic/82258841514124182,data/research/updates/2026-10-07-all_views-025.csv
2026-09-08T09:23:49,2026-09,[太阳][太阳]【长江电新】从EDI系统变更到大订单落地，体现的是T客户的信心，坚定看好本轮机器人行业拐点！,"[太阳][太阳]【长江电新】从EDI系统变更到大订单落地，体现的是T客户的信心，坚定看好本轮机器人行业拐点！

# 8月初的EDI到9月初的大订单，背后代表的是T对本体量产S曲线拐点将至的信心
1）EDI代表行业已经进入常规化量产，对应的是产线的跑通：弗里蒙特工厂5月停产汽车产线，7月开始搭建本体产线，8月的EDI系统转变代表着产线布置完成且开始跑量，供应商的零部件采购开始进入常规化体系。
2）大订单落地代表的是自动化产线良率的提升，是T对后续S曲线拐点降至的判断：首批1.5w台左右的订单量预计在9-10月陆续下达，核心供应商均收到订单，【大订单打满现有产能—供应商进一步扩产——匹配后续更大规模的量产】背后隐藏的是T对【自动化产线良率爬升的认可+产量非线性爆发的预期】

# 前期应用场景不是卡点，工厂、训练以及高额Capex规划是底气
1）应用场景不是卡点，工厂场景足以消耗数十万台级别：特斯拉全球员工数量在15w级别，进一步考虑其全球供应商工厂员工数量在百万级别，就单一工厂场景看足以支撑数十万级别需求量。
2）真机训练打开其他场景的想象空间，高额Capex是底气：模型数采训练是往后看支撑optimus放量的核心，2026年中特斯拉规划合计200亿+美金资本开支是支撑optimus前期发展的底气。

# T链量产拐点越来越清晰，看好核心进攻组合
1）轻量化龙头【福赛科技】，在手料号20+，ASP直逼1w+，后续价值量有望继续提升，主业稳健增长；
2）旋转环节谐波减速器龙头【斯菱智驱】，谐波全型号在手，轴承产品持续推进，泰国基地26Q3达产匹配客户新需求；
3）总成龙头【三花智控+拓普集团】，此外新晋Tier1【新泉股份】，配套新泉合作【凯迪股份】，26Q3有望完成产线布置+产品出货。
4）丝杠厂商【北特科技+浙江荣泰】，大小丝杠核心供应商，订单指引匹配客户量产节奏
5）设备厂商【田中精机】，手部电机绕线设备对接

[玫瑰]详细情况欢迎私信沟通~",水木调研纪要,,0,0,328,https://wx.zsxq.com/group/88888142214212/topic/45548821412155828,data/research/updates/2026-10-07-all_views-025.csv
2026-09-08T09:15:08,2026-09,如何看待当前的飞龙股份：新一轮周期的左侧！,"如何看待当前的飞龙股份：新一轮周期的左侧！

市场存在认知差，对电子水泵的市场空间认知未充分：市场接受谷歌液冷100%电子水泵方案，但对NV的电子水泵的渗透率存在分歧。分歧来源于近期市场与维谛专家交流，反馈当下维谛面向NV的in-row CDU仍然使用机械水泵。维谛当前1350型号CDU确实使用的3颗机械水泵，但仅为老旧方案，维谛在开发的新一代CDU已使用电子水泵方案，1350型号CDU为短期的过渡方案，NV液冷电子水泵渗透率具备高确定性！

为什么说飞龙当前为下一轮周期的左侧？新周期启动信号是什么？

1、周期左侧：液冷水泵27年市场空间预计160亿，对应利润总盘子可展望50亿，支撑1500亿市值。飞龙当前市值300亿出头，龙一的市值严重被低估！

2、后续催化：1）9月中下旬公司电子水泵出货量催化；2）9月中下旬Q3经营情况及利润可见度加强；3）NV订单加速落地；4）10月全球OCP展商会，将逐步改善市场对NV液冷电子水泵的认知差，OCP展商会预计将有NV下一代CDU产品的集中亮相，以及后续800V架构的展望！

液冷Beta加速兑现，龙头有望持续超预期，建议持续重点关注！",水木调研纪要,,0,0,355,https://wx.zsxq.com/group/88888142214212/topic/22258841514254221,data/research/updates/2026-10-07-all_views-025.csv
2026-09-08T09:14:41,2026-09,🔥【国金机械-前沿制造】继续看好AI设备新技术方向，CPO/超快激光/探针卡,"🔥【国金机械-前沿制造】继续看好AI设备新技术方向，CPO/超快激光/探针卡

 [礼物] 光-CPO设备推荐联讯仪器、罗博特科；
炬光科技首席科学家Wilfried Noell发表了NPO/CPO生态系统的主题报告。报告指出，CPO和光学引擎（OE）将很快推动人工智能基础设施和数据中心超快速率；我们看好CPO落地的核心铲子股的投资机会，推荐联讯仪器（# Q3业绩有望持续亮眼）、罗博特科。

 [礼物] PCB-推荐超快激光、PTFE核心设备CCL压机；
随着M9-M10材料推进，我们看好两个方向的设备投资机会：1）超快激光：适用M9材料高质量的盲孔制造，推荐#德龙激光（下游大客户反馈超预期），英诺激光、大族数控；2）PTFE设备：台虹科技抛出20亿台扩产PTFE产线，继续看好PTFE材料落地和CCL厂商扩产的充分受益环节-CCL层压机，看好合锻智能。

 [礼物] 半导体-推荐探针卡、HBM设备
1）探针卡：耗材属性明显，探针卡卡位先进制成+两长扩产双逻辑，近期在#存储领域取得积极进展，重点推荐强一股份。
2）HBM设备：看好HBM路线带来弹性较大的增量环节-超扫设备，推荐核心超扫设备龙头骄成超声。

 [玫瑰] 近期交流：德龙激光、强一股份、骄成超声、合锻智能、联讯仪器，欢迎私信模型~",水木调研纪要,,0,0,357,https://wx.zsxq.com/group/88888142214212/topic/14425518281425482,data/research/updates/2026-10-07-all_views-025.csv
2026-09-08T09:11:00,2026-09,【盘前0908】,"【盘前0908】

1、昨晚美股休市，也降低了A股的博弈，看夜盘情况还好，早上日韩开盘也算稳定。昨天如何理解硬件的放量大涨和大盘的缩量盘整，首先从技术上大盘还在我们一直预期的窄幅震荡区间3850-3990之间，风格的跷跷板使得很难形成突破合力，至少需要等这周五CPI落地才能让一些资金心安，无论是选择向上还是向下，人心到了这个阶段了，横盘的时间也足够。昨天缩量到1.96万亿，主要是防御板块的调整缩量，沪指也收了假阴线，而科技硬件放量大涨，一些持续被压制的龙头品种走出中阴线，连上周退潮的题材都重新活跃。今天也看看两融余额，应该没有显著增长，资金在这个位置，还是对左侧不太敢下注。

2、昨天硬件应该还是有一些多头入场的，不过坏消息还是连大光都反弹这么多，但小光没几个涨停的，还有多少空间是存疑的，所以连下午韩国暴涨的时候，内盘资金都有犹豫，今天双创回踩考验下承接的人心齐不齐，应该也不会多深。这个位置，科技应该算一个左侧信号，一方面宏观环境还在承压，接下来中秋国庆假期临近，节前交易时间窗口比较短，量能不会很好。另一方面，最近关于AI的产业催化也很多，但还是需要更多数据和渗透信号来做判断，强化乐观预期，后面还有OpenAI的开发者日和Anthropic上市前的预热。不过从风格平衡来看，TMT占比已经到低位，而防御性品种7-8月连续上涨后，赔率也被压缩，AI产业趋势的积极信号，也要积极重视。

3、昨天也提到应该积极一点，反弹真来的时候最开始也是步履蹒跚充满分歧的，最容易的操作还是从结构入手，不考虑轮动的问题，创业板50ETF回到年线，科创50增强ETF 已经超额5.5%，选择均衡点的话，科创创业50ETF，科创100ETF，还有科创综指ETF都是不错的。

4、行业上面，科创半导体设备ETF和科创芯片ETF，今天国产链正常应该更持续一点，消费电子ETF 的催化也不少。机器人ETF正宗票催化下也涨停不少，但锐度还是差一点。投机里面农业都反包了，粮食ETF一点都不弱，确实超预期。传媒ETF 连续加强，还有新催化。

（仅供内部参考，不做投资建议，基金投资需谨慎）",水木调研纪要,,0,0,352,https://wx.zsxq.com/group/88888142214212/topic/14425518281285852,data/research/updates/2026-10-07-all_views-025.csv
2026-09-08T09:00:30,2026-09,keybanc 供应链渠道调研：,"keybanc 供应链渠道调研：

> 预计 ASIC 在 2026/2027/2028 年将占总 AI 芯片的 50%/52%/55%。

> 谷歌最早将采用 1.6T

> Meta 计划在每个 ASIC 上使用比 GPU 服务器更多的光学收发器

> 3.2T 将从 2027E 开始出货 2300 万个，然后我们预计 2028E 产量将达到 6800 万个。

> 预计 2026-28E 由 Nvidia 驱动的机架级 AI 服务器将达到 5 万 / 9.2 万 / 14.8 万个机架，而 AMD 将达到 5000/1.3 万/1.5 万个单位。

> 1.6T SiPh 光学收发器使用四个 70mW CW 激光器，或每个模块 15-20 美元的激光内容，而 1.6T EML 光学收发器使用八个 200G EML，或 160 美元的激光内容，从而导致光学模块制造商的毛利率不同。",水木调研纪要,,0,0,394,https://wx.zsxq.com/group/88888142214212/topic/22258841512218451,data/research/updates/2026-10-07-all_views-025.csv
2026-09-08T08:57:44,2026-09,[太阳][太阳]【长江电新】从EDI系统变更到大订单落地，体现的是T客户的信心，坚定看好本轮机器人行业拐点！,"[太阳][太阳]【长江电新】从EDI系统变更到大订单落地，体现的是T客户的信心，坚定看好本轮机器人行业拐点！

#8月初的EDI到9月初的大订单，背后代表的是T对本体量产S曲线拐点将至的信心
1）EDI代表行业已经进入常规化量产，对应的是产线的跑通：弗里蒙特工厂5月停产汽车产线，7月开始搭建本体产线，8月的EDI系统转变代表着产线布置完成且开始跑量，供应商的零部件采购开始进入常规化体系。
2）大订单落地代表的是自动化产线良率的提升，是T对后续S曲线拐点降至的判断：首批1.5w台左右的订单量预计在9-10月陆续下达，核心供应商均收到订单，【大订单打满现有产能—供应商进一步扩产——匹配后续更大规模的量产】背后隐藏的是T对【自动化产线良率爬升的认可+产量非线性爆发的预期】

#前期应用场景不是卡点，工厂、训练以及高额Capex规划是底气
1）应用场景不是卡点，工厂场景足以消耗数十万台级别：特斯拉全球员工数量在15w级别，进一步考虑其全球供应商工厂员工数量在百万级别，就单一工厂场景看足以支撑数十万级别需求量。
2）真机训练打开其他场景的想象空间，高额Capex是底气：模型数采训练是往后看支撑optimus放量的核心，2026年中特斯拉规划合计200亿+美金资本开支是支撑optimus前期发展的底气。

#T链量产拐点越来越清晰，看好核心进攻组合
1）轻量化龙头【福赛科技】，在手料号20+，ASP直逼1w+，后续价值量有望继续提升，主业稳健增长；
2）旋转环节谐波减速器龙头【斯菱智驱】，谐波全型号在手，轴承产品持续推进，泰国基地26Q3达产匹配客户新需求；
3）总成龙头【三花智控+拓普集团】，此外新晋Tier1【新泉股份】，配套新泉合作【凯迪股份】，26Q3有望完成产线布置+产品出货。
4）丝杠厂商【北特科技+浙江荣泰】，大小丝杠核心供应商，订单指引匹配客户量产节奏
5）设备厂商【田中精机】，手部电机绕线设备对接

[玫瑰]详细情况欢迎私信沟通~",水木调研纪要,,0,0,389,https://wx.zsxq.com/group/88888142214212/topic/22258841512812811,data/research/updates/2026-10-07-all_views-025.csv
2026-09-08T08:57:11,2026-09,【国盛汽车】小米澎程N70/N90上市发布会要点260907,"【国盛汽车】小米澎程N70/N90上市发布会要点260907

[烟花]订单：4分钟锁单超1万台。

🎁N70：中大型5座增程SUV，车长约5m、车宽2m、轴距约3m，Pro版 20.99万元、Max版 23.99万元。

[玫瑰]三电及性能：Pro版单电机210kW，CLTC纯电351km、综合1351km；Max版双电机四驱310kW，CLTC纯电505km、综合1461km。小米昆仑1.5T增程器支持92号油，首保后3年/3万公里保养一次。

[玫瑰]智能：四合一域控制器+高通4nm旗舰SoC，超级小爱覆盖95%车控；全系标配英伟达Thor-U芯片、激光雷达、4D毫米波雷达、11颗高清摄像头，标配小米HAD辅助驾驶。

[玫瑰]安全：铠甲笼式车身，9个安全气囊；标配低速慢行灯、应急浮水脱困、双胎爆胎可稳定行驶，电池经500焦底部撞击不失效；三电8年或16万公里质保，电池自燃赔新车、碰撞起火补车损。
------------------------------
🎁N90 Max：大型7座旗舰，车长5.28m，2-2-3大7座布局，定价 26.99万元；探索版基于N90 Max打造，车高1925mm，升顶后车内挑高2.29m，国内SUV唯一原生电动升降顶舱，定价 29.99万元。

[玫瑰]三电及性能：CLTC纯电464km、综合1705km；京沪高速实测1230km满油满电抵达后剩余54km，高速纯电实跑323km；

[玫瑰]安全与智驾：顶压达14吨、12个安全气囊；新增后向固态激光雷达。

资料来源：小米秋季旗舰新品发布会",水木调研纪要,,0,0,388,https://wx.zsxq.com/group/88888142214212/topic/22258841512815521,data/research/updates/2026-10-07-all_views-025.csv
2026-09-08T08:56:27,2026-09,🥇天风通信 | 坚定call光互联的持续反攻！,"🥇天风通信 | 坚定call光互联的持续反攻！

1、#为什么我们持续坚定相信光优选光：# 除了总量需求拉动，业绩兑现好，还有增量需求场景持续扩大光互联广阔空间。同时2.4T、CPO、NPO、OCS等新技术新产品快速迭代，也在不断扩展光互联的产业边界，未来硅光、薄膜铌酸锂、先进封装、相干等光互联新技术构筑的进入门槛越来越高。

2、#近期叙事和变化催化：#

1)#海外模型gpt6迭代超预期，加速推进AGI进程，进一步打开算力和光互联空间；

2）收入和市值体量最大的AI硬件龙头#英伟达即将创历史新高提振海外链信心；#

3)#FCC预期担忧逐步脱敏以及未来有望纠偏；

4)#本周深圳光博会，新技术新产品新方案催化；

5)未来一个月即将披露的三季报，触发估值切换，#明年的低估值和26-28年的高成长奠定了非常坚实的安全垫。

3、#筹码结构拥挤度显著改善：历经2个多月的调整，观察近期科技主题基金的涨幅，可见大幅减仓了海外算力。

☎天风通信团队",水木调研纪要,,0,0,388,https://wx.zsxq.com/group/88888142214212/topic/45548821415828548,data/research/updates/2026-10-07-all_views-025.csv
2026-09-08T08:55:19,2026-09,中泰电子 | PCB板块再推荐：AI+传统共振，下半年业绩有望全面超预期会议纪要,"中泰电子 | PCB板块再推荐：AI+传统共振，下半年业绩有望全面超预期会议纪要

会议要点

1. PCB板块整体业绩趋势
    • 2026年下半年PCB板块进入AI与传统业务共振阶段，业绩预计全面超预期。
    • 三季度板块将实现全方位修复：
        · 此前AI含量偏低的厂商利润率修复弹性更大，这类厂商上半年受损程度更严重。
        · AI含量偏高的厂商环比业绩弹性相对更小，但除AI业务的增量贡献外，传统业务也会有一定修复，整体业绩将超出市场预期。
    • 板块当前估值处于底部，对应2027年估值约20倍，部分公司不到20倍，同时业绩出现明确拐点，是积极增配的时间点。

2. AI领域PCB业务进展
    • PCB是数据中心核心互联原材料，产品规格随芯片制程、算力升级持续提升，2026年下半年AI相关新品进入陆续出货阶段。
    • 核心产品价值量提升：
        · Rubin系列因芯片升级、采用无线缆compute tray方案，新增OAM板、网卡板，单卡PCB价值量从上一代GB系列的400美元提升至800多美元，实现翻倍。
        · Rubin Ultra系列将switch tray数量从9个提升至18个，PCB价值量进一步提升。
    • 其他AI相关产品如AWS Trainium 3、谷歌V8、交换机等也在2026年下半年陆续出货，带动AI PCB产品结构持续优化。
    • 未来AI服务器中PCB承担的功能持续增加，包括铜缆背板承载功能、coreless工艺整合载板价值量等，行业地位进一步提升。

3. 传统领域PCB业务修复逻辑
    • 2026年上半年传统PCB业务是行业拖累项，多数从事传统PCB业务的企业利润率下滑60%-70%甚至更多。
    • 2026年下半年传统PCB领域利润率将迎来明显改善，核心驱动因素包括：
        · 上游电子布紧缺导致CCL（覆铜板）供给受限，小厂无法获得足够CCL产能，订单进一步向头部PCB厂商集中。
        · 头部厂商在手订单饱满，积极向下游传导涨价，下半年相关公司利润率有望回到往期高点，甚至创历史最高水平。

4. PCB行业未来技术趋势
    • 高密化（mSAP工艺）：
        · 传统HDI工艺线宽线距通常为20-40微米，mSAP工艺可进一步缩小线宽线距，在相同面积下实现更多电路互联，避免层数增加、面积扩大带来的传输路径变长、发热和损耗提升问题。
        · 应用场景不断延伸：最早应用于BT载板、苹果手机主板，当前1.6T光模块已全面采用mSAP工艺，未来NPU、CPU、coreless工艺、汽车电子等领域也将逐步应用，是PCB技术难度和价值量提升的核心方向之一。
    • 新材料应用（PTFE材料）：
        · PTFE在高频领域性能突出，此前因加工难度问题未大规模应用，M9材料应用进展不顺后，2026年NV重新将PTFE列为重要材料，目前是铜缆背板最可能采用的材料，同时也将应用于switch tray，应用广度持续提升。
        · PTFE材料加工难度更大，将带动产业链价值量进一步向PCB环节转移。
    • 内埋工艺：
        · 工艺核心是在PCB内埋入电容、电感、微芯片等元件，可缩短线路传输路径、提升电源完整性、降低寄生电感，同时降低PCB功耗、优化散热性能，是提升PCB密度的核心工艺之一，将带动行业利润率进一步提升。
        · 目前埋入电感在服务器电源中应用较多，2027年预计在新能源车领域实现大规模应用，未来还将与compute tray、CPO等技术结合。

5. 重点推荐标的
    • 景旺电子：三季度业绩变化最显著，此前AI相关产品占比低，当前受益于核心算力客户拉货，同时汽车、消费等非AI业务全面向上，是逻辑最顺畅的重点关注标的。
    • 沪电股份：受益于1.6T交换机出货需求，其汽车等非AI业务下半年也将迎来修复，业绩弹性充足。
    • 深南电路：海外及国产算力需求对业务拉动作用明显，当前BT、ABF载板均处于紧缺状态，BT载板持续涨价，ABF载板预计2026年下半年出现明确拐点，是大票中重点关注标的。
    • 生益科技：是CCL厂商中PTFE材料布局最领先的公司，在高频材料领域积累深厚，受益于新材料应用趋势。
    • 广合科技：当前是PCB板块PE最低的公司，通用服务器业务稳定，2026年四季度或未来一段时间将获得AI大客户订单突破，利润率将持续改善。
    • 胜宏科技：是Rubin系列PCB的核心一供，充分受益于Rubin出货增长，同时在积极拓展其他AI客户。
    • 鹏鼎控股：全球最大PCB厂商，mSAP工艺、高多层板、HDI工艺技术领先，在compute tray、switch tray等领域布局完善，目前产能偏紧，未来业绩弹性大。
    • 东山精密：光模块业务进展顺利，市场尚未充分定价其AI PCB业务预期，公司持续投入AI PCB领域，2027年AI PCB将全面起量。
    • 生益电子：除AWS等海外算力客户外，在交换机客户、北美大客户拓展上均有进展，在PTFE材料合作上具备得天独厚的优势。
    • 兴森科技：2026年下半年迎来明确拐点，在光模块PCB、载板领域布局领先，与海外客户的合作项目持续推进，是载板领域核心标的。
    • 其他受益标的：奥士康、崇达技术、世运电路、迅捷兴、红板等AI占比不高的公司，将充分受益于行业利润率修复趋势，业绩持续向上。",水木调研纪要,,0,0,432,https://wx.zsxq.com/group/88888142214212/topic/55521148282424114,data/research/updates/2026-10-07-all_views-025.csv
2026-09-08T08:54:57,2026-09,[玫瑰]如何看待当前的飞龙股份：新一轮周期的左侧！,"[玫瑰]如何看待当前的飞龙股份：新一轮周期的左侧！

[太阳]市场存在认知差，对电子水泵的市场空间认知未充分：市场接受谷歌液冷100%电子水泵方案，但对NV的电子水泵的渗透率存在分歧。分歧来源于近期市场与维谛专家交流，反馈当下维谛面向NV的in-row CDU仍然使用机械水泵。维谛当前1350型号CDU确实使用的3颗机械水泵，但仅为老旧方案，维谛在开发的新一代CDU已使用电子水泵方案，1350型号CDU为短期的过渡方案，NV液冷电子水泵渗透率具备高确定性！

[太阳]为什么说飞龙当前为下一轮周期的左侧？新周期启动信号是什么？
#周期左侧：液冷水泵27年市场空间预计160亿，对应利润总盘子可展望50亿，支撑1500亿市值。飞龙当前市值300亿出头，龙一的市值严重被低估！
#后续催化：1）9月中下旬公司电子水泵出货量催化；2）9月中下旬Q3经营情况及利润可见度加强；3）NV订单加速落地；4）10月全球OCP展商会，将逐步改善市场对NV液冷电子水泵的认知差，OCP展商会预计将有NV下一代CDU产品的集中亮相，以及后续800V架构的展望！

[礼物]液冷Beta加速兑现，龙头有望持续超预期，建议持续重点关注！",水木调研纪要,,0,0,396,https://wx.zsxq.com/group/88888142214212/topic/82258841515452842,data/research/updates/2026-10-07-all_views-025.csv
2026-09-08T08:54:06,2026-09,🔥【国金机械】杰瑞股份更新：高点调整20%+，又到了击球区，重视,"🔥【国金机械】杰瑞股份更新：高点调整20%+，又到了击球区，重视

之前下杀原因不是直接因素，且均有回应：

1️⃣交付很顺畅，交期在提前：明年交付20e美金；X客户催交，公司交付从预期明年提至Q4；

2️⃣特朗普法案：针对并网发电，公司主要产品都是用于离网发电，并且之前就这个担忧和客户沟通过，基本不受影响。

3️⃣新进入者担心壁垒：某新进入者是从海外收购二手机头翻新，量少成本高；杰瑞已经订单落地+批量交付，不是停留在产能，并且还有一体化ASP提升逻辑。

主业不改之前指引+发运顺畅+燃机Q3交付&Q4交付提速，从Q3我们将看到业绩逐季度的业绩表现，杰瑞再度进入击球区，各位领导重视！

[玫瑰]欢迎联系国金机械团队 满在朋/刘民喆",水木调研纪要,,0,0,389,https://wx.zsxq.com/group/88888142214212/topic/82258841515214252,data/research/updates/2026-10-07-all_views-025.csv
2026-09-08T08:51:36,2026-09,🥇【天风海外&传媒】月度观点 2609🚀,"🥇【天风海外&传媒】月度观点 2609🚀

🔥当前阶段属于多空极度博弈的过渡阶段，仍是长期多头：多空双方都无法说服谁，核心矛盾在于多头认为现在的投入是为了两年后收回收入，而空头现在就要看到收入，两边都可以说。

🥇短期而言，我们不悲观。去杠杆完成，产业链找不到一个恶化的数据，gpt6是一次模型范式的重大变化，解锁新场景，大幅提升了 computer use 与 one shot 任务的表现，7月下跌后，大家对于产业中期叙事的不确定性的容忍度变低了，而交易层面的担忧落地后我们也相信后续大家也会因为强现实而回归。

🥈大模型：Fable 5.1 的核心是降价与企业用量提升，代表当前最高智能水平的商业化扩张；Astra 的多 Agent 编排则是重要范式变化，增强了长期突破的信心，但短期尚未抬升能力上限。近期模型整体符合预期，有望加快既有场景渗透、缓解 Coding 红利释放后的 ARR 降速；OpenAI 与 Anthropic 的 8 月底 ARR 数据也可能修正市场的阶段性过度悲观。更长期看，模型行业能否打开新增需求并支撑后续算力投入，仍取决于下一轮模型能否实现超预期的能力突破。

1️⃣海外光：FCC扰动有限，业绩期仍然清晰的beat and raise，NPO先于CPO落地，NVL576光进Scale Up域，Google 6D Torus光配比翻4倍，光的需求函数正在从线性增长转为乘法增长。AI架构正在变得“光密集”，TAM不断上修（Scale Out -> Scale Up -> Scale Across -> Scale In）。

2️⃣海外存：健康增长的二阶段，时间换空间。行业不再变好的情况下，股东回报成为标的alpha的体现。同时，关于价格的持续性仍然存在很大debate，也会是之后预期差的来源，同时关注模型变化对于存储的影响。

3️⃣MLCC：仍然是涨价链弹性靠前的板块，且当前位置相对合适，核心看10月村田这一轮大客户谈价与经销商涨价，有望给行业积极信号。

4️⃣海外半导体制造：海外设备估值正变得有吸引力，适合长期投资人关注。就弹性角度，因设备零部件供应受限，设备交期拉长，设备涨价幅度3%-5%，耗材如探针卡量价逻辑更清晰。另可关注受益于CPU CoWoS外溢的封测厂。

5️⃣国产算力：市场关注重点在HBM供给缺口和涨价压力传导，我们认为当前选股思路为供应链强势、下游议价权高、估值性价比/弹性三方面，期待华为、寒武纪Q4量产出货催化。另可关注国产先进制程代工厂，业绩確定性高且落地最早。

🥉有详细PPT/测算逻辑/数据库（大模型追踪指标/CoWoS/海内外算力芯片/半导体设备/MLCC/海外光/公司model），也在逐步完善当中，我们后续不断迭代

☎请联系天风海外团队🌹刘欣/李奇/杨浩伟/邱怡瑄/董馨悦/金昊田/卢可盈 或对应销售老师

🥇也请支持天风海外 & 传媒互联网🚀",水木调研纪要,,0,0,395,https://wx.zsxq.com/group/88888142214212/topic/45548821414552128,data/research/updates/2026-10-07-all_views-025.csv
2026-09-08T08:50:31,2026-09,‼️转一个外站博主的观点,"‼️转一个外站博主的观点

现在大家都知道了 Astra用了10万张 Grace Blackwell NVL72 进行训练：

那随之而来的是一个问题： 下一步需要多少张？从黄仁勋帖子中，回答是下一个期望的点40万张GPU

为什么是40万，而不是20-30万呢？

首先是这些年 LLM模型迭代有个粗略的经验规律，每2代之间的训练算力大概翻 4–5 倍，既然 Astra用了 10 万+ 张 Grace Blackwell 训出来, 那么下一个模型对应的GPT-6.5 / GPT-7 之类要再上一个数量级。所以，自然就落在 ~40 万张这个档。

黄仁勋这句”400K coming next”，或许可以理解为：“下一次训练规模，就是这次的4 倍”，这也是为什么”一年一代、每代把算力再往上顶一格”是同一条曲线。

另外我们拆的再细一点的话：
100K Blackwell = 一座約 250 MW AI factory
400K Blackwell = 接近一座 1 GW AI factory
40 万张 GB 级 GPU，对应的就是一个吉瓦级的新集群正在通电。

Grace Blackwell 是 NVL72，这里每机柜 72 张 GPU，40 万张 ÷ 72 ≈ 约 5,500 个机柜; 所以每个 NVL72 机柜满载约 120–130 千瓦, 光 IT 负载就 ~700 兆瓦, 加上散热和配电冗余, 那么会轻松奔 ~1 吉瓦

这个体量也正好对得上 OpenAI Stargate 一个超级园区、或者好几个站点同时点亮的规模。

所以你会发现这个”40 万张”不是凭空喊的, 它对应的是下一批数据中心园区从在建、到建成、到能用的整个过程完成。

海外链： 中际、新易盛、东山、剑桥科技
国产链： 华丰科技、航天电器、兴森科技、华正新材",水木调研纪要,,0,0,395,https://wx.zsxq.com/group/88888142214212/topic/55521148282552884,data/research/updates/2026-10-07-all_views-025.csv
2026-09-08T08:49:53,2026-09,【横店东磁】Cybercab无稀土电机从研发到量产，公司核心卡位,"【横店东磁】Cybercab无稀土电机从研发到量产，公司核心卡位

➡事件
从2023年特斯拉开始讨论“下一代电机不用稀土”，到2026年无稀土电机在Cybercab上的实现，相关供应商的无稀土产品实现从研发到放量的推进。

➡点评
#卡位：# 公司预计为T独供。

#进展：# 根据公司过往公告，2025年已配合海外头部客户开发无稀土替代产品，去年10月交付中试及小批量产品。2026年从小批量向中批量推进，规模量产在26Q4-2027，与海外robotaxi项目进展相关。根据公司后续规划，预计无稀土替代产品线规模10亿+。

[玫瑰]结论：公司为国内磁材龙头，2025年磁材板块收入近50亿，根据公司2026半年报交流，看好AI拉动磁材与器件需求高增，公司芯片电感、SST磁芯等产品有望进入快速增长期，中期纬度看公司磁材板块收入预计提升至100亿规模。2026H1实现净利润9.5亿，中性预计26/27年公司净利润20/24亿，对应当下16/14倍PE。

华鑫机械",水木调研纪要,,0,0,378,https://wx.zsxq.com/group/88888142214212/topic/45548821414814548,data/research/updates/2026-10-07-all_views-025.csv
2026-09-08T08:48:42,2026-09,GPT6专家学习笔记0907——AI系列15,"GPT6专家学习笔记0907——AI系列15

# GPT6升级：
1）对标：Astra定价$10/50（每百万token），对标Claude Fable 5.1，Gemini 3.8 Flash仅$0.75/3.75走量，主打简单多模态
2）强在长程执行：工业级软件调用达可用阶段，叠加工具异步调用与1.05M上下文，Terminal-Bench由Sol的37.3%升至57.9%；但DeepSWE仅72.7%→74.1%，AA指数61也落后Fable的66
3）推理过程改写：750-1200token内61%任务的思考形态被改写，蒸馏思考过程的路线受阻

# 评测与成本：
1）token涨价：GPT6价格$10/50，超272K长上下文翻倍至$20/75；仅缓存命中降到$1、Batch/Flex打5折
2）公司强调「单位美元有效智能」：Astra用更少token完成同任务，比Sol低约9%，单任务成本更低
3）短板：复杂文档解读，GPT-6与Claude 5.1成功率仅约10%，注意力缺失、细节遗漏、全局注意力不足

# 落地进展：
1）垂类落地：核心是「行业数据+明确结果」，落地排序数学/代码>生物医药>金融医疗教育
2）开源：27B级开源模型已覆盖高频简单任务、可内网部署；大厂聚焦coding与Agent、中文写作退化，非强coding场景国产/开源占优
3）AGI：数据清洗、loss监控等弱RSI已落地，强RSI未达门槛，瓶颈在物理世界无通用训练范式、生产制造存在数据鸿沟",水木调研纪要,教育,0,0,370,https://wx.zsxq.com/group/88888142214212/topic/55521148282141114,data/research/updates/2026-10-07-all_views-025.csv
2026-09-08T08:48:26,2026-09,💫PCB板块更新：材料部分更新📖0907：,"💫PCB板块更新：材料部分更新📖0907：

🐟1️⃣LPU：采用M9二代布&M9Q的方案（预计TG：SY，7:3）；OAM整体为52层高多层板，3阶HDI（3+46+3），UBB 24+24，均为M9Q+M9二代布混压；2027年预计出货1.5万-1.7万柜，单柜配置256颗芯片，对应约300万颗LPU芯片。

🐟2️⃣Rubin Ultra ：UBB大概率用M9Q，OAM材料没定大概率M8（斗山在测）；Switch tray PTFE混压M9Q布（PP M9Q布）的方案&M9Q方案&纯PTFE方案均在测试（PTFE概率在提升）。

🐟3️⃣Vera Rubin：Compute tray M8一代布；Switch tray M8二代布；hvlp4代铜搭配。

🐟4️⃣Google V9方案：普通版本M9二代布，Tigerfish采用M9Q（可能在2028年）。

🐟5️⃣Cpx重启：与LPU架构一致，确定采用M9Q，但是具体细节还没有。

By zyy",水木调研纪要,,0,0,371,https://wx.zsxq.com/group/88888142214212/topic/22258841515845841,data/research/updates/2026-10-07-all_views-025.csv
2026-09-08T08:48:18,2026-09,兴森科技：mSAP果实低垂，SAP含苞待放，ECP生根发芽,"兴森科技：mSAP果实低垂，SAP含苞待放，ECP生根发芽

# mSAP：兴斐SLP+广州ABF双管齐下，果实低垂
光：北京兴斐SLP产能（原揖斐电北京工厂）技术和盈利俱佳，紧抓光模块PCB向mSAP升级重大产业趋势，兴斐转产7000平+广州工厂转产3000平，27年有望实现1万平光模块mSAP月产能，产值50亿+。客户当前订单已超产能，利润弹性明确。储：BT载板稼动拉满，存储客户占比高，扩产量增主导业绩增长，金价上行有望进一步驱动业绩贡献上行。

# SAP：景气延续至28年的稀缺赛道，国产之花含苞待放
国内算力建设相较北美空间更大，随HBM、芯片等产能制约27H2起逐步解除，国产算力27年起有望释放更大量增弹性，SAP作为纯粹的半导体工艺，全球玩家少，产能紧缺程度高，扩产盈利兑现度强，景气度确定性持续至28年甚至之后，公司40亿战略投资韬光养晦，全球ABF载板短缺之下，国内大客户突破从0-1-N路径明确。

# ECP：算力板垂直供电革命，布局海外突破
远期看AI PCB向""埋容+埋感+埋阻+埋芯""一体化演进并与CoWoP工艺融合，电源完整性设计前移到材料与叠层设计阶段。ECP埋容或将最早在Rubin ultra代实现量产，公司作为少有的兼具mSAP和SAP工艺融合能力厂商，前瞻布局ECP，卡位领先。

短期业绩反转，中期结构优化，半导体突破和ECP贡献中远期期权，快捷电路步入成长快车道！强烈推荐！",水木调研纪要,,0,0,374,https://wx.zsxq.com/group/88888142214212/topic/55521148282158144,data/research/updates/2026-10-07-all_views-025.csv
2026-09-08T08:48:01,2026-09,【国金交运李丹】# 招商南油：  成品油出口放量、高裂解驱动货盘增长，继续看好MR运价,"【国金交运李丹】# 招商南油：  成品油出口放量、高裂解驱动货盘增长，继续看好MR运价

中国成品油出口继续放量，# 9月计划量同比+27%。  据隆众资讯调查，9月成品油出口计划量暂定439万吨，环比增加26万吨，同比增加94万吨/+27%。2026H1我国已下发两批成品油出口配额合计3200万吨，上半年配额完成率仅35%，剩余额度充足；随着出口管控边际放松，高出口利润有望进一步转化为实际出口货量。

柴油裂解价差进一步走阔，炼厂出口利润处于历史高位。 欧洲ARA柴油裂解价差从6月均值44.75美元/桶、7月71.71美元/桶升至8月80.50美元/桶，9月1日进一步升至98美元/桶历史新高

高裂解+配额充足+出口放量，MR需求正在从预期走向兑现。 我们认为裂解价差决定炼厂“愿不愿意出口”，出口配额及政策决定“能不能出口”。若中国及东北亚柴油、航煤进一步流向澳洲、欧洲等中长航线，吨海里增速有望快于出口货量增速，继续看好成品油轮运价景气，推荐# 招商南油。

风险提示：成品油出口计划不及预期、裂解价差回落、出口政策收紧，地缘缓和等。",水木调研纪要,,0,0,367,https://wx.zsxq.com/group/88888142214212/topic/45548821414852558,data/research/updates/2026-10-07-all_views-025.csv
2026-09-08T08:47:44,2026-09,本轮PTFE的压机需求几何？——260907,"本轮PTFE的压机需求几何？——260907

9月4日 台虹科技抛出20亿台币（约4.2亿人民币）资本开支计划用于扩产PTFE产线，9月7日（今天）股价涨停，市场反馈积极。

根据台虹的交流，目前扩产核心的卡点的层压设备。PTFE属于热塑性材料，低温层压用于普通FR-4类CCL，中温层压用于Hybrid混压PTFE类CCL，高温层压用于无布化纯PTFE材料，目前整体行业交期从6个月到12个月甚至部分延长到20个月，设备是极大的卡点。

根据台虹交流，公司目前产能5万片/月，预计扩产到30万片/月，公司预计自身份额20%左右（生益50%，其他30%），预计RB ultra Switch tray整体TAM大概150万片/月。

10万/月的产能对应4个亿的投入和大致2个亿的层压设备投入，RB ultra Swtich tray整体PTFE市场对应需要大概30亿的层压设备需求，如果考虑Backplane（正交）和后续潜在的板子，整PTFE有望新增100亿左右的层压设备需求。

核心推荐：合锻智能，全球唯三层压设备供应商，切入生益科技（全球AI PTFE板 龙一）

详情联系 国联民生 吴爽",水木调研纪要,,0,0,367,https://wx.zsxq.com/group/88888142214212/topic/22258841515822551,data/research/updates/2026-10-07-all_views-025.csv
2026-09-08T08:47:39,2026-09,煤炭板块昨日调整明显，我们观点总结如下：,"煤炭板块昨日调整明显，我们观点总结如下：

1.	板块调整原因主要是负面预期压制：1）坑口煤价周末开始调整显著；2）保供等供给宽松政策预期升温；3）科技板块上涨，市场风格“跷跷板”再度出现。

2.	上述负面预期并没有改变我们对于基本面走强的判断：1）我们昨日跟几家坑口煤企交流，均反馈产地并没有增产，也没有价格指导，他们认为短期煤价回落主要是前期煤价涨幅过快，短暂调整可以接受，行业逻辑并没有改变；2）保供政策我们了解目前并没有进入讨论环节，也没有明确的政策目标，目前相关部门发布的政策是协调疆煤外运，并没有要求晋陕蒙等主力产区增产；我们认为目前的政策还处于预期引导阶段，短期难有强力保供政策落地，后续即便政策落地，到显效也有一段时间，供给缺口未来几月难以修复，再加上9～10月份非电力行业需求、北方冬储的释放，煤价依然是震荡向上的格局。

3.	短期板块节奏可能更多取决于能化 vs 科技等市场风格轮动的影响，我们看好年内煤价继续上涨的趋势，建议逢低增配板块，结合Q2业绩表现，我们推荐 # 淮北矿业、潞安环能、新集能源、陕西煤业、兖矿能源、昊华能源。",水木调研纪要,,0,0,354,https://wx.zsxq.com/group/88888142214212/topic/55521148282151824,data/research/updates/2026-10-07-all_views-025.csv
2026-09-08T08:47:23,2026-09,【国金机械-前沿制造】继续看好AI设备新技术方向，CPO/超快激光/探针卡,"【国金机械-前沿制造】继续看好AI设备新技术方向，CPO/超快激光/探针卡

[礼物]光-CPO设备推荐联讯仪器、罗博特科；
炬光科技首席科学家Wilfried Noell发表了NPO/CPO生态系统的主题报告。报告指出，CPO和光学引擎（OE）将很快推动人工智能基础设施和数据中心超快速率；我们看好CPO落地的核心铲子股的投资机会，推荐联讯仪器（# Q3业绩有望持续亮眼）、罗博特科。

[礼物]PCB-推荐超快激光、PTFE核心设备CCL压机；
随着M9-M10材料推进，我们看好两个方向的设备投资机会：1）超快激光：适用M9材料高质量的盲孔制造，推荐#德龙激光（下游大客户反馈超预期），英诺激光、大族数控；2）PTFE设备：台虹科技抛出20亿台扩产PTFE产线，继续看好PTFE材料落地和CCL厂商扩产的充分受益环节-CCL层压机，看好合锻智能。

[礼物]半导体-推荐探针卡、HBM设备
1）探针卡：耗材属性明显，探针卡卡位先进制成+两长扩产双逻辑，近期在#存储领域取得积极进展，重点推荐强一股份。
2）HBM设备：看好HBM路线带来弹性较大的增量环节-超扫设备，推荐核心超扫设备龙头骄成超声。

[玫瑰]近期交流：德龙激光、强一股份、骄成超声、合锻智能、联讯仪器，欢迎私信模型~",水木调研纪要,,0,0,361,https://wx.zsxq.com/group/88888142214212/topic/82258841515825812,data/research/updates/2026-10-07-all_views-025.csv
2026-09-08T08:47:17,2026-09,【申万传媒】行业点评：新华传媒并购界面财联社，传媒国企资产整合预期升温,"【申万传媒】行业点评：新华传媒并购界面财联社，传媒国企资产整合预期升温

事件：新华传媒公告拟发行股份收购界面财联社控股权，交易双方同属上海报业集团体系。
我们认为：行业角度看，同一传媒集团内部涉及新闻资讯、采编属性的资产整合有实质性推进，关注同一集团（特别是地方国有企业）体系内有新闻、期刊、财经媒体等资产的上市平台。

 # 【南方传媒】
1）教育书店股权收回后，全省部分网点子公司目前多数持股，还有剩余部分少数股权仍待整合。
2）集团旗下广东少先队员杂志社、广东黄金时代杂志社目前由上市公司托管，半年报披露有解决同业竞争安排。
3）集团还有其他专业性、具有AI时代数据入口价值媒体。

#【上海电影】已持有上影元70%股份，集团中还有上美影等资产；
#【中信出版】关注《财经》《证券市场周刊》等财经内容资源协同及金融信息服务平台建设。

详情联系：林起贤/任梦妮18616267592/夏嘉励",水木调研纪要,教育,0,0,352,https://wx.zsxq.com/group/88888142214212/topic/22258841515825521,data/research/updates/2026-10-07-all_views-025.csv
2026-09-08T08:46:54,2026-09,[拳头]玻璃基板产业逐步迈向商业化，PSPI等PID材料需求空间有望打开【光大能源化工与新材料团队】,"[拳头]玻璃基板产业逐步迈向商业化，PSPI等PID材料需求空间有望打开【光大能源化工与新材料团队】

🌟随着算力芯片向大尺寸、高集成方向演进，传统有机封装基板的性能已逐步逼近物理极限。相比有机材料，玻璃基板具备超低翘曲度以及更优的热稳定性与机械稳定性，可支持更大的封装尺寸，并使布线设计规则获得约一个数量级（约10倍互连密度）的提升。

🌟英特尔计划于本十年后半段（约2026—2030年）交付完整的玻璃基板解决方案。京东方2026年上半年已实现玻璃基封装载板试验线全自动化设备通线，该试验线设计产能为1000片/月。SEMI预计玻璃基板将于2028年前后进入限量生产阶段，2028—2040年期间市场规模CAGR约为67.2%，对应2040年约130亿美元的市场空间。

🌟在玻璃基板的重布线（RDL）环节，介电层需同时兼具精细图形化能力与优良的电学、热学性能。随着高密度互连的推进，介电层图案的线宽/线距（L/S）等要求不断提高，感光介电材料（PID）的应用有望增多。PSPI是一种典型的PID材料，在保留聚酰亚胺耐热、绝缘、高机械强度与低介电特性的同时，兼具光刻图形化能力，可用作RDL再布线层，以及IC芯片的缓冲/钝化层。针对玻璃基板用PID材料，东丽、富士胶片、杜邦等海外厂商已取得较多研发进展。

🌟国产企业已在显示用PSPI领域实现规模化突破，并加速向半导体先进封装延伸。鼎龙股份在半导体封装领域，已布局8款PI产品，其中3款已取得多家客户订单。奥来德明确切入玻璃基载板材料赛道，一方面自主研发、推进超薄低应力介质膜的国产化替代，另一方面定制开发封装专用高性能PSPI材料。瑞联新材的PSPI单体业务已与日本行业头部企业达成深度战略合作，同时投资7500万元建设蒲城海泰封装用PSPI材料产业化项目，预计2027年二季度完工。八亿时空的PSPI产线已建成，先进封装用PSPI感光树脂的中试开发已完成。

[红包]建议关注鼎龙股份、奥来德、瑞联新材、八亿时空。

[礼物]风险提示：下游需求不及预期，产品研发风险，客户导入进度不及预期，行业竞争加剧。

🎉欢迎交流
周家诺13162921087/赵乃迪18618495784/蔡嘉豪/王礼沫",水木调研纪要,,0,0,357,https://wx.zsxq.com/group/88888142214212/topic/22258841515884851,data/research/updates/2026-10-07-all_views-025.csv
2026-09-08T08:46:09,2026-09,近一周公募基金大幅加仓的行业有：电新 有色 石油石化 交运 国防军工,"近一周公募基金大幅加仓的行业有：电新 有色 石油石化 交运 国防军工

其中电新 石油石化 交运已经连续出现加仓

近一周公募基金大幅减仓的行业有：汽车 饮品饮料 建材 煤炭

其中汽车 饮品饮料 建材 煤炭已经连续出现减仓",水木调研纪要,,0,0,345,https://wx.zsxq.com/group/88888142214212/topic/45548821414884528,data/research/updates/2026-10-07-all_views-025.csv
2026-09-08T08:45:30,2026-09,为什么 OpenAI 的 GPT-6 Astra 是转折点？ （三星证券）,"为什么 OpenAI 的 GPT-6 Astra 是转折点？ （三星证券）

- GPT-6 Astra 的真正变化不在于问题解决分数，而在于无需人类监督也能自主完成任务的时间和复杂度的显著增加

- 现有 AI 在任务变长时容易忘记目标或因中间错误而动摇失败，但 Astra 在长时间任务的稳定性和多步骤处理能力上有了显著提升

- 如有需要，它能同时运行多个代理，从而扩大了 AI 所能承担的任务范围本身

- 三星证券将此解读为 AI 自主持续工作的“时间视界”扩展的变化

- 即使是同样的 Astra，在标准环境下最高为 62.7%，但在 OpenAI 的提供商适配器环境中可高达 99.9%

- 模型本身不变，仅改变状态管理、内存和上下文保持方式，性能就拉开约 37 个百分点

- 提供商适配器是一种延续先前推理状态、压缩旧内容仅保留重要上下文的方式

- 这种方式执行时间增加了 3.7 倍，但令牌减少了 49%，评估成本也从 2.6 美元降至 1.9 美元

- 与之前的 GPT-5.6 Sol 在相同标准环境下仅 7.8% 相比，差距显而易见

- 今后，不仅仅是模型智能，内存、工具、上下文管理和执行环境设计也将成为决定性能的关键因素

- OpenAI 已将 AI 代理正式投入下一代模型研究中

- 目标是超越几天任务的自动化研究实习生，到 2028 年 3 月打造自主性更高的自动化 AI 研究者

- 截至 2026 年 8 月中旬，一名研究员的一天劳动时间相当于约 3.1 天份量的代理任务在运行

- 最初以编码为主，但现在已扩展到执行、监控、调试、问题解决和结果分析

- 研究员开始并行运行多个代理，即使是几小时以上的任务，成功案例也在增加

- 以研究组织员工中位数为基准，代理输出令牌从 2025 年 12 月到 2026 年 8 月增加了约 124 倍，实验执行次数也增加了 1.7~1.8 倍

- 性能提升驱动研究自动化，更多实验加速下一代模型开发，反过来又提升性能，形成循环结构

- 目前还难以视为完全的递归自我改进阶段，研究方向和模型部署等核心判断仍由人类负责

- 模型效率提升后，单个任务的令牌和成本减少，但任务变长、代理并行运行时整体推理需求反而增大

- 实际上，将 Astra 的 GPU 分配量减少 59.2% 后，节省的约 85% 资源又流向其他实验，导致其他模型分配量增加 17.2%

- 效率提升并不减少计算需求，而是多余资源立即重新投入额外研究

- 迄今 AI 多以 API 形式叠加到软件特定功能上，但今后代理取代整个业务流程的可能性更大

- 当代理跨多个软件处理用户业务本身时，现有的 SaaS 角色也可能动摇

- 软件企业需超越附加 AI 功能，将自家产品转变为代理工作舞台

- 过去比较令牌单价和模型性能，今后工作成功率、工作完成成本以及节省的人力时间将成为更重要的标准

- 即使模型稍贵，若能少依赖人力并完成任务，实际经济收益可能更大

- 竞争天平正从“谁制造最聪明模型”转向“谁能长期稳定低成本完成实际业务”",水木调研纪要,,0,0,317,https://wx.zsxq.com/group/88888142214212/topic/22258841515854281,data/research/updates/2026-10-07-all_views-025.csv
2026-09-08T08:45:15,2026-09,【华福计算机】又来助攻！字节加码实时World Model，World Generation产业链再迎催化！！,"【华福计算机】又来助攻！字节加码实时World Model，World Generation产业链再迎催化！！

# 字节加码实时WorldModel，# 张一鸣亲自督战。 据Bloomberg报道，字节正在研发基于Seedance的实时空间视频生成AI模型，可创建响应用户交互的虚拟世界，最快有望下月发布。

# 从VideoGeneration走向WorldGeneration。 实时世界模型不再只是生成一段视频，而是需要在视角变化和用户交互中持续维持空间结构。字节Seed团队已将“Multimodal Interaction & World Model”列为核心研究方向之一。

# 持续推荐拓竹影子股思看科技。World Model向真实空间延伸，有望提升高质量3D空间数据和Reality Capture价值。3D扫描是将物理世界转化为可计算空间数据的重要入口，思看科技作为高精度3D视觉数字化公司，有望受益“扫描—生成—打印”闭环。

从Coding、AI4S、Work到World Generation，AI应用边界持续拓展，# 建议重视WorldGeneration产业链：

1）数据抓取入口：# 拓竹影子股思看科技、 奥比中光、禾赛、速腾聚创；
2）结构化3D场景/空间数据：索辰科技、群核科技、五一视界；
3）3D模型工具：中望软件；
4）3D打印：华曙高科、铂力特、家联科技、金橙子。

联系人：钱劲宇/袁家亮",水木调研纪要,,0,0,324,https://wx.zsxq.com/group/88888142214212/topic/82258841515852582,data/research/updates/2026-10-07-all_views-025.csv
2026-09-08T08:44:57,2026-09,【国海海外】小米集团（1810HK）秋季旗舰新品发布会Highlights：为进一步刺激全年汽车销量，新车定价仍维持20~30万元价格带,"【国海海外】小米集团（1810HK）秋季旗舰新品发布会Highlights：为进一步刺激全年汽车销量，新车定价仍维持20~30万元价格带

# 玄戒芯片：
①玄戒O3：采用3nm。CPU采用十核全大核架构，CPU多核性能相比上代提升60%。GPU采用16核G2-Ultra NX，性能较上代提升85%。搭载了为大模型深度优化的NPU，Tensor算力200TOPS
②玄戒O100：高带宽AI加速芯片，采用6nm 3D晶圆级堆叠，达到1.22TB/s的超高带宽
③玄戒D100：国内首颗3nm智驾芯片，采用20核高性能CPU，16核高算力NPU，最高160GB统一内存，支持200B模型本地运行

# 消费电子终端：
①折叠机-小米18Fold：搭载玄戒O3芯片，采用长鑫LPDDR6，2亿像素主摄（采用三星HP5旗舰CIS芯片），使用双层UTG超薄玻璃，柔性屏幕触控（采用创新有机柔性材料，定价10999元起步，于9月10日10点正式开售
②小米平板9 pro max也搭载玄戒O3，起售价4799元

# 小米汽车
①N70系列为中大型五座增程SUV，用纯电车高效的热管理技术做好增程车，空间更大、安全配置更强、灵活好开，智能满配。N70 Max基于Pro版本的基础上，增加了双电机四驱、154km续电续航（24kWh电量）、空气弹簧（连续阻尼可变减震器）、HUD抬头显示。售价方面，# N70Pro定价20.99万元，# N70Max定价23.99万元，低于此前上市的车型。
②# N90Max定价26.99万元，为大七座旗舰增程SUV，既是商务旗舰，又是家庭旗舰，CLTC综合续航1705km。# N90Max探索版定价29.99万元，配备升降顶舱

资料来源：雷军公众号、小米集团公告
【重要提示】以上信息为公开资料整理，不涉及投资建议及研究观点，仅供参考，本公司不保证其准确性、完整性与时效性；市场有风险，投资需谨慎！

联系人：陈梦竹/陈重伊",水木调研纪要,,0,0,318,https://wx.zsxq.com/group/88888142214212/topic/55521148282121154,data/research/updates/2026-10-07-all_views-025.csv
2026-09-08T08:44:10,2026-09,高盛——中国数据中心：2026年二季度A股业绩回顾——上架进度缓慢致业绩表现分化；GPUaaS转型规模各异；偏好润泽科技,"高盛——中国数据中心：2026年二季度A股业绩回顾——上架进度缓慢致业绩表现分化；GPUaaS转型规模各异；偏好润泽科技

高盛发布中国数据中心板块A股公司2026年二季度/上半年业绩回顾。继万国数据和世纪互联等ADR标的发布参差业绩后，高盛覆盖的A股数据中心企业上半年业绩同样呈现明显分化，且多数低于市场预期。高盛认为，ADR与A股（除润泽科技IDC收入超预期外）共同面临的营收增长拖累，在于国内芯片产能爬坡缓慢，导致客户上架进度滞后，进而压制了投资者情绪。尽管如此，各A股数据中心企业在向GPUaaS（GPU即服务）业务转型的节奏与规模上差异显著。在2026年高盛亚洲领导者大会上，金山云与润泽科技对下半年算力资本开支前景给出了更为积极的指引，在AIDC需求强劲及供需格局有利的背景下，这一信号值得关注。

重点覆盖公司深度解析

润泽科技（300442.SZ）：业绩参差； 有纪律的 AIDC增长与海外扩张驱动动能；买入

润泽科技二季度业绩与高盛预期相比表现参差。AIDC业务（占上半年营收53%）低于高盛预期，因公司在成本高企的背景下保持了克制的算力投资——上半年资本开支降至47亿元人民币（2025年全年为122亿元）；而IDC业务则因定价韧性超预期。展望下半年，高盛预计：1）算力投资将边际增加以驱动AIDC营收；2）2026年底中国区总交付容量达390MW（全部集中于下半年，2025年为220MW）；3）IDC/AIDC营收将随新产能交付和更多算力投入使用而分别同比增长22%/57%；4）尽管收入贡献微不足道，但印尼巴淡岛60MW海外项目将于2026年底前交付。高盛将2026-28年营收预测下调4-11%，EBITDA下调1-11%，主因AIDC供需收紧导致相关收入/EBITDA预测下修。尽管如此，高盛仍看好AIDC在国内驱动润泽营收扩张的逻辑，以及其海外IDC业务拓展（目前聚焦香港和巴淡岛）作为中期营收/EBITDA驱动力的潜力。维持买入评级，目标价下调至109元人民币，隐含69%上行空间。

数据港（603881.SS）：产能增长平淡致二季度营收/调整后EBITDA不及预期；中性

数据港二季度营收同比下降3%至4.01亿元，EBITDA同比下降2%至2.5亿元（低于高盛预期7%）。IDC业务产能交付平淡，AIDC收入贡献微乎其微（不足1%），但算力投资正开始规模化——公司于7月启动130亿元服务器扩张计划，首批采购4800万元。高盛将2027/28年营收预测上调4%/3%以反映中期AIDC收入提升，但将EBITDA下调2-4%。维持中性评级，目标价下调至27.5元人民币。

光环新网（300383.SZ）：二季度业绩不及预期；上架慢于预期及定价压力持续压制IDC前景；卖出

光环新网二季度营收同比下降10%至17亿元（低于高盛预期7%），EBITDA同比增长1%至3.52亿元（低于高盛预期2%），净利润同比下降16%至3800万元，主因折旧摊销同比增加29%。IDC收入因客户上架缓慢及租赁定价下降而低于预期。GPUaaS业务年化合同金额超1亿元，算力超4000 PFLOPS。高盛将2026-28年营收预测下调6-10%，EBITDA下调3-13%。维持卖出评级，目标价下调至11.2元人民币，隐含8%下行空间。

投资论点与估值方法论

润泽科技

润泽科技是中国最大的数据中心运营商之一，在运营容量（2025年达750MW）和储备容量（近期达6GW，其中大部分已获电力配额审批）上均居行业前列。高盛给予买入评级，认为其是中国增长最快的数据中心运营商之一，预计2025-30年已利用IT容量/营收复合年增长率将分别达27%/33%。增长支撑包括：1）丰富的容量储备以捕捉不断上升的算力集群需求；2）全栈AIDC能力保障长期运营稳定与技术投入；3）客户关系稳固且客户集中度降低；4）多元、低成本的融资能力。高盛预计其GPUaaS投资将在有利的需求和定价环境中产生增量利润。此外，公司利用供应链和人力资源优势拓展海外业务，以捕捉亚太地区长期AI需求增长，这一战略亦获高盛正面评价。

估值方面，12个月目标价109元人民币基于20倍2030年预期EV/EBITDA（此前为18倍，因AIDC预测下修导致EBITDA结构向数据中心而非GPUaaS倾斜），以10%股权成本（CoE）折现回2026年底。20倍目标EV/EBITDA乘数为加权平均：1）数据中心运营EBITDA适用25倍（不变）；2）GPUaaS适用10倍（不变）。

数据港

数据港是国企背景的领先数据中心运营商，拥有36个数据中心，总在运容量401MW（中国市场份额1.4%），以批发型为主。2025年阿里巴巴贡献98%以上营收。高盛认为主要营收驱动包括：1）2026-28年廊坊数据中心项目交付/爬坡；2）通过拿地或项目收购实现的潜在容量扩张；3）AIDC业务建设。中性评级反映高盛在等待其容量扩张和AIDC战略更加明朗，以判断其能否在AI/云超大规模需求上升周期中驱动客户订单，且基于EV/EBITDA的估值与同业及历史水平相比较为公允。

目标价27.5元人民币基于20倍12个月远期EV/EBITDA（不变），应用于2027年预期EBITDA。

光环新网

光环新网是中国领先的运营商中立IDC运营商，2025年IDC收入占比约30%，云计算（含AWS北京和营销SaaS）占比约70%。尽管灵活的按客户上架节奏建设计划有助于维持稳定利用率，但光环新网近年来在中国IDC市场的份额持续流失。高盛认为，需求疲软和定价压力将影响IDC收入增长，且相对同业难以产生需求阿尔法。卖出评级反映高盛在等待IDC业务需求复苏和容量上架时间表更加明确，同时认为新举措（如AIDC和海外）仍处于投资阶段，且基于EV/EBITDA的估值相对增长前景缺乏吸引力，在AI/云超大规模需求上升的背景下显得周期错配。

目标价11.2元人民币基于16倍12个月远期EV/EBITDA（不变）。

板块评级汇总

在高盛中国数据中心覆盖范围内，给予买入评级的标的包括：万国数据、世纪互联和润泽科技。

主要风险

1. 竞争环境下订单获取低于预期；

2. 利用率爬坡慢于预期；

3. 定价压力大于预期；

4. 海外扩张执行不及预期；

5. 监管变化、国内产能爬坡延迟等导致的芯片供应变化；

6. 融资困难。",水木调研纪要,人力资源,0,0,306,https://wx.zsxq.com/group/88888142214212/topic/82258841515525842,data/research/updates/2026-10-07-all_views-025.csv
2026-09-08T08:43:58,2026-09,摩根大通——机械硬盘（HDD）与固态硬盘（SSD）供应链：市场研讨会纪要,"摩根大通——机械硬盘（HDD）与固态硬盘（SSD）供应链：市场研讨会纪要

摩根大通在亚太股票研究研讨会上邀请Techno Systems Research（TSR）的Ota Kengo先生就HDD与SSD市场前景发表演讲。研讨内容涵盖HDD市场趋势、主要制造商技术路线图及核心零部件供需动态。摩根大通基于TSR的分享，分别梳理了对电子零部件、半导体与科技材料、消费电子三大板块的日本股票投资启示，并总结了HDD/SSD市场的核心趋势与供需格局。

核心市场趋势与供需格局

• 2026年市场重心转向容量与均价：HDD行业焦点从出货量转向总出货容量（EB）与单盘平均容量。Nearline（近线）HDD容量显著提升，带动ASP与销售收入同步增长。2026年销售收入增速远超容量增速，行业定价环境宽松，同款产品单价涨幅约10–15%，厂商盈利改善。

• Nearline HDD主导市场：自2025年三季度起，Nearline HDD出货量增速加快，目前已占整个HDD市场的60%。企业级HDD因被SSD替代而持续萎缩；3.5英寸HDD（台式机、监控）因SSD短缺在2025年短暂复苏，2026年预计继续增长但此后空间有限；2.5英寸HDD受笔记本SSD化冲击而持续下滑。

• 二季度量稳价升：2026年二季度HDD出货量环比持平，但ASP上涨推动各厂商销售与利润改善，Nearline HDD ASP增长是主要贡献因素。生产端产量略超出货，供需关系保持健康。

• 需求展望与产能瓶颈：Nearline HDD需求展望上修，TSR最新预测2025–2030年位元（bit）复合增速达22%（从1,415 EB增至3,900 EB）。但进一步上行受制于HDD及零部件产能。西部数据（WDC）与希捷（Seagate）正将产能向Nearline HDD倾斜，东芝亦在跟进但进度稍慢。TSR预计Nearline HDD出货量2026年达7,700万台，2027年达8,000万台，但零部件产能接近上限，大幅增产需等到2028年后。

• HDD与SSD单位成本差显著扩大：2025年SSD与HDD单位GB成本差为6–7倍，2026年因SSD价格急涨，差距扩大至约15倍（HDD为0.0160美元/GB，SSD为0.2434美元/GB）；企业级SSD与Nearline HDD成本差更达20倍。企业级SSD单位成本预计至少维持高位至2027年中，此后虽可能回落，但未来数年与Nearline HDD的成本差距仍将显著存在。

技术路线图：HAMR与ePMR并进

• 希捷（Seagate）：HAMR技术领先，产品从Marlin（10碟，28–30TB）向Marlin BP（10碟，32–36TB）再向Dorado（10碟，40–44TB）演进。当前主流仍为传统Summit系列（氦气，10碟，24–28TB）。TSR预测希捷HAMR出货量：2026年约900万台，2027年1,600–1,700万台，2028年2,500万台。

• 西部数据（WDC）：核心技术为基于ePMR的Sydney-E（11碟，26–32TB）。2027年Madrid（12碟，40TB，ePMR）将全面量产，采用Dual Pivot技术的Roma（14碟，50TB+）预计2027下半年至2028年起步。HAMR产品（Helsinki、St. Moritz）预计2028年后才规模量产，预测2028年最早达100万台/季度，2029年更现实的量为400–500万台/年。

• 东芝（Toshiba）：容量稍落后美系厂商，计划先推出M-12（11碟，28–34TB，MAMR），再部署M-13（12碟，MAMR）及T系列（HAMR），HAMR全面启动预计在2029年左右。

零部件供应链与日本企业启示

• 电子零部件板块：

◦ TDK（6762.T）：2026年一季度开始向美系HDD厂商供应磁头，目前主要填补其现有产能缺口（如ePMR型号）。TDK对希捷出货量已从2026年4–6月的600万颗升至预计2027年1–3月的1,000万颗，之后可能走平。磁头价格有5–10%上涨空间，但超过10%难被厂商接受。尽管美系两家公司自有产能不足为TDK提供份额提升机会，但HAMR时代它们倾向内部生产（磁头与激光器集成），TDK渗透HAMR市场程度尚不明朗。东芝向Nearline HDD的产能转移则有望扩大TDK的出货。摩根大通预计TDK硬盘磁头业务将受益于外供量增加、向东芝Nearline HDD磁头出货增长及供需紧张带来的涨价，盈利持续扩张。

◦ MinebeaMitsumi（6479.T）：西部数据采用双枢轴（Dual Pivot）技术对其构成利好，但对合并盈利影响有限。

◦ 悬臂（Suspension）：供需偏紧，但驱动器厂商仍掌握定价主动权，大幅提价难度较大。

• 半导体与科技材料板块：

◦ Kioxia（285A.T）：AI推理应用推动存储需求飙升，公司强化TLC NAND产品，但原本有望替代HDD的QLC NAND销售增速可能慢于此前预期。SSD与HDD价差扩大，QLC替代HDD的进程或延迟。

◦ HOYA（7741.T）：核心关注点在于东芝、西部数据及希捷对玻璃盘基（glass substrate）的采用进展。TSR预计西部数据可能在2027年小批量生产玻璃盘HDD，2028年起规模量产（百万台/季度）。短期玻璃基板价格预计不会调整（因HAMR与非HAMR差异暂不明显），但随技术演进存在涨价可能。

• 消费电子板块：

◦ 索尼集团（6758.T）：为希捷HAMR HDD供应半导体激光器，目前份额约60%（希捷同时维持内部生产）。希捷内部产量与良率若提升，可能提高自产比例、降低对索尼依赖。若维持当前份额，预计索尼2028年相关销售额达数百亿日元；西部数据2029年起规模量产HAMR将进一步贡献利润。

投资视角总结

本次研讨会强化了Nearline HDD超级周期的逻辑：存储整体短缺、单位容量成本优势扩大、产能扩张受限共同支撑了HDD厂商的定价能力与盈利能见度。日本电子零部件及材料供应商中，TDK的磁头业务直接受益于外供渗透与Nearline需求增长；HOYA的玻璃基板技术卡位长期HAMR升级；索尼则有望在HAMR激光器市场随规模量产兑现增量收益。风险方面需关注：美系HDD大厂内部产能扩张快于预期可能挤压TDK等外供商空间；HAMR技术迭代进度不及预期；以及SSD价格回落速度超预期可能收窄成本差。",水木调研纪要,OTA,0,0,303,https://wx.zsxq.com/group/88888142214212/topic/82258841515581122,data/research/updates/2026-10-07-all_views-025.csv
2026-09-08T08:43:37,2026-09,大摩——软件行业观察：北美路演反馈,"大摩——软件行业观察：北美路演反馈

核心观点：本次北美路演显示投资者对欧洲软件板块的情绪显著改善，关注点从“行业是否受损”转向“识别相对赢家”。摩根士丹利提出SaaS在AI时代依然“A.L.I.V.E.”的五大支柱，同时点评了Netcompany斩获英国国民医疗服务体系（NHS）大额合同、S&P Global考虑分拆CapIQ的潜在影响，以及Temenos三季度业绩修复与四季度真正考验。

北美路演反馈：情绪回暖，聚焦赢家

上周联合软件与半导体团队在纽约、多伦多和旧金山进行了路演。与今夏欧洲之行中讨论高度偏向半导体、软件仅局限于板块层面及SAP不同，本次路演中投资者对软件板块的参与度明显增强，更相信该板块具备持久增长前景，对话焦点转向筛选相对赢家而非辩论行业本身是否受损。SAP仍是多数讨论的核心，但Amadeus、RELX和Nemetschek是交流中最频繁出现的三个名字。RELX的探讨主要来自现有股东，他们对公司基本面故事持建设性态度，但也认识到短期缺乏明显催化剂且AI相关辩论将持续。Amadeus吸引了持有与非持有者的关注，特别是在旅行相关逆风压制当前表现、且市场认为其AI风险相对有限的背景下。Nemetschek的讨论方主要是非持有者，因其年内股价仍下跌逾25%，投资者希望更好理解其中期增长持续性因素，尤其是近期HCSS收购的影响。IT服务领域兴趣依然有限，市场情绪保持怀疑，Capgemini仅被偶尔提及以确认是否有更乐观的理由。整体而言，本次路演的情绪反馈令人鼓舞，与摩根士丹利中期展望中的核心观点一致：行业下行走势暂停，还是新起点？

SaaS依然“A.L.I.V.E.”：AI时代的五大支柱

美国软件研究主管Adam Wood本周阐述了支撑软件板块AI牛市逻辑的核心支柱。他指出，尽管二季度业绩未能确立基本面重新加速的证据，但提供了SaaS依然存活的初步佐证——应用控制（Application Control）、降低席位依赖（Less Seat Dependence）、推理杠杆（Inference Leverage）、价值扩张（Value Expansion）和嵌入式分销（Embedded Distribution）共同构成了护城河。具体来看：第一，“A”代表应用控制，软件仍将是智能体运行的基础层，而非被替代的主要目标。第二，“L”代表降低席位依赖，席位侵蚀并不意味着总可寻址市场（TAM）的萎缩。第三，“I”代表推理杠杆，模型商品化反而提升了SaaS企业的差异化能力与利润率。第四，“V”代表价值扩张，AI将可寻址预算从软件支出扩展至劳动力支出。第五，“E”代表嵌入式分销，分销网络仍是持久的竞争优势。在其覆盖范围内，Adam对ServiceNow和Atlassian维持积极看法，对Workday和Intuit信心不足，而对Salesforce的乐观程度略有提升，因其业绩指引超预期幅度的近期改善。

Netcompany斩获逾2亿英镑NHS合同

周四公告显示，Netcompany与NHS英格兰签署一项2.15亿英镑、为期五年的合作伙伴关系，将运营并改造支撑NHS全国成人筛查项目（覆盖乳腺癌、宫颈癌和肠癌等每年逾1500万份邀请）的数字服务。该合同是Netcompany近年来在英国赢得的一系列战略重要交易中的最新一例。我们预计该合同将计入Netcompany的收入基数，但交付将由英国合作伙伴生态系统共同完成，且承诺至少33%的合同收入流向中小企业。我们认为Netcompany将在自身利润表中确认合同总收入，但合作伙伴收入将在成本端抵消。尽管如此，相较于我们此前2026财年约1.13亿英镑的英国收入预测，这笔交易具有实质性影响，很可能意味着英国板块在2027财年仍将是增长最高的地域板块。根据合同爬坡节奏，2027财年可能贡献逾3000万英镑（约合2.6亿丹麦克朗）收入，对应我们2027财年收入预测的2.5%上行空间，并支撑又一年的高个位数有机收入增长，持续跑赢 broader IT服务行业。我们对该股的“减持”评级承认其增长潜力积极，但需要更多信心证明其能重建近期疲弱的自由现金流转化率，才能转向更积极的立场。

S&P Global考虑分拆CapIQ的启示

彭博报道称S&P Global正探索分拆其Capital IQ Pro数据与研究平台（规模不足集团收入的6%）。这一战略选项探索本身具有积极意义，因其可能缓解市场对S&P市场情报板块的AI风险担忧。这引出了一个更广泛的议题：投资组合简化能否成为企业应对AI相关估值辩论的切实途径？在信息服务行业尤为相关，许多公司跨多个离散板块和产品组合运营。Wolters Kluwer即是一个典型例子，其拥有五个板块，每个包含若干独立产品领域。尽管多元化历史上曾是优势，但在过去18个月对投资者而言更具挑战性，原因有二：一是组合广度增加了分析难度，难以对每项业务的竞争与AI风险获得充分把握；二是单一产品领域的担忧可能给整体股权故事蒙上阴影，有时这种影响会被不成比例地放大。最终，管理层可能需要回答两个问题：第一，受审视的资产是否面临根本性挑战，从而不再值得投资和保留；第二，出售或分拆能否通过移除对剩余集团估值的拖累来实现价值释放。第二个问题尤为微妙，管理层必须权衡资产可实现价值与其可能对公司其他部分施加的估值折让。

Temenos：三季度应可修复二季度失误，但四季度才是真正考验

尽管二季度多数公司财报令人安心，Temenos是少数令人失望的名字，其收入端大幅不及预期，订阅与SaaS（S&S）按固定汇率计下降约13%，低于共识预期约18%。管理层将此归因于 timing 而非需求，少数大型欧洲交易推迟至季末之后。管理层当时表示，约2000万美元的缺口中大部分已在七月前三周签署，这让我们相信Temenos能够实现其“至少30%”的三季度S&S增长指引，并大体修复二季度的失误。但三季度并未终结辩论——即便实现30%增长，前九个月S&S增速按固定汇率计仍仅约8%，而全年指引为9%，意味着四季度仍有工作要做。我们的最新分析显示，Temenos四季度需要约1.71亿美元的S&S收入（创纪录季度），其中订阅许可收入可能需要连续第三年实现逾20%的同比增长。维护收入或提供部分上行空间，但投资者将更关注S&S的退出速率，因其关乎2027财年及中期经常性收入（ARR）故事。该股当前估值对应2026日历年预期市盈率约23倍（含股权激励成本），对应2026至2028年预期每股盈利复合年增长率约8%，我们认为其容纳执行风险的空间有限，维持“减持”评级及59瑞士法郎目标价。

结论：北美路演反馈印证了软件板块情绪的边际改善，SaaS在AI时代的“A.L.I.V.E.”框架为投资者提供了筛选赢家的逻辑。个股层面，Netcompany的NHS合同强化了英国业务增长可见性，Temenos的三季度修复仍需四季度验证，而S&P Global分拆CapIQ的讨论则凸显了信息服务企业通过组合简化应对AI估值折价的潜在路径。投资者宜聚焦具备应用控制、嵌入式分销等核心壁垒的优质标的，同时警惕执行风险与估值消化压力。",水木调研纪要,,0,0,295,https://wx.zsxq.com/group/88888142214212/topic/82258841515584882,data/research/updates/2026-10-07-all_views-025.csv
2026-09-08T08:43:26,2026-09,大摩——东京交流纪要——日元、利率、地缘政治与人工智能,"大摩——东京交流纪要——日元、利率、地缘政治与人工智能

一、报告背景与核心议题

大摩旨在提炼日本机构投资者与企业高管当月最关注的四大核心议题：日元汇率前景、美债收益率驱动逻辑、中美关系走向、AI资本开支周期是否过热，以及AI对社会分配的长期影响。纪要基于摩根士丹利全球研究团队的最新观点，以问答形式呈现。

二、核心观点精要

1. 日元与日本央行（BoJ）：美元兑日元（USD/JPY）的公允价值约为167。仅靠BoJ加息预期难以驱动日元持续升值；汇率走势正主导市场对BoJ紧缩路径的定价，而非相反。因此，即便BoJ加息，对日元的提振作用有限。

2. 美债收益率：美债收益率上行的核心驱动并非投资级（IG）企业债供给放量，而是中东冲突升级后的油价上涨，以及市场对美联储（Fed）反应函数转向鹰派的重新定价——实际收益率是主要传导机制。

3. 中美关系：9月24日会晤大概率确认“管控下的稳定”（managed stability），而非关系的重大突破。真正的政策风险聚焦于11月10日同时到期的三项措施：美国301关税排除清单、BIS关联企业规则暂停令、中国第二轮稀土出口管制暂停。

4. AI资本开支：超大规模云厂商（Hyperscaler）的资本开支与营收之比已超越科网泡沫峰值，但二季度财报强化了投资回报率（ROI）信心，并推动资本开支预测进一步上修。当前过度投资风险属中期考量，而非短期威胁。

5. AI与社会分配：AI正在提升以产出拉动的生产率，但“普惠繁荣”与“不平等加剧”两种情景皆有可能，最终取决于技术扩散速度与政策应对（如财政调节、再培训等）。

三、分项深度解析

Q1：BoJ与外汇——如何看待日元？

日本宏观策略团队认为，USD/JPY公允价值在167附近（即便计入7月30日美日协调干预后）。市场近期出现“日元走弱伴随日本国债（JGB）收益率上升”的非常态关联，反映出市场担忧BoJ行动滞后。只要这种预期存在，利率市场对BoJ紧缩的定价就会跟随外汇波动，导致加息预期无法有效转化为日元走强。摩根士丹利美国经济团队预计BoJ将于2026年9月加息至1.25%，2027年1月再加至1.50%。日元持续升值最终需要美债收益率下行，从而推动USD/JPY在中期内向150中低位靠拢。风险在于，若美国通胀再加速并迫使Fed转鹰，美日利差扩大将加剧日元贬值压力。

Q2：美债与信用——收益率上行由IG供给驱动吗？

答案是否定的。美债利率走高由实际收益率驱动，而非盈亏平衡通胀率，与油价及Fed政策预期高度联动。尽管年初至今AI/数据中心相关企业债发行量同比增长29%，但这主要拓宽了信用利差，并非推高无风险利率的推手。摩根士丹利美债策略团队维持10年期美债收益率年末目标4.25%。风险在于中东局势重燃推高油价，市场若固化“油价-鹰派Fed”的映射，短端波动率与信用利差走阔可能持续。

Q3：地缘政治与中美关系——走向何方？

中美关系框架宜定义为“稳定而非正常化”。9月24日峰会更多是确认该框架，难以达成“大交易”。11月10日到期的三项政策工具才是关键节点：①USTR的301关税排除清单（涵盖178项中国商品）；②BIS暂停向实体清单企业海外关联公司出口先进半导体的规则；③中国对7种重稀土及相关技术的出口管制暂停。若11月10日未能延期，稀土与半导体供应链均衡可能被打破，推高AI硬件成本。此外，中国AI芯片自给率预计2030年达70%，美国出口管制杠杆将随时间衰减。

Q4：AI投资——何时算过度？

全球估值与会计策略团队测算，五大超大规模厂商（AMZN、GOOGL、META、MSFT、ORCL）的现金资本开支与营收比将在2026-2028年分别达36%、44%、42%（含融资性租赁），显著超越科网泡沫约32%的峰值。2026年二季度财报后，2027年资本开支预测较7月上调20%，动能强劲。同时，ROI证据正在积累：GPU租赁业务增量利润率达70%，ROIC达30%。信用策略团队提示，资本开支部署与变现之间的时滞持续压制短期自由现金流，2027年前四大超大规模厂商FCF预测不断下修，融资缺口扩大，AI相关信用债发行需维持高位。风险在于若AI模型能力提升不及预期或企业采用滞后，超大规模厂商可能骤然削减开支，引发半导体及数据中心板块剧烈抛售。

Q5：AI与社会——走向丰裕还是分化？

美国经济学家发现，2025年高AI暴露行业的劳动生产率（人均产出）加速上行，主要由产出增长驱动，而非劳动力替代，符合乐观情景。但截至2026年8月，AI引发的劳动力扰动已“日益可见”，高暴露职业对整体失业率的贡献上升达15个基点。若扩散速度快且任务创造与财富效应充分，失业上升可控；若政策响应延迟，可能出现“衰退型失业”。基准情景（扩散速度约为互联网时代的两倍）下，AI将加速产出与生产率增长，且不触发失业率显著上升。最终分配结果取决于资本收益是否被广泛分享，财政政策、自动稳定器及再培训投资将起决定性作用。风险在于若收益过度集中于资本所有者与高技能群体，可能引发政治反弹与激进再分配政策（如财富税、AI专项税）。

四、核心风险提示

• 美国通胀反弹与Fed转鹰导致美日利差超预期扩大；

• 中东冲突升级推高油价，引发美债实际收益率与短端波动率共振上行；

• 中美11月政策窗口到期未续，稀土与半导体供应链中断；

• AI投资ROI不及预期，资本开支骤降引发科技股与信用市场剧烈调整；

• AI扩散不均加剧不平等，触发监管与税收层面的逆周期政策。",水木调研纪要,,0,0,294,https://wx.zsxq.com/group/88888142214212/topic/14425518282254852,data/research/updates/2026-10-07-all_views-025.csv
2026-09-08T08:43:10,2026-09,PTFE 的潛在第二來源供應商剛剛批准了他們的資本支出預算。,"PTFE 的潛在第二來源供應商剛剛批准了他們的資本支出預算。

-----
台虹（8039）4日公告，董事會核准20億元資本支出預算案，資金將由營運資金支應，以配合營運需求。

據悉，公司正推進PTFE（聚四氟乙烯）高頻高速材料布局，相關設備已陸續下訂，預計2027年初備妥CCL（銅箔基板）產能，為後續高速傳輸應用預作準備。

受消費性電子需求及成本上漲影響，台虹後續營收預估仍低於去年同期，不過公司透過調整售價轉嫁成本、減少低毛利訂單，產品組合改善，下半年營運主軸將由追求營收規模轉向獲利率改善。

市場高度關注台虹持續推進M10世代PTFE材料驗證，其中Hybrid混壓板採PTFE CCL搭配PP進度較快，有機會於2027年看到實際產品。",水木调研纪要,,0,0,292,https://wx.zsxq.com/group/88888142214212/topic/45548821414488588,data/research/updates/2026-10-07-all_views-025.csv
2026-09-08T08:43:05,2026-09,【脑机动态定期更新】,"【脑机动态定期更新】

[礼物]近期部分重要进展：
1. 国家医保局在将试行医疗服务价格项目预立项制度。在编制立项指南过程中，已统一新增手术机器人、脑机接口等200余项相关价格项目。
2.商务部等7部门印发《关于推动商品消费扩容升级的实施意见》，明确扩大脑机融合、人工智能等技术在适老化产品、康复辅助器具产品等领域的应用。
3.深圳市科技创新局、深圳市司法局关于《深圳经济特区促进脑机接口产业创新发展若干规定（征求意见稿）》对外公开征求意见。
4.CorTec公司宣布，FDA为其Brain Interchange™系统授予第二项突破性器械认定，本次认定面向沟通交流用途。该设备为双向闭环系统，既可以读取神经活动，也能够输出靶向电刺激。

[太阳]后续建议关注:头部脑机公司IPO报材料、国内外头部公司临床数据发布等。

[玫瑰]投资建议：建议关注博拓生物、翔宇医疗、创新医疗、麦澜德、美好医疗、爱朋医疗、可孚医疗、伟思医疗、三博脑科、岩山科技、心玮医疗、微创脑科学、乐普医疗等。以及后续有望上市的脑机公司强脑科技、博睿康等。具体标的情况可详细沟通。

☁ 脑机接口专题报告：",水木调研纪要,,0,0,292,https://wx.zsxq.com/group/88888142214212/topic/22258841515588511,data/research/updates/2026-10-07-all_views-025.csv
2026-09-08T08:42:47,2026-09,DRAM：预计2026/27年DRAM晶圆厂设备支出（WFE）将超过1200亿美元，我们模型显示2026年为530亿美元（同比+70%），2027年为700亿美元（同比+33%）。,"DRAM：预计2026/27年DRAM晶圆厂设备支出（WFE）将超过1200亿美元，我们模型显示2026年为530亿美元（同比+70%），2027年为700亿美元（同比+33%）。

> 先进行逻辑：预计先进行逻辑晶圆厂设备支出（WFE）在2026年增长72%，2027年增长50%。

> 市场对2027/2028年约2300亿美元/3000亿美元的预期

> 估计每GW的WFE与Vera Rubin（34亿美元）大致一致

> 超大规模云服务商资本支出在2027年达到1.2万亿美元，相当于29GW的计算能力。

> 2027/28年TeraFab晶圆厂设备支出（WFE）20亿美元，2029年60亿美元。

> 模型显示2026/27年位供应增长32%/38%，其中HBM位增长55%/57%，非HBM位增长30%/36%。

> 估计DRAM总潜在市场规模（TAM）为9790亿美元，基于ASP上涨10%和供应增长38%。",水木调研纪要,,0,0,318,https://wx.zsxq.com/group/88888142214212/topic/14425518282252482,data/research/updates/2026-10-07-all_views-025.csv
2026-09-08T08:41:36,2026-09,韩国人的渠道调研：,"韩国人的渠道调研：

2027年的供应短缺强度将比2026年更严，部分客户公司提出了2028年HBM需求超过400亿Gb的要求，单一客户需求水平已超过2026年全球HBM出货量估计值

甚至出现了要求将合同期限延长至5年以上的客户公司，从而支撑需求强势

 市场对产能增加的不信任依然存在，但此次考虑了Fab和产品变化，预计2027年全球DRAM产量仅将增加20%出头

- 判断三星电子的DRAM 1c良率已提升至80%，已到达对成本节约产生实质性贡献的时点

- 由于良率改善速度超出预期，原先仅用于HBM4量产的1c产能可部分转向通用产品

- 预计SK海力士随着HBM4出货全面展开，将缩小与竞争对手在DRAM ASP方面的差距

- HBM4认证相关噪音虽有一些，但视为仅限于少数批量的有限问题",水木调研纪要,,0,0,316,https://wx.zsxq.com/group/88888142214212/topic/45548821414444518,data/research/updates/2026-10-07-all_views-025.csv
2026-09-08T08:37:32,2026-09,医疗器械出口增量比重提升,"医疗器械出口增量比重提升

🎉投资要点：1. 医疗器械出口占据主要增量，国内政策改革深化影响；2. 癌症疫苗是未来mRNA技术的主要突破方向；3. CDMO景气度订单增长持续兑现，新品种有望持续贡献订单弹性；4. 创新药国内增速分化，出海新项目陆续落地；5. TYK2靶点市场潜力逐步发掘，期待更多中国自免新药出海。

☀️医疗器械领域出口持续拉动，国内市场分化挑战和机遇并存，推荐【新产业】，【美好医疗】，关注【迈瑞医疗】，【亚辉龙】，【英科医疗】；
☀️ICL行业应收账款风险基本出清，行业迎来修复，推荐【金域医学】，关注【迪安诊断】和【艾迪康控股】。
☀️CXO景气度进入业绩确认期，新签CDMO订单有望提升，估值有提升空间，推荐【药明康德】、【凯莱英】、【九洲药业】、【益诺思】。
☀️下一代抗 HIV新药授权出海，推荐【艾迪药业】。
☀️mRNA疫苗中国企业跟进研发，推荐【康希诺】，【上海谊众】，关注【云顶新耀】，【石药创新】；中国供应链参与，推荐【昂利康】，关注【键凯科技】。
☀️KRAS靶点在胰腺癌等瘤种治疗的持续突破，关注【加科思-B】、【劲方医药-B】，上游产业链配套关注【康龙化成】。
☀️自免领域，关注口服方向以及UC/IBD等难治领域的突破，推荐【益方生物】，【亚虹医药】，关注【荃信生物】、【诺诚健华】，国内商业化突破和重磅品种潜力，关注【康诺亚】；
☀️中国企业在MASH领域的进展和持续突破，有望实现出海突破，推荐【众生药业】。
☀️胰岛素和类似物出海突破，关注【通化东宝】、【东阳光药】。",水木调研纪要,,1,0,315,https://wx.zsxq.com/group/88888142214212/topic/45548821421212148,data/research/updates/2026-10-07-all_views-025.csv
2026-09-08T08:37:24,2026-09,OpenAI自研芯片性能超预期，HBM4加码，性能对标Nvidia GB系列,"OpenAI自研芯片性能超预期，HBM4加码，性能对标Nvidia GB系列

🌟#OpenAI性能优化，综合性能指标与NV GB系列旗鼓相当
➠性能指标方面，OpenAI Jalapeno FP8性能（3.4 PFLOPs）介于H200（1.98）与GB200（5）之间；FP4性能（13.4 PFLOPs）仅略低GB300（15 PFLOPs）。
➠最大亮点是使用HBM4，带宽极高（15.4 TB/s），仅次于Rubin和MI450X，功耗仅700W，能效比出众。
➠在Kimi K2.5的运算上，Jalapeño 的运算速度接近 700tok/s/user，是GB200的 9 倍以上。

🌟架构方面，单集群可连接 2,048个 Jalapeño XPU。
➠本地域（Local Domain）：单个机架内 128个 XPU 通过背板全互连。
➠全局域（Global Domain）：16个机架（每个机架128个XPU）通过铜缆+光纤混合互连，组成2,048 XPU的大集群。
➠Local Domain：6个托盘 × 102.4T Tomahawk 6 = 614.4T 交换容量
➠Global Domain：2个托盘，每个含2×102.4T = 204.8T/托盘，共409.6T。Global Domain为OCS的使用层级。

[玫瑰]我们认为：当前全球算力建设加速，数据中心间互联带宽持续提升，OCS产业链公司业绩兑现节奏有望加速。建议关注：
➠OCS整机：# 德科立等
➠OCS核心零部件：# 腾景科技、赛微电子、炬光科技等
➠光纤及连接器：# 长飞光纤、长芯博创等。

风险提示：产业推进不及预期的风险；行业关键技术突破不及预期的风险；竞争格局变化的风险。",水木调研纪要,,0,0,309,https://wx.zsxq.com/group/88888142214212/topic/82258841541414242,data/research/updates/2026-10-07-all_views-025.csv
2026-09-08T08:37:08,2026-09,化工新材料推荐：科技反弹后逐步分化聚焦，材料端如何布局？,"化工新材料推荐：科技反弹后逐步分化聚焦，材料端如何布局？

# 从科技行业看，英伟达业绩及指引超预期奠定新一轮上行趋势，行情随时都可能启动。周末SEMI发布半导体设备销售额再创历史新高，预计增长势头延续至2028年，AI算力扩产对上游设备端的强劲拉动再次得到验证。同时长存IPO审核状态变更为已问询，审核节奏加速。经过前期的调整，估值压力已得到相当程度的释放，当前正重新进入具备吸引力的配置区间。

一、强AI相关方向：中长期买持续性和确定性
 # 从量、价角度看，上一轮行情预期较为充分，尤其涨价预期，在AI板块基本面未有重大变化前，重复上一轮故事资金参与兴趣减弱，因此市场会进一步聚焦核心，建议重点关注技术壁垒、扩产壁垒跟高的赛道，具备更高的持续性和确定性，具体标的核心关注产品壁垒、格局和市场地位，重点推荐半导体核心材料标的# 雅克科技、鼎龙股份、广钢气体、安集科技；
      # 从新技术趋势角度看，建议重点关注：
      1）半导体封测方向，先进封装发展加速产业链国产化替代进程，未来2-3年半导体技术变化更多集中在封测环节，材料企业迎来业绩+估值共振，标的方面关注业绩增速与技术客户卡位，重点推荐# 艾森股份、华海诚科、天承科技。
      2）近期PTFE在下一代高频高速CCL的应用受到市场关注，应用概率再次提升，关注PTFE标的# 东岳集团、昊华科技、以及填料联瑞新材、雅克科技等。

二、非AI或弱AI相关方向：买强α逻辑
      【天禄科技】TAC膜对日替代，高确定性+大市场空间；
      【江化微】上海国资入主，打造半导体材料平台；
      【蓝晓科技】底部位置，超纯水+小核酸用产品加速放量；
      此外持续推荐国恩股份、路维光电、新莱福等。",水木调研纪要,,0,0,318,https://wx.zsxq.com/group/88888142214212/topic/22258841541412411,data/research/updates/2026-10-07-all_views-025.csv
2026-09-08T08:36:53,2026-09,【华鑫传媒周观点|AI时代渠道🆚中长叙事IP内容有望重估】,"【华鑫传媒周观点|AI时代渠道🆚中长叙事IP内容有望重估】

1、AI应用端，全球开源模型看AI多模态，单日调用量看新模型排名前三分别为minimax H3 MAX（新）、阿里wan3.0prime（2k requests，增速+176%）、字节seedance2.5（18k requests，增速+69%）； 中国AI多模态模型全球名列前茅。

2、AI行业峰会，外滩大会（inclusion）将于9月9日至12日在上海举办，主题“共创AI新经济”，首次设立的AI艺术节，也将从音乐、影像、艺术展览等维度展示人工智能带来的新变化。

3、【投资维度】两条主线，
第一，优质内容IP供给能力（如AI视频游戏的实时与互动有望赋能游戏再上新台阶），可关注
AI游戏【恺英网络、吉比特、完美世界、顺网科技、姚记科技、b站】、
AI国漫【奥飞娱乐、中信出版、荣信文化等】

第二，渠道之线下【儒意电影、博纳影业、上海电影、风语筑、凡拓数创、米奥会展等】；渠道之线上【b站、芒果、爱奇艺等】；",水木调研纪要,,0,0,306,https://wx.zsxq.com/group/88888142214212/topic/55521148248481524,data/research/updates/2026-10-07-all_views-025.csv
2026-09-08T08:36:40,2026-09,[玫瑰]消费建材公司8月发货更新,"[玫瑰]消费建材公司8月发货更新

【兔宝宝，板材】：兔宝宝装饰材料销售公司8月AB类折算同比增长双位数；8月全屋定制收入同比下滑中个位数，8月定制工厂接单金额同比下滑10%+。

【东方雨虹，防水】：8月发货量比7月有所好转，卷材发货量同比下降10%左右，跟7月同比降幅相比，降幅缩窄，防水涂料发货量同比略增，砂粉发货量10+%增长。

【科顺股份，防水】：8月发货还是有点下滑，幅度比二季度收窄。

【三棵树，涂料】：8月零售整体双位数左右增长，但工程没太大起色，估计整体持平左右。

【中国联塑，管材】：8月管材销量有所增长，1-8月累计降幅较上半年收窄，毛利率环比持平。

【东鹏控股，瓷砖】：8月收入双位数下滑，较上半年收窄。",水木调研纪要,零售,0,0,295,https://wx.zsxq.com/group/88888142214212/topic/22258841541415181,data/research/updates/2026-10-07-all_views-025.csv
2026-09-08T08:36:23,2026-09,东山精密部分信息。,"东山精密部分信息。
1. 目前单波100G和200G的EML芯片均有出货，但以100G为主，200G的出货量很少。
2. 400G EML的方案已在研发中。
3. 光博会上计划展出3.2T产品的demo。公司准备了两种3.2T方案，分别基于博通和Marvell的芯片，可能会在本次展会及9月份的西班牙展会上各展示一种。这两种方案中均包含EML和薄膜铌酸锂技术路径。
能够展出demo即表明具备了相应的制造能力，后续的重点在于规模化量产的优化。
薄膜铌酸锂看来是离我们越来越近了",水木调研纪要,,0,0,303,https://wx.zsxq.com/group/88888142214212/topic/55521148248448144,data/research/updates/2026-10-07-all_views-025.csv
2026-09-08T08:36:00,2026-09,【九州一轨】再创历史新高！聚焦【超强阿尔法标的】——金刚石芯片基板——第四代半导体，值得重视[福][福][福],"【九州一轨】再创历史新高！聚焦【超强阿尔法标的】——金刚石芯片基板——第四代半导体，值得重视[福][福][福]

今天为公司重要收购后全市场首次极小范围交流，【九州一轨】副总裁 陶为银、董秘 张侃等领导出席，欢迎交流[抱拳][微笑]

陶为银为江苏通用半导体法定代表人、晶禧半导体原法定代表人。

我们公司重要收购后全市场第一篇深度报告供您参考：——【九州一轨】深度：硅光芯片激光隐切设备逐步放量，金刚石芯片基板空间广阔-2026.8.17

持续强调 【金刚石散热】将从主题投资切换至基本面投资，未来“订单为王”！[福][福][福]

重点：【斯莱克】、【九州一轨】等，关注【沃尔德】、【黄河旋风】、【四方达】等[福][福][福]",水木调研纪要,,0,0,303,https://wx.zsxq.com/group/88888142214212/topic/55521148248445584,data/research/updates/2026-10-07-all_views-025.csv
2026-09-08T08:35:52,2026-09,迪安诊断300244：控股迪谱诊断，科学仪器赋能AI4S落地,"迪安诊断300244：控股迪谱诊断，科学仪器赋能AI4S落地

🔥核心事件：迪安诊断拟收购迪谱诊断 48.1% 股权，交易对价 1.49 亿元，对应估值3.1 亿元，交易完成后，迪安诊断穿透持有迪谱68.7%，并将其纳入合并报表。

🌟政策端利好：检验立项指南中质谱相关加收项达44项（占近四成），政策红利明确。

🌟迪谱壁垒：国内首款通用型核酸质谱注册证+首台（套）认定，主导多项行业标准，仪器/试剂/耗材全链条自研，技术护城河深厚。

🌟商业化条件成熟：耳聋基因、合并用药联合检测C8等核心产品已获三类证，产品管线持续丰富，经营拐点临近，即将进入盈利通道。

🌟核心看点
[玫瑰]夯实上游核心能力，构建分子诊断产业链闭环;
[玫瑰]打通产业链上下游，形成“产品+服务”协同体系;
[玫瑰]紧抓行业政策红利，持续增厚公司业绩;
[玫瑰]引领行业标准建设，提升产业生态话语权。

🔥当前市场对“质谱双平台+AI4S工具底座”的远期价值尚未充分定价，后续试剂放量节奏与LDT落地进展值得重点关注。",水木调研纪要,,0,0,290,https://wx.zsxq.com/group/88888142214212/topic/14425518218114512,data/research/updates/2026-10-07-all_views-025.csv
2026-09-08T08:35:29,2026-09,寒武纪：,"寒武纪：

1，因摩尔线程解禁+产业超节点信息谣传，实质性错杀。

2，6500亿市值绝对底部，对应27年最保守盈利预测，基本无下行空间，上行看翻倍。

3，前期下跌主因在于Q2 miss+Q3 预期弱+物料担忧，实际均在陆续解决。

4，订单，载板，PCBA，产业验证持续上行。",水木调研纪要,,0,0,291,https://wx.zsxq.com/group/88888142214212/topic/22258841541445211,data/research/updates/2026-10-07-all_views-025.csv
2026-09-08T08:35:23,2026-09,【申万计算机】思看科技：拓竹核心合作方，持续推荐,"【申万计算机】思看科技：拓竹核心合作方，持续推荐

[太阳]GPT-6 Astra宣传片中，用户通过拓竹科技的3D打印机，打印实物，展示了“从一句话到实物”的完整链路。

# 拓竹联合开发扫描仪（高价值！目前唯一）
[玫瑰]与拓竹（消费级3D打印龙头）完成合同签署，双方共同设计及开发消费级3D扫描仪，由思看生产并销售至拓竹科技。

# 市场关心AI生成or扫描仪
[太阳]生成能力提升进一步扩大3D内容生态。AI生成解决“从0到1”的创作问题，而3D扫描解决“现实世界数字化”的入口问题，二者分别对应虚拟创造与真实采集，具备明显互补性。

[玫瑰]随着GPT等持续强化“自然语言生成实物”的用户认知，消费端对于3D内容创作和实体化的兴趣有望快速提升，进一步培养用户对3D建模、扫描、打印全流程的使用习惯。

# 强强联合打开消费级市场
[玫瑰]思看在工业级3D扫描仪中全球市占率第二，国内市占率第一，具备全球一流的的技术实力，产品收入一半来自欧美地区。
[玫瑰]拓竹在消费级3D打印机中全球市占率领先，目前收入已经形成破百亿的预期。
[庆祝]思看在3D扫描仪的技术实力+拓竹的消费级渠道和生态壁垒，合作打开消费级3D扫描仪的巨大市场！

# 高景气赛道
[玫瑰]2026年1-6月，我国3D打印设备出口量达361.6万台，同比增长90.1%，出口金额96.11亿元，同比增长109.3%。

# 高壁垒拓展多场景
[玫瑰]26H1保持72%以上高毛利展现产品高壁垒，为后续利润释放提供基础！
[玫瑰]工业级产品目前具备全球竞争力，依靠积累的算法优势进行场景拓展；消费级产品在3D打印的应用、视觉系统在机器人的进展都有望成为长期增长的新动力！重视高壁垒公司的拓展潜力！

[玫瑰]26H1收入增速5%，主要系公司海外ODM客户法如（FARO）被阿美特克（公司主要竞争对手）收购影响工业级增速。
[太阳]Q3随着消费级扫描仪放量，以及工业级影响缩减，将迎来环比同比大幅增长阶段！重视配置机会！

测算欢迎联系崔航18863958688",水木调研纪要,,0,0,289,https://wx.zsxq.com/group/88888142214212/topic/14425518218112542,data/research/updates/2026-10-07-all_views-025.csv
2026-09-08T08:35:02,2026-09,【财联社9月8日早间新闻精选】,"【财联社9月8日早间新闻精选】
1、工业和信息化部印发《信息通信行业发展“十五五”规划》。其中提到，到2030年信息基础设施累计投资3.8万亿元，智能算力规模达9800EFLOPS。加快全国一体化算力网建设，有序部署万卡、十万卡及以上智算集群，面向场景按需部署推理算力设施，加大力度适配国产算力芯片；推进算力传输通道建设，部署400G及以上高速传输技术，建设光纤直达链路，推动100G光网设备下沉。
2、9月7日，华为时隔六年再次发布高性能芯片麒麟9050 Pro，为全球首款落地“韬定律”、采用逻辑折叠技术的旗舰芯片。
3、高盛在最新全球光模块报告中大幅上调行业预测，预计全球光模块市场规模将在2026年至2028年分别达到约677亿美元、1314亿美元和1485亿美元，较此前预测上调33%、81%和115%。
4、央行数据显示，中国8月末黄金储备升至7,673万盎司，连续22个月扩大黄金储备。
5、国家发展改革委运行局近日组织安排提高疆煤外运规模，以发挥疆煤对保障全国煤炭供应的作用。
6、商务部公布对原产于日本的进口二氯二氢硅反倾销调查的初步裁定，初步认定原产于日本的进口被调查产品存在倾销，采用保证金形式实施临时反倾销措施。
7、9月7日，山东省潍坊市中级人民法院一审公开宣判中国证监会原党委委员、副主席王建军受贿案，对被告人王建军以受贿罪判处无期徒刑。
8、新华传媒公告称，公司拟以发行股份方式购买上海界面财联社科技股份有限公司控股权，预计构成重大资产重组，不构成重组上市。交易对方初步确定为控股股东上海报业集团全资子公司上海报业集团文化新媒体投资管理有限公司等主体。公司股票已于9月7日起停牌。
9、中金公司公告，吸收合并东兴证券和信达证券已获证监会批复同意，9月15日起停牌。信达证券公告，A股股票自9月15日开市起连续停牌，直至终止上市。东兴证券公告，A股股票9月15日开市起连续停牌，直至终止上市。
10、20CM涨停泰金新能：与宁德时代签署的战略合作协议为框架性、意向性文件 未约定具体交易金额。
11、亚康股份公告，下属公司签订11.88亿元《高性能算力云服务协议》。
12、ST文峰公告，徐翔、徐长江操纵证券市场责任纠纷案二审判决，部分案件改判为由徐翔个人承担赔偿责任。
13、金橙子公告，拟购买智博泰克控股权预计构成重大资产重组，股票今起停牌。长源东谷公告，拟购买康豪机电100%股权并募集配套资金，交易价格50.1亿元。金钟股份公告，控股股东及实控人拟协议转让19.50%股份引入蔚来资本。
14、行云科技公告，算力卡被卡在海关市场的相关传闻造谣者已被行政处罚。
15、燧原科技公告，网上投资者放弃认购16874股。
16、盛科通信公告，第四大股东国家大基金6月8日至9月7日减持707.47万股，减持计划结束剩余317.53万股未减持。
17、受美国劳动节假期影响，美国股市休市一日。道琼斯指数期货最终跌0.62%，标普500股指期货跌0.17%，纳斯达克100股指期货涨0.13%。
18、国际贵金属期货周一多数收涨，LME期铜盘中创历史新高，最终收涨94美元，报14510美元/吨；LME期铝收涨18美元，报3312美元/吨；LME期锌收涨38美元，报3984美元/吨。
19、美国总统特朗普在媒体平台Truth Social上密集发布了一系列含有AI生成图片的帖子，其中包括声称自己通过股票和其他资产持仓为美国赚取了数千亿美元。
20、加拿大周二将对数百种美国商品加征15%到50%的关税，特朗普威胁禁售庞巴迪飞机，两国贸易战面临进一步升级的风险。
21、日元兑美元汇率升至2月以来最强水平，突破了此前美日联手干预汇市后触及的高点。交易员认为升破155关键阻力位推动日元进一步走强。
22、德意志银行策略师警告称，市场低估了美联储和欧洲央行遏制通胀所需的加息幅度。法兴银行认为10年期美债收益率达到5.5%，将是股市开始受冲击的临界点。
23、OpenAI首席科学家预计AI或很快迈入自我进化阶段，呼吁业界在建立共同安全护栏之前主动放缓开发速度。
24、伊朗称与阿曼即将就霍尔木兹海峡航运管理达成协议。
25、欧盟委员会主席冯德莱恩访问格陵兰首府努克时宣布，欧盟将向格陵兰投资2亿欧元，用于发展关键矿产、可再生能源和卫星通信。",水木调研纪要,,0,0,304,https://wx.zsxq.com/group/88888142214212/topic/14425518218141122,data/research/updates/2026-10-07-all_views-025.csv
2026-09-08T08:34:55,2026-09,心动公司：持续推荐，低预期，游戏持续性/新品弹性/Tap受益新品周期未被合理定价,"心动公司：持续推荐，低预期，游戏持续性/新品弹性/Tap受益新品周期未被合理定价

[太阳]TapTap：近期Tap创意工坊AI游戏《设身处地》（模拟经营）爆火，下载62万/评分8.5，“小作坊”AI游戏的成功验证TapTap社区粘性：“创作者-高质量游戏用户”。Tap今日iOS免费榜冲高Top11年内新高。

上半年Tap收入承压系重磅新游供给偏少，同时低竞争拖累ECPM下行，但H2及27年产品密集，重磅行业新品节奏快于预期：腾讯《王者万象棋》26.9、网易《无限大》27.1。利润端H1受maker投入和一次性补税影响，预计H2 maker投入下降较多。

[太阳]游戏：存量产品稳运营好于预期，看好26-27年存量流水/利润稳健性。《小镇》海外月流水高点在上线初期“小马宝莉”联名，目前单月仍然平稳；国服虽经历2轮事故，流水依然稳健；《火炬》Q3较Q1流水稳健。

后续重点产品强弹性：《RO2》如顺利预计27Q1（看好RO IP+开放世界充足游戏内容）、《麦芬2》预计27年。",水木调研纪要,,0,0,290,https://wx.zsxq.com/group/88888142214212/topic/22258841541424841,data/research/updates/2026-10-07-all_views-025.csv
2026-09-08T08:34:42,2026-09,我们近期跟【世纪华通】也做了详细沟通，公司八月流水再次回升，明年新的SLG游戏非常值得期待，我们预计4季度月流水有望再冲新高，这个估值非常安全，继续坚定强推，欢迎有兴趣的跟我联系[抱拳],我们近期跟【世纪华通】也做了详细沟通，公司八月流水再次回升，明年新的SLG游戏非常值得期待，我们预计4季度月流水有望再冲新高，这个估值非常安全，继续坚定强推，欢迎有兴趣的跟我联系[抱拳],水木调研纪要,,0,0,290,https://wx.zsxq.com/group/88888142214212/topic/22258841541422121,data/research/updates/2026-10-07-all_views-025.csv
2026-09-08T08:34:27,2026-09,【东吴电子陈海进】持续推荐AI时代“金铲子”芯碁微装,"【东吴电子陈海进】持续推荐AI时代“金铲子”芯碁微装

🔥全球 AI 芯片封装加速向 CoPoS、FOPLP 等板级工艺迭代，海外大厂资本开支持续上行，大尺寸曝光设备成为产能扩张核心瓶颈。芯碁微装晶圆级直写光刻设备已通过全球头部厂商 CoWoS-L 产线可靠性验证，实现国内直写设备首次大规模导入高端 AI 芯片封装供应链；板级封装设备深度适配全球主流工艺，海外区域订单稳步突破，全球化服务布局持续完善，深度绑定全球 AI 封装扩产周期。

🔥 AI 算力景气上行驱动高阶 PCB 与 IC 载板需求爆发，mSAP 工艺已成为 AI 服务器、高速光模块高端基板的主流技术路线，下游行业扩产浪潮明确高端光刻设备刚需。芯碁微装依托半导体级 LDI 技术降维切入市场，MAS 系列设备精准适配 mSAP 制程，性能对标国际一线水平，交付效率优势显著，已批量交付全球头部厂商。公司稳居全球印制线路板 LDI 龙头，PCB LDI、激光钻孔及 IC 载板设备持续增厚业绩弹性，筑牢盈利基本盘。

[红包]观点重申：
我们坚定看好芯碁微装作为 AI 时代 “金铲子” 的核心价值。公司自带半导体光刻技术底色，PCB 业务筑牢业绩安全垫，先进封装打开长期成长空间，光刻能力跨场景覆盖推动业务逻辑重塑，在 AI 算力扩产周期中具备极强确定性，估值重估空间全面打开，持续推荐。

⚠️风险提示：市场竞争，需求，地缘政治风险等
🎁欢迎联系东吴电子：陈海进 / 解承堯",水木调研纪要,,0,0,295,https://wx.zsxq.com/group/88888142214212/topic/22258841541428451,data/research/updates/2026-10-07-all_views-025.csv
2026-09-08T08:34:20,2026-09,早上开盘前强call的# 上海电影 涨停[玫瑰] 综合各种信息，我们认为AI短剧漫剧之后，AI长剧/AI电影/AI游戏等平权更慢且利好机构化生产模式的长内容拐点正在到来！板块催化剂正在多起来！# 建议…,早上开盘前强call的# 上海电影 涨停[玫瑰] 综合各种信息，我们认为AI短剧漫剧之后，AI长剧/AI电影/AI游戏等平权更慢且利好机构化生产模式的长内容拐点正在到来！板块催化剂正在多起来！# 建议进化的眼光/发展的眼光看待AI长内容的突破！ 持续call的# 世纪华通 股价也不断走强 [玫瑰] 国海传媒,水木调研纪要,,0,0,286,https://wx.zsxq.com/group/88888142214212/topic/55521148248451184,data/research/updates/2026-10-07-all_views-025.csv
2026-09-08T08:34:06,2026-09,元力股份更新推荐：超级电容碳单月出货量接近100吨，该位置强烈看好！,"元力股份更新推荐：超级电容碳单月出货量接近100吨，该位置强烈看好！

1）公司年初单月超级电容碳出货量仅20-30吨，6-7月份已经达到50-60吨，最新8月份出货量已经接近90吨，预期年底单月100大几十吨出货。
2）烯晶碳能26H2 400吨交付正在稳步推进，中间有一笔50吨加单，同时公司已收预付款保障每个月至少50吨以上额外库存以保障供应。
3）火炬电子已实现吨级出货，江海股份、东阳光测试和商务对接正紧锣密鼓进行。考虑日本可乐丽月均出口中国量控制在小几十吨，国内超级电容企业必将加速开发公司作为核心甚至一供。
4）麦格米特电话会明确“除PSU外，超级电容正在批量供货”，且上游超级电容企业产业反馈已有巨额订单，印证机架级CBU、800v Power rack需求实实在在加速兑现！
5）英伟达Vera Rubin 800v体系超级电容为标准配置，且最大输出功率为机柜额定功率的40%-50%（约90-115千瓦），约需要800-1000颗LiC或者混合HUC混合单体，相比现存交流体系256颗方案，用量ASP大幅提升。谷歌27年新建机柜将大比例采用400V双极、800V体系，也将大幅催生超级电容需求！",水木调研纪要,,0,0,288,https://wx.zsxq.com/group/88888142214212/topic/22258841541425411,data/research/updates/2026-10-07-all_views-025.csv
2026-09-08T08:33:57,2026-09,[红包]浙商机械 【斯莱克】金刚石散热有望放量，主业将拐点向上，重点推荐！,"[红包]浙商机械 【斯莱克】金刚石散热有望放量，主业将拐点向上，重点推荐！

[太阳]核心逻辑：

1️⃣金刚石散热即将放量

①行业：金刚石散热优势凸显，金刚石铜有望率先规模化应用

金刚石材料拥有热导率高（纯金刚石热导率高达1000-2200W/(m·K)）等优势，有望加速应用，其中#金刚石铜有望率先规模化应用。#

2026年以来，金刚石铜已在多个场景落地（曙光数创 C8000 V3.0 兆瓦级相变浸没液冷整机柜、郑州国家超级计算中心节点机房等）。

# 市场空间： 2029年全球AI芯片用金刚石铜的空间有望达65亿美元，25-29年复合增速达237%。

②公司：新设子公司、携手北科大，推动金刚石散热产品量产，#目前已开发出金刚石复合材料的热沉样品、后续将有序推动产品量产。

2️⃣主业：25年归母净利润同比减亏55%，后续随电池壳业务产能爬坡、良品率提升，主业有望扭亏为盈。

3️⃣人形机器人零部件：谐波减速器柔轮通过疲劳测试、原型机通过性能验证，后续伴随机器人量产而起量。

风险提示：金刚石散热业务进度不及预期。

☎【浙商机械 邱世梁/王华君18610723118/蒋逸18158576706/秦乐恒15221680140】",水木调研纪要,,0,0,291,https://wx.zsxq.com/group/88888142214212/topic/14425518218484582,data/research/updates/2026-10-07-all_views-025.csv
2026-09-08T08:33:37,2026-09,[红包]【申万宏源家电】盾安环境近期更新：液冷订单进入爆发期,"[红包]【申万宏源家电】盾安环境近期更新：液冷订单进入爆发期

[烟花]26H1分业务：
1）制冷设备+35%🚀，得益于前期储备半导体洁净温控、核电暖通、储能液冷等订单需求释放；
2）制冷配件-2%，好于家空行业上半年-5%，主要受国补退坡+高基数造成家空主机需求低迷影响；上半年存在一定压力，#全年内部挑战目标为同比微增👊。面对铜价上涨压力，一方面通过客户份额目标灵活调整定价，另一方面通过生产自动化降本、不锈钢产品提高市场份额支撑；
3）汽零+26%，一季度传统淡季，受大客户BYD备货节奏影响，仅个位数增长，但从4月开始加速释放，业务旺季集中在下半年，二季度单季度预期近50%增长；#26年目标15亿（不包括大创），同比+36%🚀；最新在手订单：约175亿（全生命周期口径）。

[庆祝]新兴业务：
1）数据中心液冷：归类在制冷零部件业务下，核心产品为阀件和换热器，客户以北美数据中心厂商的一级供应商为主，开利、约克、特灵这些。24-25年该业务营收增速为40%-50%，25年营收约3亿，26H1液冷零部件+40%。
2）储能液冷：归类在制冷设备板块，21年开始研发，23年小批量，25年营收为7-8千万。26年营收保底目标为1亿，挑战目标2亿，核心客户包括BYD、中车、宁德时代、蔚来等，主要应用场景为充换电站。

[礼物]#26年公司整体营收内部目标为#双位数增长，扣非净利润参考股权激励目标（+15%）⚠️⚠️⚠️，参考股权激励目标当前仅11倍；

[發]欢迎联系【申万家电团队】刘正17316395519/刘嘉玲15221561909/沈呈熹15026575335/程恺雯18502163860

~内部交流，请勿外发",水木调研纪要,,0,0,289,https://wx.zsxq.com/group/88888142214212/topic/45548821421518518,data/research/updates/2026-10-07-all_views-025.csv
2026-09-08T08:33:25,2026-09,[烟花]领导好，#【智立方】#  公司半年报交流很超预期，下半年预计订单收入进一步加速，现更新估值：,"[烟花]领导好，#【智立方】#  公司半年报交流很超预期，下半年预计订单收入进一步加速，现更新估值：

[太阳]1.光芯片业务：独家卡位，50毛利。中国独供，已经突破aaoi。有望拿到lite订单。东山老板袁永刚前面打算28年规划年化10e颗，29年20e颗。此前讲的节奏是到26年底产能每个月0.22e颗。eml：cw=3:7的比例。按照28年规划，27年下订单，1e颗芯片需要智立方6000万设备。10e颗就要对应6e的收入，50%毛利率算30%净利率对应1.8e利润。这是东山一家的，可能也是扩产最多的。

索尔斯、源杰、长光华芯、光迅、三安光电、仕佳、海信、敏芯、中科光芯、光安伦、镭芯光电等等都在做。所以假设全行业扩产相当于3个东山，对应27年5.5e利润。28年翻倍11e利润。按照27年规划的利润，光芯片业务5.5e利润，给50xpe，250e市值。

[太阳]2.光模块自动化设备，竞争激烈一些，毛利率30-40%，净利率按照15%拍，现在有几千万的订单，今年3e（已经进入旭创，和coherent，剑桥，马上和新易盛签单，交期6个月），明年6e订单，这块27年1e利润，50e市值。

[太阳]3.与瑞士施耐博格合作研发了纳米/亚微米级精密运动系统，属于检量测设备、混合键和等设备中最核心的子系统。瑞士施耐博格是全球精密运动控制平台龙头，客户包括#KLA、AMAT、ASML、Onto等全球量检测龙头。智立方合资子公司深圳施耐博格，专门供应中国头部半导体公司，解决卡脖子问题，目前已进入#中科飞测、#埃芯半导体 等国内头部客户。该运动控制系统分不同型号，价值量中科飞测设备价值量#三分之一！低阶200万，高阶近千万。毛利率70%以上，净利率可达40-50%。中科飞测现在市值1300亿，这块给智立方150e市值。

[太阳]4.半导体高端分选机和倒装键合国产替代，研发完成，送样合肥。价格分别200、300万。固晶机已经批量出货（客户华润微、士兰微等），25年收入5000万，26年收入2e。50e市值。

[太阳]5.消费电子aoi检测设备，除苹果外，新进谷歌液冷散热1e，谷歌直接下订单。一条线150万美金，8条线，1e收入，明年翻倍，50%毛利率。#公司近期获得了北美n客户订单，n客户近日业绩指引超预期。100e市值。

[太阳]6.公司研发费用25年7000万，同比+30%。今年上半年研发费用4600万，继续同比+35%。高投入带来高壁垒。

❗️❗️❗️综上，公司后续还有重磅光芯片测试设备发布（对标联讯仪器，a股稀缺）等催化，我们看好#智立方成为光通信和半导体领域的爆发增长大牛股，综合市值看600e。",水木调研纪要,,0,0,299,https://wx.zsxq.com/group/88888142214212/topic/22258841541215821,data/research/updates/2026-10-07-all_views-025.csv
2026-09-08T08:32:29,2026-09,【云意电气】SOFC子公司成立，绑定核心资源千亿市场可期,"【云意电气】SOFC子公司成立，绑定核心资源千亿市场可期

[玫瑰]公司9月3日公告，拟与云创智联、极星智算、南京迈科思、付红玲及孟喜柱共同出资设立江苏羿能能源科技有限公司，专注于固体氧化物燃料电池（SOFC）产品的研发、生产和销售。极星智算提供海外数据中心渠道，南京迈科思为国内SOFC顶尖教授团队，后续将陆续有顶尖团队加入。公司掌握HTCC核心陶瓷能力，具备SOFC电池片生产能力，后续将打通从电池片、电堆到系统全栈自研自制。

# 稀缺的北美渠道潜在订单充足
极星智算为SuperX AI全资子公司，SuperX AI为英伟达Preferred level NPN（解决方案提供商），具备B200/B300服务器、AI基础设施及云服务供应能力，26年6月4日其首个美国AI推理云中心在丹佛投入运行，6月23日与哈萨克斯坦总理探讨了分阶段建设1GW AI算力园区提案，7月21日与摩科瑞亚洲达成战略合作并或其投资，8月连获日本及澳大利亚客户大量英伟达B300 AI服务器集群订单❗️有望为公司直接或间接提供大量SOFC海外市场订单。

# AI缺电背景下SOFC前景广阔
由AI驱动的计算需求，正开始超出电网的电力供给能力，SOFC凭借其高效率、近零排放、模块化快速部署等优势在数据中心领域快速增长，目前1GW SOFC价值量约30亿美金，中期市场空间超千亿。行业龙头Bloom energy 26H1实现收入18.16亿美元，同比+150%，净利润2.67亿美元，同比+502%，指引26年收入39-42亿美元，当前市值接近700亿美元。

[红包]本次合资公司成立，标志着公司正式迈向SOFC千亿市场，后续公司将推出产品、落地示范性项目，并持续扩大产能❗️加速北美及全球客户数据中心订单获取进程。

【建投中小盘＆海外】 秦基栗/邓皓烛/林赫涵",水木调研纪要,,0,0,271,https://wx.zsxq.com/group/88888142214212/topic/22258841541242581,data/research/updates/2026-10-07-all_views-025.csv
2026-09-08T08:32:13,2026-09,一、昨日热点,"一、昨日热点

农业：亚盛集团

消费：海欣食品、百大集团

光通信：共进股份、剑桥科技

PCB：超声电子、中京电子

液冷：集泰股份

AI应用：龙版传媒

机器人：浙江荣泰、斯菱智驱

二、商务部：原产于日本的进口二氯二氢硅存在倾销

商务部公告2026年第37号公布对原产于日本的进口二氯二氢硅反倾销调查的初步裁定。调查机关初步认定，原产于日本的进口被调查产品存在倾销，国内二氯二氢硅产业受到实质损害，而且倾销与实质损害之间存在因果关系。调查机关决定采用保证金形式实施临时反倾销措施。自2026年9月8日起，进口经营者在进口被调查产品时，应依据本初裁决定所确定的各公司的保证金比率向海关提供相应的保证金。

二氯二氢硅：三孚股份、和远气体、金宏气体

三、工信部印发《信息通信行业发展“十五五”规划》

到2030年，全面建成覆盖完善、性能领先的新一代通信网。信息通信行业收入达4.1万亿元，信息基础设施累计投资3.8万亿元，电信业务总量年均增速7%，每万人拥有5G（含5G-A）基站数为50个，智能算力规模达9800EFLOPS（每秒百亿亿次浮点运算），5G（含5G-A）用户普及率达95%等。适时启动6G商用，研制6G智能手机。有序部署万卡、十万卡及以上智算集群，面向场景按需部署推理算力设施，加大力度适配国产算力芯片。

6G商用：武汉凡谷、东方通信、硕贝德、广哈通信

算力：利通电子、行云科技、宏景科技、协创数据

四、全球首款AI智能体手机定档9月16日发布

努比亚手机宣布，全球首款AI智能体手机——努比亚NaviX Ultra将于9月16日14:00正式发布，目前，新机已在各大电商平台开启预约。作为全球首款AI智能体手机，努比亚NaviX Ultra将搭载豆包手机助手，主打“听得懂、能干活、记得住、够安全”四大能力。据LatePost此前爆料，努比亚NaviX Ultra已经调整与阿里、腾讯等超级应用的合作方式。

豆包手机：道明光学、福日电子、福蓉科技

五、LME铜价创历史新高

伦敦金属交易所（LME）铜期货价格涨至历史新高，盘中突破每吨14530美元关口。收盘上涨0.80%至14494美元。

铜：精艺股份、金诚信、江西铜业、北方铜业、云南铜业

六、行业要闻

1、平陆运河将于9月16日建成通航。（北投科技、北部湾港）

2、国家版权局印发《版权工作十五五规划》。（中国出版、中国科传）

3、泰国糖产量或骤降至少17%，全球食糖供应紧上加紧。（中粮糖业、红棉股份）

4、CPO设备迎来缺货潮，客户接连追加订单。（华盛昌、科瑞技术）

5、韩国券商警告，三星电子和SK海力士内存库存降至不足10天供应量。（长鑫科技、太极实业）

6、字节跳动新AI模型曝光，可实时生成空间视频，该模型最快将于下个月发布。（当虹科技、万兴科技）

7、宇树科技发布视频称，首次实现人形机器人全自主搏击。",水木调研纪要,电商,0,0,297,https://wx.zsxq.com/group/88888142214212/topic/45548821421524258,data/research/updates/2026-10-07-all_views-025.csv
2026-09-07T23:48:44,2026-09,[礼物]【中信科技】澎程系列正式上市，价格-配置非常超预期,"[礼物]【中信科技】澎程系列正式上市，价格-配置非常超预期

#小米澎程N90/N70今晚正式发布#
[烟花] N70 Pro/Max 大5座SUV正式售价20.99/23.99万元，价格超预期；N70标准版暂未上市，后续有望进一步拉低入门门槛
[烟花] N90 Max 旗舰7座SUV正式售价26.99万元。N90 Max 探索版（升顶版）同步亮相，售价29.99万元，进一步拓展户外场景，探索版产品力极强，是此前市面上从未有的全新品类，有望成为超预期的爆款车型
[烟花] 我们预计澎程N90+N70系列月销有望达到2.5万。据悉小米已备足现车，为实现""发布即交付、交付即上量”

#核心卖点：""智能可变大空间""差异化突围，智驾/安全/底盘全维拉满，预计澎程毛利率有望维持20%+健康水平
[玫瑰] 空间革命：2.9米纯平地板+6根铝合金滑轨，前排180°旋转+滑动中岛，支持对坐、会议、休憩等18种空间组合
[玫瑰]动力系统方面，双车均基于自研昆仑增程架构，搭载1.5T昆仑增程器，和与合作伙伴（中航、欣旺达）合作研发的小米龙甲电池
[玫瑰] 全系标配前双叉臂+后H臂多连杆+空悬+CDC，全系HAD高阶智驾+Thor芯片+顶置激光雷达，N90 Max独占后向固态激光雷达，解决车尾盲区
[玫瑰] 我们认为，通过昆仑架构平台化降本、增程器自研及规模化效应，澎程系列毛利率有望维持在20%以上健康水平，为小米贡献超额利润

#小米18Fold、小米平板9# Pro Max重磅上市
[太阳] 小米18Fold折叠屏手机正式发布，全新“中折叠”形态；新一代龙骨转轴+双层UTG超薄玻璃，重量仅 219g；首发搭载玄戒O3芯片。售价10999元~15999元（陶瓷特别版）
[太阳]小米平板9 Pro Max具有13.3英寸大屏，3.4K高分辨率，同样搭载玄戒O3芯片；国补后价格4299元起
[太阳]小米此前推出3款自研芯片，玄戒O3定位旗舰手机/平板SOC，相比上一代性能大幅提升；玄戒O100定位高带宽加速芯片，带宽可达1.22Tb/s；玄戒D100为车载智驾芯片，具备20核高性能CPU，16核高算力NPU，160G统一内存

欢迎交流！中信证券科技团队",水木调研纪要,,0,0,434,https://wx.zsxq.com/group/88888142214212/topic/82258841521442142,data/research/updates/2026-10-07-all_views-025.csv
2026-09-07T23:48:04,2026-09,【建投食饮||杨骥】今世缘业绩交流会更新：在实事求是的基础上稳住百亿（20260907）,"【建投食饮||杨骥】今世缘业绩交流会更新：在实事求是的基础上稳住百亿（20260907）

[玫瑰]中秋国庆预期：谨慎乐观，Q2全品系、全区域回正，#预计Q3、Q4在去年低基数+目前的成长态势下有望延续目前的状态，Q2的增长是占有率提升+市场总量恢复双重贡献。

[玫瑰]产品结构：Q2特A+转正，大部分区域的终端订单和开瓶消费实现了双位数的增长，#6月后四开对开周度监测来看呈现持续恢复状态； 淡雅的开瓶数量领先，#省外市场的淡雅增长约大两位数，公司加快淡雅放量，同时会审慎处理好淡雅放量和维系品牌力的平衡。短期公司积极把握行业百元价位带放量的窗口期，中长期仍然坚定品牌高端化。

[玫瑰]公司文化：工作实干争先，但是根本要实事求是，坚持长期可持续的发展态势，绝不会透支明年来做好今年，企业风格是兼顾稳健和积极进取，在当前环境评估下，#公司有能力在实事求是的基础下全年做到百亿。

[玫瑰]库存：公司对库存监控及时，且纳入到前方市场的考核，公司会用数字化体系按周、按月进行跟踪，全年希望做到库销比有减不增，目前总体库存可控、追求量价平衡，#现阶段是难得的品牌势能向上、消费者复购向好的阶段，公司积极利用该阶段实现份额提升。

[玫瑰]场景：# 四开对开的宴席场次有两位数的同比增长，档次是稳定的，去年以来单桌用酒量有下降。

[玫瑰]省外：26H1省外市场占比破10%对信心提振明显，安徽和山东25年销售额首次破3个亿，# 今年来看山东的结构和增速还要更好一些。

[玫瑰]省内：100-500是主阵地和主战场，600以上价位仍处拓展期。

[玫瑰]品牌打造：省内聚焦四开+V3，省外聚焦四开，# 中秋会请林依轮做品牌推广代言。

[玫瑰]消费税：近期消费税政策调整，主要系用条形码来监控一些小企业的偷税漏税，对大企业影响小，#预计消费税前置在三年内不太会落地。#

建投食饮杨骥团队
#一份支持、多倍回报~#",水木调研纪要,,0,0,429,https://wx.zsxq.com/group/88888142214212/topic/55521148258445114,data/research/updates/2026-10-07-all_views-025.csv
2026-09-07T22:49:58,2026-09,🍬# MLCC专家：库存出清进入尾声，价格拐点在9月中旬确认,"🍬# MLCC专家：库存出清进入尾声，价格拐点在9月中旬确认

🍬# 前期价格大跌主要来自太诱停产尾单集中投放+国产厂商同步去库存，目前这批货基本消化完毕，原厂库存已从高点4-5周降至2-3周，村田8月底开始交付明显收紧，三星则持续处于订单爆满状态，供给端正在重新进入紧平衡。

🍬# 价格端已经出现明确拐点信号：大几十个料号跌幅明显收窄，已有6个料号重新上涨，其中1206 105 50V单周涨幅达到29%；核心通用料0603 106也已经基本跌到位。产业反馈预计9月中下旬现货价格将逐步全面上涨，并按照“高容→低容”的路径扩散。

# 更重要的是这次并不是简单的补库存行情。AI服务器仍处于上量初期，MLCC单机用量显著高于传统消费电子，电源侧国产化已经较为成熟，GPU耦合侧，微容也已进入英伟达供应链；新增量：随着国产AI服务器持续放量，国产MLCC需求也有较强增量。

🍬# 供给端则很难快速响应。高端高容MLCC不仅受流延机、叠层机等设备交期限制，还受瓷粉、配方、良率和人才等多重壁垒制约，新进入者良率爬坡至少需要1-2年，中高端高容产能短期基本无法快速释放。

🍬MLCC当前已经从“价格下跌交易”逐步进入“价格反转交易”。一旦9月旺季需求进一步兑现，经销商在价格企稳后重新补库存，供需缺口可能被进一步放大，原厂端三星、三环Q4均已有明确涨价预期，幅度预计仍在20%-30%左右，而原厂Q3-Q4业绩会充分体现前期涨价收益。

by ty",水木调研纪要,,0,0,453,https://wx.zsxq.com/group/88888142214212/topic/55521148251848424,data/research/updates/2026-10-07-all_views-025.csv
2026-09-07T22:42:18,2026-09,【中信传媒】上海电影：为什么我们这么看好# 上海电影,"【中信传媒】上海电影：为什么我们这么看好# 上海电影

我们近期持续在向和我们团队密集交流的投资者推荐关注上海电影，并强调上海电影的逻辑不仅仅只是AI剧，# 我们更看重的是整个上影体系从IP到内容制作再到IP衍生经济以及线下文旅的全链路打通，在这个过程中AI放大了IP影响力以及打开了IP变现边界。

# 先看IP到内容制作再到IP衍生经济的闭环。《中国奇谭》以及《浪浪山小妖怪》的成功体现的是上美影体系对于新生代IP的内容创作和运营成功，并且跑通了IP系列化运营，后续《中国奇谭》系列以及《浪浪山2》等内容都非常值得期待，预计将进一步强化IP并带动衍生品销售。并且，这样的内容创新和运营经验有望持续复制在上美影老IP上，关注27年《雪孩子》等内容表现。

# 再看AI对IP和内容产业的赋能。上影较早与即梦AI达成战略合作，已推动AI创作活动及AI短片落地，验证“优质IP+AI视频模型”的内容生产能力。近期，字节加速推进“火山AI版权商业化平台”布局并加强“AI版权管理平台”的建设，也体现的是# 谁能为优质IP提供版权保护及内容安全防护以及合理的商业化分成，谁才能有机会和优质IP合作。AI模型加强追赶，优质IP以及内容制作方的议价能力将进一步凸显。

基于以上，我们继续强烈推荐# 上海电影。

玫瑰详询：中信证券传媒组 叶敏婷18710126889/林圳杭/卞榛",水木调研纪要,,0,0,451,https://wx.zsxq.com/group/88888142214212/topic/45548821458182228,data/research/updates/2026-10-07-all_views-025.csv
2026-09-07T22:40:05,2026-09,【长城证券-能源开采】煤炭再上车机会，煤价未到政策干预时点,"【长城证券-能源开采】煤炭再上车机会，煤价未到政策干预时点

[红包]煤价千元可期。秦港平仓价今日报982元，市场担心煤价过快上涨会引发政策调控。如果按照以前政策，这个时点也应该是1155元，忧虑为时尚早，而且还未到电厂的现金平衡线1000元。我们之前提到如果真的要调控，政策只能通过调节供给端，但当前【安全大于保供】的认识下，调供给端的难度在加大。能源危机的背景下，所有的政策限高阈值都有可能被拔高。

[红包]熟悉的节奏，煤炭的螺旋式上涨。7月1日开始煤炭一口气上涨30%，未经历明显调整，当前在浮盈丰厚的情况下，市场传压价小作为的背景下，煤炭的回调也是正常的。煤炭每一次顺溜的上涨30%，都会伴随一定的回调，进三退一，熟悉的配方，但此时也正是做好充分准备的大资金上车机会。截至目前，煤炭板块从最高点5根阴线后合计回落8%，此时应该看到的机会而非恐惧。

[红包]9月存在上车机会，推荐：动力煤弹性【兖矿、晋控、广汇】，焦煤【淮北、平煤、潞安】，稳健红利【神华、新集、中煤、陕煤、新集】

----------
【长城证券-能源开采-张绪成  13511050600】",水木调研纪要,,0,0,466,https://wx.zsxq.com/group/88888142214212/topic/14425518245828182,data/research/updates/2026-10-07-all_views-025.csv
2026-09-07T22:39:48,2026-09,振华股份受益北美AIDC建设的电力需求，卡位SOFC上游核心资源的景气，是BE（电池储能系统）关联的核心标的，业绩逐渐进入释放期；,"振华股份受益北美AIDC建设的电力需求，卡位SOFC上游核心资源的景气，是BE（电池储能系统）关联的核心标的，业绩逐渐进入释放期；

由于行业的环保要求高，新产能批建难度大（不仅海外，中国也不易扩产），公司通过收购新疆产能扩张市场份额。公司的资源整合包括：收购新疆晟红，新增5万吨铬盐产能；及新增产能：重庆基地布局10万吨新增产能，预计2027年底到2028年投产达产。

长期将受益于美国缺电大逻辑，叠加国家收储、BESS扩产催化，业绩进入释放期；而当前股价横盘半年后，已重新启动。

公司的核心主业为铬盐生产，产品涵盖重铬酸钠、铬酸钠、氧化铬绿、碱式硫酸铬、金属铬等，是全球铬盐行业龙头，铬盐产能折合重铬酸钠共29万吨，全球市占率达24%-25%，国内市占率约50%；金属铬产能2026年预计扩产至3万吨，同样处于全球头部梯队。公司是少有的拥有铬盐全产业链布局的企业，掌握无钙焙烧清洁生产技术，产渣量低，可在满足六价铬排放管控要求的前提下实现产能扩张，行业扩产壁垒下竞争优势突出。",水木调研纪要,,0,0,456,https://wx.zsxq.com/group/88888142214212/topic/55521148251824424,data/research/updates/2026-10-07-all_views-025.csv
2026-09-07T22:39:31,2026-09,20260907盘后消息汇总,"20260907盘后消息汇总

AI
1.PCB:从三季度启动价格传导，下半年将迎来新品拉货和盈利修复的双重利好，行业业绩兑现的胜率较高
2.测试仪器:是光模块设备中稀缺通胀环节，预计27-28年每年市场空间超200亿元
3.OCS:Lumentum今年OFC上对于Scale up OCS需求量的测算，XPU对于单端口的消耗有望达到1:10
4.华为时隔六年再次发布高性能芯片麒麟9050 Pro 为全球首款落地“韬定律”、采用逻辑折叠技术的旗舰芯片
5.中信建投：AI芯片电感从2025年到2028年市场规模扩容10倍以上

其他
1.央行：8月末黄金储备升至7,673万盎司 连续22个月增持黄金
2.泰国糖产量至少下降17%，加剧全球供应紧张局面",水木调研纪要,,0,0,456,https://wx.zsxq.com/group/88888142214212/topic/55521148251824244,data/research/updates/2026-10-07-all_views-025.csv
