时间,月份,标题,内容,作者,命中关键词,点赞,评论,阅读,原文链接,更新批次
2026-09-18T15:08:21,2026-09,午后情绪持续发酵，牛市的氛围越来越浓。新股【C沈鼓】作为情绪的窗口，直接达成2天10倍的壮举，市场一股复刻924的感觉出现。,"午后情绪持续发酵，牛市的氛围越来越浓。新股【C沈鼓】作为情绪的窗口，直接达成2天10倍的壮举，市场一股复刻924的感觉出现。

1.科技板块继续加强，尤其是次新股票，午后开始暴力拉升。【腾信精密】30cm涨停，【电科思仪】20cm涨停，【托伦斯】20cm涨停。新股带来的赚钱效应蔓延到科技的高振幅股票中，走出了类似924的逼空走势。

2.证券板块加强，【华鑫股份】【华金资本】涨停。同样是类似924级别的行情，科技和证券共振，因此一些不想追高的资金开始介入证券板块。

综上，目前盘面正在演绎924级别的节奏，次新，科技，证券，轮番上演。我们反复提及的全面牛市此时已经全面铺开，跟紧老师，节奏大于努力，选择大于思考。

顶点财经首席投顾胡豹A0380623060001；以上内容仅供参考，不覆盖所有，且不构成投资建议，分析预测不作未来收益承诺；非推荐股票，请勿盲目操作买卖，据此决策风险自担，投资有风险，入市需谨慎

如果你错过了9.24行情，新的9.24不要再错过了！[拳头]",水木调研纪要,,1,2,602,https://wx.zsxq.com/group/88888142214212/topic/82258258415822442,data/research/updates/2026-10-07-all_views-014.csv
2026-09-18T14:36:35,2026-09,高盛——中国房地产：专家电话会纪要——中期供给缺口、地方执行符合预期、长期展望及房产税,"高盛——中国房地产：专家电话会纪要——中期供给缺口、地方执行符合预期、长期展望及房产税

核心判断：短期供给暂稳、中期（2027年3月起）将出现12-18个月显著供给缺口、长期（2030年）量价有望企稳，房产税推出需等待市场完全修复。开发商需重构商业模式以适应现金流周期拉长与销售不确定性，行业格局加速分化，中端国企及强区域性本土房企将成为最大受益者。

关键判断与逻辑拆解

一、房地产市场：供给三阶段演化，需求韧性犹存

• 供给端：

◦ 短期（当前至2027年春节前）：开发商赶在8月28日前集中获取预售证，市场供给暂未大幅收缩，供需格局基本平衡。

◦ 中期（2027年3月—2028年9月）：现房销售或封顶预售新规导致新项目入市节奏骤降，叠加预售资金全额进监管账户、按揭贷款直至完工才发放，开发商缺乏抢工动力，预计出现持续12-18个月的显著供给短缺。

◦ 长期（两年后）：供给逐步适应新节奏并趋于稳定。

• 需求端：

◦ 4Q26：传统""金九银十""效应仍在，一手市场同比显著反弹，二手市场活跃度提升；部分买家因现房销售消除交付风险及延期还款优势而持观望态度。

◦ 中期：进入预期的新房供给真空期后，二手交易将部分对冲一手下滑，但能否完全弥补缺口仍存不确定性。

• 房产税：丁博士认为2030年前推出概率极低。税改前提需市场恢复至健康阶段——房地产FAI增速从当前-20%以下回归至约0%同比、一手销售增速从-10%以下回归至约0%、二手市场及销售均价（ASP）轨迹稳定。

二、开发商：商业模式重构，格局加速分化

• 模式调整：

◦ 现金流周期不可避免拉长，""十五五""期间投资与销售目标需下调20-30%。

◦ 重心从""抢预售""转向""抢交付""：18层/11层以下建筑工期可压缩至约18/12个月。

◦ 营销职能后置，市场调研与产品定位前置并显著提权。

• 压力最大群体：

◦ 大型房企：现金流压力最为显著，需进一步缩减运营规模至可持续水平。

◦ 融资困难的混合所有制（POE）房企：主导银行机制持续偏向国企，纯项目层面融资难以为继；若无法与国企建立合作获取开发贷，或将退出市场。

• 受益群体：

◦ 中端国企：规模适中、国资背书，历史上未激进扩张，在大型国企放缓拿地、弱POE退出的竞争环境中获得相对优势。

◦ 强区域性本土开发商：在低线城市凭借强劲开发能力建立区域主导地位，市占率有望突破20%。

• 存量库存去化：受制于财政约束，政府回购等非市场化手段不可行，存量去化只能依赖5-20年的漫长周期缓慢消化。

三、地方政府与土地市场：分化加剧，政策空间有限

• 土地市场：短期土地成交大幅收缩（低线城市尤甚），2027年3月左右趋稳。

• 地方政策对冲空间受限：银行执行严格（资金闭环管理、完工后放款），地方腾挪余地有限。武汉执行细则具参考价值——允许土地溢价分期缴纳、按单元进行完工验收、将""毛坯阶段""定义为住房""完工""以缩短开发商现金转换周期。

• 城市层级分化扩大：

◦ 高能级城市：若地价从当前20%+降幅回调10-20%，将轻易重获吸引力。

◦ 低能级城市：融资平台（LGFV）托底拿地难以持续，面临更大财政压力。

投资启示

""828新政""驱动的行业底层逻辑重塑已进入实质执行阶段。中期供给缺口与需求韧性的错配将支撑核心城市房价，但低线城市库存去化与财政压力仍是尾部风险。选股逻辑应聚焦：①中端国企（现金流安全边际高、受益于竞争格局改善）；②强区域性本土龙头（低线城市市占率提升逻辑）。规避大型高杠杆房企及融资受限的POE主体。房产税短期不构成扰动，2030年市场企稳后或成政策选项，届时需重新评估持有成本对投资需求的边际影响。土地市场复苏节奏与银行执行细节（如武汉模式推广）是未来6-12个月的核心跟踪变量。",水木调研纪要,,1,0,612,https://wx.zsxq.com/group/88888142214212/topic/82258258444558582,data/research/updates/2026-10-07-all_views-014.csv
2026-09-18T14:36:08,2026-09,宏昌电子-董事长交流笔记（更新0918/1）,"宏昌电子-董事长交流笔记（更新0918/1）

（1）公司有 3个主业：①CCL，介于金 A 和华 Z 之间；②环氧树脂，暂可忽略。③abf膜（自己叫GBF膜），知名度比其他两个业务高。

（2）对公司第一印象：宏和科技，同一个老板。本是同根生，一个210亿，一个1300亿。悬殊太大。

（3）最近催化在哪？——围绕mSAP光模块
1、1.6T明年交期很紧。上游多个方案推进，熟悉的是M8级别mSAP方案，而RCC是另一个选项。

2、core层来自宏仁CCL（M7/M8级别），树脂来自宏昌，PCB目前对接的包括迅捷兴等

3、GBF用在哪里？一是ABF载板（短期国内都不会很快），二是上述光模块领域。【GBF上涂PET离型膜，二是涂在铜箔上，最终用于HDI板】

4、3个合作方，宏昌（角色是CCL+膜）、迅捷兴（PCB）、诺沛（设计）。

5、为什么要用？做细线宽线距。

6、本轮定增规划GBF 384万平，按照接近300元/平价格对应10E以上满产产值。现在不能讲良率，拿到订单才能上量。

7、CCL是利润基本盘，9月涨价20%。单月出货120万张CCL，PP单月出货200万米，玻布要排队货（公司稼动率高、拿得到原物料）

8、什么是RCC？——全新定义1.6T光模块PCB，用了ABF膜的CCL（无布、有铜箔）、压合成的PCB。

（4）详细测算及笔记🉑私
--------
（一马平川）",水木调研纪要,,1,0,610,https://wx.zsxq.com/group/88888142214212/topic/82258258442111412,data/research/updates/2026-10-07-all_views-014.csv
2026-09-18T14:35:46,2026-09,【ZX制造】关注低位液冷标的：# 飞亚达：深南团队操刀液冷、20万套产能+头部客户订单开始兑现、低位液冷标的进入产业化拐点。,"【ZX制造】关注低位液冷标的：# 飞亚达：深南团队操刀液冷、20万套产能+头部客户订单开始兑现、低位液冷标的进入产业化拐点。

⭕# 深南老将挂帅、产业资源赋能是飞亚达切入头部算力链的重要优势。 公司董事长周进群此前在深南电路工作二十余年，从工艺一线成长至董事、总经理，并长期负责高端电子制造及核心客户业务。履新飞亚达后，公司全面推进精密制造战略转型，液冷成为重点投入方向，目前已与H客户、海光、寒武纪、曙光等国内头部芯片及服务器客户深度对接，管理层产业资源正在加速转化为实际订单。

⭕# 液冷产能规划由10万套上修至20万套、满产对应20亿元+产值。 公司产品一步延伸至Cold Plate+Manifold+QDC+管路+模组集成，单套价值量约1万元以上。当前规划产能已由此前10万套提升至约20万套，预计10-11月逐步进入生产阶段；同时深圳光明大型液冷生产基地正在加快建设，液冷业务的产能天花板进一步打开。

⭕# 技术端前瞻卡位微通道冷板、瞄准下一代高功率GPU散热。 Rubin平台已开始导入更高精度Micro-channel Cold Plate，后续Feynman对流道精度要求进一步提升，公司目前已具备更高精度微细流道加工储备。微通道冷板对加工精度、均流设计、压降控制、钎焊密封及量产良率要求显著提升，飞亚达长期积累的高精密加工能力与下一代芯片液冷技术方向高度契合，有望从普通冷板制造进一步向高壁垒芯片级冷板升级。

⭕# 客户验证正加速转向正式订单。公司已与国内多家头部芯片、服务器厂商深度对接，多款冷板及液冷成套组件已通过客户实验室测试，正式订单持续落地。

⭕# 海外链条同步突破，已在英伟达相关平台完成测试。公司样品此前已送往台湾客户测试，并在英伟达相关机器完成验证，后续有望承接台系液冷供应链外溢订单。国内直连头部算力客户、海外承接台系订单两条路径同步推进，客户结构和订单来源进一步多元化。

礼物空间测算：目标160e市值，有接近翻倍空间，主业就值当前市值，液冷暂未Price in。

🌟主业手表稳健增长，每年2e利润，20倍PE，40e市值
🌟长空齿轮预计Q3并表，大几千万利润，30倍PE，25-30e市值
🌟液冷先按照国内去算，20e产值，15%净利率（tier1） =3e，30倍，90e市值。考虑承接海外部分订单能贡献更多市值增量",水木调研纪要,,1,0,600,https://wx.zsxq.com/group/88888142214212/topic/14425425114888542,data/research/updates/2026-10-07-all_views-014.csv
2026-09-18T14:35:21,2026-09,💫技术升级&新技术齐头并进,"💫技术升级&新技术齐头并进

🐟1️⃣技术升级线：

•PCB半导体化
@mSAP：确定性放量，27/28年我们测算空间会达到62.5e美金/160e美金，再造一个AI PCB，容量看【景旺电子、深南电路】、弹性看【兴森科技、红板科技】
•伴随PCB升级
@m8+m9以及未来m10迭代，我们一直强调上游材料共进方向在hvlp4（最缺）+碳氢+化学法硅微粉（# 行业最新模型已更新 ），从确定性业绩看，Q3核心看【德福科技】、从技术升级→新高角度看，核心看好【东材科技、圣泉集团】、弹性看【凌玮科技、瑞丰高材（预期差最大】
@CCL今明年格局最大的赢家是【生益科技】（方方面面，包括switch tray，包括ptfe等等），弹性最大【华正新材】

•光模块散热升级
传统风冷极限仅 30~35W，3m/s 强制风冷最多承载 30W 以内模块，高功耗 1.6T 直接触达风冷天花板。1.6T光模块液冷升级，继续关注【瑞玛精密】

🐟2️⃣新技术方向：

•散热（金刚石）
@金刚石：产业推进加速，金刚石铜成为最有可能放量产品形态，单晶/多晶金刚石产业验证提速，关注国内HG和ALI、H，以及TJD订单节奏，关注台系冷板方案进展，核心【黄河旋风、国机精工、远东股份、沃尔德】、弹性主要【力量钻石、宏昌科技】

•电源&元器件（联系熊晟）
@SST：核心看好【四方股份】、弹性【京泉华】
@Drmos：我们测算27年全球空间在260e（海外占大头），关注vera Rubin 拉货进展带来的订单外溢，核心看好【晶丰明源】
@硅电容：我们测算28年整体市场空间在120e（不考虑涨价），核心看好【英集芯】

•玻璃基板（技术升级终极方向），位置最低
康宁公司将在全球范围内对以日元计价的显示玻璃基板产品实施15%及以上的价格调整，关注27年起量进展，核心【京东方】、弹性【奥来德】",水木调研纪要,,1,0,611,https://wx.zsxq.com/group/88888142214212/topic/45548548225112188,data/research/updates/2026-10-07-all_views-014.csv
2026-09-18T14:35:12,2026-09,🥇天风通信 | 观点重申：跌出来的空间，交易有望从预期转现实，# 再强调重视位置低&Q3业绩好的轮动修复机会！,"🥇天风通信 | 观点重申：跌出来的空间，交易有望从预期转现实，# 再强调重视位置低&Q3业绩好的轮动修复机会！

1、# 光纤光缆：  板块仍处较低位置，光纤价格依旧稳中有上，局势紧张有望加大无人机A2光纤需求，同时运营商D纤集采保供有望挤占数据中心A纤产能，三季报板块持续向好明确，也有远期保偏逻辑加持。# 持续重视：亨通、中天、长飞、永鼎、烽火。

2、# 大光：  Q3业绩加速确定性强，而位置相对最低，外部变量影响持续脱敏。# 天孚和源杰逻辑和业绩兼备，我们认为依旧有望成为大光里率先去突破新高的标的。# 旭创、新易盛、东山、光迅、华工、纳真预计H2到明年交付放量显著，位置最好，持续重点推荐。

3、# 小光：  OCS-NPO-CPO前期交易预期反弹较好，结合格局、订单和业绩确定性，# 持续推荐：华懋、剑桥、仕佳、蘅东光、博创、光库、瑞可达、长光

4、# 散热&金刚石：   长逻辑好，板块标的分散，过去未被充分交易筹码结构好，# 长期看好：国机精工、中石科技、沃尔德、四方达、中瓷电子。

5、# 国产链：  综合考虑位置、逻辑和变化，# 当前位置推荐：胜蓝股份、寒武纪、润泽科技、协创数据、东阳光、拓邦股份。

☎天风通信团队",水木调研纪要,,1,0,605,https://wx.zsxq.com/group/88888142214212/topic/14425425114881112,data/research/updates/2026-10-07-all_views-014.csv
2026-09-18T14:34:41,2026-09,[玫瑰]各位领导好，近期市场对BCB树脂的关注度持续提升，给大家再汇报一下我们对【联泓新科】的观点更新,"[玫瑰]各位领导好，近期市场对BCB树脂的关注度持续提升，给大家再汇报一下我们对【联泓新科】的观点更新

[玫瑰]BCB树脂为M9的纯新增量，主流报价200-300万/吨，是PPO的4-6倍，普通树脂的百倍以上。它的核心成分是BCB单体（苯并环丁烯），含量不同价格也不同，高比例的树脂产品价格超700万/吨。

[玫瑰]BCB单体商业化量产的主流工艺为FVP法，以邻二甲苯衍生物为起始原料，在高温真空下瞬间气化并通过石英管反应器，发生消除反应生成高活性中间体，再经快速冷却闭环得到BCB。该工艺对设备、温度和真空度要求极高，全球具备量产能力的企业极少，国内仅联泓旗下绵阳达高特一家能实现批量生产。

[玫瑰]再次重申重视BCB树脂及单体的巨大增量，达高特BCB装置从去年底开始持续满产，新产能已进入试生产阶段，正式量产爬坡仍在推进中，下游树脂放量后单体有望开启涨价通道，后市可期。",水木调研纪要,,1,0,596,https://wx.zsxq.com/group/88888142214212/topic/45548548225115828,data/research/updates/2026-10-07-all_views-014.csv
2026-09-18T14:34:33,2026-09,⭕锂电材料涨价新的一轮开启# 建投电新,"⭕锂电材料涨价新的一轮开启# 建投电新

➡️近期各种龙头公司下修排产的传闻极多引发市场担忧，总结来说就是：

①行业需求正常（全年40%+的增长，超出年初预期，国内电池企业储能+动力合计约50%的增长），其余电池企业排产均未下修

②材料涨价持续推进：包括铜箔、铝箔、隔膜等价格均在逐步落地中。铜箔、隔膜即将落地，铝箔新的一轮涨价函已经发出。

1️⃣铜箔：最紧张的材料环节，27年供给增长20%不到，需求增长28-32%

# 预计锂电箔近期加工费即将落地1-2k的涨价；# 9月电子箔也会迎来新的涨价，# 明年上半年有望看到新一轮涨价；RTF+HVLP高端放量已经开始。

标的：德福科技、海亮股份、嘉元科技、铜冠铜箔、中一科技、诺德股份等。

2️⃣隔膜：其次紧张的环节，27年供给增长25%
# 龙头公司进入最后谈判阶段，行业普涨已经2-3轮涨价2毛左右，目前剩龙头博弈

标的：恩捷股份、佛塑科技、星源材质、璞泰来

3️⃣铝箔：其次紧张的环节，27年供给增长25%，涂碳伴随LFP提升更加紧张

# 此前已经涨价1500-2000左右，涂炭箔新的涨价函已经发送，预计月底开始谈价，涂炭箔有望继续涨价1000左右

标的：鼎胜新材、万顺新材",水木调研纪要,,2,0,596,https://wx.zsxq.com/group/88888142214212/topic/55521521445885124,data/research/updates/2026-10-07-all_views-014.csv
2026-09-18T14:34:09,2026-09,【长江轻工&化工】消费级3D打印耗材深度：设备放量筑基，复购驱动成长,"【长江轻工&化工】消费级3D打印耗材深度：设备放量筑基，复购驱动成长

消费级3D打印加速普及，设备保有量增长与打印频次提升共同带动耗材复购，关注产业链成长机会。

1、设备普及：技术降本与生态完善，推动消费级市场扩容。千元级设备降低购置门槛，自动调平、多色打印改善使用体验，AI建模让个性化创作更加便捷，应用场景向家居、教育等领域延伸。据灼识咨询，2025-2030年全球消费级3D打印机GMV有望实现约36%的复合增长。

2、耗材复购：保有量与单机用量双升，打开持续成长空间。耗材需求随设备保有量积累而增长，模型内容丰富、使用频次提升有望进一步带动复购。据灼识咨询，全球消费级3D打印耗材GMV预计由2025年的13亿美元增至2030年的73亿美元，复合增速约41%。其中，FDM线材约占2025年消费级耗材市场的87%，为核心受益方向。

3、重点公司：关注头部品牌配套与上游材料放量。

家联科技：依托材料改性、规模制造及海外布局优势、成为头部品牌核心供应商，拟新增国内及泰国3D打印材料年产能合计5.4万吨，订单增长与产能释放有望带动业绩弹性。

海正生材：2026H1面向3D打印应用的PLA销量同比增长约169%，该领域收入占公司营收约49%，专用牌号拓展与新增产能投放支撑成长。

三绿科技：凭借自主品牌与全球渠道优势，分享第三方耗材市场扩容机遇。

欢迎交流：长江轻工&化工团队",水木调研纪要,教育,1,0,576,https://wx.zsxq.com/group/88888142214212/topic/82258258442118152,data/research/updates/2026-10-07-all_views-014.csv
2026-09-18T13:57:56,2026-09,铜箔从 HVLP2/3 升级至 HVLP4！,"铜箔从 HVLP2/3 升级至 HVLP4！

三代产品的计算板仍保持 M8+M4 不变，变化在于 VR200 新增的 CPX 板采用 M8.5，以及 44 层中间板采用 M8.5/M9。

VR200 的交换板 CCL 由 Elite Material 和生益科技 并行供应，而 CPX 板和中间板则由 Elite Material 供货！

26 层 HDI 的大规模应用显著增加。",水木调研纪要,,1,0,639,https://wx.zsxq.com/group/88888142214212/topic/22258258442544541,data/research/updates/2026-10-07-all_views-014.csv
2026-09-18T13:51:42,2026-09,RBC 关于美光：“我们与亚洲供应链的交流表明，2027 年 HBM 价格将上涨 80%至 100%，这应继续为 DRAM 综合平均售价带来顺风。”#外资交易台#,RBC 关于美光：“我们与亚洲供应链的交流表明，2027 年 HBM 价格将上涨 80%至 100%，这应继续为 DRAM 综合平均售价带来顺风。”#外资交易台#,水木调研纪要,,1,0,1016,https://wx.zsxq.com/group/88888142214212/topic/82258258448142152,data/research/updates/2026-10-07-all_views-014.csv
2026-09-18T13:24:16,2026-09,【浙商策略廖静池】美联储是“口头独立”还是“假戏真做”？——美债危机叙事辨析与下一步应对思路,"【浙商策略廖静池】美联储是“口头独立”还是“假戏真做”？——美债危机叙事辨析与下一步应对思路

[太阳]美国财政部试图托底美债长端利率但效果甚微，30年期美债收益率一度创2007年以来新高，“利率上、美元下”的背离也反复出现。要想理解当前市场的交易逻辑，关键在于把握“债务货币化、美联储独立性、强美元信用”三者之间的不可能三角。

[太阳]九月FOMC将至，当前美国政策选择面临的无非是两种基础情景的取舍：
1. 情景一：美联储“口头独立”，保债务货币化与美元信用，始终推迟真紧缩，结果是主权信用溢价推升长端收益率；
2. 情景二：美联储“假戏真做”，启动加息以修补美元信用，债务货币化阶段性受限，美元指数阶段性反弹，但紧缩周期的终点仍是择机重回宽松。

[太阳]针对上述两种情景，我们并不完全认同“加息则买红利、不加息则买科技”的市场主流观点。具体而言：
1. 若情景一发生，我们建议继续超配黄金、资源品/资源股、中国国债、短久期美债，红利配置侧重周期性红利股；科技股反而会因不确定性而高位震荡、内部分化，微盘风格受益于国内流动性充裕而承接抱团流出的部分资金。
2. 若情景二发生，我们的应对建议是以逆向思维去踩节奏：针对科技股，短期因悲观预期充足可积极交易靴子落地，中期对加息持续性保持敬畏心，长期看宏观洗礼后的新高远景。针对红利股，受益于美联储加息可采取与科技股节奏相反的镜像策略。针对微盘股，国内流动性保持充裕的前提下可参考红利的节奏。针对黄金，主要看信用对冲属性，加息周期阶段性弱势震荡，但美元金价长期看会创新高。针对大宗商品，信用对冲属性稍弱，震荡后价格仍由供需决定，中东冲突和厄尔尼诺是核心变量。

# 具体数据详见报告或联系团队成员

风险提示：美联储政策超预期风险；美国国债发行超预期风险；地缘冲突恶化；国内宏观政策不及预期风险。

☎️联系人：廖静池/王大霁",水木调研纪要,,1,0,586,https://wx.zsxq.com/group/88888142214212/topic/22258258448515811,data/research/updates/2026-10-07-all_views-014.csv
2026-09-18T13:24:03,2026-09,领导好，设备和2.5D+封装兼具锐度&位置&弹性的两只：,"领导好，设备和2.5D+封装兼具锐度&位置&弹性的两只：

1.国产量检测最先跑出重复机台的#【中科飞测】看到3000亿，国产量检测份额逐渐清晰，飞测量检测产品力得到客户认可，订单预期非常积极❗️

2.华为昇腾960、寒武纪690/790封装升级到-L，先进封装板块目前地板价，我们强推#【甬矽电子】先看600亿。28年主业5亿元净利，30x PE对应150亿元市值；CoWoS-L 27年5,000片/月满产对应年收入43亿元，稳态净利8-9亿元，考虑国产L稀缺性及后续万片扩产空间，50x PE对应400-450亿元市值。",水木调研纪要,,1,0,573,https://wx.zsxq.com/group/88888142214212/topic/55521521441282224,data/research/updates/2026-10-07-all_views-014.csv
2026-09-18T13:23:54,2026-09,【广发计算机刘雪峰团队 | 重申对星环科技的推荐】,"【广发计算机刘雪峰团队 | 重申对星环科技的推荐】

[玫瑰]根据公司公告，公司本次发行的H股预计于2026年9月21日在香港联交所挂牌并开始上市交易。公司本次全球发售H股基础发行股数为1401万股；公司已确定本次H股发行的最终价格为每股49港元。

[玫瑰]面向AI Agent场景的认知数据库已发布，性能表现亮眼。26年上半年，公司发布面向AI Agent的GPU原生认知数据库，提升复杂数据分析、 知识处理与检索以及人工智能推理链路的数据处理效率，帮助企业更快构建真正可落地、可持续演进的智能应用。公司深度应用了CUDA及RAPIDS等底层库函数，实现了其认知数据库基于GPU加速的向量检索性能提升了20至200倍。

[玫瑰]认知数据库（GPU原生）已处于试用阶段。根据星环科技官方微信公众号，7月18日，公司构建了认知数据库云服务，用户可以按需创建GPU数据库实例，支持结构化与非结构化数据统一管理，同时通过Token计费方式使用AI驱动的数据工程、数据分析与Agent开发能力。金融、制造、交通、零售、生物医药等行业客户已经开始试用认知数据库云服务。

[玫瑰]认知数据库商业价值逐渐清晰。认知数据库正处于从技术验证到场景探索的关键阶段，通过观察典型案例客户的使用情况，认知数据库给企业客户带来的商业价值有望逐渐清晰。后续认知数据库公有云版本的推出，推动公司商业模式逐渐向AI推理任务相关的数据流量收费转变，有望打开较大的潜在市场空间。根据此前报告测算，星环科技认知数据库面对的潜在市场空间约216亿-432亿美元。

[玫瑰]H股上市进展顺利，海外业务将获得有力支持。公司H股即将在9月21日在香港联交所挂牌并开始上市交易，其港股上市超预期的节奏将加快海外融资以投入其海外公有云业务。",水木调研纪要,零售,1,0,555,https://wx.zsxq.com/group/88888142214212/topic/82258258448541442,data/research/updates/2026-10-07-all_views-014.csv
2026-09-18T13:23:35,2026-09,【招商化工】最近重点推的肯特催化今天涨停！,"【招商化工】最近重点推的肯特催化今天涨停！

买不到肯特的继续推荐飞凯材料！最便宜的电子化学品之一！

#飞凯材料是国内光纤涂料龙头，市占率超50%，国际市占率20-30%，下游客户基本覆盖国内外大中型光纤光缆制造企业。随着AI数据中心和无人机等需求拉动，目前公司光纤涂料已开始陆续涨价，客户需求也显著增长，散单均按照提价后新价格签订，长单预计年底开始提价，产能扩建也已提上日程，看好量价齐升增厚业绩。此外，公司保偏光纤涂覆树脂也已向个别大型厂商实现批量供应。

飞凯材料是国内头部先进封装领域电子化学品供应商，主要客户包含国内大型半导体制造和封装厂商，如长电科技等，主要产品包括湿电子化学品，EMC，锡球等。随着芯片向更高密度的堆叠和更复杂的封装结构演进，临时键合胶可保证多层芯片对准与固定，支撑超薄晶圆减薄加工，缓冲不同材料之间的应力，公司是国内少数临时键合胶供应商之一，部分产品已通过客户验证，当前已形成小批量订单；公司自主研发的超低阿尔法微球目前已实现量产；公司半导体先进封装用厚膜负性光刻胶已通过国内主流芯片封装厂商的验证并形成小批量订单。上述产品有望适配2.5D/3D封装及HBM封装相关应用场景。公司半导体材料竞争地位领先，看好先进封装，HBM技术提升带来的增长机会。

光刻胶领域进口替代空间大。公司光刻胶产品包含应用在面板领域的正性光刻胶和负性光刻胶，该业务已形成稳定营收，以及应用于半导体领域的i-li­ne光刻胶及KrF光刻配套Ba­rc材料光刻胶，均已实现稳定量产。",水木调研纪要,,1,0,554,https://wx.zsxq.com/group/88888142214212/topic/14425425115211512,data/research/updates/2026-10-07-all_views-014.csv
2026-09-18T13:23:29,2026-09,⭐【XNDX】宁夏建材推荐：# 锚定华为算力龙一,"⭐【XNDX】宁夏建材推荐：# 锚定华为算力龙一

【❗️锚定华为算力龙一】公司为解决同业竞争问题加速资产转型，25年开始切入算力，背靠宁夏算力枢纽。国内纯血国产算力平台极度稀缺，而兄弟公司中建信息为华为第一大经销商，华为将给予公司极大支持，# 公司有望锚定华为算力龙一。

【收购集团石墨资产，定位中建材新材料平台】8月公司收购集团石墨资产，切入锂电负极，拥有精粉-石墨化-负极的全套产能，27年规划产能30wt，释放利润超3E。

# 公司PB=0.8，考虑石墨，剔除水泥业务27年PE=15X，重点关注华为算力生态机会。⭐推荐重点关注",水木调研纪要,,1,0,549,https://wx.zsxq.com/group/88888142214212/topic/55521521441244254,data/research/updates/2026-10-07-all_views-014.csv
2026-09-18T13:23:16,2026-09,＃持续看好国产算力＃2027年业绩上修,"＃持续看好国产算力＃2027年业绩上修

解禁+HBM供给过度恐慌的双重影响下，国产算力板块深度回调，迎来布局机会。

尽管当前＃订单需求＞芯片产能＞HBM备货，但各AI芯片公司已提前向存储代理或者原厂备货HBM3/3E（已陆续到货）。

✔国产AI芯片研发进度超预期（对标H卡）：

①昇腾950：26H1正式量产
②寒武纪690：26Q3正式量产
③海光DCU4：近期回片，27H2量产
④沐曦C700：近期回片，27H2量产
⑤燧原L600：近期量产
⑥摩尔S6000：已回片，27H2量产
⑦平头哥V900：近期回片，27H2量产
⑧天数天垓300：27H2量产
⑨壁仞BR200：27H1量产
……

✔产能+HBM备货情况（持续更新ing）：

①寒武纪：背靠字节，订单强确定性。＃已向银行贷款120亿（HBM3等产品的预付款），测算对应至少50万颗690的供给，叠加590和580订单，明年出货有望达700亿+收入，300亿+利润。

②燧原科技：背靠腾讯（第一大股东），订单强确定性。HBM和先进制程产能端来看，＃明年有望出货30w颗L600（单价10w），100亿+利润。

③沐曦股份：通过芯原已保证充足的C550、C700产能，＃同时备货100万+颗HBM3e（对应15万颗左右C700需求），明年有望出货350亿收入，150亿利润。

④摩尔线程：S6000回片顺利，且明年供给端充足。京东十万卡集群独供，明年有望近200亿收入。

⑤阿里平头哥：明年真武890出货30万颗，同时量产自用V900（对标H100的二代卡新架构），产能准备超50万颗。",水木调研纪要,,1,0,554,https://wx.zsxq.com/group/88888142214212/topic/14425425115214142,data/research/updates/2026-10-07-all_views-014.csv
2026-09-18T13:23:08,2026-09,【长江电新】爱旭股份：经营向好趋势明确，下半年已实现单月扭亏，提示底部布局机会,"【长江电新】爱旭股份：经营向好趋势明确，下半年已实现单月扭亏，提示底部布局机会

1、爱旭BC产品销售趋势向好，受销售结构优化影响，# 下半年已实现单月扭亏为盈，# 三季度有望扭亏。公司技改&新增产能Q4有望贡献明显增量；2026年底BC产能预期超30GW；27年出货量有望增长50%+，量利双增弹性明显。

2、公司订单持续供不应求，欧洲中高端销售溢价维持且市占率提升；国内组件效率强标落地进一步强化BC技术路线的竞争壁垒；东南亚、澳洲等海外市场同步起量，量增的同时亦保持一定溢价。

3、爱旭股份股价跌破前期低点，与基本面出现明显背离，但实际上我们认为爱旭在光伏行业中阿尔法优势显著，BC产品的售价成本优势有望逐步体现为超额盈利，# 提示底部布局机会！",水木调研纪要,,1,0,548,https://wx.zsxq.com/group/88888142214212/topic/22258258448542251,data/research/updates/2026-10-07-all_views-014.csv
2026-09-18T13:22:44,2026-09,【中金医药】医药工业十五五规划发布，创新产业链与国际化提速,"【中金医药】医药工业十五五规划发布，创新产业链与国际化提速

‼️9月18日，十部门发布医药工业“十五五”规划，突出创新药械、AI4S、产业链自主可控与国际化，对创新药、CXO、生命科学工具、制药装备及精准诊疗产业链形成积极影响。

📌2026年9月18日，工信部、国家发改委等十部门联合发布《医药工业发展“十五五”规划》。规划提出，到2030年规模以上医药工业企业营业收入达到3.5万亿元以上（2025年，2.5万亿），创新药产业规模年均增长20%以上；医药上市企业平均研发投入强度达到10%以上，FIC占全球创新药比例达到25%以上，累计上市创新医疗器械不少于200个，并培育50家百亿级企业、20个千亿级产业园区和5个以上全球年销售额超10亿美元的品种。政策重心已由规模扩张转向创新质量、产业效率和全球竞争力提升。

📌规划重点包括四条主线：1）强化源头创新：重点支持FIC/BIC、新型ADC、小核酸、多肽、细胞与基因治疗、核药及高端医疗器械；2）补强产业链短板：补强高端辅料、培养基、层析填料、仪器试剂、制药装备和工业软件等产业链短板；3）精准诊疗：推动基因测序、多组学、液体活检、AI病理等精准诊疗技术发展，贯通“检测—诊断—治疗”闭环；4）国际化：支持创新药国际多中心临床、海外注册及研发生产网络建设，提升创新药械和CRO/CDMO的国际竞争力。规划首次提到超限制造、太空制药、生物制造、量子计算、超级计算、计算医学、新一代脑机接口、异种移植器官、人工生命体系合成、类器官与器官芯片等前沿方向。

📌我们看好三类方向：一是受益于研发投入、国产替代和AI赋能的CXO、生命科学工具、仪器试剂等制药供应链，部分有望进化和成长中的AI4S企业；二是具备全球竞争力和持续BD能力的创新药械企业；三是具备海外临床、注册和商业化能力的国际化企业。规划首次系统覆盖高质量数据集、可信数据空间、医药垂类大模型及智能体，并将AI应用由靶点发现、分子设计拓展至临床试验、工艺优化、真实世界研究和智慧监管。预计AI4S发展提速，逐步形成“数据—模型—自动化实验—临床反馈”闭环。

🌟建议关注：AI4S，CXO，科研工具，创新药与创新器械。
💫具体欢迎与中金医药团队联系。",水木调研纪要,,1,0,578,https://wx.zsxq.com/group/88888142214212/topic/14425425115212822,data/research/updates/2026-10-07-all_views-014.csv
2026-09-18T13:22:09,2026-09,【长城机械 孙培德】矩子科技：平台型检测公司，光模块业务放量在即 | 坚定看好❗️,"【长城机械 孙培德】矩子科技：平台型检测公司，光模块业务放量在即 | 坚定看好❗️

光模块行业缺陷检测和AOI及AVI产品全面放量。相关产品应用于光模块行业SMT工艺环节中的外观缺陷检测，目前公司已拿到部分头部光模块厂商的订单，剩余厂商也在加速进行验证阶段，进展十分顺利，后续业绩贡献想象空间大。

公司将AI深度融合进AOI、AXI物理检测设备的完整业务链路，目前已可应用于SMT外观缺陷识别、AXI内部瑕疵检测、半导体封测缺陷筛查等，有效抬升缺陷检出水平、降低误报，同时缩短产线落地周期。对标欧姆龙，进口替代需求旺盛。

期待Xray等高价值量产品放量。公司持续加大在x射线方向的研发投入，重构其算法，同时能够支持高速/高精度两种模式 3D-CT工作方式，可在不同场景模式下，全面保障出众的检测速度、精度和检测效率，其性能优异已获得客户认可并已实现销售。

线缆组件业务受益于下游半导体设备beta，二季度开始大幅放量。目前下游客户包括：拓荆、中微、华海清科+应用材料、拉姆、科磊；当前马来西亚工厂已实现盈利，今年净利率修复明显，明年增速十分可观。

欢迎交流！",水木调研纪要,,1,0,506,https://wx.zsxq.com/group/88888142214212/topic/82258258448521552,data/research/updates/2026-10-07-all_views-014.csv
2026-09-18T13:21:54,2026-09,【斗山拟投资9700亿韩元扩大AI芯片材料生产】财联社9月18日电，据报道，韩国斗山集团计划投资9700亿韩元，扩大AI半导体核心材料“覆铜板（CCL）”的生产。斗山计划首先在韩国投资4200亿韩元，…,【斗山拟投资9700亿韩元扩大AI芯片材料生产】财联社9月18日电，据报道，韩国斗山集团计划投资9700亿韩元，扩大AI半导体核心材料“覆铜板（CCL）”的生产。斗山计划首先在韩国投资4200亿韩元，扩建光模块用CCL生产线。该公司计划在目前运营的全北益山金堤、忠北曾坪、庆北金泉工厂中，扩建其中一处的生产线。此外，斗山还将投资5500亿韩元在中国再建一座用于AI加速器和网络交换机的CCL生产工厂。该公司计划从2028年起提高韩国和中国扩建工厂的产量。,水木调研纪要,,1,0,483,https://wx.zsxq.com/group/88888142214212/topic/55521521441254584,data/research/updates/2026-10-07-all_views-014.csv
2026-09-18T13:21:51,2026-09,❗【天风电新】科泰电源更新推荐：报表质量验证业绩拐点，三张表交叉印证海外盈利弹-260918,"❗【天风电新】科泰电源更新推荐：报表质量验证业绩拐点，三张表交叉印证海外盈利弹-260918
——————————
【核心观点】：
#跳出单一订单视角，从资产负债表、利润表、现金流量表三维财务指标看，科泰电源26H1报表拐点已经确认。合同负债、在手订单作为前瞻指标大幅增长，营收与利润同步高增，经营现金流同步兑现；Q2阶段性高研发、坏账计提属于短期扰动，不改变中长期盈利上行趋势。

当前市场更多关注短期利润扰动，低估报表持续改善与欧美高毛利业务放量带来的盈利弹性，后续有望迎来业绩估值双击。

🌼资产负债表：合同负债大幅预增，轻资产扩张无大额资本开支压力。

截至26H1合同负债5.99亿，较年初+113%，代表客户预收货款、锁定未来收入。在手未履行订单约40亿元，约为半年收入2.6倍，新签订单持续加速。

存货增长来自订单驱动的主动备货，并非滞销积压；应收账款随业务规模扩张抬升，但客户结构持续向海外优质Colo商、总包客户切换，回款质量有望持续优化。

公司扩产全部采用租赁厂房模式，仅需投入行车、测试设备，无需大额固定资产投入，资产负债表无重资产包袱。

🌼利润表：海外区域结构重塑打开毛利空间，盈利中枢上行趋势明确。

26H1实现营收15亿元，同比+111%；归母净利润5558万元，同比+132%，盈利增速高于收入增速。分区域盈利梯度清晰：国内毛利率约10%‑12%、东南亚毛利率约15%‑18%，26Q2综合毛利率抬升主要来自东南亚业务占比提升至50%以上；2027年欧美高毛利项目集中交付，有望进一步拉动整体毛利率上行。

26Q2研发费用4800万属于阶段性高点，主要用于海外产品认证与新场地配套设备投入，属于业务前置投入，后续研发费用有望回归常态。公司轻资产扩张，租金为固定成本，营收规模放大后规模效应逐步显现，边际盈利弹性持续释放。

🌼现金流量表：经营现金流大幅改善，盈利具备现金流支撑。

26H1经营活动现金流净额4730万元，同比+174%，现金流增速显著高于利润增速，印证收入不是纸面富贵。合同负债大幅抬升本质是客户提前支付项目货款，经营性现金流入前置，有效降低项目垫资压力。

🌼投资建议：
保守测算预计27年收入80亿、净利率6%对应近5亿元净利润。按当前趋势28年收入有望120亿、净利率7‑8%对应8‑10亿利润。

给予27年25X PE，目标市值125亿，向上40%以上空间，维持重点推荐。
——————————
欢迎交流：孙潇雅/高鑫",水木调研纪要,,1,0,475,https://wx.zsxq.com/group/88888142214212/topic/45548548228452558,data/research/updates/2026-10-07-all_views-014.csv
2026-09-18T13:20:57,2026-09,【财通钢铁侠】再call功率：安森美发布涨价函0918中午,"【财通钢铁侠】再call功率：安森美发布涨价函0918中午

各位领导中午好，# 我们看到安森美（onsemi）也发布了最新的价格调整通知，宣布将对广泛的产品系列实施价格调整，新价格将于2026年10月10日起生效。这已经是其今年第二轮（上一次在4月1日）涨价。

值得注意的是，不仅全球功率龙头安森美进入涨价周期，陆系、台系功率企业同样高景气。今年9月，大陆头部功率公司也在筹划涨价；今年10月，台系厂商（强茂、台半等）拟10月对现货再提价10%-15%。

‼️功率板块筹码好，涨价周期中三四季度业绩可期，建议板块平铺，# 其中首选标的：新洁能，宏微科技，捷捷微电，东微半导等。",水木调研纪要,,1,0,507,https://wx.zsxq.com/group/88888142214212/topic/22258258448528821,data/research/updates/2026-10-07-all_views-014.csv
2026-09-18T13:20:37,2026-09,Meritz 证券：GB200 NVL72、GB300 NVL72 及 VR200 NVL144 的价值链、规格与材料选择。,Meritz 证券：GB200 NVL72、GB300 NVL72 及 VR200 NVL144 的价值链、规格与材料选择。,水木调研纪要,,1,0,509,https://wx.zsxq.com/group/88888142214212/topic/14425425115242252,data/research/updates/2026-10-07-all_views-014.csv
2026-09-18T13:19:54,2026-09,【中信酒类】白酒中秋旺季备货渠道交流反馈要点20260917,"【中信酒类】白酒中秋旺季备货渠道交流反馈要点20260917

[红包]苏南白酒经销商，反馈截至目前中秋国庆回款、动销同比均有不同程度的下滑

洋河
-2026 年任务大部分按 2025 年实际完成量签订（持平），但绝大多数经销商未按进度完成，截至目前完成比较好的约85%，大部分在 65-70%。海之蓝今年压力较大，苏南这块淡雅 105-110 元 vs 海之蓝 130 元，每箱差 100 多元，这个价格带的消费者非常敏感。天之蓝、M3 水晶版、M6+ 虽下滑但幅度已低于四开，次高端消费者已有回流洋河。

-公司这两年的去库存、保价格、费用投向消费者、业务人员与办事处/事业部调整等方向都对，但由于整体需求较弱，目前效果还不是特别显著。洋河不再压货、考核实际动销后，渠道库存下降明显，经销商库存 2.5~3 个月（比合理库存略偏高）；终端店库存同比明显下滑、接近两个月内，远低于今世缘终端库存。

今世缘
对开、四开、V 系下滑 25-30%；四开批价从去年 9 月的 405 元跌至 385-390 元，库存在增加；单开、淡雅、K3/K5 等 200 元以下产品下滑较小，淡雅个别渠道还在增长。公司中秋追加经销商回款、给政策保回款，经销商愿意进货、终端愿意拿货、动销好，但专家有担心未来会出现毛利下滑、库存累积的问题。

其他品牌
五粮液专卖店完成全年任务近 80%（转码部分未计入任务，实际相当于去年 100%），但零售动销一季度下滑约 6 个点、二季度末至今下滑约 15 个点，宴席占比从 30% 明显下滑；玻汾经销商个体回款持平但动销下滑（线上订货分流+区域内配额分散），区域玻汾消费总量反而增长；青 20 动销下滑 4-5% 且库存累积；舍得回款同比下滑近 30%。

[红包]河南白酒大商，反馈今年中秋同比持平微增

茅台，回款完成全年合同量 85%（去年同期 80%），货已全部到；库存约 2 周（去年同期约 4 周）——在去年低基数上修复不错。判断中秋及四季度批价在 1700-1800 区间浮动、不会大涨大跌。

茅台系列酒，各产品平均完成 80% 多、接近 90%（含公司控货一个多月因素，否则全年合同已基本完成）；签约量未增，库存从去年近 3 个月降至 1 个多月。1935 从 1000 多元跌到六七百后销量大爆发。

五粮液，完成 70%（去年同期 80%），合同量未增未减；库存从去年 2 个多月降至 1 个多月。回款慢因公司没硬压+上半年掉价多、经销商担忧；但动销并未下滑。只要节前稳住 770 左右，节后公司再控制一下，很有希望拉回 800，换了新领导后经销商选择相信并愿意配合挺价（库存升值）。

国窖 1573，完成 50%（前半年一直挺价、公司没要求打款）；上周公司调整、费用上给补贴，预计 9 月底能赶到 70%；渠道库存约 1 个月，去年也低。

珍酒，完成 80% 左右（去年同期约 70%），进度比去年快，库存约 2 个月、不高。大珍（批价约 530、每瓶挣大几十元）今年已卖 800 多箱，超去年全年（700 多箱，但去年 7-8 月才开始做），大珍消费群体是""有独立主见""的企业家意见领袖+部分体系内人员带动。

---
仅为区域经销商反馈，存在样本偏差；具体详细内容，欢迎沟通",水木调研纪要,零售,1,0,474,https://wx.zsxq.com/group/88888142214212/topic/45548548228482458,data/research/updates/2026-10-07-all_views-014.csv
2026-09-18T13:19:30,2026-09,【西部计算机】AI可以快速高质量写算子，利好国产算力,"【西部计算机】AI可以快速高质量写算子，利好国产算力

[太阳] 国产算力最薄弱的软件层正在被AI快速补上。国产AI芯片的痛点从来不在硬件峰值算力，而在算子库不完整、迁移成本高、开发者生态薄弱。AI自动生成算子的能力，正把“手写高性能kernel”这件稀缺的人力密集型工作，变成可规模化、可自动化的工程能力，国产算力的“短板”正在被系统性填平。

[礼物] 算子自动生成已在国产平台上跑通闭环，效果超预期。智源FlagOS的KernelGen平台已支持英伟达、摩尔线程、华为、海光、天数等多种芯片，50%生成算子在同等算力下性能达到或超过CUDA原生算子。国产芯片的软件生态，正在从“人工适配”切换到“AI量产”。

[烟花]核心标的：盛科通信、寒武纪、海光信息。

郑宏达 谢忱 李想 王朗",水木调研纪要,,1,0,457,https://wx.zsxq.com/group/88888142214212/topic/55521521441215124,data/research/updates/2026-10-07-all_views-014.csv
2026-09-18T13:19:17,2026-09,晶泰科技拟向美国FDA提交KQTD-126 IND申请晶泰科技（2228.hk） 今日宣布，计划于下周向美国FDA提交候选创新药的临床试验（IND）申请，拟用于治疗肠易激综合征相关腹痛或慢性内脏痛等适…,"晶泰科技拟向美国FDA提交KQTD-126 IND申请晶泰科技（2228.hk） 今日宣布，计划于下周向美国FDA提交候选创新药的临床试验（IND）申请，拟用于治疗肠易激综合征相关腹痛或慢性内脏痛等适应症。

该药物由晶泰科技AI药物设计平台驱动研发，＃有望成为首个兼具双靶机制与肠道限制属性的临床申报候选药物。

该候选分子采用肠道限制性策略，临床前数据显示其对TRK靶点具有低纳摩尔水平的强效抑制（IC₅₀ < 1 nM）及优异选择性。

药物主要在肠道局部发挥作用，全身暴露极低，在保障肠道局部疗效的同时，大幅降低全身暴露引发的安全隐患，破解慢性疼痛长期用药的安全窗口难题。

研发依托晶泰科技的计算设计与实验闭环平台，＃实现了双靶活性、选择性、组织暴露及成药性的多参数协同定向调控。

获得监管许可后，＃晶泰科技将推进首阶段临床研究，全面评估该候选药物的安全性、耐受性、PK特征及初步疗效。",水木调研纪要,,1,0,431,https://wx.zsxq.com/group/88888142214212/topic/14425425115255252,data/research/updates/2026-10-07-all_views-014.csv
2026-09-18T13:19:11,2026-09,‼️【豆包座舱助手正式落地：AI Agent从手机走向汽车，中科创达有望受益于座舱AI化加速】,"‼️【豆包座舱助手正式落地：AI Agent从手机走向汽车，中科创达有望受益于座舱AI化加速】

📣事件：9月17日，豆包与火山引擎联合发布AI原生车载助手“豆包座舱助手”，首款合作车型荣威家越07即将开启预售，上汽奥迪相关车型也将在年内亮相。与传统车载语音不同，# 新方案已经能够打通车控、导航、辅助驾驶及娱乐等数千个整车原子能力，AI开始真正进入“感知—推理—执行”闭环。

👉🏻我们认为，本次落地最大的产业意义，是车载AI正在从“接入一个大模型”升级为“重构智能座舱操作系统”。火山引擎此前披露，豆包大模型已搭载超过700万辆汽车，覆盖50多个品牌、145款车型，随着豆包座舱助手进一步产品化，未来车企对于底层OS适配、Agent编排、车云协同以及整车能力调用的需求有望明显提升。

# 我们重点关注中科创达。公司此前明确表示与豆包存在合作，并与火山引擎共建联合实验室，推动大模型在车端和智能硬件端落地；公司2025年半年报还披露，已联合火山引擎基于火山方舟Mass平台开发GUI Agent，用于AI座舱自主规划、推理和UI执行。

中科创达处于# 大模型—车载OS—Agent—整车控制之间的系统软件层。若豆包座舱助手从荣威进一步向上汽奥迪及更多车企扩散，智能座舱的软件价值量和系统集成复杂度均有望提升，中科创达作为车端基础软件厂商具备较高产业映射度。",水木调研纪要,,1,0,422,https://wx.zsxq.com/group/88888142214212/topic/22258258448585411,data/research/updates/2026-10-07-all_views-014.csv
2026-09-18T13:18:33,2026-09,[太阳]鸿富瀚：液冷国内链领军企业，海外客户加速突破,"[太阳]鸿富瀚：液冷国内链领军企业，海外客户加速突破

# 阿里进展
液冷模组份额40-45%，和思泉差不多，台达还有一部分。
单柜价值量70e左右，净利率20%左右，考虑到验证周期长，预计价格2-3年内不会有太大变化。
今年预计总共出1000+柜，其中Q3预计300+，Q4预计单月出货200柜+，全年预计收入7e+。
27-28年预计阿里总采购量为1/4万台，按40%份额计算公司供货量为0.4/1.6万台，28年有望达到百亿收入规模，20e利润弹性。

# 其他产品
VC：AWS和AMD各1e订单。
Manifold：Rack Manifold拿到NV的RVL
另外液冷模组给Meta、AWS、腾讯已经送样。

# 产能
当前液冷总产值80e，其中梅州25e，苏州40e，泰国5e，越南10e+。

# 其他
26年主业消费电子结构件+自动化装备预计收入12e左右，其中自动化业务由去年的千万级别增长至3e，消费电子有望受益于苹果20周年。电站业务26年9月并网，开始贡献利润。

27年预计公司主业+电站3e利润，20X，60e市值；仅考虑阿里增量液冷利润有望达到6e，考虑海外增量后有望突破8e，30X，240e市值，目标市值300e。",水木调研纪要,,1,0,408,https://wx.zsxq.com/group/88888142214212/topic/45548548228442288,data/research/updates/2026-10-07-all_views-014.csv
2026-09-18T13:18:05,2026-09,【天风电子】为什么GPU中当前最看好沐曦：当前最便宜的GPU公司,"【天风电子】为什么GPU中当前最看好沐曦：当前最便宜的GPU公司
🌟二线GPU之前陷入缺供给、格局乱、估值高的困境，而近期纷纷上修，预期差修复最为明显。
🌟沐曦边际变化最大：
1️⃣公司口径上修最为明显：# 百亿👉几百亿
2️⃣供应链验证最为闭环：wafer&存储大量、一站式解决，供应链能力遥遥领先同业、远超市场预期
3️⃣三季度：预期有良好反馈
4️⃣毛利率：持续高于一般同业的毛利率水平，从供应链角度看优势还会拉大。
5️⃣大客户：一二线CSP客户需求均有明显支撑，这一点也有预期差。

❗️昨日强推，持续看好 [抱拳]
欢迎交流，联系人：李双亮/陈磊/高静怡",水木调研纪要,超市,1,0,407,https://wx.zsxq.com/group/88888142214212/topic/82258258421844582,data/research/updates/2026-10-07-all_views-014.csv
2026-09-18T13:17:59,2026-09,"【开源海外】功率半导体最新调研跟踪：涨价的""宣布期""结束、进入""兑现期""","【开源海外】功率半导体最新调研跟踪：涨价的""宣布期""结束、进入""兑现期""

# 华润微
涨价：2 月、7 月两轮在三四季度逐季体现；
# 客户接受度是本轮最大变化：Q1  仅约 10% 下游接受涨价, Q2 提升到50-60%，车企涨价逐步落地
成本：硅片占上游总成本 60%（单价涨 5%， 成本端 +3%）；缓冲垫是 6/8/12 寸国产化率都在 80% 以上，贵金属靶材成本翻倍
三季度预测：下游全系列 ASP 综合下来涨 6-7%，风光储、工业设备能涨 15–20%
被低估的一块：8 寸代工毛利率已接近 50%
第三轮涨价：订单能见度 9 个月，或在9月底10月初再度涨价

# 芯联集成
7 月涨价 15–25%，实际落地约 10%
生产周期 2.3 个月 → 要到 Q4 才部分体现，Q3 报表里主要还是上一波涨价
上游成本涨 5% 以内

# 扬杰科技
第二轮整体已涨约 5 个点
车企那边还在继续商谈

# 新洁能
9 月规划第三轮涨价，预计15-20%涨幅，AI 电源 + 无人机机器人是新故事
AI：通过美国厂商切入 48V→12V 二次电源，HVDC、SST 已送样；SiC 下半年起放量

# 华虹宏力
年内三轮涨价已完成：Q1 全平台 5–15%，Q2 定向微调两轮各 3–5%；累计存储 ~20% > BCD 12–13% > 功率 ~10%，Q2 实际均价只涨 7%（低价 BCD/MOS 占比拉低），IGBT前期无涨价、下半年启动涨价。
三季度后市场已执行二轮涨价后价格，下游客户对新一轮涨价有一定抵触。

_______________________
联系人：初敏、李睿娴",水木调研纪要,,1,0,411,https://wx.zsxq.com/group/88888142214212/topic/45548548251825188,data/research/updates/2026-10-07-all_views-014.csv
2026-09-18T12:31:50,2026-09,【端侧AI产业链异动点评：硬件全面扩散，产业拐点正在加速确认，重视中科创达平台型价值】,"【端侧AI产业链异动点评：硬件全面扩散，产业拐点正在加速确认，重视中科创达平台型价值】

今日端侧AI方向明显走强，# 乐鑫科技涨约9%、美格智能涨约7%、恒玄科技涨约7%、星宸科技涨约9%，资金开始从单一AI算力主线向“端侧AI硬件+智能终端应用”扩散。我们认为，这并非简单题材轮动，而是端侧AI产业拐点逐步确认后的估值重构。

从产业趋势看，大模型正从云端加速向手机、汽车、AIoT、可穿戴设备等终端下沉。随着模型小型化、端云协同、低功耗芯片以及Agent能力成熟，端侧AI已经从此前“能不能部署”，进入“能不能真正形成产品体验和规模出货”的阶段。乐鑫科技对应AIoT芯片，恒玄科技卡位智能穿戴与端侧SoC，星宸科技受益智能视觉，# 美格智能则直接受益AI模组及智能终端算力升级，产业链正在出现明显的多点共振。

当前尤其建议重视# 中科创达。相比单一芯片公司，中科创达更接近端侧AI“软件平台+操作系统+智能座舱+边缘计算”的核心入口。近期豆包座舱助手开始进入量产车型，也进一步验证AI Agent正在从手机向汽车迁移。未来智能座舱竞争核心将从传统车机功能升级为“感知—推理—执行”的AI原生交互，中科创达在智能座舱OS、车载软件平台及海外客户基础上的积累，有望直接受益于这一轮汽车AI化升级。

我们认为，端侧AI正在从主题投资逐步进入产业兑现阶段，后续重点观察新品放量、AI终端渗透率及汽车Agent落地节奏，中科创达有望成为这一轮端侧AI应用侧的重要观察标的。",水木调研纪要,,1,0,420,https://wx.zsxq.com/group/88888142214212/topic/22258258424512441,data/research/updates/2026-10-07-all_views-014.csv
2026-09-18T12:03:55,2026-09,长期10年的不确定叙事vs短期确定性的总量增长，后者肯定更重要，强call BCB树脂方向：#α看呈和科技/β看东材科技#,"长期10年的不确定叙事vs短期确定性的总量增长，后者肯定更重要，强call BCB树脂方向：#α看呈和科技/β看东材科技#

[太阳]产业趋势方面，AI高速传输倒逼M9/M10板材升级，BCB凭借超低损耗、热稳性好，未来碳氢BCB树脂的用量将进一步大幅增加。

[礼物]实业调研方面，一是头部国际CCL厂把M9里BCB掺量由30‑40%上调至50‑60%，新版本正在下游验证；二是今年Q4 M10多路线定型，无论最终哪条方案胜出，都要提升BCB用量；叠加当前全球单体产能偏紧，供给约束明显；2027年起随M9批量出货，需求有望快速起量，国产具备卡位的企业弹性突出。

[红包]建议重点关注潜在BCB树脂新星#呈和科技，公司主业明年业绩约6-7e，对应25倍pe合理估值。若考虑BCB树脂期权，按照年产500吨✖️300w/吨来展望，未来市值或还有翻倍空间📈",水木调研纪要,,2,0,432,https://wx.zsxq.com/group/88888142214212/topic/45548548255282158,data/research/updates/2026-10-07-all_views-014.csv
2026-09-18T12:03:33,2026-09,⭕【固德电材】全方位提供各类AIDC母排,"⭕【固德电材】全方位提供各类AIDC母排

⭐️公司定位：围绕电学/热学材料，覆盖电力（发电&输电）、新能源（新能源车&储能）、AIDC三大领域、四大业务板块：

1️⃣ # 传统电力装备绝缘材料（现金流基本盘）：干式浇筑技术国内仅两家具备，客户为东方电气、特变电工、思源电气等，无大额资本开支，现金流稳定。

2️⃣ # 锂电池云母热失控防护材料（海外放量）：全球核心供应商（可比浙江荣泰、平安电工），云母全产业链垂直一体化，成本+品控双壁垒；2026 年增量来自特斯拉、比亚迪、福特，2027 年新增丰田；美/日新能源渗透率仅 6%-7%/3%-4%，海外渗透空间大。

3️⃣ # 铜铝复合材料（高增引擎）：固液连铸连轧工艺，界面原子级结合不可剥离，主要用于电芯顶盖极柱及连接母排；公司2025Q4 量产，目前月销约 1000 万元，预计3年内基本完成替代，预计2030年动力+储能市场空间超 200亿元。

4️⃣ # AIDC母排业务（重点布局）：收购正勤电子后实现“从发电厂到芯片”母排产品全覆盖，由柜外电力母排延伸至柜内、芯片级，产品包含电力浇筑母排、电力密集型母排、轨道母排、机架母排、柔性及叠层母排。

核心驱动：随着机柜功率密度升级+高压直流架构落地，母排需求量与技术壁垒同步提升；按照单座 20MW AIDC 对应母排营收约 1650-1800 万元，按年均新增 20GW 测算市场空间约200亿元。

⭐️振勤电子：安费诺母排核心供应商（间接供货英伟达），2026 年营收约 4 亿元，对赌净利润 1800 万元；公司后续将推进墨西哥工厂布局，主攻海外高盈利市场，同步争取泰科、字节等订单，2027 年目标营收 6-7 亿元，未来三年复合增速 ≥40%。

盈利预测：2026H1公司营收约7.7亿元（同比+68%），归母净利润 1亿元（同比+22%）；研究员预计26/27年PE 32/20X。",水木调研纪要,,1,0,428,https://wx.zsxq.com/group/88888142214212/topic/14425425144151452,data/research/updates/2026-10-07-all_views-014.csv
2026-09-18T12:03:25,2026-09,⭕【万讯自控】主业稳健修复+半导体压力传感器放量在即，MFC蓄势待发,"⭕【万讯自控】主业稳健修复+半导体压力传感器放量在即，MFC蓄势待发

⭐️核心逻辑：①战略收缩民用优化费用，工业检测27年看10 亿元营收、1.2-1.5 亿元净利润；②半导体压力传感器承接美系替代订单，27 年3-4 亿元收入、净利润接近 1 亿元；③半导体 MFC 验证中，属于免费期权，#  目前公司市值仅32亿，对标高凯（300 亿市值）。

1️⃣ #  仪器仪表主业（基本盘、恢复27年净利润1亿元+）
公司营收中工业类占比 80%、民用类占比 20%。#  近年利润拖累主要来自民用燃气业务行业竞争加剧下亏损，经过收缩调整，26H1 已实现扭亏，预计27年恢复正常盈利水平；工业类主要受益于核电需求增量，主业景气持续向上，增速15-20%。

2️⃣#  半导体压力传感器（目标27年净利润近1亿元）

#  替代逻辑硬、订单确定性强。2024年底受美系客户邀约，承接其压力传感器/变送器供应商（该供应商 27 年撤出中国）替代份额，客户指引 27 年起给予 1 亿元+压力类产品订单，也在洽谈其他产品合作

3️⃣ #  半导体MFC（附送期权）

#  技术路线占优：主打压差式路线，与海外龙头 Brooks 一致，性能全面优于热式，重复精度、稳定性、多气体切换适配性优异，适用于更高制程需求，#  市场份额逐步提升

#  验证推进中：国内已有2-3家客户送样验证，样品同步寄往德国分支机构送测

#  量产无瓶颈：针对供应偏紧的压电陶瓷等，已提前备货并可依托过往海外合作渠道保障供应。",水木调研纪要,,1,0,422,https://wx.zsxq.com/group/88888142214212/topic/14425425144151542,data/research/updates/2026-10-07-all_views-014.csv
2026-09-18T11:37:37,2026-09,花旗，月度 AI 代币使用量趋势 (Monthly AI Token Usage Trend),"花旗，月度 AI 代币使用量趋势 (Monthly AI Token Usage Trend)

月平均复合增长率 (MoM CAGR，25年1月~26年8月)：31%

2026年8月同比去年同期增长率 (YoY growth)：2,434%

（最近加速更明显：7月到8月约为+53%，远超平均值(31%)）",水木调研纪要,,1,0,456,https://wx.zsxq.com/group/88888142214212/topic/55521521455285554,data/research/updates/2026-10-07-all_views-014.csv
2026-09-18T11:35:41,2026-09,另一家数据机构 Omdia：内存,"另一家数据机构 Omdia：内存

> DRAM行业收入预计将在2026年达到3720亿美元，同比增长惊人的147%，而NAND收入预计将达到创纪录的3000亿美元，同比增长311%。

> 内存约占超大规模数据中心总资本支出的10-15%，但考虑到更高的DDR价格以及HBM4驱动的密度扩展，单纯的内存支出可能就占到15-25%。

> 每台服务器DRAM平均含量预计将从2025年的1032GB增长到2026年的1432GB，同比增长39%，这一增长由对内存需求呈指数级增加的AI推理工作负载驱动。

> DRAM履约比率在整个2025年一直保持在1.0倍以下，并预计在2026年的四个季度中均将保持在1.0倍以下。

> HBM占DRAM行业总产量的份额将从2025年的12%上升至2026年的15%，位增长同比增长103%。

> NAND价格上涨预计将持续整个2026年，价格在全年任何时候均不会下降。",水木调研纪要,,1,0,452,https://wx.zsxq.com/group/88888142214212/topic/55521521455248424,data/research/updates/2026-10-07-all_views-014.csv
2026-09-18T11:33:20,2026-09,🔥【华大智造】A股稀缺的基因检测标的！专属细胞大模型基础设施落地，加速AI4S进程，持续重点推荐！,"🔥【华大智造】A股稀缺的基因检测标的！专属细胞大模型基础设施落地，加速AI4S进程，持续重点推荐！

[拳头]近期美股基因/细胞检测类标的illummina、10X、GENEDX、natera等纷纷大涨，产业趋势显著！

[玫瑰]百图生科战略合作，探索“设备+模型+智能体”等一体化产品模式，加速AI4S进程
人工智能细胞（AI Virtual Cell，AIVC）用于细胞遗传信息、转录表达、时空法则的研究，能预测细胞面对药物、基因及环境变化时的响应，百图生科自主研发的2680亿参数的生命科学基础大模型xTrimo，已在300余个预测任务中取得了业界顶尖表现。与华大智造战略合作将推动模型研发与规模化实验紧密衔接，加速虚拟细胞预测能力提升。

[玫瑰]实验室的Physical AI落地，生命科学实验闭环
子公司涌生智能与上海人工智能实验室，联合发布ProtoPilot、BioLab Bench，将自然语言实验意图到湿实验执行实现闭环，并进行真实验证。
ProtoPilot：多智能体系统，由多个Agent组成，将实验意图拆解为量化可执行的方案，非开放式问答上，ProtoPilot取得85.18%的成绩，已经超越专家水平；
BioLab Bench：领域首个覆盖从用户需求到设备可执行的全流程Agent评测体系。

[玫瑰]基本面持续向好。CGI、Swiss授权年内有望落地，主营业务持续回暖
26H1，公司出售CG资产已处于各方机构审核中；Swiss授权年内有望落地，里程碑付款驱动业绩端增厚；26H1营收同比增长19%，其中国外营收同比增长37%，基本面持续向好。

[太阳]核心逻辑：测序等主营业务企稳向好，非经营项目增厚业绩，AI端从内部效率提升，向商业化产品落地进行转换，继续重点推荐！

风险提示：国内政策风险、新品推广不及预期风险、海外推广风险等。",水木调研纪要,,1,0,411,https://wx.zsxq.com/group/88888142214212/topic/22258258422521551,data/research/updates/2026-10-07-all_views-014.csv
2026-09-18T11:32:45,2026-09,[太阳]# sktx近期芯片测试进展顺利，整机厂测试下来单芯片指标够用、好用，某csp正在进行单芯片测试，预计9-10月有望下单。,"[太阳]# sktx近期芯片测试进展顺利，整机厂测试下来单芯片指标够用、好用，某csp正在进行单芯片测试，预计9-10月有望下单。

[玫瑰]# 此前大基金减持结束，短期利空出尽、资金面有望显著改善。9月7日，公司公告，在2026年6月8日至2026年9月7日期间，大基金通过集中竞价方式累计减持了公司股份707.47万股，占公司总股本的1.73%。本次减持计划的减持期间已届满，减持后大基金持股比例由11.60%下降至9.87%。

[玫瑰]# 此前22亿关联订单验证需求高景气。   公司7月公告上调中电体系关联销售额度至22亿元，增幅超260%。充分反映国产算力、国产超节点订单大规模释放，业绩确定性大幅增强。

[玫瑰]# 今年明年进入到国产GPU超节点布局元年，充分受益于国产GPU迭代和互联带宽提升。WAIC 2026迎来国产超节点方案密集落地，交换芯片作为机柜内高密度GPU互联的核心枢纽，单机柜芯片需求较传统架构数倍提升。超节点落地元年，交换芯片需求爆发。

[玫瑰]公司兼具高端交换芯片国产稀缺壁垒、CPO前瞻技术布局与大额订单支撑，本月新产品有望订单落地、从CSP客户侧佐证新产品性能可用、好用，进一步奠定稀缺地位、打开广阔超节点scale-up想象空间。",水木调研纪要,,1,0,407,https://wx.zsxq.com/group/88888142214212/topic/45548548255455528,data/research/updates/2026-10-07-all_views-014.csv
2026-09-18T11:30:18,2026-09,航宇科技,"航宇科技

新产品正式批产，高毛利率产品带动盈利水平快速提升0918
————————————————————————-
⭕️新产品正式批产。根据9月18日披露，高端闭式叶轮产品，已获得上海电气、东方电气、沈鼓集团批量订单。

⭕️闭式叶轮是新工艺。闭式叶轮用于压气机，逐步替代压气机静子叶片，属于新工艺。单台价值量约占燃机5-10%，且附加值较高，毛利率可达60-70%。

⭕️高毛利率产品占比提升，26-28年业绩加速释放。军品负面影响在26年基本消除，自26H2开始，海外航空大单（毛利率35%）+闭式叶轮（毛利率65%）等新产品占比快速提升后，公司毛利率有望从当前26%逐步提升至35%。

⭕️确定性强，当前订单已排到2030年。目前公司在手订单120亿，排到2030年；产能从26年的30亿逐步扩到28年的60亿，收入有望快速提升。叠加毛利率大幅改善，看好公司后续迎来重要拐点。

⭕️我们预计26/27/28年业绩3/4.2/5.7亿，当前对应27年估值仅25X（25年12月，公司26年估值约55X），持续重点推荐，看50-100%空间。",水木调研纪要,,1,0,410,https://wx.zsxq.com/group/88888142214212/topic/22258258428115581,data/research/updates/2026-10-07-all_views-014.csv
2026-09-18T11:30:06,2026-09,【国海策略赵阳】行业拥挤度更新20260917,"【国海策略赵阳】行业拥挤度更新20260917

一、TMT拥挤度升至71%分位，整体情绪尚未过热，但内部分化显著：
（1）【国产算力芯片】、【晶圆代工】情绪仍在20%分位以下；
（2）【半导体材料】、【半导体设备】升至50%-70%分位；
（3）【光模块】拥挤度仍在60%附近；
（4）【PCB材料（覆铜板、铜箔、电子布）】、【MLCC】、【PCB】仍在近一年情绪最高位。
二、非AI方向的方向中：
（1）【创新药/CXO】A/H前期提示的情绪支撑位确认有效，情绪已经开始重新回升，继续关注后续轮动机会。
（2）【黄金】近一年情绪分位数回到70%附近；【有色】情绪仍在10%附近。随着加息落地和潜在TACO可能，可以关注后续轮动机会。
（3）【电池、电池材料】仍处在近一年情绪的极低位置，【风电】继续上行升至77%分位。
三、【红利低波】情绪降至70%分位以下，【银行】情绪分位数降至75%，建议继续保持耐心等待拥挤度消化充分。
四、随着出访即将落地、加息落地和潜在TACO可能性，拥挤度消化充分的【TMT】、【创新药/CXO】、【有色】仍是未来几周轮动的重点方向。",水木调研纪要,,1,0,416,https://wx.zsxq.com/group/88888142214212/topic/82258258428144122,data/research/updates/2026-10-07-all_views-014.csv
2026-09-18T11:29:44,2026-09,【广发机械】松发股份更新：股价再创新高，远期空间再打开-20260918,"【广发机械】松发股份更新：股价再创新高，远期空间再打开-20260918

前天松发大跌我们提示是个绝佳的抄底/加仓机会，近两日股价反弹强势，今日创下新高，我们继续维持强烈推荐。

# 公司即将进军LNG船建造、远期利润率空间再打开。根据消息，恒力重工即将建造首批LNG船。LNG船市场是造船领域的皇冠明珠，建造难度较大、利润率较高，目前中国共有 5 家船厂在建 LNG 船，手持订单合计 86 艘。此前GTT将 2035 年前 LNG 船新船需求预测，从450 艘上调至550艘，随着未来全球大量天然气液化项目陆续投产，未来LNG运输需求持续向好。

# 四期产能投放带来潜在业绩大幅超预期空间。公司四期扩产两个超大船坞（1298m长×146m宽），单个船坞面积接近一到三期船坞的2倍。超大船坞具备极强的稀缺性，目前全球长度超过500m的船坞寥寥无几，这赋予了公司在生产超大船型同时保持高效率和高利用率的能力，在高端船型具备更强话语权和更高定价权。目前公司四期扩产节奏较快，明年业绩有望继续上修。

# 造船周期长景气持续、松发具备极低的远期估值+极大的业绩成长空间。许多投资者关心本轮造船周期的供需和持续性，我们判断到本轮周期长度仍将维持5-10年，船价将继续维持高位，详细的供需拆分我们都有相应的测算。松发远期业绩有5倍以上增长空间，当前对应远期估值仅4xPE，若未来行业需求继续超预期、公司是少数仍具备大规模扩产能力的厂商，未来份额将继续上行。

松发作为我们核心推荐标的，从500亿一路到2000亿，继续坚定不移看好后续空间！

孙柏阳/汪家豪/黄晓萍",水木调研纪要,,1,0,404,https://wx.zsxq.com/group/88888142214212/topic/55521521451844154,data/research/updates/2026-10-07-all_views-014.csv
2026-09-18T11:12:45,2026-09,【星源材质】邦瓷验证大超预期，压电陶瓷紧缺度进一步确认-260918,"【星源材质】邦瓷验证大超预期，压电陶瓷紧缺度进一步确认-260918

# GK：公司近期驻场配合测试，样品测试结果理想，一周后将获得首批半导体订单（百支级），# 27年订单指引上修，最新反馈27年需求超过10万只。

# XD：整体验证进度提前一个月，# 目前公司已经在走供应商资格导入，首批订单规模百支级。客户最新要求产品寿命需达到1亿次（此前1-2kw次），测试进展顺利； 27年需求指引为40万只。

# HC：目前一轮测试通过，在二轮测试，国庆后出结果，测试结果通过就开始供应商资格导入。客户已给出明确订单意向：要求每周至少交货2000只，月度供货量需达到1万只。

# 投资建议：公司压电陶瓷验证进度大超预期，继续推荐压电陶瓷卡位优异、利润释放弹性大的【星源材质】",水木调研纪要,,1,0,420,https://wx.zsxq.com/group/88888142214212/topic/22258258481182551,data/research/updates/2026-10-07-all_views-014.csv
2026-09-18T11:12:37,2026-09,国瓷材料：粉体龙头向AI电子材料成长股重估（0918高盛）,"国瓷材料：粉体龙头向AI电子材料成长股重估（0918高盛）

# 高盛：球形硅微粉路线生变，国瓷材料凭PTFE有望率先进高端

高盛：国瓷材料正凭借其高端中空球硅材料抢占AI算力升级的风口，该产品已获台光电子M9认证并实现满产锁单。其硅微粉业务有望贡献近半公司利润，伴随高阶覆铜板需求爆发与海外供给集中，国产替代窗口正在打开

# 国瓷材料高端覆铜板用球形氧化硅/氧化钛等材料，已经向台系、日系、韩系CCL厂（含斗山）送样/验证/批量阶段，后期订单预期饱满

1.半年报拐点：2026H1营收25.13亿（+16.6%），归母3.63亿（+9.4%），经营现金流4.56亿（+36.8%）。AI服务器+车规MLCC粉体扩产，覆铜板球硅小批量供货，高毛利电子材料占比提升。

2.产能加码：推进5000吨/年CCL高性能球硅项目，现有产能3000-3500吨，国内少数通过台光M9验证，覆盖M7-M9高速覆铜板。水热法双工艺+MLCC平台复用，技术壁垒与先发身位兼备。

3.机构预期：2026-2028E归母8.6/10.8/13.0亿元，华泰/西部等给予''增持''，目标价中枢81.8元。球硅满产可贡献近4亿利润，占2027预测净利约1/3，构成估值切换锚。",水木调研纪要,,1,0,430,https://wx.zsxq.com/group/88888142214212/topic/14425425158855842,data/research/updates/2026-10-07-all_views-014.csv
2026-09-18T11:12:00,2026-09,【恒运昌】半导体射频电源国产替代加速，先进制程+核心客户双轮驱动,"【恒运昌】半导体射频电源国产替代加速，先进制程+核心客户双轮驱动

🍬恒运昌核心看点在于射频电源及匹配器国产替代进入加速期。公司2026H1自研产品收入占比已提升至87%，核心产品覆盖射频电源、匹配器、远程等离子体源及射频离子源，占单台半导体设备bom占比平均约12%-15%，部分高腔体设备最高可达20%，甚至更高。# 公司产品随腔体，# 制程，# 功率通胀，目前国产化率不足12%，公司在国内格局非常好，市占率60%以上。

🍬核心优势是“先发验证+先进制程持续迭代”。公司2013年开始自研射频电源、2018年切入半导体，经过多年正向研发，目前第三代S系列射频电源+V系列匹配器已经覆盖7-14nm先进制程并实现大规模量产，技术参数已基本达到海外龙头同等水平；第四代Setup一体式射频电源系统进一步面向5nm及以下制程，2026H1已进入小批量试产并取得设备商验证订单，。随着先进制程设备向更高频率、更快响应、更高精度方向升级，射频电源及匹配器单机价值量有望持续提升。

🍬客户卡位是另一大核心变量。公司已经形成以拓荆、中微、北方华创、微导纳米、屹唐等国内头部设备商为核心的客户矩阵，且产品从PECVD、LPCVD、清洗去胶、键合等环节持续拓展。

🍬拓荆截至2026H1累计验证产品43款，其中16款已实现百万级收入、19款达到千万级收入；中微已有2款千万级、7款百万级出货产品。射频电源零部件需要经过设备商及晶圆厂双重验证，验证周期长、切换成本高，且设备商通常不会在同一机台同时验证大量供应商，因此一旦完成验证并进入量产，客户粘性和份额提升空间较大。

🍬公司当前满产产能约1.1万台，2026年预计约1.2万台，沈阳基地爬坡后将进一步释放产能，现有园区新增场地完全达产后规划产能约1.5万台。值得关注的是，H1自研产品占比提升带动毛利率改善，后续伴随产能释放及高毛利自研产品占比继续提升，利润弹性值得跟踪。

🍬当前三条验证线均超预期：# ①第四代5nm及以下产品验证及量产进度；# ②拓荆、中微、北方华创等核心客户新产品导入及订单兑现超预期；③沈阳基地产能爬坡及高毛利自研产品占比提升带来的盈利弹性。",水木调研纪要,,1,0,408,https://wx.zsxq.com/group/88888142214212/topic/22258258481188541,data/research/updates/2026-10-07-all_views-014.csv
2026-09-18T11:11:47,2026-09,【长江电新】20260918-亿纬锂能推荐更新：与Fluence签署超预期大单，出货结构持续改善,"【长江电新】20260918-亿纬锂能推荐更新：与Fluence签署超预期大单，出货结构持续改善

1、亿纬锂能今日公告了与Fluence的电池供应协议，2027-2031年亿纬动力向Fluence生产和交付206GWh电池，其中2027年承诺交付量16GWh，2028-2031年预留容量合计为190GWh。

2、亿纬锂能本次订单落地，是对公司高端储能/AIDC储能产品竞争力的印证，也是公司全球化客户、产能布局战略的积极兑现。预计亿纬锂能与Fluence的订单将在2026H2达到数GWh的规模，2027年承诺交付量16GWh，后续将持续快速增长。近两年公司将暂以国内基地生产交付为主，马来西亚基地2027年有效产能预计10GWh以上，2028年有望进一步倍增，提供海外供应能力。考虑到美国市场进入的高门槛和高端电力/AIDC储能的性能要求，单位盈利上预计有可观弹性。

3、从行业层面看，美国储能2026年装机预计超65GWh，需求量预计在100GWh以上，而美国本土供应仅有LGES、特斯拉/福特技术授权，我们预计2027年本土电池产能仅有50-60GWh，进口电池需求依旧充足。Fluence是美国重要的储能系统供应商，且积极布局AIDC业务，财报显示2026Q3新签订单14.4亿美元（约8.3GWh），创单季度新高，年内累计新签订单27亿美元，在手订单达到64亿美元；数据中心潜在项目储备16GWh。

4、落地到投资上看，我们认为电池企业的盈利趋势首要看出货结构，亿纬锂能是未来两年结构改善最为明显的电池标的，本次Fluence大单印证了公司直接出口储能占比目标从2026年的20%提升至2027年50%的确定性，同时公司大圆柱也有望从10GWh增长到订单40GWh，大铁锂储能电芯出货也将显著提升。考虑结构改善对单位盈利的提振，我们预计公司2026、2027年归母净利润分别为70、110亿元，对应PE分别为16、10X，继续推荐",水木调研纪要,,1,0,404,https://wx.zsxq.com/group/88888142214212/topic/55521521418812814,data/research/updates/2026-10-07-all_views-014.csv
2026-09-18T11:10:57,2026-09,【华泰计算机】迈富时新一轮定向配售简评,"【华泰计算机】迈富时新一轮定向配售简评

[红包]9月17日晚，迈富时签署新一轮5亿港元股份认购协议，简评如下：

1️⃣# 继续按市价发行。本次融资延续5月定增的市价发行原则，认购价为50.85港元/股，与9月17日收盘价一致，较上一轮定增价格40.54港元/股上涨约25%，#体现投资人对公司发展前景及未来股价的信心。

2️⃣# 募集资金100%用于全栈Token工厂扩建和优化。资金主要用于境内外AIDC、GPU服务器及组网、模型与推理优化，以降低单位Token成本、提升AI应用ROI。算力卡以国产GPU为主，搭配少量合规英伟达H20。

3️⃣# Token工厂ROI。无补贴并计入资金成本的情况下，业务第三年即可实现盈利；若获得补贴，实际投资回收期预计可缩短至2.5年左右，按5年折旧测算，业务利润率可达30%-40%。

4️⃣# 全年Capex指引。2026年Token工厂基础设施相关Capex预计为6-7亿元人民币，当年折旧金额较低，本次融资可覆盖年底前已确定的资本开支

5️⃣# AI应用主业保持高增长，全栈Token工厂落地有望推动客户价值释放。我们维持此前盈利预测，预计公司26-28年AI应用收入为26.78/45.80/78.31亿元，同比+80%/+71%/+71%；9月17日收盘价对应26年AI应用收入4.40倍PS，估值处于低位。",水木调研纪要,,1,0,394,https://wx.zsxq.com/group/88888142214212/topic/82258258481151522,data/research/updates/2026-10-07-all_views-014.csv
2026-09-18T11:10:41,2026-09,【华福计算机】先进封装板块大涨，重视封装材料平台型公司# 德邦科技,"【华福计算机】先进封装板块大涨，重视封装材料平台型公司# 德邦科技

# 先进封装材料国产替代有望进入加速期。 大摩近日研报指出，预计到 2029 年国内先进封装市场规模将达千亿级别，# 但关键材料长期由海外厂商占据较高份额。随着头部封测厂出于供应链安全、降本及本地化协同需求，正加快国产材料验证导入。# 先进封装材料认证周期长、一旦进入产线替换意愿较低，国产厂商若完成验证，有望同时享受行业扩容和份额提升双重红利。

# 头部客户产品认证布局齐备静待放量。公司已在长电、通富、华天、HW、CX、CC等头部客户形成多品类渗透，具备从单品突破向平台化国产替代延伸的基础。# TIM1已经通过国内某重点封测客户全套可靠性验证。接下来将进入业绩兑现期，维持强烈推荐。

联系人：袁家亮/钱劲宇",水木调研纪要,,1,0,385,https://wx.zsxq.com/group/88888142214212/topic/45548548281145118,data/research/updates/2026-10-07-all_views-014.csv
2026-09-18T11:10:14,2026-09,【招商机械】电科思仪调研要点20260918,"【招商机械】电科思仪调研要点20260918

礼物光通信测试：光谱仪目前在手订单近1w台，单台8-10万元，采样示波器、误码仪、CDR有望明年推出并产生收入。公司在光通信测试设备领域具备集团产业链协同优势，存在弯道超车机会。

礼物PCB测试：公司PCB测试相关产品（矢量网络分析仪）预计2026年年底基本具备量产条件，客户测试周期为3-6个月，预计2027年上半年可形成批量订单，落地节奏与客户自身规划相关。海外是德供货周期拉长，为公司提供国产替代机遇。

礼物卫星互联网：未来重要的产业爆发点，若国内两万颗卫星组网落地，卫星天线、通道测试需求将大幅增长，且产线测试需要系统级解决方案，公司的集成能力和全套解决方案布局具备竞争优势。终端测试可能每年万台左右的量。一台小几十万的单价。

☎️联系人:郭倩倩/方嘉敏1365574618",水木调研纪要,,1,0,396,https://wx.zsxq.com/group/88888142214212/topic/14425425158824522,data/research/updates/2026-10-07-all_views-014.csv
2026-09-18T11:09:12,2026-09,藏格收购刚果布 Kanga 钾盐项目要点一览（详细请私）,"藏格收购刚果布 Kanga 钾盐项目要点一览（详细请私）

1️⃣ 交易结构：藏格矿业全资子公司与云图控股子公司拟在新加坡合资设立平台（藏格方持股 75%、云图方 25%），由该平台实施收购；交易完成后藏格间接持股 69%、实现控股。总对价 1.7 亿美元，分三期支付（主体名称以公告为准）。

2️⃣ 资源禀赋优：采矿证内氯化钾控制资源量 8.1 亿吨（品位 17%）＋推断 11.79 亿吨（品位 16.47%），合计约 19 亿吨、平均品位 16.73%；矿区 321 平方公里，采矿证有效期至 2047 年 6 月（剩余超 20 年）；另有 286 平方公里探矿证，第二次续期申请办理中。

3️⃣ 区位与成本优势：①距海岸线仅约 500 米，FOB 装运便利、发巴西运距近；②刚果布天然气充裕（约 120 美元/千立方、折电价约 0.2 元/度），溶采能耗低；③尾盐可直接排海，尾矿处理成本低；④矿层厚近 200 米，单井出矿量大、溶采效率高。

4️⃣ 产能与资本开支：一期规划 60 万吨（原业主曾做 240 万吨预可研，资源量可支撑）；建设周期约 2–3 年；总投资约 4.5 亿美元，现金成本约 100 美元/吨（现方案低于原加拿大可研）。

5️⃣ 政策与税收友好：已与刚果布政府签署采矿权公约，手续完备；投产后 0–5 年免征所得税、5–10 年减半；刚果布不在 ODI 负面清单内，钾肥属国家支持方向，ODI 预沟通无障碍。

6️⃣ 交易保护充分：交割先决条件含 ODI 审批、发改委/商务部/外管局备案、刚果布矿业部书面批准等 6 项；设 3+3 个月交割缓冲期及""重大不利变化""条款；标的股权质押交割前全部解除；原运营方股东保留 8% 股权，协助属地政商关系。

7️⃣ 协同与战略意义：云图控股（复合肥头部）深度参与，产业链互补+溶采工艺经验；紫金已复核资源量/造价并将在非洲建设赋能；公司老挝项目推进缓慢，察尔汗盐湖 100 万吨已近天花板，本次收购打开长期成长空间。

8️⃣ 财务与分红稳健：公司无有息负债、资产负债率仅 7.7%，银行授信超 80 亿元，投资以自有+自筹资金完成、不影响运营与分红；钾肥价格中长期中枢上行（需求刚性 3%+ 增速、供给强约束）；2026 年分红绝对额不低于 2025 年，分红底线 50%。",水木调研纪要,,1,0,385,https://wx.zsxq.com/group/88888142214212/topic/82258258481411412,data/research/updates/2026-10-07-all_views-014.csv
2026-09-18T10:23:42,2026-09,最近一周模型侧的变化挺大的，meta的muse，kimi的金融版，智谱的电话会上修，智谱的rsi发文，oai的法律版、今天a社的rsi（A社2个多月发的第三篇，里面的数字一篇比一篇惊人）,"最近一周模型侧的变化挺大的，meta的muse，kimi的金融版，智谱的电话会上修，智谱的rsi发文，oai的法律版、今天a社的rsi（A社2个多月发的第三篇，里面的数字一篇比一篇惊人）

今天A社的RSI给投资上有几个启示：
1、我们一直说会有除ARR外的显性指标，今天A社就给了一个，AI参与度，现在26%

2、时间：原文披露了斜率，5月第一次体现，7月开始加速，时间线大概能对得上，4 月 7 日 Mythos Preview → 5 月开始曲线明显抬升 → 6 月 9 日 Mythos 5 →  7 月明显加速，推测下一代模型后面会更强了——>在市场最恐慌的时候，产业反而是在加速的，不仅仅是进步，是加速

3、怎么看到加速但arr降速？a社自家内部用7月才加速，推广到全社会需要时间，现在的arr仅仅体现了coding。其实之前6月讲oai的内部数据也是一样的，o家内部非码农的agent渗透率在6月才加速起来，推广全社会需要学习时间，现在9月看到了kimi金融版、oai法律版，就是体现。

4、如果以后各家企业，都是ai员工，用今天o社给的数据，大概拍一下，3w个同时运行 Agent× 每 Agent 每小时 token 消耗× 24h× 30 × 单位 token 推理成本，一个月大几百万-1000万美元的API消耗，全球企业自助agent都使用起来，会多上万亿美元的花费

5、安全问题：就是因为自助agent多了，所以才强调安全

结论就是，最近的各种担忧，再看到这些数字后，叙事大反转",水木调研纪要,,1,0,445,https://wx.zsxq.com/group/88888142214212/topic/82258258484228882,data/research/updates/2026-10-07-all_views-014.csv
2026-09-18T10:13:43,2026-09,[红包]【浙商建筑建材】继续看好电子布板块,"[红包]【浙商建筑建材】继续看好电子布板块

[红包]特种布：需求侧，AI服务器实现从传统CPU架构到GPU异构计算架构的核心升级后，一方面大幅提升单位服务器对高端电子布的消耗量，同时驱动电子布产品持续升级迭代。供给侧，特种布具备较高的工艺、设备、认证壁垒。设备方面，丰田高端织布机供需持续紧张，扩产或于明年年中起逐步释放，国产织布机在超薄/极薄及特种布领域仍处研发攻关阶段，短期内无法替代，同时表面处理、后处理设备也构成一定门槛。认证方面，特种布产品往往要经过CCL厂、PCB厂及终端品牌的多轮测试，下游客户更看重供应商产品的良率、稳定性和保供能力。
1）低介电二代布：随着26H2终端Rubin的逐步爬坡，叠加谷歌、亚马逊等升级产品量产在即，M8材料放量带动低介电二代布需求释放，供给侧产能释放节奏较慢，供需缺口或将持续至2027年。
2）T布：T布主要用于ABF/BT载板领域，终端需求量较大，能够稳定量产全系列规模产品的企业有限，产品维持较高的价格和盈利能力。

[红包]传统电子布：随着终端设备向薄型化、轻量化发展，需求从传统厚布（如7628）向薄型化、高性能化迁移，同时AI服务器等对E-glass的需求也在增长。头部企业主动压缩常规电子布产能，转向薄型布、特种布，导致普通规格被动供给收缩，行业供需紧张几乎无库存，以7628电子布为代表的传统产品价格一路上行。2025年10月至今，以7628电子布为例，价格维持每月上调趋势，2026年9月均价约11.8元/米，较2025年9月低点（3.9元/米）上涨203%。展望后续，预计2027-2028年传统电子纱线实际新增产能有限。电子布产能受电子纱新增产能有限/织布机紧缺/结构升级带来产能收缩等影响，预计在下游景气度持续上行背景下，行业供给偏紧格局仍将延续至2027年；同时，近期PCB厂商开启新一轮顺价，进一步为电子布价格上涨打开空间，看好传统电子布涨价和盈利弹性释放。

[红包]建议关注：传统电子布龙头中国巨石，特种电子布进展突破进一步提振估值、增厚业绩；二代布龙头国际复材，产能扩张目标明确，有望迎来量价齐升；特种布全品类综合企业中材科技，定增项目释放在即，产品结构有望升级；国内唯一具备量产全系列低CTE布能力的厂商宏和科技。

风险提示：下游需求不及预期，海外大厂资本开支不及预期，市场竞争加剧等

☎联系人：毕春晖/王龙/张智杰或浙商销售",水木调研纪要,,1,0,460,https://wx.zsxq.com/group/88888142214212/topic/45548548282411258,data/research/updates/2026-10-07-all_views-014.csv
2026-09-18T10:13:19,2026-09,北美AIDC发电设备大涨点评 -20260918,"北美AIDC发电设备大涨点评 -20260918

# 新订单催化
Generac将为亚马逊的数据中心供应备用发电机组，首批交付预计在2027年和2028年，总额24亿美元。我们推测这批订单对应2MW柴发在3000台以上。合同远期覆盖到# 80亿美元。Generac也向亚马逊发行了认股权证，后者可按每股200.93美元的价格收购公司最多169万股股票，合计达3.4亿美元

# AIDC主电源继续碎片化
根据卡特彼勒、颜巴赫等的交流，下游客户开始接受更小的燃气内燃机作为数据中心主电源。小MW级别的设备也有讨论。

继续看好# 潍柴动力  潍柴是Generac的柴发机头供应商，占整体附加值60%以上。此外潍柴旗下PSI可以做以上所有产品的外部成套设备

如我们前面一直分析的：柴发、燃发供应持续趋紧。此前北美厂商燃发基本排到2028-29，G公司本单相当于柴发也排到了2028年。我们继续看好潍柴动力，预计公司2027年的燃发柴发销量大幅增长，上下游附加值有超预期可能",水木调研纪要,,1,0,443,https://wx.zsxq.com/group/88888142214212/topic/55521521414288114,data/research/updates/2026-10-07-all_views-014.csv
2026-09-18T10:02:11,2026-09,【国联民生电子】探讨CPO对PCB的影响,"【国联民生电子】探讨CPO对PCB的影响
➠市场对 CPO 如何影响PCB的讨论度较高，我们认为板块因此下跌完全是过度反应，观点汇报如下：

1️⃣规格如何？
➠传CPO应用中PCB将降规为M4材料，理论上CPO方案中PCB不走高速信号，性能及规格要求会降低；但我们实际看到有多种PCB方案，＃当前Spectrum-6CPO版本是M8/32层方案，并非M4，具体运用什么方案要看客户选择；
➠小作文中讨论的是走控制信号的主板，主芯片配套还有HDI板，是增量

2️⃣影响如何？
➠首先交换机市场空间有限，2030 年前后 scale-out 交换机占AI PCB 市场约 20-30%，假设 CPO 渗透率 50%，悲观预期下影响 CPO 交换机 PCB 价值量 30%，# 整体影响也仅约3-4%，且CPO完全不影响占比最大的计算板，考虑到CPO推出节点，以及渗透节奏，对于AI PCB市场空间影响非常小，不必过度担心

如同CPO对光模块的影响一样，对于交换机PCB的影响自CPO推出以来就一直有预期，我们认为1）不必放大实际影响，规格实际比小作文乐观；2）不必对一个远期逐步渗透的方案过度担忧，尤其是影响范围在整个PCB中占比很小。btw，NPO对PCB是利好，规格要求更高。
➠正如我们底部一直强调的， Q3是AI+EPS双重驱动的PCB 窗口，仍建议重点布局PCB板块！

# PCB：景旺/胜宏/沪电/鹏鼎/深南/威尔高等；
# CCL：生益/南亚/华正等

风险提示：AI需求波动、产品迭代不及预期、方案变化等

☎️联系人：薛宏伟/李伯语",水木调研纪要,,1,0,459,https://wx.zsxq.com/group/88888142214212/topic/14425425154815812,data/research/updates/2026-10-07-all_views-014.csv
2026-09-18T10:01:59,2026-09,DUV for GAA,"DUV for GAA

[玫瑰]中国科学院(CAS)微电子研究所等机构正在探索利用现有 DUV(深紫外)光刻设备以及多重曝光/图形化(Multi-patterning)技术，结合GAA(Gate-All-Around/全环绕栅极)晶体管架构，尝试绕过 EUV(极紫外)光刻机的物理限制。通过优化器件开路/关断电流比(On-0ffratio)和逻辑单元高度(Logic cell height,如 4-track M0 设计)，实现在不依赖 EUV 设备的条件下去逼近 3nm~5nm 节点性能与密度的技术路径。
水水

[庆祝]实际上从7nm开始，村龙/华力都不使用多重曝光LELE了，而是自对准多重图形化(SADP/SAQP)技术。

# 路维光电（688401）：第三方掩膜版龙头。公司已实现180nm及以上制程节点半导体掩膜版量产，并储备了150nm技术，其产品可覆盖多重曝光工艺需求

# 冠石科技（605588）：切入半导体掩膜版领域。公司拟投资掩膜版项目，产品制程覆盖350-28nm，其中以45-28nm成熟制程为主，部分产品已实现量产",水木调研纪要,,1,0,450,https://wx.zsxq.com/group/88888142214212/topic/82258258482148422,data/research/updates/2026-10-07-all_views-014.csv
2026-09-18T10:01:39,2026-09,🔥【柏诚股份+新莱应材】中科院GAA突破，# DUV冲击更先进制程打开国产半导体新弹性,"🔥【柏诚股份+新莱应材】中科院GAA突破，# DUV冲击更先进制程打开国产半导体新弹性

中科院最新GAA晶体管突破，核心看点是通过新型全环绕栅结构，让DUV路线理论上具备向3nm等效性能继续推进的空间。对A股来说，真正受益的不只是光刻机，而是先进制程扩产带来的厂务建设和高纯耗材需求。

# 柏诚股份：先进晶圆厂越往高制程走，对洁净度、温湿度、微振动控制要求越高。公司就是国内高端洁净室系统集成龙头，半导体客户覆盖中芯国际、华虹、长鑫、长江存储、三星、SK海力士等，累计完成500多个中高端洁净室项目。先进制程一旦继续扩产，柏诚就是典型“建厂卖铲人”。

# 新莱应材：先进制程越往下走，真空度和气体纯度要求越变态。公司产品覆盖超高真空管道、阀门、腔室以及UHP超高纯气体系统，并已向半导体设备核心零部件延伸，正好卡在薄膜沉积、刻蚀等关键工艺环节。先进制程升级，本质上会直接抬高这类高洁净零部件的单机价值量。",水木调研纪要,,2,0,451,https://wx.zsxq.com/group/88888142214212/topic/22258258482148811,data/research/updates/2026-10-07-all_views-014.csv
2026-09-18T10:01:20,2026-09,重点推荐 OCS 逻辑：,"重点推荐 OCS 逻辑：

模型持续变大 → 多机柜Scale up出现 → 固定拓扑难以匹配不同规模任务，GPU资源碎片化问题加剧 → 集群池化、按需切分的网络需求提升 → OCS成为弹性可重构网络的关键基础设施→ #德科立：A股稀缺的硅基光波导OCS整机平台",水木调研纪要,,1,0,444,https://wx.zsxq.com/group/88888142214212/topic/22258258482145841,data/research/updates/2026-10-07-all_views-014.csv
2026-09-18T09:38:44,2026-09,[太阳]【AI制药】Twist上调指引美股大涨！AI 预测×湿实验闭环，蛋白业务直接受益,"[太阳]【AI制药】Twist上调指引美股大涨！AI 预测×湿实验闭环，蛋白业务直接受益

[礼物]9月17日，Twist在Baird 2026大会上上调指引，#26Q4营收约1.24亿美元（+25%），#26FY收入4.56-4.57e（原先4.42-4.47e），#31年实现收入翻番。美股AI制药相关标的Twist 涨 8.7%，Absai +15.3%，Tempus +14.9%，ILMN +7.1%，GRAIL +6.2%，10X +5.9%。

[红包]工业端客户+AI制药湿实验验证需求延续。重组 / 靶点蛋白：作为体外金标准，验证分子能否结合靶点，筛选掉大量 AI 假阳性，合格分子才送小鼠实验。#百普赛斯、义翘神州、近岸蛋白、皓元医药、阿拉丁。

[玫瑰]【金斯瑞】生科26H1收入3.19亿美元（+28.8%），基因到蛋白收入占比66%。公司蛋白CRO优势：1）一站式平台，产能可快速扩充；2）DNA到数据仅需4天；3）自动化数字化管理；4）标准化数据用于回输模型。#AI驱动蛋白订单预期26H2保持3位数百分比增长！

[玫瑰]【百普赛斯】26H1重组蛋白 4.02（+26.0%），毛利率 91.15%；海外占比60%以上。已推出AIDD相关高通量亲和力验证服务，最快交付4天。

[玫瑰]【义翘神州】26H1重组蛋白 1.76（+20.2%），毛利率 87.16%；CRO服务 1.25（+25.6%），毛利率 50.24%；抗体 0.60（+34.9%），毛利率 94.32%；国内占比为主。

[玫瑰]【近岸蛋白】26H1 靶点及因子类蛋白 0.45e，毛利率 79.29%；CRO服务 0.14e，毛利率 25.76%；国内占比为主。

[玫瑰]【皓元医药】截至2025年，公司累计储备约 15.9 万种生命科学试剂，其中重组蛋白、抗体等各类生化试剂超2.4万种。

[玫瑰]【阿拉丁】生化试剂、蛋白、抗体等完备试剂库，包含蛋白质 8000个、抗体为 15600个、蛋白纯化与分析试剂和试剂盒为 13500个。",水木调研纪要,,1,0,421,https://wx.zsxq.com/group/88888142214212/topic/14425425152154212,data/research/updates/2026-10-07-all_views-014.csv
2026-09-18T09:37:52,2026-09,🍁🍁🍁hcdx: 看好金刚石热沉片在国内芯片厂的优先大规模应用,"🍁🍁🍁hcdx: 看好金刚石热沉片在国内芯片厂的优先大规模应用

🍁金刚石在散热板块应用三方向：
1、芯片内部封装：3d封装下700μm硅挖300um金刚石，做硅与金刚石键合，以1700mm2计算，单价或在400美元左右。受益于工艺成熟以及国内芯片散热的要求提高，我们认为金刚石热沉片有望在今年底到明年实现大规模放量。以明年600万片gpu来计算，如果极端假设渗透率100%，市场规模或在24亿美元，大概150亿人民币左右；海外由于台积电本身工艺的难度，或许会存在一定的滞后，但是基本方案也是以金刚石热沉片为主的工艺加工。
2、tim材料：tim材料环节金刚石难应用，核心原因为石墨烯的散热原理是稳定连续晶格结构振动散热，金刚石微粉的功能是粘结，无连续晶格结构就意味着其传热是中断的，而且本身金刚石微粉难粘结；
3、导热垫片之上的金刚石铜：从成本端来看，以2cm厚度铜板来测算，其小块液冷板售价基本在300-350美元/片；如果考虑到内部微流道的金刚石铜，假设距离为0.5cm金刚石厚度+1.5cm铜，总体成本或在900美元，如果考虑复杂的加工成本，成本轻松破1000美元。目前海外和国内都是在测试阶段，nv给国内各家公司图纸，来做研发，确实可为下一代技术，但是具体是否明确，未看到下游nv等厂商确认使用。

🍁为什么金刚石热沉片大概率会率先应用？
热由芯片产生，但是芯片内部无法做大规模热量流入流出，需要更好的导热材料，自然延伸出比硅散热更好的材料金刚石，以及本来用做粘结的导热垫片的升级-石墨烯导热垫片。当架构确定下，只能内部不停的寻找更好的材料。但是液冷板通过换更好的导热材料提高散热只是其中之一的方案，另外一个方案就是提高流速，冷水泵入速度变快一样可以快速把热量带走。

🍁芯片裸die到液冷板散热方向，我们建议关注两个重要的子方向：
1、金刚石热沉片的大规模普及应用：金刚石企业-沃尔德、国机精工、黄河旋风、共达电声等。
2、石墨烯导热垫片：中石科技、阿莱德、金戈新材。",水木调研纪要,,1,0,423,https://wx.zsxq.com/group/88888142214212/topic/82258258485451142,data/research/updates/2026-10-07-all_views-014.csv
2026-09-18T09:37:06,2026-09,【亿纬锂能】公司与Fluence签订206gwh供应协议,"【亿纬锂能】公司与Fluence签订206gwh供应协议

9月18日公司公告与Fluence签署供货框架协议，其中双方就2027年的承诺交付量16GWh达成一致意见，2028-2031年预留容量合计为190GWh。

公司海外储能客户进入快速放量阶段，26年储能100gwh出货中20%+来自于直接出货给海外集成商，27年（储能出货目标保底150gwh+）比例将上升至40%以上。

公司结构性增长以及客户结构显著优化趋势明显，宝马等欧洲大圆柱项目、海外储能项目是27年出货的核心增量，盈利能力将迎来显著优化，公司目前27年动态pe 10x以内，建议重点关注！",水木调研纪要,,1,0,420,https://wx.zsxq.com/group/88888142214212/topic/14425425152124842,data/research/updates/2026-10-07-all_views-014.csv
2026-09-18T09:34:18,2026-09,联特科技 调研纪要精简总结,"联特科技 调研纪要精简总结

震荡市场，轮动，但三季报业绩绕不开的方向。
若伴随订单落地，中长线或许能千亿起步的潜在标的

结论：重点推荐，10月OCP大会为下单节点，三个客户落地一家，明年利润就有40亿。

一、核心客户与明年订单时间窗口（关键节点：10月OCP大会）

北美四大核心客户：Oracle、谷歌(Google)、Meta、Arista；明年（2027）多家头部CSP份额、意向订单集中在10月OCP前后确认。

1. Oracle（当前进度最快）

• 今年800G：全年目标30万只，目前在手10万只，Q4新增20万只；已经实现批量交付，依托Arista渠道成功切入。

• 2027沟通需求：1.6T全年超300万只（月均30万），客户总盘子很大（800G约3000万只、1.6T约1500万只），公司保守目标争取10%份额，对应约14亿美金收入；最终能否落地、份额多少10月OCP期间确认，现阶段仅为沟通意向，尚未正式签约。客户正在扩充合格供应商，Oracle是公司近期重大突破，现有500万产能预计不够，马来西亚新购土地以备扩产。

2. Google（谷歌）

• 国内合格供应商仅中际旭创、联特科技两家，索尔思已经被淘汰；公司深耕两年，长距离DCI（6km）800G项目是突破口。

• 今年光模块供货约10万只（AOC约6-7万、DCI 800G约3-4万）；目标借助6km长距离项目，拿下明年2km、500米短距项目份额。公司判断立讯短期很难拿到谷歌大份额，头部云厂商新供应商导入周期很长。

3. Meta

• 目前处于联特、剑桥二选一/二选二的资格竞争阶段，两家均已有小批量800G样品交付；三轮验厂、产品测试全部通过，综合打分联特占优。

• Meta明年需求：800G约3000万只、1.6T约2000万只；最终供应商名单、份额同样10月OCP前后落地；新供应商入门门槛大致10%份额（参考索尔思）。

• Meta光模块分两块：GPU配套可插拔、自研芯片对应的NPO方案。

4. Arista

联特为Arista第一顺位供应商；依托与Arista长期良好合作，成为切入Oracle等云厂商的重要通道；LPO产品主要供应Arista，占当前收入约30%。

二、产品结构（当前）

1. LPO：30%，主力Arista；

2. 硅光：20%-30%，以国内客户为主；

3. 其余为常规可插拔光模块（800G为主）。

ASP指引：800G：350-400美金（谷歌单价偏高、Meta偏低）；1.6T：800美金。

三、出货、收入预测（2026年内）

1. Q2：营收4.8亿元；

2. Q3：月出货约10万只，季度合计30万只，ASP 350-400美金，预估营收7-8亿元；

3. Q4：环比继续上行，Oracle新增20万只800G交付；稼动率仍然无法开满，整体产能先行，稼动率短期承压。

四、产能规划

1. 2026-06-30：800G产能200万只；

2. 2026-12-31规划总产能500万只：武汉基地200万只（光引擎）、马来西亚300万只（封装，现有一厂二厂合计100万，后续扩到300万）；500万只初始规划主要面向谷歌、Meta；

3. 结构拆分（500万）：1.6T约300万，800G约200万；

4. 远期：考虑Oracle潜在大订单，2027年目标产能上看1000万只，1.6T为主力；马来西亚基地预留扩产空间。

5. 资本开支参考：一条100万只800G产线资本开支约5亿元；800万只产能对应资本开支约40亿元。

6. 融资：港股定增6月已经交表，预计2027 Q1完成发行，支撑扩产资本开支。

产能策略：先扩产能、后爬坡，短期稼动率不会很高，属于主动战略选择。

五、上游物料保供布局（锁料）

1. DSP：Marvell，已下达400万颗订单（800G为主，兼顾1.6T），10月订单落地情况决定是否追加DSP采购；博通部分物料采用预付款模式。

2. MSAP（高速PCB）：核心锁定周期至2028年，深南交付能力不足；方正、胜宏等经过验厂，鹏鼎支持力度最强。

3. 光芯片：源杰科技、长光华芯签订保供，住友3000万颗100G EML，对应支撑约400万只光模块产能。

4. 耦合设备：孵化企业中南鸿思（博众精工子公司），设备单价50-60万，去年4000-5000万订单已交付，另有4亿订单预计2026Q4交付。

5. 测试仪器（示波器）：联讯仪器300台，服务800G/1.6T产线；

6. 部分紧缺物料由终端客户协同锁定供应。

六、NPO/CPO进展

1. 6.4T NPO方案已经送样，同时开发内置光源、外置光源两条路线，CW光源≥150mw；旭创光引擎ASP约2000美金作为行业价格参考。

2. 客户端：Arista交换机端推进较快；谷歌、Oracle、Meta等云厂商也在评估NPO方案；

3. 当前阶段：已和交换机以及终端云厂商完成联合开发，今年拿到Arista样品订单，正式商业订单预计2027下半年，应用场景主要为Scale-Out侧。

4. 公司2023年即启动NPO、CPO项目立项，布局时间较早。

七、盈利目标

当前净利率约15%，目标恢复至25%-30%；期间费用率维持十几个点，费用端压力不大；毛利率区间35%-40%。

八、关键风险与核心时间节点清单

1. 10月OCP大会（核心观察窗口）：Oracle 1.6T意向订单、Meta新供应商名单两大事件集中落地；目前全部为沟通意向，并非已签订长协，存在份额不及预期风险；

2. Meta竞争格局存在不确定性：一进二或者二进一两种可能性存在；

3. 产能前置扩张，短期稼动率偏低，阶段性压制盈利；

4. NPO大规模商用落地时间偏后（明年下半年），短期很难贡献业绩；

5. 下游资本开支存在不确定性，将影响后续订单。

 精简交易笔记

✅ 核心观察窗口：10月OCP大会，决定Oracle、Meta两大客户订单与份额落地。
✅ 客户格局：Oracle进展最快；Meta处于二选一竞争；谷歌合格供应商仅2家；Arista是基本盘。
✅ 产品：800G ASP 350-400美金，1.6T ASP 800美金；LPO、硅光+可插拔多路线并行。
✅ 产能：年底规划500万只产能，武汉+马来西亚双基地，远期目标千万级；先扩产、后爬坡，短期稼动率承压。
✅ 供应链：提前锁DSP、高速PCB、光芯片、耦合设备，应对上游零部件长交期瓶颈。
✅ NPO/CPO：方案已送样，样品订单落地，正式商用预计2027下半年，短期不贡献利润。
✅ 核心假设：四大客户中只要落地一家，明年利润有望冲击40亿；核心不确定性在于10月OCP订单签约结果。
✅ 风险：订单不及预期、稼动率不足、NPO落地延后、云厂商资本开支收缩。
风险提示：仅为调研纪要信息整理，不构成投资建议",水木调研纪要,,1,0,411,https://wx.zsxq.com/group/88888142214212/topic/45548548284521258,data/research/updates/2026-10-07-all_views-014.csv
2026-09-18T09:10:37,2026-09,藏格矿业收购刚果布钾盐矿点评：收购刚果布两处钾盐矿，钾肥产能进一步扩张,"# 藏格矿业收购刚果布钾盐矿点评：收购刚果布两处钾盐矿，钾肥产能进一步扩张

# 事件：9月17日公司公告，拟和云图控股共同设立联合资源公司（公司持股75%，云图控股持股25%），联合资源公司计划11.6亿元收购KP公司92%股权，收购完成后，公司穿透持有KP公司69%股权，进而拥有刚果布Kanga和Loango钾盐矿69%权益，公司钾肥资源储备进一步扩张。

# KP公司资产：核心资产是100%拥有位于刚果布的Kanga钾盐矿采矿权及Loango钾盐矿勘探权，矿山离港口约30公里，运输具备优势。
1）Kanga钾盐矿：采矿权，矿权面积321平方公里，采矿权有效期2022年6月2日-2047年6月1日，氯化钾资源量19.9亿吨，品位16.7%，资源量较大；
2）Loango钾盐矿：探矿权，矿权面积286平方公里，探矿权2018年7月18日首次获批，目前正在续期中；
3）资源对价：仅考虑已经勘探的Kanga钾盐矿，单亿吨氯化钾资源对价约0.63亿，收购对价较为便宜。

# 产能规划及盈利展望：Kanga钾盐矿2018年完成预可研，曾经规划分阶段实现远期产能240万吨，2023年刚果布政府批准了矿山60万吨的产能规划，由于前期缺少资金尚未实现开发。矿山资源量大，品位高，具备开发成大型矿的潜力。借助紫金固体矿的丰富开发经验，矿山投产进度有望加快。假设远期按240万吨产能计算，预计增厚藏格归母净利约17亿。

# 核心看点：紫金赋能，三大业务同步扩张。1）锂：依托察尔汗盐湖，建有1万吨电碳产能，通过藏青基金穿透持有麻米措矿业26%股权，麻米措盐湖规划10万吨碳酸锂产能，一期5万吨2026年投产，锂价中枢向上，锂板块有望量价齐升；2）钾肥：国内龙二，出海布局老挝和刚果布钾盐矿，钾肥产能进一步扩张。3）铜：持有巨龙铜矿30.78%股权，巨龙二期25年底投产，三期投产后公司权益铜产能18.5万吨，铜板块业绩弹性可观。4）紫金入主，成为控股股东，赋能公司发展与并购，项目进度及成本管控或超预期。

# 风险提示：项目进度不及预期，锂价超预期下跌",水木调研纪要,,1,0,425,https://wx.zsxq.com/group/88888142214212/topic/22258258451812451,data/research/updates/2026-10-07-all_views-014.csv
2026-09-18T09:10:30,2026-09,＃重申！联想集团：硬件设备芯片“结构性短缺”2027年进一步加重、成本可传导至PC/服务器,"＃重申！联想集团：硬件设备芯片“结构性短缺”2027年进一步加重、成本可传导至PC/服务器

🔥＃AI服务器真实高景气、且受益上游供应链涨价
✔＃戴尔科技CEO迈克尔・戴尔表示：算力设备与个人电脑价格将持续走高，硬件设备芯片的“结构性短缺”问题大概率会在2027年进一步恶化，这部分成本会传导至产品定价。

✔＃英特尔CEO陈立武：CPU需求激增、将持续造成供应紧张 。预计：随着面向推理任务的AI智能体数量增长至万亿级别，当前的短缺局面还会延续。 CPU需求极其旺盛，＃英特尔仅能满足50%客户的需求。

🔥＃联想迎来AI服务器与盈利能力双击
✔2026Q2，联想ISG基础设施业务实现营收579亿元人民币，同比增长98%；运营利润约53亿元人民币，同比增98%；＃运营利润率为9.1%，同比提升11.1pct，环比提升5.5pct。
✔订单：＃AI服务器储备订单大幅提高至本财季末的3600亿元（上财季末：1400亿元），按季环比增长157%。公司预计，本财年营收有望突破1000亿美元，从而提前实现此前提出的“两年内营收超千亿美元”的承诺。",水木调研纪要,,1,0,428,https://wx.zsxq.com/group/88888142214212/topic/82258258451812882,data/research/updates/2026-10-07-all_views-014.csv
2026-09-18T09:10:14,2026-09,【国联民生计算机】🚀云天励飞：携手中国电信，打造国产AI芯片大规模集群Token工厂,"【国联民生计算机】🚀云天励飞：携手中国电信，打造国产AI芯片大规模集群Token工厂

[Sun]中国电信湖南分公司与深圳云天励飞签署战略合作协议，旨在发挥中国电信云网融合和云天励飞的AI芯片技术优势，在润泽智能体产业园建设“湖南电信-云天励飞Token工厂”，采用“前店+后厂”模式，打造区域性AI算力与模型服务高地，赋能政务治理、产业升级和民生服务。

[Sun] 云天励飞将携手科技生态伙伴，以衡阳Token工厂为供给源头，以润泽智能体产业园为消纳平台，打造“前店+后厂”的AI Token经济新业态，助力衡阳打造全国智能体产业与Token算力经济结合之城。

[Sun]三款芯片协同面向万卡异构集群：云天励飞计划推动三款芯片在万卡异构集群中的分离式部署与协同运行。按照Prefill、Decode和Decode FFN的不同负载特征，分别配置相应芯片和资源池，并通过高速互联形成协同运行的异构算力系统。

风险提示：核心芯片产品销售不及预期，技术研发不及预期，端侧设备产品销售不及预期风险，单一大客户依赖风险。

联系人：国联民生计算机吕伟/陈安宇",水木调研纪要,,1,0,428,https://wx.zsxq.com/group/88888142214212/topic/22258258451815241,data/research/updates/2026-10-07-all_views-014.csv
2026-09-18T09:09:48,2026-09,❗️国产算力新黑马=和顺石油-奎芯科技：定制芯片业务大超预期，Q2合同负债可侧面验证【天风计算机团队】,"❗️国产算力新黑马=和顺石油-奎芯科技：定制芯片业务大超预期，Q2合同负债可侧面验证【天风计算机团队】

1️⃣# 除IP授权外、第二与第三增长曲线发展迅猛
奎芯科技的IP授权包括UCIE、PCIE和内存等接口互联IP，公司也正在积极研发包括IO Die在内的Chiplet解决方案，2025年收入约2.1亿，IP+设计服务的收入稳定向上；此外公司逐步涉及定制芯片业务，实现从IP-后端设计-流片服务的全流程，拓展收入新曲线，公司手中# 客户质地非常非常优质，业务发展节奏迅速，往27年展望空间巨大# 公司交流详情可私信

2️⃣# 在手订单充裕、报表加速体现
公司在2026年Q2并表奎芯科技，半年报公司预付款3.79亿元，# 合同负债6.18亿元❗️，而26Q1时公司预付款仅0.2亿元。合同负债仅1.34亿元，二季度资产负债变化主要由奎芯贡献，预示着公司订单的快速增长。我们预计从Q3到Q4，公司在资产负债表和收入端将加速体现。

3️⃣# 股权激励已落地、深度绑定公司半导体业务核心人才
公司完成2026年股权激励授予，总人数198人，其中涵盖了除高管外绝大多数半导体领域技术人员，绑定核心技术骨干，授予价格26.25元。而奎芯创始人已通过协转获取上市公司6%的股份，彰显高管团队信心。

基于此，建议重点关注！# 国产配置  =寒武纪+和顺石油+燧原科技。欢迎交流！

天风计算机缪欣君/刘鉴",水木调研纪要,,1,0,429,https://wx.zsxq.com/group/88888142214212/topic/82258258451844882,data/research/updates/2026-10-07-all_views-014.csv
2026-09-18T09:09:30,2026-09,【XB机械】电科思仪调研要点更新260917,"【XB机械】电科思仪调研要点更新260917

基本情况：公司是国内高端电子测量仪器龙头，基于高频射频信号仿真设计+大带宽实时中频信号处理+系统集成开发核心能力，产品矩阵涵盖微波/毫米波、光电、通信、基础测量仪器及测试系统，深度覆盖通信、航空航天、雷达、电子对抗及工业电子等高端应用。

光通信：
#光谱分析仪：覆盖光芯片、光器件、光模块全产业链测试环节，其中光芯片环节为必备测试设备，针对下游高景气需求加码厂房改造，截至26M9在手订单近1w台。
#产品矩阵持续扩容：1.6T光示波器（芯片自研）、采样示波器、时钟恢复单元、误码仪均预计2027年推出，其中误码仪预计27H1外销，3.2T采样示波器有望27年推出。

PCB测试：
#高多层、高传输速率、高价值的GPU背板、交换机背板等产品有明确测试需求，供给端仅是德科技已有批量订单及落地，但其货期极长，存在供给缺口。
#公司67G矢量网络分析仪核心算法已完成研发，误差修正模型、内部信号分离等核心技术经过长期积累已可满足大部分PCB测试需求，正联合开发适配产线的ATE架构测试系统，有望于27H1形成批量订单（当前已有小量订单）。

半导体：围绕射频芯片测试、SoC测试、光电芯片封测等三方向布局，提供向上期权。

卫星互联网及6G：参与星网终端协议等核心标准制定，未来行业进入量产阶段后，卫星组网及终端设备测试需求空间广阔，叠加国产替代趋势，公司亦将充分受益。

经营规划：
#业绩：预期26年整体营收增速20%+，光通信高景气+供给端新产能构建提速，营收规模或高速增长。
#研发：持股员工基本以研发一线人员为主，持续加码研发人才的吸引、挖掘。

王昊哲/张恒晅/乐智华",水木调研纪要,,1,0,428,https://wx.zsxq.com/group/88888142214212/topic/82258258451848282,data/research/updates/2026-10-07-all_views-014.csv
2026-09-18T09:06:17,2026-09,CPO Downgrade CCL这一事件我们的思考——260918,"CPO Downgrade CCL这一事件我们的思考——260918

今天的事情大家很清楚了，有对岸KOL在某论坛发表CPOwilldowngradeCCL的评论，台股CCL三雄持续下挫，带动PCB和CCL材料股价表现都较差。

当然这个东西短期影响有限，简单的卖方点评肯定是CPO不会短期量产+CPO短期也进不了计算板+产业check下来没有降规；BUT我们想分享一些更多的思考：

这是一个短期无法证伪的长逻辑，简单来说【舰长】的逻辑是短期无法证伪的，因为长期来看CPO会落地，而CPO会将高速讯号传输在封装侧完成（448G时代光进铜退其实也讲了很久了），未来的交换板和计算板PCB设计大概率会有变化。

这是一个早就提过的逻辑。对岸对于CPO的跟踪研究应该是最便捷的，据我了解CPO可能降规CCL这个事情已经讲了6个月了，我们知道的他们大概率知道，他们这么无脑杀跌是蠢吗，我觉得更多反映着资金在借着理由短期兑现，【涨多了兑现】是比较客观的判断。

所以确实不会有短期影响，跌多了可以捞，但也要思考长期问题，我们一直建议目前的组合配置中【久期】可能也重要，均衡一点，不只是【短期的紧缺、景气、涨价、业绩】。

危中有机，利好的方向是载板和。如果PCB板块大幅下跌，优先可以捞CPO逻辑受益的方向载板。

1、载板为什么利好
如果采用CPO，主板的讯号传输需求降低，但载板侧需要承担更多，载板的产业升级是更明确的，会是量价齐升的方向。目前海外buyside也大量将ABF载板列为2027年紧缺度最高，甚至高于HBM的品类，载板会是后面PCB最大的叙事。

详情联系，国联民生吴爽",水木调研纪要,,1,0,438,https://wx.zsxq.com/group/88888142214212/topic/82258258451522212,data/research/updates/2026-10-07-all_views-014.csv
2026-09-18T09:05:47,2026-09,【中泰电子|京东方】涨价加速短期利润释放，玻璃基封装载板打开远期空间！,"【中泰电子|京东方】涨价加速短期利润释放，玻璃基封装载板打开远期空间！

[礼物]面板调价加速短期利润释放，显示业务有望持续向上！
➠据Digitimes，公司于9.15日发布调价函宣布对显示产品进行提价。涨价主因近期显示面板原材料持续涨价，此前康宁亦宣布Q4起对显示玻璃基板涨价15%以上。
➠供需格局上来看，面板大尺寸化持续推进，TV面板稼动率维持高位，供需偏紧背景下京东方、TCL、惠科等面板龙头已于近期集中发布涨价函。
➠当前9月面板价格已企稳，此次涨价有望推动面板价格重回上升通道，加速LCD业务利润释放；后续消费电子需求复苏叠加LCD&OLED供需格局持续改善，预计带动显示主业持续向上！

[庆祝]玻璃基板&MicroLED光通信产业链核心，深度绑定康宁空间巨大！
➠封装玻璃基板：全面布局TGV通孔/填充/高多层RDL全流程的稀缺标的，国内&海外客户需求旺盛，玻璃芯载板量产线预计27Q1达投决条件，关注后续验证&量产节奏超预期可能；此外公司亦与康宁合作开发玻璃桥&CPO玻璃载板方案，有望受益CPO集成度提升趋势。
➠MicroLED：与华灿光电一同合作康宁开发MicroLED光互联，预计27年推出解决方案demo，28年实现商业化落地，未来亦有望将MicroLED应用于CPO玻璃基板方案，建议重视光入柜内趋势下MicroLED光互联方案机遇！

风险提示：新产品验证进展不及预期",水木调研纪要,,1,0,423,https://wx.zsxq.com/group/88888142214212/topic/55521521428252144,data/research/updates/2026-10-07-all_views-014.csv
2026-09-18T09:04:43,2026-09,20260917复盘,"20260917复盘

宏观：
1.	美联储全票通过9月+25bps。点阵图：本年再加25bps，2027年中位数不加息但有8位仍选择加息25bps。
2.	沙特请求阿曼出面斡旋，与胡塞武装达成2周的停火。

人工智能：
1.	昇腾960DT计划提前至2027年一季度推出，超节点已部署超过1000套；5500个NPO光引擎替代4.8万颗800G光模块，节电超过550kW。
2.	黄仁勋：英伟达明年芯片销量将是今年的两倍。
3.	Nebius宣布10月1日起上调计算租金，英伟达最新GPU涨幅达21%；CoreWeave拟发30亿美元可转债加速扩容算力集群。
4.	SemiAnalysis：OpenAI与Anthropic的预训练算力占比已从67%降至7%，而后训练与强化学习（RL）占比飙升至55%，推理算力升至38%。
5.	智谱 GLM 公开国内大模型首个递归自我改进实践：由 GLM-5.3 驱动的 Infra Agent 在超 10 万张国产芯片集群上。
6.	传CPO世代启动后，主机板PCB的CCL从M8/M9超低损耗等级降规到M4。
7.	卖方：CPO落地不改PCB升规升阶趋势。AI PCB中70-80%为AI服务器柜内需求，柜内中短距离互联通过PCB连接的趋势明确。CPO交换机PCB整体的升级趋势同样明确，载板化是未来PCB明确的超额增长细分方向。
8.	大摩：2028年之前整个AI系统中CCL需求断崖式减少的风险极度有限。
9.	卖方：三环针对Q4规划车规品涨价，现货止跌回升。
10.	沐曦大幅解禁日，换手45%，大涨14%+。
11.	AMD通知合作伙伴涨价10%。
12.	16日发布的统计数据显示，日本PCB产额连22个月扬升，7月份暴增逾3成，连8个月出现2位数(10%以上)增幅。

医药：
1.	诺和诺德与Anthropic达成合作，使用Claude Science平台加速新药发现。
2.	金斯瑞接入礼来Lilly TuneLab，向平台成员提供蛋白表达、纯化与表征等标准化湿实验服务。

半导体：
一家生产沉积设备的公司高管表示：交货时间已经延长到了10个月。另一家半导体激光加工设备制造商从日本采购关键零部件，交货期可能长达40个月。

机器人：
9月17日正式开始量产前''程序性审厂''，为10月5日Optimus G3大规模量产前最后一次审厂。

HNB:
9月26日国标征求反馈截止。8月底以来国际烟草高管陆续来华访问中烟高层，或加大国内HNB放开力度。

快递：
卖方：明天义乌开始封盘，底价上涨0.3元，有望贯穿全年，时间和涨幅超预期。

煤炭：
523家炼焦煤矿样本显示，产能利用率降至69.7%，环比下降1.1个百分点。

新能源：
宁德时代拟以14亿元在雅安新建4万吨碳酸锂年产能。

策略观察：
1. 今日成交18366亿，缩量159亿。指数没啥问题，延续做多窗口期吧，基本上加息预期短期顶点了，短暂的油价回落窗口期还在。
2. 板块方面，汽车（低位汽车是因为智能化提速与央地整合共振+机器人）、交运（油运+快递）和农林牧渔（反抽）领涨。科技冲高回落是昨天写的预期内，明天按计划就应该继续震荡向上。
3.	题材方面，行情仍在延续，科技提前反弹后冲高回落很合理，昨天都能预期到，这时候及时走出来医药农业和油运轮动，挺好，说明是有行情的时候。国产芯片连续走强，燧原就不说了，连续大涨，沐曦摩尔这两超跌都被捞了。普反窗口，不是非要搞最强的都能捞上一笔，选择自己能有信心抗住日内或单日波动的吧。",水木调研纪要,,1,0,425,https://wx.zsxq.com/group/88888142214212/topic/55521521428228884,data/research/updates/2026-10-07-all_views-014.csv
2026-09-18T09:04:13,2026-09,芒果超媒招商会看点0917：AI长剧内容方向明确，持续关注AI长内容进展！,"芒果超媒招商会看点0917：AI长剧内容方向明确，持续关注AI长内容进展！

# 首次将AI长剧作为核心招商项目、后续内容明确：
🎈芒果AI长内容聚焦三大赛道，构建芒果AIGC内容厂牌。①精品女频中长剧：聚焦头部网文IP、都是校园剧、创新IP衍生，储备有多部长剧《风起玲珑骨》《成风》《同行相轻》《宝珠之归航录》《大侦探嫌疑人自述》《道士不好惹》；②经典IP独家焕新：《永恒辛追的一生》《搜神》《后西游记》《八仙都市生存指南》；③少儿动画：《咕噜比事务所》《国宝奇趣探秘集》《阿衰》等。《后西游记·战天宫篇》共5集定档国庆，并且获得修正药业独家冠名合作，# 除会员外、持续打开商业化空间。

# 新增大剧丰富、官宣多部创新综艺：
🎈剧集： 多部已杀青待陆续释放，包括《咸鱼飞升》（预计10月）、《美顺与长生》《何不同舟渡》《欢聚》《今天是太阳雨》《凤不栖》《恰逢春》等。新官宣《人间有味》（胡歌、李沁主演）、《我与爱同谋》（关晓彤、林一)、《玉簟秋》（丞磊、徐若晗）、《告白》（王星越、邓恩熙）、《简单的人生》（倪妮）等。
🎈综艺：26Q4储备有综N代《声鸣远扬2026》《声生不息·宝岛季2》等、新综艺《后会有期》《大力出奇迹》《热烈的少年》等；27Q1储备有《向往的生活2027》、《我们来了》（回归）等、新综艺《老板给我放个假》等。官宣新综艺《限定季·南极篇》（全男境外探险）、《“试离婚”21天》（国内首档婚姻倦怠模拟实验观察真人秀）、《女为悦己容》（女性成长群像）等14档。

资料来源：芒果TV官方公众号、芒果TV等
风险提示：播出表现不及预期等；新业务拓展不及预期",水木调研纪要,,1,0,413,https://wx.zsxq.com/group/88888142214212/topic/55521521428225844,data/research/updates/2026-10-07-all_views-014.csv
2026-09-18T09:03:44,2026-09,【广发机械】专用设备跟踪,"【广发机械】专用设备跟踪

# 帝尔激光。推出员工持股计划，本员工持股计划购买标的股票的价格为60.35 元/股（收盘121.10元/股），考核目标为2026-2028年营业收入不低于20.50、25.0、35.0亿元，本员工持股计划将通过非交易过户等法律法规许可的方式购买标的股票不超过1,062,304 股，约占员工持股计划公告时公司股本总额的0.37%；持续看好公司在TGV、FAU、PCB等领域的卡位和进展。

# 微导纳米。1-8月新接订单（含框架）已经超全年指引，武汉、合肥、福建客户持续突破，今明年订单有望持续上修。

欢迎交流。",水木调研纪要,,1,0,411,https://wx.zsxq.com/group/88888142214212/topic/55521521428222414,data/research/updates/2026-10-07-all_views-014.csv
2026-09-18T09:03:37,2026-09,再次提示➡️节前红包行情已来 ，液冷值得你的押注,"再次提示➡️节前红包行情已来 ，液冷值得你的押注

🧧重点关注液冷新F4里的“道明寺”和“花泽类”，爆发力和预期差定审美：

⭕️【海鸥股份】冷却塔龙头，逻辑相当于“冰轮环境+亚翔集成”的加强版，卡位稀缺性强，目前正迎来“液冷放量+Fab厂扩产”双拐点：1）液冷：格局最好的环节，原先被北美三巨头垄断，订单已排至30年，公司是东南亚扛把子，正进入北美；2）Fab主要大厂独供/唯二白名单，绑定Fab厂扩产，订单级别不断超预期

⭕️【集智股份】液冷放量目前的核心矛盾已经转为产品品控，盲插不稳定和接口渗液已经对行业放量进程和节奏构成实质性影响，可以说液冷放量的前提就是产品精度问题的解决。公司产品直面痛点本质，针对液冷Manifold、冷板等的校直/校准设备需求近期迎来爆发式增长，公司或是液冷边际变化的最佳载体。

# 你永远可以相信华源建材",水木调研纪要,,1,0,410,https://wx.zsxq.com/group/88888142214212/topic/82258258451555822,data/research/updates/2026-10-07-all_views-014.csv
2026-09-18T08:55:06,2026-09,【GLMS机械】机器人位置好，Q4有催化，均衡市场下可提前布局,"【GLMS机械】机器人位置好，Q4有催化，均衡市场下可提前布局

1、行业层面两个催化
一、发布会：恒立口径Q4会有两场发布会，预期外，以往机器人的右侧行情主要来自发布会
二、审厂后的量产爬坡：多数供应商口径，Q4的某个时间点，产能会从9月的周产500-1k，提升至2k，整体上一般审厂是提前交易未来发布会行情的左侧买点

T链的β行情，仅列举
1、低位弹性：市值从大到小依次是【新泉】，【浙江荣泰】，【峰岹】，【五洲】，【金沃】，【天创时尚】等
2、大市值卡位公司【恒立液压】，【蓝思科技】，【科达利】，【三花智控】等

也可能传导至国产机器人链，还是看好【上纬新材】（后续有发布会等持续催化）

附：年内交易占比和机器人60指数都基本处于最低点，当前向下风险确实不大",水木调研纪要,,1,0,437,https://wx.zsxq.com/group/88888142214212/topic/55521521424551184,data/research/updates/2026-10-07-all_views-014.csv
2026-09-18T08:54:56,2026-09,【盘前0918】,"【盘前0918】

1、美股在继续消化昨天美联储自2023年以来首次加息的影响，还是偏防御性加息，不能简单得出加息以后经济就要崩的结论。随着宏观因素落地，我们一直强调的三大流动性拐点也逐渐明朗，中东沙特和胡赛缓和，伊朗也有进展，油价出现回落，晚间也有中美前站消息，访美预期变强，英国按兵不动。美股是最近六周以来最大单日涨幅，也验证了市场风险偏好修复共识，结构上硬科技更强，黄金都先抑后扬了突破4350了，10年美债收益率高位回落，VIX也大幅下降。

2、周三A股提前反应普涨，昨天适当回摆修正下，合情合理，属于良性分歧，指数延续做多窗口。我们还是维持到9.24之前风险偏好明显修复的判断（两周年的情绪催化），国庆前问题应该也不大，临近假期，筹码还是比较松，昨天量能还是1.83万亿，分歧承接的资金也不太多，但往往这个时候，越会酝酿更加平顺的反弹行情，类似8月初的情况。短期来看，加息预期的短期顶点出现了，短期的油价回落窗口开启，A股最近一周当弱不弱，修复行情的黎明将至。

3、技术上进一步确认了3850窄幅震荡区间还是有限，也就看看这轮能不能顺利突破3990的压制，前面两次试探都不太顺利。不过这次没有一举实现重要指数底部钝化的共振，要不然还能高看一线，震荡下探的时候还是有承接盘。结构上昨天抢跑的硬科技和周期调整得多点，都能预期到，前排比较偏题材和分散，前面大幅杀跌的粮食ETF题材跑回来，机器人ETF 也有最后一轮审厂催化。不过结合昨晚美股和商品的表现，大概率今天可以再演绎普涨格局，挺好的，说明是有行情的时候，普反窗口选择自己能够有信心抗住日内或者单日波动品种就好，有色ETF和工业有色ETF 昨天捞也对。

4、中美谈判会不会很顺利不好说，周末应该会有更多消息，加息环境下肯定是对科技景气品种更占优，继续震荡向上。科创半导体设备ETF，消费电子ETF，半导体ETF都有机会。我们继续强调，搞不定轮动的就乖乖拿着弹性宽基，科创100ETF，科创综指ETF，创业板50ETF，还有增强不错的科创50增强ETF。

（仅供内部参考，不做投资建议，基金投资需谨慎）",水木调研纪要,,1,0,425,https://wx.zsxq.com/group/88888142214212/topic/55521521424552184,data/research/updates/2026-10-07-all_views-014.csv
2026-09-18T08:54:42,2026-09,【中泰电新】# 东方电缆：Q3高价值海缆迎集中确收期，国内外海风催化贡献弹性,"【中泰电新】# 东方电缆：Q3高价值海缆迎集中确收期，国内外海风催化贡献弹性

# Q3高价值海缆确收预期大幅提升驱动业绩改善明显：Q2确收结构主要以陆缆和中低压海缆为主，但实际上据相关新闻报道，帆石二已在Q2进入500kV送出缆敷设阶段、三山岛柔直输电工程在4月也已发运，这些高价值订单预计随着敷设进展加速，对应在Q3-4集中确收

# 国内外海风招标催化带动公司向上弹性
# 国内看，H1招标偏少，Q3陆续有阵列缆小项目释放，以及汕尾红海湾500kV海缆重新启动招标，预计后续粤东、海南、江苏等大项目也加快招标节奏
#海外看，英国Mona项目于26年7月获得政府开发许可，同时参加新一轮AR8 Cfd拍卖，后续拍卖落地则公司有望获得海缆订单；此外，欧洲&东南亚海底互联规划庞大，公司具备出海先发优势、将加速渗透

[玫瑰]投资建议：公司Q3业绩预期持续改善，26年业绩扎实。展望后续，国内海风项目储备量大且采用500kV海缆占比提升，公司作为龙头充分受益；同时海外海风需求以及电力互联需求共振，公司加速出海贡献弹性。继续重点推荐

✉️风险提示：需求不及预期、竞争加剧、市场拓展不及预期等

【中泰电新曾彪团队】 曾彪/吴鹏17701800142/郭琳15962175627",水木调研纪要,,2,0,423,https://wx.zsxq.com/group/88888142214212/topic/22258258454281151,data/research/updates/2026-10-07-all_views-014.csv
2026-09-18T08:54:32,2026-09,❗【天风电新】陶瓷基板 | 板块：再谈陶瓷基板的投资机会-0917,"❗【天风电新】陶瓷基板 | 板块：再谈陶瓷基板的投资机会-0917
———————————
⭐核心观点：# 继续看好服务器领域陶瓷基板，从市场预期差看，服务器＞光模块，从壁垒看，服务器TEC难度＞光模块，PCB-陶瓷基板难度再提升。具体如下：

第一，明确光模块领域三大应用分别是：光源基板、TEC制冷片陶瓷基板和陶瓷管壳，其中光源基板和TEC使用的陶瓷基板均为DPC工艺，陶瓷管壳为HTCC工艺。

第二，明确服务器两大应用分别是TEC制冷片（hbm、cpo交换机）和PCB-陶瓷基板，这两者均使用的DPC工艺。

基于以上我们对比四类产品：
✅DPC对比HTCC--完全不同
1、从工艺上看，DPC可以理解为陶瓷烧结后在表面镀铜，主要工艺为磁控溅射、电镀等，HTCC为生瓷带和金属浆料高温烧结，主要工艺为流延、填充浆料、印刷等。

2、从性能上看，DPC实现# 高频、高精度线路、低损耗；HTCC实现# 气密性、耐高温、多层等。

✅DPC中光源基板对比TEC制冷片—各有难点
1、TEC陶瓷基板：核心难点是# 表面厚度、粗糙度的极致精细化管控，偏向半导体级精度要求，产品以Micro TEC为主。

2、光源基板：核心难点是# 盲孔贯通性、孔内填充饱满度管控，技术相对成熟。

✅TEC制冷片中光模块对比服务器—服务器线路精度更高、导热系数要求更高
服务器TEC主要用于HBM、CPO交换机中，# HBM  TEC放置于HBM-DRAM堆叠下面用量更多、难度更大：1）HBM芯片10×10mm（对比EML 2×2mm）Micro-TEC需求量更大；2）HBM TEC线路精细度更高，功率更高导致散热要求提升、价值量提升。

✅服务器中TEC对比PCB-陶瓷基板—完全不同，PCB难度更高
1、从作用上看，TEC核心功能是控制温度在±1℃甚至0.5内，PCB-陶瓷基板是为了散热，防止功率提升热量淤积导致的材料变形。

2、从工艺上看，PCB-陶瓷基板在DPC基础上# 增加陶瓷基板和M8/M9混压工艺，因此难度提升明显。

投资建议
1、推荐绑定TEC全球龙头的【国瓷材料】、【富乐德】、【科创新源】。

2、推荐PCB-陶瓷基板进展最快的【科翔股份】，其次【泰金-胜宏科技】。

3、光模块先发优势明显【中瓷电子】以及新进一体化【旭光电子】。
———————————
欢迎交流：孙潇雅/赵子淇",水木调研纪要,,1,0,434,https://wx.zsxq.com/group/88888142214212/topic/45548548242581588,data/research/updates/2026-10-07-all_views-014.csv
2026-09-18T08:54:14,2026-09,【安井食品】旺季表现亮眼，开启新一轮提价,"【安井食品】旺季表现亮眼，开启新一轮提价

近况：9月高基数下主业双位数增长，#表现超预期。主因1）9月公司开始旺季减促提价，#幅度约2-4%，8月至今集中报单。2）传统单品、新品及渠道表现较好亦有贡献。

[玫瑰]后续提价规划：受鱼糜价格上涨影响（海水鱼糜涨价较多，淡水鱼糜跟涨），#十一之后预计针对鱼糜有关产品进一轮提价，此外12月将进行第三轮提价，并将根据同行跟进及终端接受情况灵活调整。作为行业龙头，公司希望借此推动行业由价格竞争转向质量竞争。我们认为，此轮提价预计较顺畅，一方面公司龙头地位稳固，另一方面竞争对手成本压力更大，跟进概率较大。

[庆祝]成本表现：公司鱼糜成本占原料成本12%（占鱼糜制品的成本比重超25%），公司通过收购新柳伍及新宏业两家水产企业（国内淡水鱼糜采购量占约60%），成本压力或小于同行。

我们的观点：预计公司26/27年营收184/204亿元，同比+14%/11%；归母净利润17/20亿元，同比+25%/17%。当前市值对应A股15/13X，H股10/9倍。公司整体旺季表现可观，当前动销及提价动作有望打消市场对于高基数的过度担忧，当前估值低位，建议重点布局！",水木调研纪要,,2,0,413,https://wx.zsxq.com/group/88888142214212/topic/45548548242585118,data/research/updates/2026-10-07-all_views-014.csv
2026-09-18T08:54:08,2026-09,隔夜市场点评0918：加息落地美股全面反弹,"隔夜市场点评0918：加息落地美股全面反弹

 行情总览：

 美股在FOMC后第二个交易日全面反攻，标普+1.14%、纳指100+1.73%、道指+0.61%，半导体方面，费半大涨3.14%、DRAM指数+4.43%，存储与光通信全线修复。VIX跌至15.44。

 英央行按兵不动+放弃长债出售，FTSE 100 +1.19%，DAX +0.7%，CAC40+0.6%.

 商品剧烈再平衡，布油-4%报101.6、WTI-3%报94.6；黄金+2%，白银+4%。

 核心事件与观点

 FOMC加息落锤+点阵图暗示年内再加一次，美股得到“靴子落地”消除不确定性拉动全面收涨。一方面是沃什鹰派加息的言论部分打消了此前市场对联储政策反复的疑虑，另一方面，发布会中对经济韧性的表述同样将利多的解读空间端了上来，市场选择了相信经济韧性而非恐惧利率终点。

 英央行的决议6:3维持利率不变，但同时宣布放弃出售长期国债，本质是中央银行在利率和资产负债表中取舍的结果，最终选择保利率紧缩、放缩表节奏，长端利率的供给压力已被官方确认。对于美债而言，传统买家们的QT放缓构成一定的隐性利好。

 王毅同鲁比奥通电话，双方着重讨论高层交往筹备，叠加特朗普可能参与深圳APAC峰会的消息，中美关系的缓和信号在加密。对A股而言，降税磋商的推进、年内元首互动的沟通引导外部环境的组合从“全面承压”转向“利率承压、关系缓和”的阶段，这个再平衡对风险偏好的修复可以构成中期利好。

⚠️ 风险提示：美伊冲突超预期加剧风险；点阵图显示年内还有一次加息，美联储兑现连续提高政策利率风险；美元指数超预期走强，货币篮子集体承压风险。

 欢迎大家与我们讨论，请联系国联民生宏观团队陶川/林彦",水木调研纪要,,1,0,414,https://wx.zsxq.com/group/88888142214212/topic/55521521424515484,data/research/updates/2026-10-07-all_views-014.csv
2026-09-18T08:53:46,2026-09,【东财煤炭*李淼/王涛】保供靴子或逐步落地，不改供给约束主线❗️0917,"【东财煤炭*李淼/王涛】保供靴子或逐步落地，不改供给约束主线❗️0917

🔥针对今日的保供小作文，我们认为，从目前流传的征求意见稿看，# 政策方向更多是纠偏式保供而非强刺激增产，核心在于推动临时停产产能复产达产、加快流程中项目释放、纠正部分不应长期存在的非正常停减产，并不意味着安监约束放松或煤矿重新回到超产状态。# 保供靴子逐步落地后，市场对政策力度的过度担忧反而有望缓解。

1️⃣# 政策：力度整体温和、更多是流程加速和非正常停产纠偏
征求意见稿提出提速推进临时停产产能复产达产、加快联合试运转煤矿验收、延长部分煤矿生产周期、适度放宽产能核增年限限制、释放储备产能等。我们认为，这与此前产业沟通框架基本一致：一方面加快已经在流程中的合规产能释放，另一方面推动部分因检查、验收、全年任务完成等因素造成的停减产恢复。# 这类政策有助于缓解短期供应紧张、但不是大规模新增产能、更不是放松安全监管。

2️⃣# 山西：重点是纠正过度收缩、不是否定安监主线
文件中山西试点政策更偏向对特殊情况的纠偏：对超年度生产计划的合规煤矿开展安全评估，主要针对部分矿井因全年任务完成提前停产、或因前期检查导致复产偏慢的问题。我们认为，这只能修复不该停、不能长期停的部分产量，难以恢复此前隐性超产、违规外包、隐蔽工作面等灰色产量。# 山西产量边际恢复不等于安监转向，全国安全监管偏严的大环境仍未改变。

3️⃣# 影响：短期情绪修复、供给逻辑未反转
近期煤炭股价与煤价出现背离，核心就是市场担心政策调控压制煤价。但如果后续正式文件与征求意见稿方向接近，则# 政策力度明显低于强保供、强核增的担忧，更像是阶段性靴子落地。考虑到前期库存已经明显消耗，进口补充有限，且复产更多是合规产能的正常修复，我们认为供给偏紧格局仍在，煤价中枢上行逻辑不变。

🔔投资建议：继续坚定推荐煤炭板块❗️短期政策担忧和资金兑现带来波动，但保供政策若以纠偏和流程加速为主，反而有助于消除市场最大不确定性。我们继续看好供给约束制度化+煤价中枢上修+盈利改善兑现的景气行情❗️
✅# 动力煤 关注高现货弹性，重点推荐【兖矿能源】【广汇能源】【昊华能源】以及存在核增潜力的【陕西煤业】；
✅# 焦煤 推荐不受减量影响的优质焦煤股票，重点推荐【淮北矿业】、【平煤股份】、【mongol mining】。

☎️欢迎交流：李淼18601368014/王涛18516681791/朱彤",水木调研纪要,,1,0,404,https://wx.zsxq.com/group/88888142214212/topic/55521521424511244,data/research/updates/2026-10-07-all_views-014.csv
2026-09-18T08:53:26,2026-09,【华安电新】美国《电力用户保护法案》众议院高票通过，进一步强化自备电+储能逻辑,"【华安电新】美国《电力用户保护法案》众议院高票通过，进一步强化自备电+储能逻辑

➡️事件：从倡议走向联邦立法
◆美国数据中心快速扩张带来电网扩容及居民电价压力，政策主线逐步从倡议走向立法。
◆2026年1月，民主党议员提出SHIELD法案，要求大型负荷承担自身新增电力基础设施成本；
◆3月特朗普政府推动“电力用户保护承诺”，Amazon、Google、Meta、Microsoft、OpenAI、Oracle、xAI等承诺通过“自建、引入或购买”新增电源，并承担数据中心对应电力基础设施成本。
◆6月两党进一步推出H.R.9340，7月众议院能源与商业委员会52:0通过，9月16日众议院最终以417:3高票通过，政策共识已十分明确。

➡️法案核心：谁新增负荷，谁承担新增成本
◆H.R.9340主要针对法案生效后新增、单一场址峰值负荷达到100MW及以上的数据中心，要求各州监管机构审议新的大负荷费率机制。
◆数据中心需承担为其新增负荷配套建设的发电、输电、配电设施增量成本；即使后续项目取消、负荷下降或停止用电，也应避免相关固定资产成本转嫁给居民和普通工商业用户。
◆公用事业在建设相关设施前，可要求数据中心提供预付款、担保、最低用电承诺等金融保障。

➡️落地仍需参议院+州级监管。目前法案仅完成众议院程序，后续仍需参议院通过一致文本并提交总统签署。即使最终成为法律，各州监管机构仍需结合本地电网情况制定具体费率及成本分摊机制。

➡️产业影响：电力成本从社会化走向项目内部化，自备电+储能价值提升
◆我们认为，法案将改变供电基础设施成本的承担主体。未来大型数据中心若完全依赖电网，需要提前承担电厂、输电线路、变电站等增量投资，并承担项目退出后的搁浅资产风险，纯电网供电的前期资本占用和长期合同刚性明显提升。
◆未来数据中心将更加主动比较纯电网与自备电+电网的全生命周期成本，燃机/SOFC+BESS、光储、微网等方案的相对经济性进一步增强。储能价值也从UPS备电、峰谷套利，进一步延伸至削减并网容量、平抑AI负荷波动、减少电网扩容以及提升弱网/孤网稳定性。对应来看，构网型储能、燃机/SOFC、变压器及中压开关、微网EMS等环节有望持续受益于美国数据中心自带电、自付费、自平衡的供电趋势。
◆储能关注阳光电源、上能电气、宁德时代、阿特斯等；SOFC关注三环集团、潍柴动力、冰轮环境等；燃气轮机建议关注：杰瑞股份、应流股份、东方电气。

细节欢迎联系

☎联系人：张志邦/郑洋/蔡金洋",水木调研纪要,,1,0,384,https://wx.zsxq.com/group/88888142214212/topic/45548548242584888,data/research/updates/2026-10-07-all_views-014.csv
2026-09-18T08:53:19,2026-09,[红包]浙商机械【潍柴动力】北美柴发OEM获得亚马逊超大单，公司核心受益0917,"[红包]浙商机械【潍柴动力】北美柴发OEM获得亚马逊超大单，公司核心受益0917

# 北美柴发OEM获得亚马逊24亿美元以上大单
美国电力制造商Generac与亚马逊签署长期供应协议，预计2027-2028年备用发电机的初始交付额将达到24亿美元。同时Generac向亚马逊发行了认股权证，亚马逊可以按照每股票200.93美元的价格收购公司169万股股票，总额最高可达80亿美元。
根据Generace二季报交流，Q2新签订单10亿美金，7月末积压订单已经达到16亿美金。

# 潍柴动力：北美缺电逻辑不改，重视公司超跌机会

1）潍柴全资子公司博杜安系Generac数据中心柴发机组的核心供应商，有望凭借优异的产品性能和稳定的交付能力，持续获得海外高端市场订单。

2）潍柴已构建数据中心主备电的全产品矩阵。2024年以来公司柴发备电高增长，2026年上半年销量超去年全年，2027年燃发（主用电源方案）加速放量，2028年SOFC将贡献重要利润。

公司是当前AIDC发电设备低估值、高成长、高股息兼具的标的，持续重点推荐！

风险提示：北美数据中心建设不及预期风险

浙商机械 邱世梁/王华君/陈姝姝/王一帆18810699903",水木调研纪要,,1,0,383,https://wx.zsxq.com/group/88888142214212/topic/82258258458415842,data/research/updates/2026-10-07-all_views-014.csv
2026-09-18T08:52:45,2026-09,🔥🔥【AI算力备电事件点评：亚马逊24亿美元锁定Generac，数据中心电力保障从“配套设备”升级为核心Capex】,"🔥🔥【AI算力备电事件点评：亚马逊24亿美元锁定Generac，数据中心电力保障从“配套设备”升级为核心Capex】

🎉🎉事件：Generac与亚马逊签署长期数据中心备用发电机供应协议，首批交付预计集中在2027—2028年，规模约24亿美元。更值得重视的是，亚马逊获得Generac认股权，后续股份归属与采购额挂钩，潜在采购规模最高可对应约80亿美元。这意味着AWS正在通过“长期订单+股权绑定”的方式，提前# 锁定AI数据中心关键电力设备产能。

我们认为，AI基础设施投资正在出现明显扩散：过去市场主要交易GPU、交换机、光模块和液冷，但当单个AI园区功率迈向数百MW甚至GW级后，“有算力、没电力保障”正在成为新的瓶颈。# 备用发电机、UPS、燃气轮机及自备电站的重要性持续提升。此次Amazon直接锁定Generac多年产能，说明备电设备已经从传统IDC配套，升级为Hyperscaler必须提前规划的战略资产。

👉🏻👉🏻A股可重点关注四个方向。# 科泰电源 对应数据中心柴油发电机组，是国内IDC柴发产业链的重要映射；# 潍柴重机 具备大功率发电机组及发动机能力，对应国产大功率备用电源方向。# 博盈特焊 其核心HRSG产品与GE Vernova等全球燃机产业链相关，AI数据中心从短时柴发进一步向燃气轮机自备电站扩散，产业空间有望进一步打开。近期GE Vernova燃机项目也明确受到数据中心新增电力需求驱动。此外关注# 科华数据。其数据中心UPS、供配电及高可靠备电系统。

📣 整体来看，本次Amazon大单的核心信号在于：AI算力资本开支正在从“算力设备”向“电力连续性”扩散，# 柴发—UPS—燃机—自备电站有望成为下一阶段AI基础设施的重要增量方向。",水木调研纪要,,1,0,384,https://wx.zsxq.com/group/88888142214212/topic/14425425125111512,data/research/updates/2026-10-07-all_views-014.csv
2026-09-18T08:52:20,2026-09,英集芯：强烈看好。主业+硅电容新业务，年底目标市值300e市值，未来看500-600e目标市值,"英集芯：强烈看好。主业+硅电容新业务，年底目标市值300e市值，未来看500-600e目标市值

公司主业高增长，业绩确定性强，给150e市值。
公司主业为充电宝soc，全球市占率70%，受益于充电宝新国标，充电宝soc的asp翻倍，新充电宝soc在26年下半年开始放量。目前看到的情况是，7月8月受益于新国标充电宝soc放量，q3利润将到1e，26年全年3e利润，27年不考虑硅电容新业务，主业有4-5e利润。

硅电容成长空间广，公司卡位好增长趋势明确，给150e市值。
硅电容市场规模未来100e美元，其中gpu 60e，光模块30e，其他15e。
公司硅电容产能来自于台积电产能独家中国区授权。客户来自于empower中国区团队，帮助海内外客户导入，非常顺利，自己有设计能力。
客户：国内大疆（26q4出货）、联想、小米、字节（26q3测试中，tape out），海外Mrvl（商务谈判，26q4订单有望落地）等。
从27年较确定性的订单来看，预期可实现5-6e硅电容收入，国内和海外客户各一半。70%毛利，50%净利。27年实现利润2.5e+。

整体利润，26年3亿，27年合计6-7亿，28年10-12亿。
目标市值，年底300e市值，明年看500-600e目标市值。",水木调研纪要,,1,0,373,https://wx.zsxq.com/group/88888142214212/topic/22258258458442881,data/research/updates/2026-10-07-all_views-014.csv
2026-09-18T08:37:27,2026-09,联想AI峰会交流Highlight,"联想AI峰会交流Highlight

# ISG
1）	服务器订单：540亿意向订单均为1年内商机，供应链到位即可落地；海外生产基地/服务网络按需加密，北美/欧洲/澳新/东南亚业务均在加速，新云客户扩张显著，单客户从数亿美金扩至数十亿美元。
2）	OPM：AI服务器新云客户毛利率可达25%-30%，部分海外场景>30%；企业客户OPM毛利率>30%，OPM可达18%。
3）	存储业务：标的毛利率60%-70%，短期对整体业绩影响有限，预计3年贡献亿级利润；长期目标存储业务规模五六十亿美元，利润10亿美元级别。
4）	超节点产品：40卡产品已发布，面向推理；128/256卡机型研发中，2026年底出样机，可支撑万卡训练；26年中已中标国内头部互联网厂商项目，下半年交付，同步对接其他头部客户。国内投入审慎、高ROI要求；海外与英伟达深度合作，利润承压，依靠规模盈利

# IDG
OPM：上半年PC出货增长=真实AIPC需求+渠道预判存储涨价前置备货。IDC预期PC出货双位数下滑，但公司预计收入仍同比正增，维持7.1%+利润率。长期利润率目标10%，依靠产品优化、高毛利周边拓展。AIPC当前出货占比不足50%，加速落地进一步抬升利润。

MBG：手机业务高增来自供应链保障、游戏/企业端差异化产品、Razr/MotoG在运营商渠道放量。并购整合尚未完成，成本优化空间大；预计1年管理优化周期，抬升利润贡献。

# SSG
增长核心来自3-5年设备租赁业务，降低客户资金压力、提升毛利；长期重点拓展硬件无关的纯软件服务，硬件+SSG协同是未被市场充分定价的价值点。

企业AI尚处早期，数据安全驱动客户倾向本地私有化算力，预计2027年企业算力预算集中释放。公司两年冲击1000亿美元营收可提前实现，长期净利率目标5%-8%+，并计划通过AI服务器规模扩张、存储及服务业务发展优化收入结构和利润率，达标后将扩招AI人才。",水木调研纪要,,1,0,407,https://wx.zsxq.com/group/88888142214212/topic/22258258458858141,data/research/updates/2026-10-07-all_views-014.csv
2026-09-18T08:37:11,2026-09,🧲【国海电子】鼎龙股份，成长典范；拓展光学，放心击球！0917,"🧲【国海电子】鼎龙股份，成长典范；拓展光学，放心击球！0917

# 不止半导体/新增光通信：
————————————
公司光博会展示低折射率光纤涂层、光模块导热凝胶、光学耦合胶等材料，# 目前多款光通信产品已向下游客户送样验证，# 部分产品有望年内实现订单突破。

# 不止内生/加速外延：
————————————
在完成半导体材料、显示材料的大规模量产，公司积极拓展其他景气行业，比如今年收购的锂电池辅材标的皓飞新材70%股权，# 未来公司有望持续加速其他高景气行业的材料并购动作。

➡明年预期16亿净利润，PE 40倍，可支撑市值640亿；# 公司光刻胶、光通信材料目前尚未定价，尤其光刻胶当前处于国产替代最佳窗口期，# 日本光刻胶10月报价集体上涨15-30%；两者合理未来至少支撑600亿市值；
建议积极关注持续兑现业务，持续拓展新业务的鼎龙，# 中长期可看1500亿。

————————————
🟥🟦SHZ",水木调研纪要,,3,0,402,https://wx.zsxq.com/group/88888142214212/topic/45548548248848518,data/research/updates/2026-10-07-all_views-014.csv
2026-09-18T08:37:04,2026-09,重点关注博硕科技：,"重点关注博硕科技：

1）设备进度提速，测试自动化及组装自动化设备进度提前，nv持续加速推进。

2）市场对泰瑞达战略合作未充分定价，泰瑞达深度参与nv各核心项目，详情可以看泰瑞达法说会纪要，与博硕深度绑定合作，泰瑞达提供标准件，博硕制作非标设备，后续想象空间巨大。

3）其他液冷部件研发中，对接海外头部客户打样已完成。",水木调研纪要,,1,0,402,https://wx.zsxq.com/group/88888142214212/topic/14425425125522122,data/research/updates/2026-10-07-all_views-014.csv
2026-09-18T08:36:40,2026-09,[太阳]【申万轻工】恒丰纸业：Q2经营性利润改善明显，并购锦丰打开增长空间，HNB卡位优势显著,"[太阳]【申万轻工】恒丰纸业：Q2经营性利润改善明显，并购锦丰打开增长空间，HNB卡位优势显著

[玫瑰]25Q2单季收入6.79亿元，同比增长1.6%，归母净利0.67亿元，同比增长96.7%，环比增长138.7%，扣非净利润0.62亿元，同比增长156.2%，环比增长158.6%

[强]公司为国内烟草用纸龙头，24年整体销量23万吨，#国内市占率约40%；外销市场快速爬坡，25H1收入占比29%，毛利率逐渐追平内销，#目前公司海外市场市占率约20%，菲莫深度绑定，英美、日烟、韩烟等有望逐渐放量

[咖啡]Q2盈利改善明显，主要系1）4万吨新产能于5月正式投产，25H1销量+9600吨；2）木浆成本低位，25H1公司原材料存货5.67亿，同比+68%，下半年有望持续受益；3）外贸业务盈利改善明显；4）卷烟行业出货节奏调整

[庆祝]锦丰并购：锦丰现有PM2/3产能1.54万吨，PM1在建3万吨预计于26年初投产，此后仍有PM4 0.6万吨技改规划；恒丰此前仅东北基地，且产能利用率持续保持90+%，#并购锦丰有望缓解公司产能瓶颈、大幅降低运输成本，且锦丰无技术、销售部门，管理成本低，#完全爬坡后单吨盈利有望高于总部

[玫瑰]HNB：公司烟草用纸出口市占率超过90%，此前为菲莫、英美等客户主要供应商，#24年恒丰在菲莫全球采购量中占比达20%-23%，全年供应成型纸6000-6500吨（其中40%用于HNB产品），已有丰富技术和市场化积累，HNB单支用纸量较传统卷烟提升40+%（其中主要为成型纸），推动市场扩容

[礼物]主业经营改善明显，并购锦丰打开增长空间，HNB进一步释放弹性。预计25、26年归母净利润分别为2亿、2.5亿（本部2.2亿+锦丰0.3亿），对应PE分别为15、12X，估值具备性价比！

[爱心]详细交流欢迎私信！

☎️申万宏源轻工：屠亦婷、黄莎、庞盈盈、张海涛、张文静、魏雨辰",水木调研纪要,,1,0,398,https://wx.zsxq.com/group/88888142214212/topic/55521521421288844,data/research/updates/2026-10-07-all_views-014.csv
2026-09-18T08:36:32,2026-09,🔥底部战略性看好【盛合晶微】,"🔥底部战略性看好【盛合晶微】

华为昇腾960、寒武纪690/790
先进封装全面升级
从cowos-S到cowol-L！

封测板块Q3业绩有望超预期
（稼动率+涨价双重弹性）",水木调研纪要,,1,0,402,https://wx.zsxq.com/group/88888142214212/topic/45548548248411218,data/research/updates/2026-10-07-all_views-014.csv
2026-09-18T08:36:16,2026-09,NBIS再涨价：算力紧缺仍在延续,"NBIS再涨价：算力紧缺仍在延续
———
NBIS近期通知客户，拟从10月1日起再次上调按需GPU价格：H100 $3.85→$4.50/小时（+17%），H200 $4.50→$5.40（+20%），B200 $7.15→$8.50（+19%），B300 $7.85→$9.50（+21%）。

涨价之后需求依然没有明显下降。公司此前表示，手动连续提价仍无法平衡供需，于是直接拿部分Blackwell容量做拍卖，最终成交价比历史最高价还高15%、比当时pipeline报价高20%。

后续数据中心交付、Rubin等新卡、模型训练需求、融资安排等仍是主要关注变量。",水木调研纪要,,1,0,389,https://wx.zsxq.com/group/88888142214212/topic/45548548248412288,data/research/updates/2026-10-07-all_views-014.csv
2026-09-18T08:36:06,2026-09,【广发建筑 耿鹏智团队】东华科技公司调研反馈&观点更新,"【广发建筑 耿鹏智团队】东华科技公司调研反馈&观点更新

# 东华科技
1、工程端：煤化工进展较快，25年签的陕煤60亿元项目推进顺利，业主付款及时，26年预计可确认30亿元收入，26H1已新签新疆煤化工订单约40亿元。
2、乙二醇：26H1亏损6000万元，1-2月亏损8000万元，3-6月盈利2600万元，3-6 月单月平均盈利800万元。26年全年考核目标为亏损不超过5000万元，乐观预计全年有望实现盈亏平衡（现价已达7000元/吨，全口径成本4000元/吨）。
3、石墨烯：首期产能200 吨，后续计划扩至 4000 吨，达产后预计年营收2亿元，年利润2000万-3000万元。预计26年底实现机械竣工，进入试运营阶段，27年一季度正式投产。
4、减值：瓮安县PPP项目，上市公司对该子公司的坏账计提以出资额为限，最大损失为1.9亿元，子公司其余6亿元银行债务无需母公司承担，目前报表已对该项目计提 4000 万元，若26年诉讼未落地，年内还需计提1000-5000万元减值，后续官司胜诉后计提金额可冲回。
5、投资建议：目前估值较低，下半年业绩改善，全年预计预期增速10%-20%。预计公司26-28年归母净利为6.40/7.34/8.24亿元，对应26-28年PE估值分别为10x/8.7x/7.8x。底部提示推荐#东华科技！#

欢迎沟通~
# 感恩鼎力支持广发建筑耿鹏智团队[爱心]
耿鹏智/尉凯旋/陈怡洁/张子峻",水木调研纪要,,1,0,388,https://wx.zsxq.com/group/88888142214212/topic/82258258458514822,data/research/updates/2026-10-07-all_views-014.csv
2026-09-18T08:35:46,2026-09,<浙商食饮|张潇倩> 伊利股份：关于以集中竞价交易方式回购公司股份的回购报告书（20260917）,"<浙商食饮|张潇倩> 伊利股份：关于以集中竞价交易方式回购公司股份的回购报告书（20260917）

① 公司拟通过集中竞价交易方式，使用自有资金回购股份。
② 回购金额不低于10-20亿元，回购价格上限为39.53元/股。按此价格上限测算，预计回购股份数量占当前总股本的0.40%至0.80%。
③ 本次回购股份将依法全部予以注销，相应减少公司注册资本。
④ 回购方案计划2026年9月16日至2027年3月15日实施。

-----------------------
联系人：浙商食饮 张潇倩Iris/孙天一",水木调研纪要,,1,0,391,https://wx.zsxq.com/group/88888142214212/topic/55521521421285414,data/research/updates/2026-10-07-all_views-014.csv
2026-09-18T08:35:39,2026-09,<浙商食饮|张潇倩> 酒鬼酒更新：湘泉750ml新品在胖东来开售，Q3低基数下有望贡献增量（20260917）,"<浙商食饮|张潇倩> 酒鬼酒更新：湘泉750ml新品在胖东来开售，Q3低基数下有望贡献增量（20260917）

① 胖东来渠道：自25H2通过胖东来推出大众价位自由爱品牌后反响较好（25Q3/4分别发货4800w/1.5e，Q3低基数），26H1自由爱预计贡献1.2-1.3e（Q1预计9000w左右），近期于胖东来渠道进一步推出750ml湘泉产品，预计利于低基数下贡献增量。全年维度看，预计胖东来渠道体量贡献3e+（同比增量贡献1-2e）；虽胖东来渠道毛利率偏低，但该渠道基本无费用投放，因此净利率较高。
②湘泉：正迎来产品精简&渠道下沉铺货，预计后续将上新40° 50元湘泉光瓶酒。

我们认为：虽内参当前仍承压（商政务场景修复度弱），但自由爱/湘泉等中低档产品持续贡献增量+开源节流效果明显，全年收入仍有望正增（接近12e），利润预计实现正增。

-----------------------
联系人：浙商食饮 张潇倩Iris团队",水木调研纪要,,1,0,389,https://wx.zsxq.com/group/88888142214212/topic/22258258458512281,data/research/updates/2026-10-07-all_views-014.csv
2026-09-18T08:35:26,2026-09,【冰轮环境】当下是买入的击球点，一定要重视——液冷一次侧冷机龙头（新赛季第一推）,"【冰轮环境】当下是买入的击球点，一定要重视——液冷一次侧冷机龙头（新赛季第一推）

🔥估值：估值已回落至安全区域，#明年PE#  16x，接近传统业务的估值中枢，向下空间有限。海外SOXX反弹，科技板块情绪回暖利于估值修复。

🔥业绩：AIDC产线负荷饱满，#26Q3业绩有同比加速预期，环比也在增长，布局三季报行情。

🔥诉求：股权激励第二阶段解锁期已到，存在股价诉求。

[烟花]#AIDC设备“海外品牌+海外工厂+订单爆发”的核心竞争力不变。近期股价横盘震荡一个月，行业格局、订单趋势、产能趋势、盈利趋势与6-7月相比并无恶化。

[礼物]预计公司2026-2027年归母净利润8.9亿元/23亿元，PE估值41x/16x。重申当前是买入的好时机，具体盈利预测拆分欢迎私戳～",水木调研纪要,,1,0,381,https://wx.zsxq.com/group/88888142214212/topic/14425425125285552,data/research/updates/2026-10-07-all_views-014.csv
2026-09-18T08:26:39,2026-09,【周五你需要知道的隔夜全球要闻：欧美股市全线上涨，黄仁勋称英伟达明年芯片销量将翻倍，特朗普称将决定是否恢复对伊朗大规模作战】,"【周五你需要知道的隔夜全球要闻：欧美股市全线上涨，黄仁勋称英伟达明年芯片销量将翻倍，特朗普称将决定是否恢复对伊朗大规模作战】
1、美股三大指数集体收涨，纳指涨1.69%，标普500指数涨1.14%，道指涨0.61%。费城半导体指数涨3.14%。AI硬件股、芯片半导体股大涨，三倍做多半导体ETF-Direxion大涨10.44%。欧洲主要股指集体收涨，德国DAX30指数涨0.77%。
2、特朗普称将决定是否恢复对伊朗大规模作战，以期结束这场冲突。
3、美国国务院称，伊朗代表团将被允许参加下周在纽约举行的第81届联合国大会高级别周活动。
4、渣打银行预计美联储将在2026年12月加息25个基点，此前预测为今年政策利率维持不变。
5、五角大楼与洛克希德马丁正在加快生产一种新型机密的空对空导弹，该导弹用于美国空军和海军战机。
6、据报道，美国五角大楼考虑从欧洲撤出近三分之一的美军。
7、白宫考虑设立美国网络安全研究与初创企业孵化器。
8、高盛将美国至2030年的用电需求年均复合增速从3.2%上调至3.5%；预计2030年数据中心电力需求将比2025年增长约170%，今年3月的预测仅为约117%。
9、摩根大通预计英国央行将在2027年2月加息25个基点，而此前预测为2027年两次降息。
10、英伟达CEO黄仁勋称，英伟达明年芯片销量将是今年的两倍。
11、格芯与迈威尔科技扩大合作，共同推进下一代光学连接技术。
12、微软、迈威尔科技和Utimaco将推出业内首个安全、云规模支付解决方案。
13、谷歌推出Expert Intelligence，将专业内容接入Gemini Notebook。
14、Anthropic推出Mythos 5.1、Opus 5以及Sonnet 5模型，均适用生命科学计划的标准使用授权条款。
15、普京预计俄罗斯2026年GDP增长可达1%，预计俄罗斯2027年预算赤字占GDP的2%。
16、俄罗斯再次延长西方农产品进口禁令至2028年12月31日。
17、国际原油期货结算价收跌。WTI原油期货10月合约跌0.51%，布伦特原油期货11月合约跌0.95%。
18、COMEX黄金期货跌0.16%，报4380.6美元/盎司；COMEX白银期货涨1.23%，报65.72美元/盎司。",水木调研纪要,,1,0,383,https://wx.zsxq.com/group/88888142214212/topic/55521521422852484,data/research/updates/2026-10-07-all_views-014.csv
2026-09-18T08:05:36,2026-09,Gerstner $300B 2027 Revenue Argument,"Gerstner $300B 2027 Revenue Argument

背景：基于Altimeter Brad Gerstner All‑In Summit 2026观点：OpenAI+Anthropic需要在2027做到3000亿美元收入（约为2026年收入的3倍），才能维持当前AI资本扩张周期

这份草稿做粗算：该收入目标对应分配给两家AI实验室12GW专用算力

基准假设：

1. 资本开支
- 建设成本：$50B / GW（66%芯片+服务器硬件；33%建筑、电力、托管）
- 12GW总建设成本 = $600

2. 算力租赁成本
- 市场算力租赁：$15B / GW‑year（参考Oracle‑OpenAI、Nscale‑Anthropic、Lambda‑Anthropic、IREN‑微软等交易区间 $12B‑18B/GW‑yr）
- 12GW年度租金总支出 = $15B ×12GW = $180B/年（OpenAI+Anthropic付给算力供应商）

3. 算力供应商回报测算
- $600B资本开支按6年摊销：$100B/年摊销；再加 $20B/年运营成本（电力、人力）
- 供应商年度现金流：租金收入$180B − $20B运营支出 = $160B；对应 $600B资产实现25%现金收益率

4. 训练 vs 推理算力拆分
- 40%租赁算力用于训练、安全对齐；因此仅7GW用于推理业务，用来产生收入。
- 7GW推理算力需要覆盖$180B总租金成本实现现金盈亏平衡 → $26B /每推理‑GW的毛利要求。
- 假设40%毛利率：每GW推理需要实现**$43B收入/GW**；7GW合计正好得到目标**$300B总收入（两家合计）

5. Token产出公式

实验室年收入每GW = 每kWh产出token数 × 每年总kWh（95%利用率下1GW=8 000 000 000 kWh/年） × 实际变现单价($/百万token)

- Rubin级芯片：3M tokens / kWh → 单GW每年产出25千万亿（quadrillion）tokens。
- 要实现$43B/GW收入，全口径混合实际变现门槛 $1.8 /百万token（$1.8/Mtok）。

6. 付费/免费用户混合调整
- 订阅参考：$20普通订阅每月给到11M token，$200 Pro给到111M token；作者判断普通人类很难耗尽额度，大量token被免费/低价值用户占用。
- 若只有5%用户付费，但60%的token流量来自付费用户（OpenAI历史观察），付费token需要的实际单价抬升到 $3 /Mtok。

初步结论：

$3/Mtok的付费token门槛看起来不算高。如果这套测算大致成立，仅这新增12GW（还不算现有已经产生$100B收入的存量算力），在40%毛利率、算力供应商拿到25%现金收益前提下，达成$300B收入似乎不难，情景极度乐观。

看涨侧额外观点：
1）实际可实现的混合变现单价大概率高于$1.8/Mtok；
2）3M tokens/kWh的能效是Blackwell级别，还没有计入未来VR等硬件进一步提升。

因此只剩两种可能性：

①开源模型必须大幅压垮$1.8/Mtok的变现价格（硬件能效没有优势，只能打价格战）；

OR

②OpenAI+Anthropic在2027年根本拿不到12GW算力。",水木调研纪要,,1,0,395,https://wx.zsxq.com/group/88888142214212/topic/45548548244828128,data/research/updates/2026-10-07-all_views-014.csv
2026-09-18T00:16:34,2026-09,【重点推荐农夫山泉】3Q无糖茶延续较强增长态势，长期竞争力稳固,"【重点推荐农夫山泉】3Q无糖茶延续较强增长态势，长期竞争力稳固

[玫瑰]#3Q基本延续1H趋势，无糖茶维持高增。3Q扫码赢奖活动陆续结束，但仍延续1H较好增长态势，天气因素有一定的好转，其他饮料大盘等不利因素如经济、消费力等影响仍存，故水表现没有明显提速，但是长期对水有很大的信心，大盘不会长期延续走弱的趋势，主要是饮用习惯的代际变化，以及市占率还有提升空间。3Q无糖茶还是维持较高的增长。

[玫瑰]#水1H26大盘表现偏弱，份额不断提升。今年上半年的包装饮用水大盘是负增长，中大包装增长快于小包装。份额没有完全回到23年，但跟23年的差距基本已经很小，回到30%以上；市场份额还有比较大的空间，水源地、渠道执行还有发力空间。目前餐饮渠道：现在占比是不大，未来也是一个比较重视的方向。当前完成全国17大水源地布局，物流上进一步优化空间已经不大，但是速度、效率还有提升。

[玫瑰]#无糖茶保持高增，长期仍有较大增长潜力。近几年东方树叶表现持续好于茶饮大盘，目前10大口味，3大规格，在全国具有规模及品质优势，看好长期增长可持续性。日本看无糖茶是超过水的，对应中国无糖茶仍有较大空间，但并不完全可比，主因日本消费者对茶的接受度和饮用习惯高于中国的，且日本面积小，人口基数不高，所以很多小而精的企业，在中国比较难。无糖主要拼原料和生产工艺，具备一定规模后对品质的一致性要求更高。

[玫瑰]#下半年成本压力可控，3Q行业竞争仍较激烈：下半年压力会比上半年大，但也较为可控。成本占比最大的是PET，下半年也会进行阶段性锁价，第二是农产品原料比如茶等，目前没有看到的太大的波动，茉莉花的价格目前回稳。3Q行业竞争依旧，无明显放缓，原料端历史上也发生过PET价格过万，行业也是正常竞争，目前周期大家也都是经历过的。

[玫瑰]#零食量贩：会有合作，但是会相对便宜一点点，没有直营，都是通过经销商去合作的，经销商会根据当地的情况去决定SKU和价差。有价格红线，即低价不可以低过我们的促销价格。

[玫瑰]27年展望：收入仍维持双位数增长目标，同时收入双位数增长是长期持续的目标。

[太阳]研究员观点&盈利预测：看好公司长期竞争力兑现，今年公司在饮料大盘疲弱背景下α进一步凸显，我们看好公司长期增长可持续性，#短期公司股价回调较多，基本面表现健康，建议积极配置。预计公司2026/27年营收604/684亿元，同比增长+14.9%/+13.3%；2026/27年净利润182/207亿元，同比+14.8%/+13.8%，当前交易在20.5/18.1倍2026/27年PE，维持跑赢行业评级。",水木调研纪要,量贩|餐饮|零食量贩,1,0,443,https://wx.zsxq.com/group/88888142214212/topic/82258258218221282,data/research/updates/2026-10-07-all_views-014.csv
2026-09-18T00:16:24,2026-09,LITE：我们收到多位投资者就 LITE 在 2026 年 FIT 技术日上的演示资料提出问询，管理层介绍了超越 1.6T/3.2T 光模块的结构性光学转型路线，覆盖 NPO、CPO、OCS（光路切换…,"LITE：我们收到多位投资者就 LITE 在 2026 年 FIT 技术日上的演示资料提出问询，管理层介绍了超越 1.6T/3.2T 光模块的结构性光学转型路线，覆盖 NPO、CPO、OCS（光路切换）、SiPh（硅光子学），最终落地光学 I/O。公司提出，行业重心正从芯片转向系统层面的扩容，网络利用率会越来越多地决定算力利用率，该观点与 Gokul 及其团队的研究结论保持一致 —— 带宽与互联是 AI 领域核心瓶颈之一，也是从台北电脑展到半导体展会贯穿的核心主线。
Craig McDowell 同时上调 Soitec 评级至增持（OW），调整依据是我们上调硅光子业务盈利预测。
相关亚洲标的包含 JXAM，投资者呼吁管理层大幅扩充 InP（磷化铟）衬底产能；SEI 同步推进 InP + 连续波激光器产能扩张；Genius 新一代项目进入 COHR 供应链；Win 承接博通与 LITE 的相关项目。
CPO 规模化量产一直是投资者高频提问。Gokul 判断，行业会优先发展 NPO 方案，CPO 规模落地时间或将推迟至 2028 年之后，国内相关公司如 Innolight 将从中受益。
Jerry 提到，致茂（Chroma）预计 2027 年启动 Insertion 3 量产设备的扩产爬坡，同时强调这套设备 CPO、NPO 场景均可适配，但短期来看 NPO 落地可能性更高；鸿海（Hon）拥有 Insertion 4 原型样机，不过交付时间尚未敲定。
本地媒体也将欣兴电子（Unimicron）列为 CPO 产业链标的，报道其已向多家客户交付 CPO（光收发器）基板，与 Jerry 的研究结论吻合。",水木调研纪要,,1,0,437,https://wx.zsxq.com/group/88888142214212/topic/55521521581558524,data/research/updates/2026-10-07-all_views-014.csv
2026-09-18T00:16:01,2026-09,交运热点速读：,"交运热点速读：

1️⃣油价跌，油轮运价为何继续大涨？

油价今日最新连跌2日，合计6%。主要原因是周末市场对沙特东西管道被炸之后的原油供应中断担忧。沙特方面最新表示，沙特正通过阿曼苏哈尔港附近的船对船STS原油过驳方式，向亚洲炼厂额外供应原油货船，缓解管道遇袭冲击。

油轮运价为何还在大涨？# 招轮  # 海能
过去一艘VLCC执行：Ras Tanura → 中国；现在部分货物变成：Ras Tanura/Juaymah → Hormuz → Sohar → STS → 中国/亚洲。
第一段需要湾内船，第二段需要长航程VLCC，中间还需要等待、接驳和船期匹配。因此，即使沙特出口桶数恢复，每桶原油对应的VLCC船天需求可能反而上升。今日招轮见91万、54万的报价单子[哇]

2️⃣快递盘中大涨 # 圆通  # 申通
今日盘中消息：义乌封盘，底价涨0.3元。
其实上周就有消息河南底价涨0.3元，当时市场反应比较平淡。邮政局局长、副局长近期奔赴河南、江苏、浙江，我们认为旨在旺季前对快递价格洼地做一些指导，确保反内卷继续深化进行。",水木调研纪要,,1,0,438,https://wx.zsxq.com/group/88888142214212/topic/14425425485448522,data/research/updates/2026-10-07-all_views-014.csv
2026-09-17T23:47:13,2026-09,AI 算力的重心正在彻底反转。,"AI 算力的重心正在彻底反转。

SemiAnalysis 估算，OpenAI 和 Anthropic 的预训练算力占比将从 67% 降至 7%。

同期，后训练与 RL 从 5% 升至 55%，推理达到 38%。

下一轮硬件竞争，关键不只是算力，而是内存带宽",水木调研纪要,,2,0,476,https://wx.zsxq.com/group/88888142214212/topic/55521521581121884,data/research/updates/2026-10-07-all_views-014.csv
2026-09-17T23:21:07,2026-09,【东吴电新】碳酸锂周度更新（9.11-9.17）：本周进一步去库，锂价下跌,"【东吴电新】碳酸锂周度更新（9.11-9.17）：本周进一步去库，锂价下跌

#价格：本周碳酸锂现货、精矿价格下跌。SMM电池级碳酸锂13.3万元/吨，周环比-8.0%；锂辉石精矿（CIF中国）1880美元/吨，周环比-11.1%。期货主力合约LC2701收盘价13.1万元，周环比-7%。

#库存：本周SMM碳酸锂新口径库存15.8万吨、去库0.6万吨。其中上游库存3.4万吨，环减0.1万吨；正极厂库存4.4万吨，环增0.3万吨；电芯厂及其他库存1.9万吨，环增0.1万吨；贸易商库存6.2万吨，环减0.9万吨。仓单量4.4万手，周环比-11%。

#产量：本周产量增加214吨至2.7万吨，其中辉石提锂产量环增74吨至14387吨，盐湖产量环增295吨至6288吨，云母提锂产量环减75吨至3312吨，回收料提锂产量环减80吨至2975吨。

#情绪面冲击延续价格承压、供给紧缺逻辑不变。情绪面，市场对隐性库存压力及下游排产、明年需求担忧。但基本面上旺季供需仍偏紧，9月国内锂盐检修产能陆续恢复、叠加津巴布韦部分货船到港，锂盐产量抬升，但整体有效供给弹性有限，9月下游排产环比微增、旺季趋势延续。年度看，26-27年碳酸锂供给紧平衡，27年价格中枢预计12-15万/吨。

投资建议：看好具备优质资源且利润弹性较大的公司，重点推荐赣锋锂业、国城矿业、盛新锂能、大中矿业、永兴材料、天齐锂业、中矿资源、华友钴业、雅化集团、藏格矿业，关注盐湖股份。

风险提示：需求不及预期",水木调研纪要,,1,0,453,https://wx.zsxq.com/group/88888142214212/topic/45548548514185218,data/research/updates/2026-10-07-all_views-014.csv
2026-09-17T23:20:50,2026-09,【天风汽车】液冷产业链调研要点- 0917,"【天风汽车】液冷产业链调研要点- 0917
———————————
金田股份

公司散热（冷板）铜材占英伟达Rubin份额接近 70%、高端机架母线接近独供。

Q3 随 Rubin 放量、产能拉满，液冷（冷板+母线）业务Q3出货量环比60%以上增长。明年散热（冷板）产能 10 万吨、母线4 万吨，假设液冷明年产能打满（不考虑再生铜提价），对应14亿利润。

再生铜单吨利润大幅提升：散热从原0.8 万到2 万、母线从原1.5 万到3 万。 谷歌6月起已供货、其余云厂打样中，英伟达再生铜打样年底有望有进展。

博威合金

液冷板材料覆盖 GB300 到 Rubin 全路线，26H1 售 260 吨、全年计划交付 800 吨，GB300 单吨净利 1.3 万元；供维谛Rubin机柜 busbar 已量产、累计 3500 吨。

越南液冷今年产能 2 万吨→明年4 万吨，平均加工费约 1 万元 / 吨，假设明年满产对应约4亿利润。

新材料全球 14 个基地、总产能 30 万吨，三年计划扩至 50 万吨。

依米康

预制舱 ：即将携手某深圳国资等共建大湾区推理算力中心，18 个月内规划约 2000 个 40 尺预制舱，单舱价值 80-120 万元，主要服务短剧等推理需求。

CDU：已覆盖 300kW-2.5MW，正于进行NV供应商验证（预计 10 月完成），并将进入字节名单（预计 12 月落地）。UL认证预计 Q4 完成、加速打开北美市场。

❗❗内部资料，请勿外传
———————————
欢迎交流：孙潇雅 / 庄恬心",水木调研纪要,,1,0,420,https://wx.zsxq.com/group/88888142214212/topic/45548548514185528,data/research/updates/2026-10-07-all_views-014.csv
2026-09-17T23:20:33,2026-09,机器人对话第十六期・极简省流版,"机器人对话第十六期・极简省流版

一句话总结：Fremont爬产节拍系统性前移，手、身体订单齐上修，同一天集中下单凸显终端紧缺急迫，产业正式进入订单验证期。短期身先手后为产线时序，2027Q1手部指引大幅上修、数倍于今年底规模，中期体量快速补平；拿到硬实单后供应商扩产从观望转向落地，二期扩产看真实订单而非EDI。订单紧张度即卡位强弱，现已可推演2027利润，2027中报是关键验证节点。#手身订单齐上修，T链进入订单验证期#

#产线逻辑#
身体组装线进场调试早，执行器多依赖外部采购，四季度身体零部件需求优先释放；手部产线装配难度最高落地最晚，并非手部逻辑弱化，2027Q1交付指引已经数倍抬升，中期量会快速补上。客户意向身体件短期向周产千台拉动。

#供需&扩产#
手身订单时间共振同步下达，叠加审厂，是工厂抢节拍、供应链紧平衡信号。
此前厂商忌惮提前备货、超订风险保持观望；现在拿到终端硬指引，扩产意愿抬升，开始新增设备、加码产能。一期产能已完成，二期只认带交付窗口实单，不看高偏离的EDI远期指引。

#选股及测算（订单验证期，可推演2027业绩）
卡位看订单紧张程度，对齐三花节奏为TOP卡位，稳态交付为核心。
中性假设稳态周产2500台：

• 丝杠ASP1.5万/台：收入18‑19亿，净利3‑4亿（净利率15‑20%）

• 执行器ASP3万/台：收入36‑38亿，净利3.5‑5亿（净利率10‑15%）

#标的排序（2026年均已获量产订单）#

• 执行器｜三花智控：产业链锚点，执行器总成卡位突出，2027年利润弹性可观

• 丝杠｜北特科技【首推】：手/身丝杠核心，7月SOP后周度稳定交付，确定性弹性兼备

• 注塑件｜模塑科技：北美保险杠独供，海外冗余产能适配机器人注塑，市值尚未反映机器人业务

• 注塑件｜恒勃股份：材料端优势，受益高要求精密运动注塑件

终端连续实单给产业和市场信心；前置产能、实现稳定交付的公司，将伴随本轮产业长大，值得坚守！",水木调研纪要,,1,0,407,https://wx.zsxq.com/group/88888142214212/topic/82258258215182882,data/research/updates/2026-10-07-all_views-014.csv
2026-09-17T23:20:08,2026-09,大中华区科技硬件,"大中华区科技硬件

短期内共封装光学（CPO）不太会冲击高端覆铜板（CCL）需求

共封装光学（CPO）属于长期风险，并不会立刻造成需求冲击。

我们认同，若 CPO 大规模落地，长期来看确实会对高端覆铜板（CCL）的用量形成可信风险，但我们判断 2026 至 2028 年的需求展望所受影响有限。

我们认为，CPO 对覆铜板（CCL）需求，以及对联茂（EMC）、台耀（TUC）盈利预测的短期影响有限，因此维持高端覆铜板供给紧张的核心逻辑，同时保持基本面乐观判断不变。

事件背景

9 月 17 日，联茂（shturl.）股价下跌 7.7%，台耀（6274.TWO）股价下跌 6.7%，同期台股加权指数上涨 0.8%。在本次股价回调后，投资者开始质疑 CPO 是否会冲击高端覆铜板（CCL）的需求。市场担忧点在于，将光引擎与专用集成电路（ASIC）集成在封装基板上，会缩短原本需要经过印刷电路板（PCB）的高速电信号传输路径，或降低市场对超低介电常数 / 超低损耗因子高速覆铜板（CCL）的需求。

我们的观点

这并非新议题，我们此前已经探讨过 CPO 对高速覆铜板（CCL）需求的潜在影响。我们认为该议题在规模化架构场景下尤为关键，CPO 落地目前仍面临成本、制造良率、可靠性、可维护性以及热管理等诸多实质性挑战。因此，我们判断 2028 年之前，AI 系统出现覆铜板（CCL）需求大面积下滑的风险仍然有限。我们认为，由 CPO 相关担忧引发的覆铜板板块个股回调，是潜在的布局机会。",水木调研纪要,,1,2,403,https://wx.zsxq.com/group/88888142214212/topic/45548548514188158,data/research/updates/2026-10-07-all_views-014.csv
2026-09-17T23:19:32,2026-09,【天风新材料】行业更新：经与多方一线专家沟通，针对CPO致ccl降级传言的解读如下（未经允许请勿转载）：,"【天风新材料】行业更新：经与多方一线专家沟通，针对CPO致ccl降级传言的解读如下（未经允许请勿转载）：

🌹针对''CPO技术将导致CCL等级降至M4、冲击AI主板CCL规格升级主线逻辑''这一传言，经交叉核实，前半部分''CPO渗透率提升会影响部分CCL需求增速''有一定依据，但后半部分''CCL等级降至M4、高端板材升级逻辑被颠覆''完全不属实，具体情况如下：

1.AI机柜内约七到八成的PCB需求来自柜内中短距互联，这部分必须走PCB电连接，高端板材的规格升级（向M9以上等级演进）和放量均在如期推进，产业趋势没有任何变化。

2.CPO走光纤信号主要影响的是机柜间传输及交换机场景，仅占AI材料需求的约10%，而处理器-GPU-Switch间的板间传输仍需高频高速电连接，CCL等级不会大幅降级，只是层数堆叠增速可能略有放缓（约降1级），远非传言中''降至M4''的极端情形。

3.CPO大规模落地仍受限于成本、良率与可靠性等多重瓶颈，时间表至少在2028年以后（乐观估计2027年开始影响那10%的交换机场景），对明后两年的订单与排产没有实质影响。即便远期柜间场景部分走光，需求也会向更高层数、更高规格的载板迁移，属于PCB内部的价值转移而非需求消失。

结论：短期情绪波动不改产业方向，高端板材供给偏紧的格局依然清晰，回调反而提供布局机会。

（各位大佬派点请支持：鲍荣富/王丹/于那/周丹丹/上官京杰/林晓龙/曾子峻）",水木调研纪要,,2,0,406,https://wx.zsxq.com/group/88888142214212/topic/55521521582812144,data/research/updates/2026-10-07-all_views-014.csv
2026-09-17T23:19:16,2026-09,【东吴汽车】[爱心]【小鹏G9L上市发布会要点 20260917】,"【东吴汽车】[爱心]【小鹏G9L上市发布会要点 20260917】

#上市价格及限时权益#
定位""新科技旗舰""，纯电+超级增程双动力，共6款配置。限时权益价（含1万元现金减免）：
超级增程：1602 四驱 Ultra SE 24.98万元（指导价25.98万）、1602 四驱 Ultra 旗舰版 29.98万元（指导价30.98万）。
纯电：702 Max 23.18万元（指导价24.18万）、660 四驱 Ultra SE 24.98万元（指导价25.98万）、660 四驱 Ultra 27.98万元（指导价28.98万）、755 四驱 Ultra 旗舰版 30.98万元（指导价31.98万）。

#尺寸与底盘#
车长5120mm、轴距3100mm，轴长比0.605。全系标配前双叉臂后H臂全铝悬架、智能可变阻尼减振器、双腔空气悬架，以及线控后轮转向，最小转弯半径5.4m。麋鹿测试超80km/h，0-100km/h加速4.45s，100-0km/h制动距离34.2m，配AI智能底盘融合运动控制系统X-VMC。

#空间与座舱#
""六座空间、五座布局""，后排膝部空间252mm、腿部1365mm、肩部1505mm、头部1101mm、坐垫宽1370mm。后备箱1152L，另有230L下沉空间。
全体型AI主动贴合座椅：主驾85个传感器/29个气袋/12L气泵，副驾91个传感器/27个气袋，0.4s自适应调节；副驾AI主动贴合零重力座椅，24向电动调节、16点按摩，集成双预紧限力式安全带与防下潜安全气囊；不拆头枕五座一键大床房。

#智能驾驶#
首发搭载小鹏第二代VLA全新版本：端侧模型参数量提高3.5倍、支持最长30秒有效时序、端到端响应提速300%、预测式世界模型推演未来6秒场景，多维综合安全能力提升20倍。VLA+VLM舱驾一体，支持语音控制靠边停车。G9L Max版首发搭载第二代VLA Lite（蒸馏版），全系搭载图灵AI芯片。

#三电与续航#
超级增程全系标配鲲鹏超级四驱增程技术：CLTC纯电续航435km、综合续航1602km，百公里电耗16.7kWh、亏电油耗6.16L，双电机四驱最大503Ps，兼容92#汽油，进气口离地945mm；全系标配ENC+RNC主动降噪、550W冷却水泵。实测环罗布泊零补能挑战：达成率95.11%、实际1403km。
纯电全系标配800V+5C超充大电池，充电9分钟续航至高增加450km；。MotorGogo实测702 Max城区达成率122.5%、高速85.3%。电池IP68&IP69K、底部四层防护装甲、EIS电池安全芯片。

#安全与全球化#
符合全球64个国家及地区超3000项法规条目，历时3年、26个国家及地区、累计测试里程674万公里；按Euro NCAP 2027、ANCAP 2027、C-NCAP 2024、C-IASI 2023四大机构五星标准设计。航空级冗余：线控制动三重冗余、驱动系统双重冗余、应急通信双重冗余、车门解锁四重冗余；完成单车水陆空720°七重连环安全挑战，配驾驶员失能辅助系统、700mm涉水。",水木调研纪要,,1,0,399,https://wx.zsxq.com/group/88888142214212/topic/22258258215151111,data/research/updates/2026-10-07-all_views-014.csv
2026-09-17T22:25:20,2026-09,【申万机器人】GPT-6 Astra展现具身智能潜力，Tesla加速推进量产进度,"【申万机器人】GPT-6 Astra展现具身智能潜力，Tesla加速推进量产进度

 [庆祝] 机器人板块今日反弹，主要来自两大催化：
1️⃣GPT-6 Astra 展现具身智能控制能力：
最近包括RoboDojo在内的多家测评显示，Astra作为通用模型可以完成机器人任务，在语言理解、空间推理和纠错能力方面展现较强能力，测评得分高于其他开源模型。

当前机器人产业最大的瓶颈在于大脑模型，OpenAI重建机器人团队后，模型迭代和数据积累的进度加快，已然成为行业领导者之一，未来有望拉动技术收敛和商业化落地速度。

2️⃣Tesla审厂和订单下达：
Tesla Fremont的机器人产线正在建设，产能规划100万台，其月产能持续爬坡，9/10月份周产产能实现1/2k台，年底进一步爬升。本周特斯拉团队在国内走访核心供应商，保障年底量产工作。

Tesla Optimus的量产进度是板块最重要的股价催化剂。标的层面，我们建议关注超跌的特斯拉核心供应商。

欢迎联系申万机器人团队 王珂/胡",水木调研纪要,,1,0,443,https://wx.zsxq.com/group/88888142214212/topic/22258258242115241,data/research/updates/2026-10-07-all_views-014.csv
2026-09-17T22:25:03,2026-09,【人形机器人观点更新0917】: T来华督战量产，量产落地置信度进一步提升，继续看好T链,"【人形机器人观点更新0917】: T来华督战量产，量产落地置信度进一步提升，继续看好T链

供应链调研反馈：T要求供应链在9月底实现周产1000台产能，预计年内进一步提升至2000台。按此推算，# 预计27年T年化产量超过10万台。# 核心供应商（Asp大+份额高）业绩有望开始兑现。‼核心公司【长盈精密】【双环传动】【科达利】【恒立液压】

人形机器人板块预期低+估值底部+产业持续有变化，建议重点关注！

国泰海通机械 肖群稀",水木调研纪要,,1,0,439,https://wx.zsxq.com/group/88888142214212/topic/14425425414882282,data/research/updates/2026-10-07-all_views-014.csv
2026-09-17T21:51:25,2026-09,2026 3季度业绩预测：,"2026 3季度业绩预测：
旭创：环比30%；
新易盛：环比50%；
天孚：10亿+；
沪电：20亿；
胜宏：20亿-；
深南：17.5亿；
景旺：8-10亿；
巨石：环比50%；
仕佳光子：3-3.5亿（环比50-75%）；
太辰光：收入15亿左右（2季度6.6亿）；
长芯博创：环比翻倍；",水木调研纪要,,1,0,475,https://wx.zsxq.com/group/88888142214212/topic/22258258242514811,data/research/updates/2026-10-07-all_views-014.csv
2026-09-17T21:50:54,2026-09,电子烟：国内HNB产业趋势明确，核心供应链受益,"电子烟：国内HNB产业趋势明确，核心供应链受益

[太阳]今日HNB板块大涨，产业链景气趋势明确，9月26日国标征求反馈截止。8月底以来国际烟草高管陆续来华访问中烟高层，或加大国内HNB放开力度。

[红包]国际市场已进入HNB新一轮产品生命周期。25年英美Glo Hilo、日烟Ploom Aura上新，26年韩烟Lil Tonino接力，全球HNB新品加速推进。#我们联合韩国烟草独家电话会，充分明确资源投入&市场空间信心。

[玫瑰]国内万亿替代市场空间渐次打开。25年国内卷烟产量2.5万亿支，占全球市场~50%，零售端规模2万亿+，行业税利总额1.6万亿，是重要财政支柱，税收压力倒逼，通过市场放开吸引增量客群、实现税利指标的方向清晰。

[玫瑰]对标海外，新型烟草转型是大势所趋。国际烟草公司先行，菲莫、英美新烟业务营收占比40%+/15%+，17年以来业务CAGR=20%-30%，有效对冲传统卷烟销量下滑的业绩压力，改善产品组合及综合盈利能力，日烟、韩烟紧跟转型节奏。

华宝国际/华宝股份，恒丰纸业，盈趣科技，思摩尔，陕西金叶、新宏泽",水木调研纪要,零售,1,0,456,https://wx.zsxq.com/group/88888142214212/topic/22258258242518111,data/research/updates/2026-10-07-all_views-014.csv
2026-09-17T21:50:06,2026-09,20260917盘后消息汇总,"20260917盘后消息汇总

其他
1.农业：
①印度大米产量或创16年最大降幅
②咨询公司Verisk称亚洲粮食安全风险加剧 厄尔尼诺和战争使然
2.造船/航运：三大主流船型，关键运费指数持续上涨
3.T链开启国内审厂，产能扩建是此轮核心，最新周产量达600+
4.918义乌快递将涨价
AI
1.Kimi发布金融行业解决方案
2.PCB：传闻随着CPO落地，对PCB数据传输要求可能下降，材料等级或降规，机构：CPO落地不会改变甚至可能加速PCB的升规升级
3.MLCC：三环针对Q4规划车规品涨价，平均涨幅在30-40%+，部分高容料号达80%
4.云计算服务提供商Nebius宣布，自10月1日起上调多项按需计算资源价格，最高涨21%（盘中）
5.华为
①960进度大幅提前，推出业界首个搭载NPO的昇腾960超节点
②发布新AI计算架构 让百万处理器成为一台计算机",水木调研纪要,,1,0,449,https://wx.zsxq.com/group/88888142214212/topic/55521521545215854,data/research/updates/2026-10-07-all_views-014.csv
2026-09-17T21:49:46,2026-09,【中金食品】安井食品策略会交流要点：成本驱动酝酿涨价，近期经营表现向好,"【中金食品】安井食品策略会交流要点：成本驱动酝酿涨价，近期经营表现向好

[玫瑰]公司旺季酝酿提价，以应对鱼糜成本上行压力。
1）背景：受到厄尔尼诺影响，海水鱼资源紧张，预计2026下半年鱼糜价格上行确定性较大。目前海水鱼糜涨幅已比较明显，淡水鱼糜间接影响下小幅上涨。
2）提价策略：公司9月已经收缩促销，幅度约为2-4%；并计划在10月、12月分两步针对鱼糜类产品进行提价，计划两轮提价幅度高单位数。
3）提价影响：作为行业龙头希望通过提价引导行业从价格竞争转向质量竞争。目前已向经销商传达提价安排，后续将根据同行跟进情况、终端接受度灵活调整节奏。

[玫瑰]公司在鱼糜制品成本优势仍突出：1）公司鱼糜采购金额15亿元（占总成本比重约为12%、占鱼糜制品成本比重约为25%），2026年淡水鱼糜使用占比提升至70-80%。2）公司对淡水鱼糜价格掌控力较强，要求鱼糜优先保障安井自身生产供应，成本压力小于同行。

[玫瑰]近期经营情况：9月截至目前公司主业营收高于预期，预计正月至少双位数增长。9月高增长一半来自传统渠道、新旧单品的稳扎稳打，另一半来自8月底集中拿货的短期贡献。

[玫瑰]印尼三林集团合作情况：公司前期已经在产品、团队和清真食品认证方面准备充足，预计2026Q4会先有常温产品出口至印尼销售。公司计划先有市场基础再落地工厂，当地工厂建设周期2.5-3年，最早2028年落地。

[玫瑰]盈利预测：我们预计公司2026/27年营收184.8/203.8亿元，同比+14.1%/+10.3%；归母净利润17.1/20.4亿元，分别同比+25.7%/+19.6%。当前市值对应安井A股14.5/12.1倍，对应安井H股10.2/8.6倍，股息率6.8%，估值处于低位，建议布局。",水木调研纪要,,1,0,445,https://wx.zsxq.com/group/88888142214212/topic/45548548525485548,data/research/updates/2026-10-07-all_views-014.csv
2026-09-17T21:49:38,2026-09,3D打印耗材产业链调研更新,"3D打印耗材产业链调研更新
————————————
[玫瑰]3D打印需求井喷，带动PLA行业景气度修复。上半年国内3D打印设备产量同比增长48.5%，PLA约占FDM类耗材的70%，25年3D打印用PLA市场需求约7万吨，预计今年同比翻倍，#未来三年CAGR也将维持50%+。PLA新产能释放不及预期，今年主要产能增量仅海正生材7.5万吨于5月投产，预计今年实际产量增长约4万吨，目前PLA厂家均接近满负荷生产，仍难以弥补缺口。供需错配下，今年PLA实现三连涨：4月出厂价上调700元/吨，7月下旬再涨700元/吨，8月起3D打印用PLA料又""悄悄""涨了800元/吨。我们判断随着3D打印Q4消费旺季到来，各环节备货量增加，价格有望进一步上涨。

[玫瑰]景气度向上游传导，#乳酸是预期差最大的环节。乳酸过去同样受到可降解塑料政策不及预期拖累，行业景气度低迷，近年新增产能有限，目前产能均为满负荷生产。但海正生材7.5万吨PLA于5月投产，金丹科技7.5万吨PLA于6月试生产，预计合计将对乳酸新增超20万吨需求，而乳酸新建产能投放需18个月，即使现有产能扩建也至少需要9个月，供需矛盾更为尖锐。我们判断未来金丹PLA投产后，乳酸外售量将大幅下降，供需缺口将进一步放大，价格上涨空间极大。

[玫瑰]我们更看好乳酸涨价，本轮有望突破历史高位1.2-1.3w，PLA因为乳酸紧张也保持紧张，能维持或增加毛利率。重点推荐：
1、金丹科技：约20万吨乳酸+3万吨乳酸盐，按单吨1w的均价，30%的毛利率，20%的净利率保守测算，对应4+亿净利润，7.5万吨PLA对应单吨1000利润，合计约5亿。若价格达到1.2w，将对应7-8亿利润，目前仅5倍。
2、海正生材：现有12.5万吨PLA，拟建7.5万吨PLA，保守按单吨1000利润测算，当前年化利润1.25亿，远期利润2亿。若价差走扩至2000，年化2.5亿，远期4亿。目前仅8倍。
3、家联科技：线材龙头绑定拓竹，主要看放量进度。若放量顺利，明年20亿3D打印业务收入，对应10%净利约2亿，其他业务对应1.5-2亿利润，合计3.5-4亿，目前11倍。",水木调研纪要,,1,0,434,https://wx.zsxq.com/group/88888142214212/topic/82258258242582512,data/research/updates/2026-10-07-all_views-014.csv
2026-09-17T21:49:18,2026-09,【特斯拉机器人量产加速，启动新一轮中国供应链审厂】记者从产业链人士获悉，特斯拉相关团队已于9月16日落地宁波，并于9月17日开启新一轮针对旗下机器人业务的量产审厂。此前产业链消息称，特斯拉公司将于9月…,【特斯拉机器人量产加速，启动新一轮中国供应链审厂】记者从产业链人士获悉，特斯拉相关团队已于9月16日落地宁波，并于9月17日开启新一轮针对旗下机器人业务的量产审厂。此前产业链消息称，特斯拉公司将于9月启动新一轮审厂工作，目标是配合审查Optimus机器人量产独家性和一致性等，包括帮助企业进行设备调试，将美国工厂的制造能力进行迁移等。记者获悉，特斯拉此轮审厂将实质导向Optimus的量产，目前已经向供应链企业下达相关订单。按计划，特斯拉将在2026年下线5万台左右Optimus机器人，并部署至旗下世界各地的特斯拉超级工厂。但是普通消费者仍然没有购买Optimus人形机器人的渠道。（21世纪经济报道）,水木调研纪要,,1,0,432,https://wx.zsxq.com/group/88888142214212/topic/55521521545211814,data/research/updates/2026-10-07-all_views-014.csv
2026-09-17T20:23:42,2026-09,[红包]918义乌快递将涨价！！重视快递板块投资机会！,"[红包]918义乌快递将涨价！！重视快递板块投资机会！

# 义乌涨价锁盘坚定反内卷信心：义乌重新锁盘提低价，明天起（# 9月18日） 末端提0.3~0.4元/票，# 总部加收0.1~0.2元/票。义乌单量占比约10%，对总部单票UE直接+0.01~0.015元！除直接业绩弹性外，意义更为重大：说明# 反内卷极坚定！快递板块# 业绩确定极强！当下# 估值极低！

# 各地旺季涨价超预期： 9月起河北反内卷+0.1~0.2元/票，河南旺季+0.2~0.3元/票，各地旺季涨价，# 义乌涨价也将直接带动周边同步涨价， 此前市场预期是旺季不涨价，远超市场预期！

# 观点：义乌锁盘涨价+各地旺季涨价，说明反内卷延续性强（不要再怀疑），我们预计2026-2030年头部业绩增长中枢# 10%~15%； 合理估值有望从9X（今年）修复至12X（# 30%+空间）； 资本开支下降+分红比例有望提升→# 5%+股息率，先看# 40%+空间。# 胜率极高赔率合适，现价强call！",水木调研纪要,超市,1,0,473,https://wx.zsxq.com/group/88888142214212/topic/82258258824485242,data/research/updates/2026-10-07-all_views-014.csv
2026-09-17T20:23:30,2026-09,【长江电新】T链开启国内审厂，产能扩建是此轮核心，订单交付如火如荼，继续坚定推荐此轮拐点！,"【长江电新】T链开启国内审厂，产能扩建是此轮核心，订单交付如火如荼，继续坚定推荐此轮拐点！

# 供应商产能供不应求，周产量持续新高：最新周产量达600+，如期兑现，后续量产将持续加速：依据供应商最新口径，目前大客户周产量达600+，完全符合此前爬坡规划，未来预期9月底将超1000，10月继续高速爬坡，量产拐点明确。

# 产能将是后续核心重点，26H2有望迎来新一轮扩产

1、首批1.5w台量级将打满现有供应商产能：按照1.5w台一个季度交付拆算，10-11月周产量将突破2k+，订单与产能同步推进；

2、T审厂开启，产能扩建是核心，后续仍有新订单预期，新一期扩产可期：年内除首批订单外，仍有新订单预期，近期T将开启审厂（不同于例行审厂，此次核心是产能问题），部分Tier1已接到非常激进的产能扩张计划，若后续订单下放，现有供应商现有+在建产能将全部打满，新一期扩产已在规划。

# T链量产拐点越来越清晰，看好核心进攻组合

1、轻量化龙头【福赛科技】，在手料号20+，ASP直逼1w+，后续价值量有望继续提升，主业稳健增长；

2、旋转环节谐波减速器龙头【斯菱智驱】，谐波全型号在手，轴承产品持续推进，泰国基地26Q3达产匹配客户新需求；

3、总成龙头【三花智控+拓普集团】，此外新晋Tier1【新泉股份】，配套新泉合作【凯迪股份】，26Q3有望完成产线布置+产品出货。

4、丝杠厂商【北特科技+浙江荣泰】，大小丝杠核心供应商，订单指引匹配客户量产节奏

5、设备厂商【田中精机】，手部电机绕线设备对接",水木调研纪要,,2,0,468,https://wx.zsxq.com/group/88888142214212/topic/14425425541128442,data/research/updates/2026-10-07-all_views-014.csv
2026-09-17T20:23:17,2026-09,电子烟：国内HNB产业趋势明确，核心供应链受益,"电子烟：国内HNB产业趋势明确，核心供应链受益

[太阳]今日HNB板块大涨，产业链景气趋势明确，9月26日国标征求反馈截止。8月底以来国际烟草高管陆续来华访问中烟高层，或加大国内HNB放开力度。

[红包]国际市场已进入HNB新一轮产品生命周期。25年英美Glo Hilo、日烟Ploom Aura上新，26年韩烟Lil Tonino接力，全球HNB新品加速推进。#我们联合韩国烟草独家电话会，充分明确资源投入&市场空间信心。

[玫瑰]国内万亿替代市场空间渐次打开。25年国内卷烟产量2.5万亿支，占全球市场~50%，零售端规模2万亿+，行业税利总额1.6万亿，是重要财政支柱，税收压力倒逼，通过市场放开吸引增量客群、实现税利指标的方向清晰。

[玫瑰]对标海外，新型烟草转型是大势所趋。国际烟草公司先行，菲莫、英美新烟业务营收占比40%+/15%+，17年以来业务CAGR=20%-30%，有效对冲传统卷烟销量下滑的业绩压力，改善产品组合及综合盈利能力，日烟、韩烟紧跟转型节奏。

华宝国际/华宝股份，恒丰纸业，盈趣科技，思摩尔，陕西金叶、新宏泽",水木调研纪要,零售,1,0,465,https://wx.zsxq.com/group/88888142214212/topic/22258258824451541,data/research/updates/2026-10-07-all_views-014.csv
2026-09-17T20:23:04,2026-09,【国盛家电】视源股份调研要点260917,"【国盛家电】视源股份调研要点260917

[太阳]板卡前瞻性备货贡献强劲利润
[玫瑰]业绩：H1量个位数增长价增30%+；毛利率20%+（提升超8pct）
[玫瑰]库存：目前70e+低价库存可覆盖全年需求、下半年不会大规模囤货、利好现金流
[玫瑰]价格传导：高峰时期每周谈价格、涨价传导顺畅，未来价格温和上涨下公司相对竞争优势将放大
#囤低价库存赚时间差是表象、反应的是公司对产业链趋势变化的敏锐度、上下游把控能力、规模经济

[太阳]控制器、汽车电子、企业服务强劲增长
[玫瑰]白电控制器：国内除格力美的均合作、海外今年新增日本大金，优势为与液晶板卡生产环节高度协同、客户也能复用#预计未来仍可30%+高增速、参考和而泰有翻倍空间
[玫瑰]汽车电子：今年长城明显起量，奇瑞、极氪等客户已在定点验证阶段，预计未来大几十增速# H1掌锐净利率7%、盈利拐点已现 [玫瑰]企业服务：预计长期45%+增速，海外本地化营销团队部署+微软认证驱动、内销营销架构调整后放量#参考亿联25e收入45%净利率、海外有5倍以上空间10倍以上利润弹性❗️❗️

[太阳]教育复苏
[玫瑰]上半年增速6%、在行业偏冷情况下公司推教育电脑（全年预计14e）、课堂反馈系统、AI备课等积极探索场景# α强劲

#短期存储涨价催化、长期企业服务&控制器接棒成为主要驱动力、今年20e扣非对应15×pe

国盛家电 徐程颖/陈思琪/盘姝玥",水木调研纪要,教育,1,0,467,https://wx.zsxq.com/group/88888142214212/topic/45548548852242158,data/research/updates/2026-10-07-all_views-014.csv
2026-09-17T20:22:59,2026-09,AI 算力需求倒逼，金刚石散热进展加速,"AI 算力需求倒逼，金刚石散热进展加速

[玫瑰]高功耗GPU倒逼散热革新
服务器GPU功耗持续抬升，部分峰值接近2300W，局部热流密度突破传统铜基散热物理上限。金刚石热导率为纯铜5倍，是解决高功耗散热的关键材料，有望带动从芯片到数据中心全链条变革

[玫瑰]发展趋势：液冷+金刚石为叠加方案，非替代关系
液冷负责带走热量，金刚石复合材料负责更快传导热量；散热竞争从风冷/液冷架构，延伸至材料维度。风冷逐步被淘汰，常规液冷遇到能力瓶颈，金刚石散热迎来高增长，头部工艺、产能企业优先受益

[玫瑰]预期技术迭代路径，不同方案分层覆盖全场景散热需求
#短期：金刚石‑铜颗粒复合材料主导市场，定位封装基座/过渡层，平衡热膨胀系数，液冷服务器领域有望批量应用
#中期：多晶CVD金刚石进一步渗透高端算力，采用wafer‑to‑wafer键合，作为芯片热沉片深度参与先进封装，适配GPU高流密度扩热需求
#长期：单晶金刚石落地极致热点散热场景，依托chip‑to‑wafer直接键合，面向裸芯片die级衬底、热点点对点疏导；受制于大尺寸制备瓶颈，现阶段以试样研发为主

[玫瑰]重点标的：沃尔德、四方达、国机精工、中兵红箭、黄河旋风、力量钻石、斯莱克、惠丰钻石、恒盛能源等；金刚石加工：英诺激光",水木调研纪要,,1,0,469,https://wx.zsxq.com/group/88888142214212/topic/45548548852242218,data/research/updates/2026-10-07-all_views-014.csv
2026-09-17T20:22:44,2026-09,【天风轻纺孙海洋】恒丰纸业：重视低估高潜HNB标的,"【天风轻纺孙海洋】恒丰纸业：重视低估高潜HNB标的
周五华宝股份（上海）调研欢迎参加！

# HNB为当前稀缺消费叙事。今年来政策节奏显著提速超预期，我们预计明年初国内将启动试点；基于我国人口基数及供应能力等，我们预计HNB群体有望在未来三年迅速倍增放大，斜率显著快于海外，直接带来相关产业链倍增扩容。

# 恒丰：国企+中烟系+海外链+低估值

1️⃣当前环境下国企身份具备重要产业价值，或是配套耗材（用纸/香精/烟标等）未来重要竞争优势；

恒丰隶属黑龙江省国资，国内卷烟用纸绝对龙头，也是菲莫/英美核心供应商；在国内外烟草体系具备极高壁垒优势，未来有望充分放大产业协同。

2️⃣公司为国内目前唯一能供应HNB全系列用纸企业，叠加中烟系核心供应商；我们预计未来公司在HNB市占用纸进一步提升；

同时，受益更高技术门槛及产品定位，我们预计HNB用纸盈利能力显著高于传统卷烟，优化盈利结构。

3️⃣烟标业务蓄势待发，其市场十倍于用纸。公司计划今年底投产，明后年加速爬坡达产；目前一二期规划80万大箱，具备进一步扩产空间。

在卷烟用纸结构改善同时，烟标业务将成为公司全新增长极，且销售体系复用度极高，盈利同样高于传统卷烟用纸。

■公司运营扎实基本面稳健，当前市值30亿，约13xPE，1xPB。考虑HNB产业进展及烟标起量，我们认为公司具备较大市值空间；建议积极关注！

----------------

欢迎交流 | 天风轻纺

孙海洋/张彤/吴立",水木调研纪要,,1,0,466,https://wx.zsxq.com/group/88888142214212/topic/82258258824454222,data/research/updates/2026-10-07-all_views-014.csv
2026-09-17T20:21:33,2026-09,【同飞股份】有望从逻辑走向订单验证-260917,"【同飞股份】有望从逻辑走向订单验证-260917
公司在海外AIDC领域的客户和产品品类在持续扩圈，我们此前推荐的逻辑在强化，继续看好。

产业背景：P客户对于液冷环节的集成度要求提升，冷板厂商普遍不具备CDU的生产能力，急需寻求代工来扩展自身提供散热整体解决方案的能力。而Rubin对于液冷的标配，带来CDU市场空间较25年数倍提升，提供了新晋厂商的生存空间。凭借在储能液冷和数控装备液冷领域的龙头地位，同飞股份的液冷CDU技术实力和出货量均为国内头部水平。

液冷CDU卡位独特，有望获取海外较高份额。经产业链交叉验证，公司与多家头部液冷台厂联合开发CDU，后续基本独供。1MW产品已进入英伟达RVL名录，样机已发美国客户测试；2MW+产品预计年内送样。

主业筑牢盈利基本盘。主业储能液冷行业近年明显出清，格局优化，公司预计占全球30-40%份额；后续保守看年化增速30%+。近期突破LG等储能海外客户，盈利能力有望逐渐提升。数控装备温控公司系国内龙头，近年实现对日韩的进口替代，并有望出海。

高端领域印证技术实力。公司是国内少数切入半导体设备（晶圆切割、刻蚀等）温控领域的液冷厂商，±0.02℃的温控精度要求相较数据中心及储能领域的技术难度更大。半导体设备温控今年有望形成亿元收入体量。光模块液冷已有样机供客户验证。

空间：我们预计公司数据中心以外主业26-27年归母分别为3/4亿；数据中心业务按照27年出货2500台1MW+级CDU的假设对应3.5亿利润；按照28年拿到NV10%市场份额（公司绑定的客户在冷板领域的份额合计过半）对应10亿利润。",水木调研纪要,,1,0,456,https://wx.zsxq.com/group/88888142214212/topic/82258258824458152,data/research/updates/2026-10-07-all_views-014.csv
2026-09-17T20:20:11,2026-09,【东方通信-半导体】昇腾芯片迭代超预期，国产超节点加速升级,"【东方通信-半导体】昇腾芯片迭代超预期，国产超节点加速升级

1、昇腾960系列芯片预计27Q1推出，保持1年1代的高速迭代。根据华为2026全链接大会，昇腾960DT计算性能达2000T FP8，最大支持288GB 显存，显存带宽可达9.6TB/s，计算性能介于H200与B200间。其预计2027Q1推出，较原计划目标提前三季度。960PR将实现8000T FP4计算性能，并于2027Q3推出，较原计划目标提前一季度。970/980预计分别于2028/2029年陆续推出，其FP4计算性能分别为14000/28000，分别对标B300/Rubin芯片。并且会议发布基于灵衢UnifiedBus的超节点集群11颗关键芯片，主要包括鲲鹏CPU、昇腾NPU、灵衢互联芯片、智能存储芯片等，实现算、存、运领域全覆盖。

2、灵衢+二层CLOS组网架构，目标打造10万卡以上超大规模集群。华为正式发布昇腾960超节点，其可实现4096卡集群规模，最大可提供8 EFLOPS FP8算力，预计风冷与液冷版本将分别于2027Q2和Q3上市。华为超节点集群支持多种组网模式：一种是采用两层CLOS单平面组网，可实现3.2万张昇腾960高速互联；第二种是采用两层CLOS多平面组网，可实现51.2万张昇腾960互联。基于10万卡以上的超节点集群，国产卡或将加速10万亿级别大模型训练，驱动国产AI大模型性能升级。

3、国产算力需求高企，国产半导体产业链闭环加速业绩释放。目前国产算力芯片需求旺盛，伴随国产FAB与HBM厂商持续扩产，国内半导体产业链预计加速闭环，驱动国产算力芯片业绩释放。

4、投资建议：（1）国产算力芯片，寒武纪、海光信息、燧原科技、天数智芯、摩尔线程、沐曦股份、壁仞科技、芯原股份；（2）超节点，华丰科技、盛科通信、锐捷网络等。

欢迎联系：舒迪/段笑南",水木调研纪要,,1,0,451,https://wx.zsxq.com/group/88888142214212/topic/14425425541488842,data/research/updates/2026-10-07-all_views-014.csv
2026-09-17T20:19:46,2026-09,🔥# 坚持看多国产大模型 （0917）@华泰计算机,"🔥# 坚持看多国产大模型 （0917）@华泰计算机

1）Dario说减速，而Opus 5.2已在灰测+Anthropic这两天又签了各种算力，# 减速不了一点。

2）智谱已经通过云厂分成+CoWork拓展，# 20天内再次上调年底ARR到30e美金 （0831给的24e美金）。

3）国模越来越自信！小米直接实时公开MiMo 2.6的RL训练结果，并且进一步验证，# 模型效率提升并不意味着算力需求下降 。更高效的模型（MiMo 2.6 Flash）可以# 用更低成本跑更多轮强化学习 ，# 节省下来的算力会被继续投入scaling。

# 智谱 # MiniMax

☎️From 华泰计算机 郭雅丽/范昳蕊/袁泽世/岳铂雄/王浩天/徐诚伟",水木调研纪要,,1,0,437,https://wx.zsxq.com/group/88888142214212/topic/82258258824211222,data/research/updates/2026-10-07-all_views-014.csv
2026-09-17T20:19:19,2026-09,早上盘前我们汇报# 要重视油运标的，全球油运市场应共振上行。,"早上盘前我们汇报# 要重视油运标的，全球油运市场应共振上行。

招商轮船午后涨停，我们八月底再发公司新深度
我们强调# 估值角度: 招商轮船对应27年预期8倍pe左右，而运价超预期或传导至业绩超预期。
重要的是，我们认为当全球地缘与贸易路径重塑，能源安全焦虑，供应链效率担忧成为左右价格的重要因素，结合供给格局，# 油轮作为核心战略资产的议价能力（盈利）与溢价能力（估值）面临双升机遇。

自25年下半年以来发布八篇深度探讨航运投资机会，我们认为# 航运这一年、历史新起点

我们已经上线了# 华创交运数据全景看板，AI赋能一站式展示，把时间还给思考与研究。

此外，布局后续市场（2027），我们建议# 战略关注航空制造领域，包括两机出海逻辑以及国产大飞机

明天（周五）上午我们组织# 航材股份 调研@北京
报名欢迎联系我

16年交运领域深耕
5大系列111篇深度
1站式数据全景看板

华创证券 交通运输 吴一凡团队 感恩支持",水木调研纪要,,1,0,431,https://wx.zsxq.com/group/88888142214212/topic/22258258824225141,data/research/updates/2026-10-07-all_views-014.csv
2026-09-17T20:19:12,2026-09,AI 新材料今日变化梳理（0917）,"AI 新材料今日变化梳理（0917）

（1） 台股调整较多、连带了 A
【变化快、变化多】关于 cpo 用 m4/m7 ，但是 2 周之前还传过用 ptfe……
【结论】习惯这种变化吧，一会儿这个，一会儿那个，就是新方案确定之前的常态。

（2） 今天关心三星电机、反馈 T 布很缺的新闻
1） 韩国圈子，ccl 主力是 斗山
斗山的 T布、国内供应是宏和（三星电机前期已向宏和交保证金锁单）
2） 斗山同时在测复材和中材的T布。宏和现在T布产能50-60万米/月，持续放量。

（3）国产链接力
材料角度，cx 链，可以作为一个切入点。例如 tim 材料，mfc，静电卡盘，环氧塑封料，光刻设备，光刻胶等。

（4）短期观点不变，三季报是硬核，新技术是弹性方向 [抱拳]
------
（一马平川）
（建材）
（最后2小时，恳请顶格支持",水木调研纪要,,1,0,432,https://wx.zsxq.com/group/88888142214212/topic/82258258824225152,data/research/updates/2026-10-07-all_views-014.csv
2026-09-17T20:18:51,2026-09,[發]【腾信精密】产品升级叠加双龙头绑定，低估值&业绩确定性强,"[發]【腾信精密】产品升级叠加双龙头绑定，低估值&业绩确定性强
# 【浙商电子-沈钱】

# 今日北交所新上市企业，主营金属精密零部件加工。上市前未安排机构反路演，市场认知存在明显预期差：市场仅关注到去年半导体板块收入5000万，整体营收占比不足10%，低估了公司半导体业务的产品迭代与订单爆发潜力。

# 公司核心客户为全球真空领域龙头MKS和爱德华。业务层面实现关键升级，由单纯金属结构件加工，进阶到半导体真空阀门整机代工，产品直接供给MKS，最终落地半导体产业链。当前半导体业务在手订单超1亿元，产能紧张，公司已启动扩产。今年MKS、爱德华两家客户合计半导体收入有望达到1.5 亿元，明年有望突破3亿元，半导体业务收入占比提升至25%-30%。

# 业绩层面公司往年稳定维持2亿利润；今年利润有望接近2.5亿元，明年目标3亿以上。当前市值40-50亿，对应明年业绩估值仅10x左右，显著低估，底部推荐。",水木调研纪要,,1,0,425,https://wx.zsxq.com/group/88888142214212/topic/55521521154552544,data/research/updates/2026-10-07-all_views-014.csv
2026-09-17T19:41:57,2026-09,【长江证券 # 电力、煤气及水等公用事业   张韦华团队】在美债收益率破5%、原油价格重回100美元的背景下，更新汇报电力行业最新观点和机遇！,"【长江证券 # 电力、煤气及水等公用事业   张韦华团队】在美债收益率破5%、原油价格重回100美元的背景下，更新汇报电力行业最新观点和机遇！

电力既是能源转型的正面战场、也是跨国生产要素的“工业汇率”。2026年以来，电力行业在景气磨底中加速分化，我们坚守电力领域、挖掘具有确定性与长期价值的优质资产，同时积极拓宽研究边界、推出《瓦特与比特》等系列研究报告，并【提出中美电价10年周期相对论、并得出结论：电力作为AI基建的关键一环、本轮美国资本开支在高通胀&高利率的背景下进行、所造成的高折旧成本将在未来造成其电价中枢的长期粘性、我们电价的相对优势确立并打开上行空间】。

我们既关注优质资产的稳健回报，也重视产业变革的成长机会，致力于为投资者提供前瞻且深度的研究支持。我们认为【能源通胀】将孕育新一轮【电价回暖】的机会，衍生通胀逻辑将成为电力配置的核心抓手：

【稳健回报】水核凭借稳定成本，将在通胀背景下拥有确定性收益，长期价值将经过时间检验；

【弹性优选】火电有望迎来困境反转，煤电一体化及沿海火电盈利弹性值得期待；绿电也有望迎来“三元悖论”的拐点。

在行业沉浮中保持深度，在周期更迭中坚持本心；

以基本面为锚，以研究创造价值，用专业打动专业。

详情汇报，可关注我们每早七点半的《能源华章》系列【深度汇报】，以及我们的Wind热点聚焦《瓦特与比特：中美AI的另一本账单》～

欢迎联系长江公用团队：张韦华/司旗/宋尚骞/刘亚辉/张子淳",水木调研纪要,,1,0,434,https://wx.zsxq.com/group/88888142214212/topic/55521521155455544,data/research/updates/2026-10-07-all_views-014.csv
2026-09-17T19:41:38,2026-09,【中信电器智造】# 重点推荐：申菱环境：海外大单落地，明年业绩进入加速兑现期,"【中信电器智造】# 重点推荐：申菱环境：海外大单落地，明年业绩进入加速兑现期

⭕# 海外4.15亿美元大单正式落地，订单确定性明显提升。公司9月16日正式公告与海外客户签订4.15亿美元空调制冷设备订单，折合约27.8亿元，相当于2025年收入的约66%，交付期限为协议生效后120天。此前市场对海外订单落地节奏存在较多疑虑，本次大额合同落地后，市场对订单疑虑显著减弱。

⭕# 海外在手订单已超百亿元，多客户、多产品同步放量。 目前公司海外订单储备充足，已覆盖AWS、Giga、谷歌及东南亚数据中心客户：AWS主要供应水冷风墙及Sidecar，Giga已切入预制舱IT仓并继续推进Chiller、Sidecar舱业务，谷歌侧已取得水冷风墙及干冷器订单、五代CDU正在送样验证，东南亚客户则主要覆盖数据机房温控及液冷相关产品。整体看，公司海外业务已拓展至多客户、多品类协同放量阶段。

⭕# 明年海外收入和利润弹性较大。明年海外交付规模预计100-120亿元，估计确收约80亿元；国内保守按50亿元收入测算，对应海外利润约16亿元、国内约4亿元，合计利润约20亿+，对应目前不到20XPE。AWS及Giga后续Chiller、Sidecar订单继续落地，以及谷歌五代CDU顺利导入，业绩仍存在进一步上修空间。",水木调研纪要,,1,0,435,https://wx.zsxq.com/group/88888142214212/topic/14425425544144552,data/research/updates/2026-10-07-all_views-014.csv
2026-09-17T19:40:53,2026-09,【兴证地产】828政策后，土拍市场跟踪,"【兴证地产】828政策后，土拍市场跟踪

[玫瑰]成交量：近两周（8.31-9.13）300城住宅类用地成交面积1460万方，同比-20%；金额708亿元，同比+24%，其中一/二/三线分别+85%/+35%/-16%。

与一二线城市今年的供应节奏，和大体量地块的出让有关。1-8月一/二/三线成交金额同比分别为+2%/-37%/-17%。

[玫瑰]溢价率：近两周（8.31-9.13）300城平均为6.0%。1-8月平均10%。

其中一线城市12.4%（主要是深圳福田125%溢价率地块拉动，剔除后为7.0%），1-8月一线溢价率为19.8%。# 剔除后大幅下降

二线城市2.7%，1-8月为8.9%。

资料来源：中指研究院。[公开资料整理，不涉及投资建议及研究观点]  万分感激[爱心][爱心][爱心]",水木调研纪要,,1,0,430,https://wx.zsxq.com/group/88888142214212/topic/55521521155452444,data/research/updates/2026-10-07-all_views-014.csv
2026-09-17T19:38:39,2026-09,[太阳]浙商机械大制造【船舶行业】基本面无虞，周期景气上行趋势明确，持续推荐！,"[太阳]浙商机械大制造【船舶行业】基本面无虞，周期景气上行趋势明确，持续推荐！

[太阳]核心投资逻辑
#1、民船行业上行趋势：周期近期上行，行业量利齐升，干散货船订单后续有大幅增长可能
1）价：截至2026年9月11日，克拉克森周度新船价格指数报收186.25点，同比＋0.32％，环比-0.02％，2026年以来＋0.95％，2021年以来＋46%，位于历史峰值97%分位。船位紧张与通胀压力有望推动船价上涨。

2）需求：2026年1-8月，根据克拉克森统计，全球船舶行业新接订单同比增长102%。其中，箱船同比下降3%，油轮同比增长363%，散货船同比增长68%，LNG船同比增长241%，其他船型同比增长84%。
#BDI指数于高运价区间运行，有望加速散货船订单潮到来。截止2026-9-15，BDI指数收报3360点，今年以来上涨79%，我们认为BDI上涨原因主要系1）更新需求：船队老龄化，更新需求旺盛。叠加船厂短期供给仍旧不足；2）新增需求：全球基建、制造业等行业复苏，带动大宗原材料需求提升，叠加西芒杜货盘放量，散货运力需求增；3）厄尔尼诺＋台风影响短期有效运力。

3）供给：船厂运载已近饱和，但活跃船厂数量及交付量相较上一轮周期峰值显著下降，供需紧张或推动船价持续走高。

4）运力：受美伊战争影响，霍尔木兹海峡通行受阻，油轮、LNG运输船等船型的有效运力下降，同时运距拉长。

#2、中船集团船舶资产整合持续推进，竞争格局改善，效率提升可期。

推荐：中国船舶、松发股份、中船防务、中国动力、亚星锚链。

❗风险提示：造船需求不及预期、原材料价格波动、竞争格局恶化。

最新调研增量信息，欢迎交流！

☎详情欢迎咨询【浙商机械大制造 邱世梁/王华君/张菁13802299976】",水木调研纪要,,1,0,414,https://wx.zsxq.com/group/88888142214212/topic/45548548855288528,data/research/updates/2026-10-07-all_views-014.csv
2026-09-17T19:37:47,2026-09,三一国际近期股价调整点评：外部环境带来扰动，公司基本面向好，当前已进入超跌区间,"三一国际近期股价调整点评：外部环境带来扰动，公司基本面向好，当前已进入超跌区间

⭕外部因素：资源品价格波动和美联储加息
1）价格：近一周期货市场铜、黄金、铁矿石价格有所波动，可能是这波股价回调的首因，但#大部分资源品的价格依然处于高位、且煤炭等品种价格仍呈现上行趋势；
2）利率：美联储首次加息是今日股价波动的主要原因；矿车单体价格较高，融资购买是海外主流购买形式，利率上升增加了融资成本，对矿山新扩需求会有一定影响，但#存量更新需求比较刚性、26-28年是海外百吨以上高端矿车更新置换的高峰期。

⭕竞争优势：公司矿车使用成本低于卡特&小松，外部因素扰动有望加速公司份额提升
公司刚卡主要车型均采用“多发动机并联+搭配电池模块+电传动”的动力结构，与传统刚卡相比，节油率提升15%以上、综合维保成本降低20%以上，综合使用成本明显更低；在外部因素扰动下，公司矿车产品较主要竞争对手（卡特、小松）的吸引力会更加凸显。#我们看好公司矿车在海外市场的份额加速提升！

⭕基本面：公司矿车订单稳步提升，光伏包袱预计年内出清
目前公司矿车订单（已签订+中标未签）共42-46亿，新增非洲、南美、欧洲德语区等市场的部分订单，另外公司在非洲市场已突破某大型客户，批量订单将逐步落地。
公司已明确2026年内将终止光伏制造业务并减值，光伏包袱有望在今年出清。

[烟花]投资建议
# 低估值： 受外部因素扰动，公司股价进入超跌区间，按明年30亿利润预期，对应估值7.5xPE，属于极低水平；
# 高股息： 今年分红比例有望达到60%，股息率高达8%。
# 高成长： 公司矿车出海进入三年爆发期，我们看好公司高端矿车在海外市场的份额加速提升，成长逻辑清晰！
回调即是加仓机会，当前时点继续强力推荐[拳头]

欢迎联系ZX机械团队交流[握手]",水木调研纪要,,1,0,417,https://wx.zsxq.com/group/88888142214212/topic/82258258822485422,data/research/updates/2026-10-07-all_views-014.csv
2026-09-17T19:36:55,2026-09,【国海轻工】造纸观点更新：黑纸9月底涨价函密集加码，木浆系季节性上涨共振，龙头超额利润有望加速兑现 260917,"【国海轻工】造纸观点更新：黑纸9月底涨价函密集加码，木浆系季节性上涨共振，龙头超额利润有望加速兑现 260917

废纸系：玖龙九大基地发布涨价函、覆盖中秋国庆双节。玖龙太仓、东莞、泉州、天津、河北五大基地9月10-14日瓦楞纸上调50元/吨；沈阳、重庆基地9月16-18日再涨50元；天津、河北基地9月26日起瓦楞纸再涨50元、10月8日继续上调50元/吨，地龙牛卡和再生牛卡同步跟涨。东莞玖龙9月21日起地龙瓦楞纸上调50元/吨。山鹰纸业跟涨，广东基地9月16日起T级牛卡纸上调50元/吨，浙江、安徽基地瓦纸上调50元/吨。

停机方面，山鹰安徽/浙江/宿州9台、荣成平湖/无锡6台、玖龙天津5台纸机，9月24日至10月7日停机3-7天；泉州玖龙PM36/PM39于10月初停机，损失约1.17万吨，本轮停机计划已覆盖玖龙、山鹰、理文、荣成等头部企业，供给端主动收缩力度显著增强。

木浆系：外盘阔叶浆季节性提涨。智利Arauco9月阔叶浆明星上涨20美元/吨至590美元/吨，本色浆金星上涨10美元/吨至660美元/吨。供应端，加拿大Domtar针叶浆厂关停事件持续影响市场情绪，StoraEnso、北木、好声三家浆厂停产，MillarWestern昆河纸浆厂临时停产至11月，海外部分浆厂集中检修，全球商品浆发运至中国量同比下滑，国内港口可流通现货收紧。需求端，旺季预期持续发酵，中秋、国庆礼盒备货、外贸圣诞订单前置，白卡纸纸企开工小幅抬升，文化纸开学季备货预期升温。卓创资讯预计三季度中下旬进口阔叶浆仍有50-100元/吨上涨空间。

核心逻辑：废纸价格中枢具备逐年上移逻辑、涨价具备长期持续性。今年以来中国箱板瓦楞纸出口量持续增长，而进口成品纸大幅减少，出口的箱板纸在境外消费后进入当地回收体系，无法回流国内，国内废纸回收基数持续下降；同时国内纸厂100%依赖本土回收废纸，而国废回收量增长有限，叠加雨季等因素扰动和回收者囤货行为，废纸供应缺口逐年扩大。国废价格中枢因此刚性上移，为箱板瓦楞纸提供持续的成本推涨动力。4月以来淡季提涨超预期，4-6月单吨售价累计涨幅达201-372元，正是这一供需格局实质性改善的验证。供给收缩与成本推涨形成双重拐点，国内纸价上行具备较强持续性。

盈利改善：龙头具备显著超额利润、成本优势持续放大。箱板瓦楞纸行业过去三年处于价格周期底部，中小产能加速出清，产能与资源向更高效的管理者集中，龙头企业在各自优势领域逐步加深壁垒。具备林浆纸一体化优势的企业，凭借自制浆替代外购浆，吨纸成本远低于行业平均，纸价上涨可更充分转化为利润增量。随着旺季来临和纸价上行，头部纸企盈利弹性将显著高于行业均值，龙头量利齐升可期。

估值已回落至底部区间：造纸板块前期充分调整，箱板瓦楞纸价格处于历史低位，造纸（）板块PB约1.3倍，处于历史10年以来30%分位。

-太阳纸业：箱板纸贡献核心增量，Q2牛皮箱板纸收入70.76亿元，同比+35.54%，毛利率18.48%，同比+2.84pct。公司箱板纸产能约440万吨，高端牛卡占比高，以木片、自制浆为核心原料，成本相对稳定，纸价上涨可更充分转化为利润增量，是本轮提价中盈利弹性最确定的标的。山东颜店70万吨高档包装纸项目已投产，Q3起贡献增量，周期弹性与成长兼具，现价对应26年PE为11X。

-玖龙纸业：FY2026盈利翻倍，预计权益持有人应占盈利约34-36亿元，同比增长92.4%-103.7%，主要由销量提升带动。公司是黑纸的绝对龙头，随着自制浆线持续投产，高端牛卡占比提升，本轮箱板提价弹性最强。资本开支拐点已至，FY27自由现金流有望转正，叠加4亿美元高息永续债回购后财务费用边际改善，盈利和估值有望双修复，现价对应FY26的PE为7X。

重点推荐：太阳纸业、玖龙纸业，建议关注：理文造纸、林平发展

欢迎交流~",水木调研纪要,,1,0,387,https://wx.zsxq.com/group/88888142214212/topic/45548548855241828,data/research/updates/2026-10-07-all_views-014.csv
2026-09-17T19:36:29,2026-09,【浙商医药|郭双喜】AI制药板块点评：行业合作再突破，验证AI制药新时代,"【浙商医药|郭双喜】AI制药板块点评：行业合作再突破，验证AI制药新时代

# 事件：

1）根据媒体报道，9月16日，字节跳动拆分出来的AI制药公司Anew labs完成了一轮2.9亿美元的融资，投后估值达15亿元美元（逼近同类上市公司），并发布了AnweDDE；

2）9月16日，金斯瑞（1548.HK）宣布与礼来达的AI/机器学习药物发现协作平台lily Tunelab达成合作，金斯瑞将向lilly Tunelab参与企业提供湿实验服务。

# 观点：

我们重申我们报告的观点，AI4S行业进入新时代，行业逻辑发生了新的变化，科学研究的范式将会重塑，科学家主导和决定科研流程转换为智能体主导药物发现的全流程，# 将药物发现从低频验证的范式转向高频、高通量、多轮快速迭代的新范式。平台迭代过程是产业链受益，结果是AI制药平台的能力迸发、壁垒的建立。

# 短期来讲，建议关注：1）基因合成。关注：金斯瑞生物科技、义翘神州、百普赛斯、和元生物。2）蛋白表达与纯化：关注：奥浦迈、纳微科技、赛分科技；3）重组靶点蛋白/细胞因子环节：关注：百普赛斯、近岸蛋白、义翘神州、皓元医药、 诺唯赞、优宁维。4）小分子合成：关注：毕得医药、皓元医药、昊帆生物、阿拉丁、泰坦科技。5）小鼠模型：关注：百奥赛图、药康生物、南模生物。6）临床前CRO：关注药明康德、康龙化成、药明生物、药明合联、昭衍新药、益诺思、美迪西。# 长期来看，建议关注能够持续迭代的研发平台：晶泰控股、英矽智能、剂泰科技、华兰股份等。

风险提示：AI制药研发进展可能不及预期、行业竞争有可能加剧、临床试验结果有可能不及预期、国际关系进展有可能导致跨国合作进度不及预期

联系人：郭双喜/安柯 /胡隽杨",水木调研纪要,,1,0,389,https://wx.zsxq.com/group/88888142214212/topic/82258258822451582,data/research/updates/2026-10-07-all_views-014.csv
