period_id,year,week,start_date,end_date,region,segment,hotel_count,room_count,hotel_count_15plus,room_count_15plus,occupancy_rate,adr,revpar,source
2017W02,2017,2,2017-01-02,2017-01-08,全国,中档型,,,,,,218.2,,酒店之家
2017W02,2017,2,2017-01-02,2017-01-08,全国,全部,,,,,,212.31,,酒店之家
2017W02,2017,2,2017-01-02,2017-01-08,全国,经济型,,,,,,140.06,,酒店之家
2017W02,2017,2,2017-01-02,2017-01-08,全国,豪华型,,,,,,690.43,,酒店之家
2017W02,2017,2,2017-01-02,2017-01-08,全国,高档型,,,,,,351.12,,酒店之家
2017W03,2017,3,2017-01-09,2017-01-15,全国,中档型,,,,,,224.7,,酒店之家
2017W03,2017,3,2017-01-09,2017-01-15,全国,全部,,,,,,222.99,,酒店之家
2017W03,2017,3,2017-01-09,2017-01-15,全国,经济型,,,,,,143.77,,酒店之家
2017W03,2017,3,2017-01-09,2017-01-15,全国,豪华型,,,,,,730.54,,酒店之家
2017W03,2017,3,2017-01-09,2017-01-15,全国,高档型,,,,,,363.54,,酒店之家
2017W04,2017,4,2017-01-16,2017-01-22,全国,中档型,,,,,,223.87,,酒店之家
2017W04,2017,4,2017-01-16,2017-01-22,全国,全部,,,,,,224.29,,酒店之家
2017W04,2017,4,2017-01-16,2017-01-22,全国,经济型,,,,,,144.42,,酒店之家
2017W04,2017,4,2017-01-16,2017-01-22,全国,豪华型,,,,,,713.32,,酒店之家
2017W04,2017,4,2017-01-16,2017-01-22,全国,高档型,,,,,,357.57,,酒店之家
2017W05,2017,5,2017-01-23,2017-01-29,全国,中档型,,,,,,264.28,,酒店之家
2017W05,2017,5,2017-01-23,2017-01-29,全国,全部,,,,,,282.07,,酒店之家
2017W05,2017,5,2017-01-23,2017-01-29,全国,经济型,,,,,,176.35,,酒店之家
2017W05,2017,5,2017-01-23,2017-01-29,全国,豪华型,,,,,,807.7,,酒店之家
2017W05,2017,5,2017-01-23,2017-01-29,全国,高档型,,,,,,405.17,,酒店之家
2017W06,2017,6,2017-01-30,2017-02-05,全国,中档型,,,,,,278.82,,酒店之家
2017W06,2017,6,2017-01-30,2017-02-05,全国,全部,,,,,,284.62,,酒店之家
2017W06,2017,6,2017-01-30,2017-02-05,全国,经济型,,,,,,186.26,,酒店之家
2017W06,2017,6,2017-01-30,2017-02-05,全国,豪华型,,,,,,855.96,,酒店之家
2017W06,2017,6,2017-01-30,2017-02-05,全国,高档型,,,,,,415.27,,酒店之家
2017W07,2017,7,2017-02-06,2017-02-12,全国,中档型,,,,,,228.64,,酒店之家
2017W07,2017,7,2017-02-06,2017-02-12,全国,全部,,,,,,227.58,,酒店之家
2017W07,2017,7,2017-02-06,2017-02-12,全国,经济型,,,,,,148.84,,酒店之家
2017W07,2017,7,2017-02-06,2017-02-12,全国,豪华型,,,,,,733.04,,酒店之家
2017W07,2017,7,2017-02-06,2017-02-12,全国,高档型,,,,,,358.53,,酒店之家
2017W08,2017,8,2017-02-13,2017-02-19,全国,中档型,,,,,,229.1,,酒店之家
2017W08,2017,8,2017-02-13,2017-02-19,全国,全部,,,,,,222.52,,酒店之家
2017W08,2017,8,2017-02-13,2017-02-19,全国,经济型,,,,,,148.74,,酒店之家
2017W08,2017,8,2017-02-13,2017-02-19,全国,豪华型,,,,,,727.15,,酒店之家
2017W08,2017,8,2017-02-13,2017-02-19,全国,高档型,,,,,,361.51,,酒店之家
2017W09,2017,9,2017-02-20,2017-02-26,全国,中档型,,,,,,228.72,,酒店之家
2017W09,2017,9,2017-02-20,2017-02-26,全国,全部,,,,,,222.78,,酒店之家
2017W09,2017,9,2017-02-20,2017-02-26,全国,经济型,,,,,,147.28,,酒店之家
2017W09,2017,9,2017-02-20,2017-02-26,全国,豪华型,,,,,,722.04,,酒店之家
2017W09,2017,9,2017-02-20,2017-02-26,全国,高档型,,,,,,362.7,,酒店之家
2017W10,2017,10,2017-02-27,2017-03-05,全国,中档型,,,,,,231.26,,酒店之家
2017W10,2017,10,2017-02-27,2017-03-05,全国,全部,,,,,,224.33,,酒店之家
2017W10,2017,10,2017-02-27,2017-03-05,全国,经济型,,,,,,148.87,,酒店之家
2017W10,2017,10,2017-02-27,2017-03-05,全国,豪华型,,,,,,718.56,,酒店之家
2017W10,2017,10,2017-02-27,2017-03-05,全国,高档型,,,,,,365.08,,酒店之家
2017W11,2017,11,2017-03-06,2017-03-12,全国,中档型,,,,,,234.64,,酒店之家
2017W11,2017,11,2017-03-06,2017-03-12,全国,全部,,,,,,228.28,,酒店之家
2017W11,2017,11,2017-03-06,2017-03-12,全国,经济型,,,,,,151.01,,酒店之家
2017W11,2017,11,2017-03-06,2017-03-12,全国,豪华型,,,,,,734.04,,酒店之家
2017W11,2017,11,2017-03-06,2017-03-12,全国,高档型,,,,,,370.74,,酒店之家
2017W12,2017,12,2017-03-13,2017-03-19,全国,中档型,,,,,,240.24,,酒店之家
2017W12,2017,12,2017-03-13,2017-03-19,全国,全部,,,,,,231.46,,酒店之家
2017W12,2017,12,2017-03-13,2017-03-19,全国,经济型,,,,,,152.99,,酒店之家
2017W12,2017,12,2017-03-13,2017-03-19,全国,豪华型,,,,,,750.21,,酒店之家
2017W12,2017,12,2017-03-13,2017-03-19,全国,高档型,,,,,,377.55,,酒店之家
2017W13,2017,13,2017-03-20,2017-03-26,全国,中档型,,,,,,240.57,,酒店之家
2017W13,2017,13,2017-03-20,2017-03-26,全国,全部,,,,,,231.52,,酒店之家
2017W13,2017,13,2017-03-20,2017-03-26,全国,经济型,,,,,,153.45,,酒店之家
2017W13,2017,13,2017-03-20,2017-03-26,全国,豪华型,,,,,,744.89,,酒店之家
2017W13,2017,13,2017-03-20,2017-03-26,全国,高档型,,,,,,381.05,,酒店之家
2017W14,2017,14,2017-03-27,2017-04-02,全国,中档型,,,,,,248.13,,酒店之家
2017W14,2017,14,2017-03-27,2017-04-02,全国,全部,,,,,,239.75,,酒店之家
2017W14,2017,14,2017-03-27,2017-04-02,全国,经济型,,,,,,160.53,,酒店之家
2017W14,2017,14,2017-03-27,2017-04-02,全国,豪华型,,,,,,756.34,,酒店之家
2017W14,2017,14,2017-03-27,2017-04-02,全国,高档型,,,,,,380.64,,酒店之家
2017W15,2017,15,2017-04-03,2017-04-09,全国,中档型,,,,,,240.18,,酒店之家
2017W15,2017,15,2017-04-03,2017-04-09,全国,全部,,,,,,229.21,,酒店之家
2017W15,2017,15,2017-04-03,2017-04-09,全国,经济型,,,,,,154.29,,酒店之家
2017W15,2017,15,2017-04-03,2017-04-09,全国,豪华型,,,,,,741.22,,酒店之家
2017W15,2017,15,2017-04-03,2017-04-09,全国,高档型,,,,,,371.29,,酒店之家
2017W16,2017,16,2017-04-10,2017-04-16,全国,中档型,,,,,,244.49,,酒店之家
2017W16,2017,16,2017-04-10,2017-04-16,全国,全部,,,,,,231.51,,酒店之家
2017W16,2017,16,2017-04-10,2017-04-16,全国,经济型,,,,,,153.89,,酒店之家
2017W16,2017,16,2017-04-10,2017-04-16,全国,豪华型,,,,,,765.74,,酒店之家
2017W16,2017,16,2017-04-10,2017-04-16,全国,高档型,,,,,,384.48,,酒店之家
2017W17,2017,17,2017-04-17,2017-04-23,全国,中档型,,,,,,247.07,,酒店之家
2017W17,2017,17,2017-04-17,2017-04-23,全国,全部,,,,,,231.94,,酒店之家
2017W17,2017,17,2017-04-17,2017-04-23,全国,经济型,,,,,,155.89,,酒店之家
2017W17,2017,17,2017-04-17,2017-04-23,全国,豪华型,,,,,,776.17,,酒店之家
2017W17,2017,17,2017-04-17,2017-04-23,全国,高档型,,,,,,388.21,,酒店之家
2017W18,2017,18,2017-04-24,2017-04-30,全国,中档型,,,,,,268.18,,酒店之家
2017W18,2017,18,2017-04-24,2017-04-30,全国,全部,,,,,,256.75,,酒店之家
2017W18,2017,18,2017-04-24,2017-04-30,全国,经济型,,,,,,176.21,,酒店之家
2017W18,2017,18,2017-04-24,2017-04-30,全国,豪华型,,,,,,784.77,,酒店之家
2017W18,2017,18,2017-04-24,2017-04-30,全国,高档型,,,,,,401.59,,酒店之家
2017W19,2017,19,2017-05-01,2017-05-07,全国,中档型,,,,,,236.37,,酒店之家
2017W19,2017,19,2017-05-01,2017-05-07,全国,全部,,,,,,223.6,,酒店之家
2017W19,2017,19,2017-05-01,2017-05-07,全国,经济型,,,,,,149.71,,酒店之家
2017W19,2017,19,2017-05-01,2017-05-07,全国,豪华型,,,,,,719.76,,酒店之家
2017W19,2017,19,2017-05-01,2017-05-07,全国,高档型,,,,,,366.51,,酒店之家
2017W20,2017,20,2017-05-08,2017-05-14,全国,中档型,,,,,,241.28,,酒店之家
2017W20,2017,20,2017-05-08,2017-05-14,全国,全部,,,,,,228.8,,酒店之家
2017W20,2017,20,2017-05-08,2017-05-14,全国,经济型,,,,,,151.67,,酒店之家
2017W20,2017,20,2017-05-08,2017-05-14,全国,豪华型,,,,,,737.78,,酒店之家
2017W20,2017,20,2017-05-08,2017-05-14,全国,高档型,,,,,,377.7,,酒店之家
2017W21,2017,21,2017-05-15,2017-05-21,全国,中档型,,,,,,245.65,,酒店之家
2017W21,2017,21,2017-05-15,2017-05-21,全国,全部,,,,,,229.85,,酒店之家
2017W21,2017,21,2017-05-15,2017-05-21,全国,经济型,,,,,,154.05,,酒店之家
2017W21,2017,21,2017-05-15,2017-05-21,全国,豪华型,,,,,,755.01,,酒店之家
2017W21,2017,21,2017-05-15,2017-05-21,全国,高档型,,,,,,382.67,,酒店之家
2017W22,2017,22,2017-05-22,2017-05-28,全国,中档型,,,,,,250.46,,酒店之家
2017W22,2017,22,2017-05-22,2017-05-28,全国,全部,,,,,,239.08,,酒店之家
2017W22,2017,22,2017-05-22,2017-05-28,全国,经济型,,,,,,158.19,,酒店之家
2017W22,2017,22,2017-05-22,2017-05-28,全国,豪华型,,,,,,758.46,,酒店之家
2017W22,2017,22,2017-05-22,2017-05-28,全国,高档型,,,,,,383.9,,酒店之家
2017W23,2017,23,2017-05-29,2017-06-04,全国,中档型,,,,,,238.5,,酒店之家
2017W23,2017,23,2017-05-29,2017-06-04,全国,全部,,,,,,225.69,,酒店之家
2017W23,2017,23,2017-05-29,2017-06-04,全国,经济型,,,,,,150.73,,酒店之家
2017W23,2017,23,2017-05-29,2017-06-04,全国,豪华型,,,,,,728.43,,酒店之家
2017W23,2017,23,2017-05-29,2017-06-04,全国,高档型,,,,,,367.08,,酒店之家
2017W24,2017,24,2017-06-05,2017-06-11,全国,中档型,,,,,,241.6,,酒店之家
2017W24,2017,24,2017-06-05,2017-06-11,全国,全部,,,,,,227.2,,酒店之家
2017W24,2017,24,2017-06-05,2017-06-11,全国,经济型,,,,,,150.55,,酒店之家
2017W24,2017,24,2017-06-05,2017-06-11,全国,豪华型,,,,,,732.32,,酒店之家
2017W24,2017,24,2017-06-05,2017-06-11,全国,高档型,,,,,,377.03,,酒店之家
2017W25,2017,25,2017-06-12,2017-06-18,全国,中档型,,,,,,239.26,,酒店之家
2017W25,2017,25,2017-06-12,2017-06-18,全国,全部,,,,,,225.28,,酒店之家
2017W25,2017,25,2017-06-12,2017-06-18,全国,经济型,,,,,,149.4,,酒店之家
2017W25,2017,25,2017-06-12,2017-06-18,全国,豪华型,,,,,,738.41,,酒店之家
2017W25,2017,25,2017-06-12,2017-06-18,全国,高档型,,,,,,376.36,,酒店之家
2017W26,2017,26,2017-06-19,2017-06-25,全国,中档型,,,,,,239.77,,酒店之家
2017W26,2017,26,2017-06-19,2017-06-25,全国,全部,,,,,,226.85,,酒店之家
2017W26,2017,26,2017-06-19,2017-06-25,全国,经济型,,,,,,149.76,,酒店之家
2017W26,2017,26,2017-06-19,2017-06-25,全国,豪华型,,,,,,731.54,,酒店之家
2017W26,2017,26,2017-06-19,2017-06-25,全国,高档型,,,,,,375.06,,酒店之家
2017W27,2017,27,2017-06-26,2017-07-02,全国,中档型,,,,,,243.71,,酒店之家
2017W27,2017,27,2017-06-26,2017-07-02,全国,全部,,,,,,231.61,,酒店之家
2017W27,2017,27,2017-06-26,2017-07-02,全国,经济型,,,,,,152.5,,酒店之家
2017W27,2017,27,2017-06-26,2017-07-02,全国,豪华型,,,,,,737.48,,酒店之家
2017W27,2017,27,2017-06-26,2017-07-02,全国,高档型,,,,,,379.11,,酒店之家
2017W28,2017,28,2017-07-03,2017-07-09,全国,中档型,,,,,,252.88,,酒店之家
2017W28,2017,28,2017-07-03,2017-07-09,全国,全部,,,,,,238.13,,酒店之家
2017W28,2017,28,2017-07-03,2017-07-09,全国,经济型,,,,,,157.81,,酒店之家
2017W28,2017,28,2017-07-03,2017-07-09,全国,豪华型,,,,,,747.09,,酒店之家
2017W28,2017,28,2017-07-03,2017-07-09,全国,高档型,,,,,,388.37,,酒店之家
2017W29,2017,29,2017-07-10,2017-07-16,全国,中档型,,,,,,259.32,,酒店之家
2017W29,2017,29,2017-07-10,2017-07-16,全国,全部,,,,,,245.19,,酒店之家
2017W29,2017,29,2017-07-10,2017-07-16,全国,经济型,,,,,,163.11,,酒店之家
2017W29,2017,29,2017-07-10,2017-07-16,全国,豪华型,,,,,,758.71,,酒店之家
2017W29,2017,29,2017-07-10,2017-07-16,全国,高档型,,,,,,395.5,,酒店之家
2017W30,2017,30,2017-07-17,2017-07-23,全国,中档型,,,,,,266.07,,酒店之家
2017W30,2017,30,2017-07-17,2017-07-23,全国,全部,,,,,,250.34,,酒店之家
2017W30,2017,30,2017-07-17,2017-07-23,全国,经济型,,,,,,166.69,,酒店之家
2017W30,2017,30,2017-07-17,2017-07-23,全国,豪华型,,,,,,767.67,,酒店之家
2017W30,2017,30,2017-07-17,2017-07-23,全国,高档型,,,,,,401.03,,酒店之家
2017W31,2017,31,2017-07-24,2017-07-30,全国,中档型,,,,,,269.51,,酒店之家
2017W31,2017,31,2017-07-24,2017-07-30,全国,全部,,,,,,254.24,,酒店之家
2017W31,2017,31,2017-07-24,2017-07-30,全国,经济型,,,,,,169.76,,酒店之家
2017W31,2017,31,2017-07-24,2017-07-30,全国,豪华型,,,,,,777.48,,酒店之家
2017W31,2017,31,2017-07-24,2017-07-30,全国,高档型,,,,,,405.32,,酒店之家
2017W32,2017,32,2017-07-31,2017-08-06,全国,中档型,,,,,,273.79,,酒店之家
2017W32,2017,32,2017-07-31,2017-08-06,全国,全部,,,,,,257.82,,酒店之家
2017W32,2017,32,2017-07-31,2017-08-06,全国,经济型,,,,,,175.13,,酒店之家
2017W32,2017,32,2017-07-31,2017-08-06,全国,豪华型,,,,,,775.56,,酒店之家
2017W32,2017,32,2017-07-31,2017-08-06,全国,高档型,,,,,,405.9,,酒店之家
2017W33,2017,33,2017-08-07,2017-08-13,全国,中档型,,,,,,279.5,,酒店之家
2017W33,2017,33,2017-08-07,2017-08-13,全国,全部,,,,,,262.7,,酒店之家
2017W33,2017,33,2017-08-07,2017-08-13,全国,经济型,,,,,,178.63,,酒店之家
2017W33,2017,33,2017-08-07,2017-08-13,全国,豪华型,,,,,,787.96,,酒店之家
2017W33,2017,33,2017-08-07,2017-08-13,全国,高档型,,,,,,411.37,,酒店之家
2017W34,2017,34,2017-08-14,2017-08-20,全国,中档型,,,,,,279.68,,酒店之家
2017W34,2017,34,2017-08-14,2017-08-20,全国,全部,,,,,,263.53,,酒店之家
2017W34,2017,34,2017-08-14,2017-08-20,全国,经济型,,,,,,177.34,,酒店之家
2017W34,2017,34,2017-08-14,2017-08-20,全国,豪华型,,,,,,802.09,,酒店之家
2017W34,2017,34,2017-08-14,2017-08-20,全国,高档型,,,,,,413.5,,酒店之家
2017W35,2017,35,2017-08-21,2017-08-27,全国,中档型,,,,,,264.87,,酒店之家
2017W35,2017,35,2017-08-21,2017-08-27,全国,全部,,,,,,249.1,,酒店之家
2017W35,2017,35,2017-08-21,2017-08-27,全国,经济型,,,,,,165.83,,酒店之家
2017W35,2017,35,2017-08-21,2017-08-27,全国,豪华型,,,,,,783.58,,酒店之家
2017W35,2017,35,2017-08-21,2017-08-27,全国,高档型,,,,,,403.39,,酒店之家
2017W36,2017,36,2017-08-28,2017-09-03,全国,中档型,,,,,,243.88,,酒店之家
2017W36,2017,36,2017-08-28,2017-09-03,全国,全部,,,,,,226.4,,酒店之家
2017W36,2017,36,2017-08-28,2017-09-03,全国,经济型,,,,,,154.13,,酒店之家
2017W36,2017,36,2017-08-28,2017-09-03,全国,豪华型,,,,,,734.22,,酒店之家
2017W36,2017,36,2017-08-28,2017-09-03,全国,高档型,,,,,,376.52,,酒店之家
2017W37,2017,37,2017-09-04,2017-09-10,全国,中档型,,,,,,243.53,,酒店之家
2017W37,2017,37,2017-09-04,2017-09-10,全国,全部,,,,,,225.45,,酒店之家
2017W37,2017,37,2017-09-04,2017-09-10,全国,经济型,,,,,,152.18,,酒店之家
2017W37,2017,37,2017-09-04,2017-09-10,全国,豪华型,,,,,,733.96,,酒店之家
2017W37,2017,37,2017-09-04,2017-09-10,全国,高档型,,,,,,376.72,,酒店之家
2017W38,2017,38,2017-09-11,2017-09-17,全国,中档型,,,,,,245.61,,酒店之家
2017W38,2017,38,2017-09-11,2017-09-17,全国,全部,,,,,,228.01,,酒店之家
2017W38,2017,38,2017-09-11,2017-09-17,全国,经济型,,,,,,152.63,,酒店之家
2017W38,2017,38,2017-09-11,2017-09-17,全国,豪华型,,,,,,743.93,,酒店之家
2017W38,2017,38,2017-09-11,2017-09-17,全国,高档型,,,,,,383.67,,酒店之家
2017W39,2017,39,2017-09-18,2017-09-24,全国,中档型,,,,,,244.93,,酒店之家
2017W39,2017,39,2017-09-18,2017-09-24,全国,全部,,,,,,229.32,,酒店之家
2017W39,2017,39,2017-09-18,2017-09-24,全国,经济型,,,,,,151.08,,酒店之家
2017W39,2017,39,2017-09-18,2017-09-24,全国,豪华型,,,,,,742.51,,酒店之家
2017W39,2017,39,2017-09-18,2017-09-24,全国,高档型,,,,,,384.68,,酒店之家
2017W40,2017,40,2017-09-25,2017-10-01,全国,中档型,,,,,,267.14,,酒店之家
2017W40,2017,40,2017-09-25,2017-10-01,全国,全部,,,,,,249.3,,酒店之家
2017W40,2017,40,2017-09-25,2017-10-01,全国,经济型,,,,,,169.78,,酒店之家
2017W40,2017,40,2017-09-25,2017-10-01,全国,豪华型,,,,,,758.03,,酒店之家
2017W40,2017,40,2017-09-25,2017-10-01,全国,高档型,,,,,,397.21,,酒店之家
2017W41,2017,41,2017-10-02,2017-10-08,全国,中档型,,,,,,325.6,,酒店之家
2017W41,2017,41,2017-10-02,2017-10-08,全国,全部,,,,,,306.29,,酒店之家
2017W41,2017,41,2017-10-02,2017-10-08,全国,经济型,,,,,,214.35,,酒店之家
2017W41,2017,41,2017-10-02,2017-10-08,全国,豪华型,,,,,,863.22,,酒店之家
2017W41,2017,41,2017-10-02,2017-10-08,全国,高档型,,,,,,452.1,,酒店之家
2017W42,2017,42,2017-10-09,2017-10-15,全国,中档型,,,,,,241.15,,酒店之家
2017W42,2017,42,2017-10-09,2017-10-15,全国,全部,,,,,,225.38,,酒店之家
2017W42,2017,42,2017-10-09,2017-10-15,全国,经济型,,,,,,149.14,,酒店之家
2017W42,2017,42,2017-10-09,2017-10-15,全国,豪华型,,,,,,731.09,,酒店之家
2017W42,2017,42,2017-10-09,2017-10-15,全国,高档型,,,,,,375.67,,酒店之家
2017W43,2017,43,2017-10-16,2017-10-22,全国,中档型,,,,,,244.06,,酒店之家
2017W43,2017,43,2017-10-16,2017-10-22,全国,全部,,,,,,228.61,,酒店之家
2017W43,2017,43,2017-10-16,2017-10-22,全国,经济型,,,,,,150.19,,酒店之家
2017W43,2017,43,2017-10-16,2017-10-22,全国,豪华型,,,,,,741.67,,酒店之家
2017W43,2017,43,2017-10-16,2017-10-22,全国,高档型,,,,,,383.33,,酒店之家
2017W44,2017,44,2017-10-23,2017-10-29,全国,中档型,,,,,,245.18,,酒店之家
2017W44,2017,44,2017-10-23,2017-10-29,全国,全部,,,,,,228.55,,酒店之家
2017W44,2017,44,2017-10-23,2017-10-29,全国,经济型,,,,,,149.76,,酒店之家
2017W44,2017,44,2017-10-23,2017-10-29,全国,豪华型,,,,,,747.9,,酒店之家
2017W44,2017,44,2017-10-23,2017-10-29,全国,高档型,,,,,,384.76,,酒店之家
2017W45,2017,45,2017-10-30,2017-11-05,全国,中档型,,,,,,241.97,,酒店之家
2017W45,2017,45,2017-10-30,2017-11-05,全国,全部,,,,,,227.05,,酒店之家
2017W45,2017,45,2017-10-30,2017-11-05,全国,经济型,,,,,,148.48,,酒店之家
2017W45,2017,45,2017-10-30,2017-11-05,全国,豪华型,,,,,,736.31,,酒店之家
2017W45,2017,45,2017-10-30,2017-11-05,全国,高档型,,,,,,379.2,,酒店之家
2017W46,2017,46,2017-11-06,2017-11-12,全国,中档型,,,,,,240.65,,酒店之家
2017W46,2017,46,2017-11-06,2017-11-12,全国,全部,,,,,,228.14,,酒店之家
2017W46,2017,46,2017-11-06,2017-11-12,全国,经济型,,,,,,148.51,,酒店之家
2017W46,2017,46,2017-11-06,2017-11-12,全国,豪华型,,,,,,744.33,,酒店之家
2017W46,2017,46,2017-11-06,2017-11-12,全国,高档型,,,,,,379.42,,酒店之家
2017W47,2017,47,2017-11-13,2017-11-19,全国,中档型,,,,,,241.24,,酒店之家
2017W47,2017,47,2017-11-13,2017-11-19,全国,全部,,,,,,228.81,,酒店之家
2017W47,2017,47,2017-11-13,2017-11-19,全国,经济型,,,,,,149.06,,酒店之家
2017W47,2017,47,2017-11-13,2017-11-19,全国,豪华型,,,,,,746.92,,酒店之家
2017W47,2017,47,2017-11-13,2017-11-19,全国,高档型,,,,,,381.5,,酒店之家
2017W48,2017,48,2017-11-20,2017-11-26,全国,中档型,,,,,,238.17,,酒店之家
2017W48,2017,48,2017-11-20,2017-11-26,全国,全部,,,,,,227.67,,酒店之家
2017W48,2017,48,2017-11-20,2017-11-26,全国,经济型,,,,,,147.1,,酒店之家
2017W48,2017,48,2017-11-20,2017-11-26,全国,豪华型,,,,,,734.04,,酒店之家
2017W48,2017,48,2017-11-20,2017-11-26,全国,高档型,,,,,,374.56,,酒店之家
2017W49,2017,49,2017-11-27,2017-12-03,全国,中档型,,,,,,236.9,,酒店之家
2017W49,2017,49,2017-11-27,2017-12-03,全国,全部,,,,,,226.55,,酒店之家
2017W49,2017,49,2017-11-27,2017-12-03,全国,经济型,,,,,,146.68,,酒店之家
2017W49,2017,49,2017-11-27,2017-12-03,全国,豪华型,,,,,,726.52,,酒店之家
2017W49,2017,49,2017-11-27,2017-12-03,全国,高档型,,,,,,370.6,,酒店之家
2017W50,2017,50,2017-12-04,2017-12-10,全国,中档型,,,,,,235.84,,酒店之家
2017W50,2017,50,2017-12-04,2017-12-10,全国,全部,,,,,,225.38,,酒店之家
2017W50,2017,50,2017-12-04,2017-12-10,全国,经济型,,,,,,146.81,,酒店之家
2017W50,2017,50,2017-12-04,2017-12-10,全国,豪华型,,,,,,723.21,,酒店之家
2017W50,2017,50,2017-12-04,2017-12-10,全国,高档型,,,,,,368.33,,酒店之家
2017W51,2017,51,2017-12-11,2017-12-17,全国,中档型,,,,,,233.15,,酒店之家
2017W51,2017,51,2017-12-11,2017-12-17,全国,全部,,,,,,225.58,,酒店之家
2017W51,2017,51,2017-12-11,2017-12-17,全国,经济型,,,,,,145.27,,酒店之家
2017W51,2017,51,2017-12-11,2017-12-17,全国,豪华型,,,,,,726.27,,酒店之家
2017W51,2017,51,2017-12-11,2017-12-17,全国,高档型,,,,,,368.33,,酒店之家
2017W52,2017,52,2017-12-18,2017-12-24,全国,中档型,,,,,,235.81,,酒店之家
2017W52,2017,52,2017-12-18,2017-12-24,全国,全部,,,,,,228.06,,酒店之家
2017W52,2017,52,2017-12-18,2017-12-24,全国,经济型,,,,,,149.71,,酒店之家
2017W52,2017,52,2017-12-18,2017-12-24,全国,豪华型,,,,,,723.79,,酒店之家
2017W52,2017,52,2017-12-18,2017-12-24,全国,高档型,,,,,,365.66,,酒店之家
2018W01,2018,1,2018-01-01,2018-01-07,全国,中档型,,,,,,226.38,,酒店之家
2018W01,2018,1,2018-01-01,2018-01-07,全国,全部,,,,,,216.21,,酒店之家
2018W01,2018,1,2018-01-01,2018-01-07,全国,经济型,,,,,,142.45,,酒店之家
2018W01,2018,1,2018-01-01,2018-01-07,全国,豪华型,,,,,,703.09,,酒店之家
2018W01,2018,1,2018-01-01,2018-01-07,全国,高档型,,,,,,351.92,,酒店之家
2018W02,2018,2,2018-01-08,2018-01-14,全国,中档型,,,,,,229.45,,酒店之家
2018W02,2018,2,2018-01-08,2018-01-14,全国,全部,,,,,,220.23,,酒店之家
2018W02,2018,2,2018-01-08,2018-01-14,全国,经济型,,,,,,143.19,,酒店之家
2018W02,2018,2,2018-01-08,2018-01-14,全国,豪华型,,,,,,708.16,,酒店之家
2018W02,2018,2,2018-01-08,2018-01-14,全国,高档型,,,,,,358.93,,酒店之家
2018W03,2018,3,2018-01-15,2018-01-21,全国,中档型,,,,,,230.91,,酒店之家
2018W03,2018,3,2018-01-15,2018-01-21,全国,全部,,,,,,225.03,,酒店之家
2018W03,2018,3,2018-01-15,2018-01-21,全国,经济型,,,,,,145.45,,酒店之家
2018W03,2018,3,2018-01-15,2018-01-21,全国,豪华型,,,,,,727.46,,酒店之家
2018W03,2018,3,2018-01-15,2018-01-21,全国,高档型,,,,,,364.15,,酒店之家
2018W04,2018,4,2018-01-22,2018-01-28,全国,中档型,,,,,,234.91,,酒店之家
2018W04,2018,4,2018-01-22,2018-01-28,全国,全部,,,,,,229.45,,酒店之家
2018W04,2018,4,2018-01-22,2018-01-28,全国,经济型,,,,,,146.72,,酒店之家
2018W04,2018,4,2018-01-22,2018-01-28,全国,豪华型,,,,,,736.19,,酒店之家
2018W04,2018,4,2018-01-22,2018-01-28,全国,高档型,,,,,,365.35,,酒店之家
2018W05,2018,5,2018-01-29,2018-02-04,全国,中档型,,,,,,233.86,,酒店之家
2018W05,2018,5,2018-01-29,2018-02-04,全国,全部,,,,,,232.22,,酒店之家
2018W05,2018,5,2018-01-29,2018-02-04,全国,经济型,,,,,,146.78,,酒店之家
2018W05,2018,5,2018-01-29,2018-02-04,全国,豪华型,,,,,,736.47,,酒店之家
2018W05,2018,5,2018-01-29,2018-02-04,全国,高档型,,,,,,362.35,,酒店之家
2018W06,2018,6,2018-02-05,2018-02-11,全国,中档型,,,,,,229.81,,酒店之家
2018W06,2018,6,2018-02-05,2018-02-11,全国,全部,,,,,,230.64,,酒店之家
2018W06,2018,6,2018-02-05,2018-02-11,全国,经济型,,,,,,145.84,,酒店之家
2018W06,2018,6,2018-02-05,2018-02-11,全国,豪华型,,,,,,715.33,,酒店之家
2018W06,2018,6,2018-02-05,2018-02-11,全国,高档型,,,,,,355.88,,酒店之家
2018W07,2018,7,2018-02-12,2018-02-18,全国,中档型,,,,,,296.85,,酒店之家
2018W07,2018,7,2018-02-12,2018-02-18,全国,全部,,,,,,315.06,,酒店之家
2018W07,2018,7,2018-02-12,2018-02-18,全国,经济型,,,,,,191.91,,酒店之家
2018W07,2018,7,2018-02-12,2018-02-18,全国,豪华型,,,,,,890.11,,酒店之家
2018W07,2018,7,2018-02-12,2018-02-18,全国,高档型,,,,,,432.81,,酒店之家
2018W08,2018,8,2018-02-19,2018-02-25,全国,中档型,,,,,,270.79,,酒店之家
2018W08,2018,8,2018-02-19,2018-02-25,全国,全部,,,,,,269.72,,酒店之家
2018W08,2018,8,2018-02-19,2018-02-25,全国,经济型,,,,,,172.54,,酒店之家
2018W08,2018,8,2018-02-19,2018-02-25,全国,豪华型,,,,,,831.27,,酒店之家
2018W08,2018,8,2018-02-19,2018-02-25,全国,高档型,,,,,,399.55,,酒店之家
2018W09,2018,9,2018-02-26,2018-03-04,全国,中档型,,,,,,231.85,,酒店之家
2018W09,2018,9,2018-02-26,2018-03-04,全国,全部,,,,,,218.25,,酒店之家
2018W09,2018,9,2018-02-26,2018-03-04,全国,经济型,,,,,,147.1,,酒店之家
2018W09,2018,9,2018-02-26,2018-03-04,全国,豪华型,,,,,,703.57,,酒店之家
2018W09,2018,9,2018-02-26,2018-03-04,全国,高档型,,,,,,351.96,,酒店之家
2018W10,2018,10,2018-03-05,2018-03-11,全国,中档型,,,,,,239.55,,酒店之家
2018W10,2018,10,2018-03-05,2018-03-11,全国,全部,,,,,,226.54,,酒店之家
2018W10,2018,10,2018-03-05,2018-03-11,全国,经济型,,,,,,149.27,,酒店之家
2018W10,2018,10,2018-03-05,2018-03-11,全国,豪华型,,,,,,715.27,,酒店之家
2018W10,2018,10,2018-03-05,2018-03-11,全国,高档型,,,,,,366.74,,酒店之家
2018W11,2018,11,2018-03-12,2018-03-18,全国,中档型,,,,,,245.29,,酒店之家
2018W11,2018,11,2018-03-12,2018-03-18,全国,全部,,,,,,232.02,,酒店之家
2018W11,2018,11,2018-03-12,2018-03-18,全国,经济型,,,,,,152.79,,酒店之家
2018W11,2018,11,2018-03-12,2018-03-18,全国,豪华型,,,,,,733.08,,酒店之家
2018W11,2018,11,2018-03-12,2018-03-18,全国,高档型,,,,,,374.55,,酒店之家
2018W12,2018,12,2018-03-19,2018-03-25,全国,中档型,,,,,,249.05,,酒店之家
2018W12,2018,12,2018-03-19,2018-03-25,全国,全部,,,,,,237.08,,酒店之家
2018W12,2018,12,2018-03-19,2018-03-25,全国,经济型,,,,,,155.36,,酒店之家
2018W12,2018,12,2018-03-19,2018-03-25,全国,豪华型,,,,,,738.82,,酒店之家
2018W12,2018,12,2018-03-19,2018-03-25,全国,高档型,,,,,,380.05,,酒店之家
2018W13,2018,13,2018-03-26,2018-04-01,全国,中档型,,,,,,247.7,,酒店之家
2018W13,2018,13,2018-03-26,2018-04-01,全国,全部,,,,,,236.13,,酒店之家
2018W13,2018,13,2018-03-26,2018-04-01,全国,经济型,,,,,,154.18,,酒店之家
2018W13,2018,13,2018-03-26,2018-04-01,全国,豪华型,,,,,,733.71,,酒店之家
2018W13,2018,13,2018-03-26,2018-04-01,全国,高档型,,,,,,377.05,,酒店之家
2018W14,2018,14,2018-04-02,2018-04-08,全国,中档型,,,,,,259.71,,酒店之家
2018W14,2018,14,2018-04-02,2018-04-08,全国,全部,,,,,,249.22,,酒店之家
2018W14,2018,14,2018-04-02,2018-04-08,全国,经济型,,,,,,163.49,,酒店之家
2018W14,2018,14,2018-04-02,2018-04-08,全国,豪华型,,,,,,744.85,,酒店之家
2018W14,2018,14,2018-04-02,2018-04-08,全国,高档型,,,,,,383.29,,酒店之家
2018W15,2018,15,2018-04-09,2018-04-15,全国,中档型,,,,,,255.18,,酒店之家
2018W15,2018,15,2018-04-09,2018-04-15,全国,全部,,,,,,241.5,,酒店之家
2018W15,2018,15,2018-04-09,2018-04-15,全国,经济型,,,,,,158.18,,酒店之家
2018W15,2018,15,2018-04-09,2018-04-15,全国,豪华型,,,,,,759.57,,酒店之家
2018W15,2018,15,2018-04-09,2018-04-15,全国,高档型,,,,,,390.12,,酒店之家
2018W16,2018,16,2018-04-16,2018-04-22,全国,中档型,,,,,,259.19,,酒店之家
2018W16,2018,16,2018-04-16,2018-04-22,全国,全部,,,,,,244.8,,酒店之家
2018W16,2018,16,2018-04-16,2018-04-22,全国,经济型,,,,,,160.49,,酒店之家
2018W16,2018,16,2018-04-16,2018-04-22,全国,豪华型,,,,,,778.31,,酒店之家
2018W16,2018,16,2018-04-16,2018-04-22,全国,高档型,,,,,,394.91,,酒店之家
2018W17,2018,17,2018-04-23,2018-04-29,全国,中档型,,,,,,278.75,,酒店之家
2018W17,2018,17,2018-04-23,2018-04-29,全国,全部,,,,,,267.57,,酒店之家
2018W17,2018,17,2018-04-23,2018-04-29,全国,经济型,,,,,,175.33,,酒店之家
2018W17,2018,17,2018-04-23,2018-04-29,全国,豪华型,,,,,,791.19,,酒店之家
2018W17,2018,17,2018-04-23,2018-04-29,全国,高档型,,,,,,411.61,,酒店之家
2018W18,2018,18,2018-04-30,2018-05-06,全国,中档型,,,,,,259.32,,酒店之家
2018W18,2018,18,2018-04-30,2018-05-06,全国,全部,,,,,,246.49,,酒店之家
2018W18,2018,18,2018-04-30,2018-05-06,全国,经济型,,,,,,163.19,,酒店之家
2018W18,2018,18,2018-04-30,2018-05-06,全国,豪华型,,,,,,737.04,,酒店之家
2018W18,2018,18,2018-04-30,2018-05-06,全国,高档型,,,,,,383.32,,酒店之家
2018W19,2018,19,2018-05-07,2018-05-13,全国,中档型,,,,,,250.29,,酒店之家
2018W19,2018,19,2018-05-07,2018-05-13,全国,全部,,,,,,238.77,,酒店之家
2018W19,2018,19,2018-05-07,2018-05-13,全国,经济型,,,,,,154.04,,酒店之家
2018W19,2018,19,2018-05-07,2018-05-13,全国,豪华型,,,,,,743.55,,酒店之家
2018W19,2018,19,2018-05-07,2018-05-13,全国,高档型,,,,,,383.07,,酒店之家
2018W20,2018,20,2018-05-14,2018-05-20,全国,中档型,,,,,,252.11,,酒店之家
2018W20,2018,20,2018-05-14,2018-05-20,全国,全部,,,,,,238.31,,酒店之家
2018W20,2018,20,2018-05-14,2018-05-20,全国,经济型,,,,,,155.01,,酒店之家
2018W20,2018,20,2018-05-14,2018-05-20,全国,豪华型,,,,,,751.87,,酒店之家
2018W20,2018,20,2018-05-14,2018-05-20,全国,高档型,,,,,,387.5,,酒店之家
2018W21,2018,21,2018-05-21,2018-05-27,全国,中档型,,,,,,249.88,,酒店之家
2018W21,2018,21,2018-05-21,2018-05-27,全国,全部,,,,,,237.2,,酒店之家
2018W21,2018,21,2018-05-21,2018-05-27,全国,经济型,,,,,,153.74,,酒店之家
2018W21,2018,21,2018-05-21,2018-05-27,全国,豪华型,,,,,,745.98,,酒店之家
2018W21,2018,21,2018-05-21,2018-05-27,全国,高档型,,,,,,382.96,,酒店之家
2018W22,2018,22,2018-05-28,2018-06-03,全国,中档型,,,,,,246.89,,酒店之家
2018W22,2018,22,2018-05-28,2018-06-03,全国,全部,,,,,,235.17,,酒店之家
2018W22,2018,22,2018-05-28,2018-06-03,全国,经济型,,,,,,152.12,,酒店之家
2018W22,2018,22,2018-05-28,2018-06-03,全国,豪华型,,,,,,737.9,,酒店之家
2018W22,2018,22,2018-05-28,2018-06-03,全国,高档型,,,,,,377.42,,酒店之家
2018W23,2018,23,2018-06-04,2018-06-10,全国,中档型,,,,,,248.97,,酒店之家
2018W23,2018,23,2018-06-04,2018-06-10,全国,全部,,,,,,235.76,,酒店之家
2018W23,2018,23,2018-06-04,2018-06-10,全国,经济型,,,,,,153.43,,酒店之家
2018W23,2018,23,2018-06-04,2018-06-10,全国,豪华型,,,,,,731.51,,酒店之家
2018W23,2018,23,2018-06-04,2018-06-10,全国,高档型,,,,,,382.33,,酒店之家
2018W24,2018,24,2018-06-11,2018-06-17,全国,中档型,,,,,,264.08,,酒店之家
2018W24,2018,24,2018-06-11,2018-06-17,全国,全部,,,,,,252.89,,酒店之家
2018W24,2018,24,2018-06-11,2018-06-17,全国,经济型,,,,,,162.84,,酒店之家
2018W24,2018,24,2018-06-11,2018-06-17,全国,豪华型,,,,,,766.72,,酒店之家
2018W24,2018,24,2018-06-11,2018-06-17,全国,高档型,,,,,,394.9,,酒店之家
2018W25,2018,25,2018-06-18,2018-06-24,全国,中档型,,,,,,245.56,,酒店之家
2018W25,2018,25,2018-06-18,2018-06-24,全国,全部,,,,,,232.77,,酒店之家
2018W25,2018,25,2018-06-18,2018-06-24,全国,经济型,,,,,,151.8,,酒店之家
2018W25,2018,25,2018-06-18,2018-06-24,全国,豪华型,,,,,,730.28,,酒店之家
2018W25,2018,25,2018-06-18,2018-06-24,全国,高档型,,,,,,376.65,,酒店之家
2018W26,2018,26,2018-06-25,2018-07-01,全国,中档型,,,,,,249.49,,酒店之家
2018W26,2018,26,2018-06-25,2018-07-01,全国,全部,,,,,,236.58,,酒店之家
2018W26,2018,26,2018-06-25,2018-07-01,全国,经济型,,,,,,153.43,,酒店之家
2018W26,2018,26,2018-06-25,2018-07-01,全国,豪华型,,,,,,742.1,,酒店之家
2018W26,2018,26,2018-06-25,2018-07-01,全国,高档型,,,,,,384,,酒店之家
2018W27,2018,27,2018-07-02,2018-07-08,全国,中档型,,,,,,257.89,,酒店之家
2018W27,2018,27,2018-07-02,2018-07-08,全国,全部,,,,,,240.79,,酒店之家
2018W27,2018,27,2018-07-02,2018-07-08,全国,经济型,,,,,,157.65,,酒店之家
2018W27,2018,27,2018-07-02,2018-07-08,全国,豪华型,,,,,,753.82,,酒店之家
2018W27,2018,27,2018-07-02,2018-07-08,全国,高档型,,,,,,389.94,,酒店之家
2018W28,2018,28,2018-07-09,2018-07-15,全国,中档型,,,,,,263.88,,酒店之家
2018W28,2018,28,2018-07-09,2018-07-15,全国,全部,,,,,,245.25,,酒店之家
2018W28,2018,28,2018-07-09,2018-07-15,全国,经济型,,,,,,161.76,,酒店之家
2018W28,2018,28,2018-07-09,2018-07-15,全国,豪华型,,,,,,761.85,,酒店之家
2018W28,2018,28,2018-07-09,2018-07-15,全国,高档型,,,,,,395.72,,酒店之家
2018W29,2018,29,2018-07-16,2018-07-22,全国,中档型,,,,,,272.99,,酒店之家
2018W29,2018,29,2018-07-16,2018-07-22,全国,全部,,,,,,253.29,,酒店之家
2018W29,2018,29,2018-07-16,2018-07-22,全国,经济型,,,,,,168.08,,酒店之家
2018W29,2018,29,2018-07-16,2018-07-22,全国,豪华型,,,,,,781.44,,酒店之家
2018W29,2018,29,2018-07-16,2018-07-22,全国,高档型,,,,,,404.34,,酒店之家
2018W30,2018,30,2018-07-23,2018-07-29,全国,中档型,,,,,,280.45,,酒店之家
2018W30,2018,30,2018-07-23,2018-07-29,全国,全部,,,,,,261.6,,酒店之家
2018W30,2018,30,2018-07-23,2018-07-29,全国,经济型,,,,,,173.66,,酒店之家
2018W30,2018,30,2018-07-23,2018-07-29,全国,豪华型,,,,,,791.98,,酒店之家
2018W30,2018,30,2018-07-23,2018-07-29,全国,高档型,,,,,,412.67,,酒店之家
2018W31,2018,31,2018-07-30,2018-08-05,全国,中档型,,,,,,286.56,,酒店之家
2018W31,2018,31,2018-07-30,2018-08-05,全国,全部,,,,,,267.4,,酒店之家
2018W31,2018,31,2018-07-30,2018-08-05,全国,经济型,,,,,,178.43,,酒店之家
2018W31,2018,31,2018-07-30,2018-08-05,全国,豪华型,,,,,,799.91,,酒店之家
2018W31,2018,31,2018-07-30,2018-08-05,全国,高档型,,,,,,415.78,,酒店之家
2018W32,2018,32,2018-08-06,2018-08-12,全国,中档型,,,,,,296.47,,酒店之家
2018W32,2018,32,2018-08-06,2018-08-12,全国,全部,,,,,,274.77,,酒店之家
2018W32,2018,32,2018-08-06,2018-08-12,全国,经济型,,,,,,185.07,,酒店之家
2018W32,2018,32,2018-08-06,2018-08-12,全国,豪华型,,,,,,814.93,,酒店之家
2018W32,2018,32,2018-08-06,2018-08-12,全国,高档型,,,,,,424.53,,酒店之家
2018W33,2018,33,2018-08-13,2018-08-19,全国,中档型,,,,,,292.37,,酒店之家
2018W33,2018,33,2018-08-13,2018-08-19,全国,全部,,,,,,270.36,,酒店之家
2018W33,2018,33,2018-08-13,2018-08-19,全国,经济型,,,,,,181.9,,酒店之家
2018W33,2018,33,2018-08-13,2018-08-19,全国,豪华型,,,,,,824.25,,酒店之家
2018W33,2018,33,2018-08-13,2018-08-19,全国,高档型,,,,,,423.2,,酒店之家
2018W34,2018,34,2018-08-20,2018-08-26,全国,中档型,,,,,,278.71,,酒店之家
2018W34,2018,34,2018-08-20,2018-08-26,全国,全部,,,,,,259.81,,酒店之家
2018W34,2018,34,2018-08-20,2018-08-26,全国,经济型,,,,,,172.21,,酒店之家
2018W34,2018,34,2018-08-20,2018-08-26,全国,豪华型,,,,,,811.36,,酒店之家
2018W34,2018,34,2018-08-20,2018-08-26,全国,高档型,,,,,,414.14,,酒店之家
2018W35,2018,35,2018-08-27,2018-09-02,全国,中档型,,,,,,253.83,,酒店之家
2018W35,2018,35,2018-08-27,2018-09-02,全国,全部,,,,,,233.76,,酒店之家
2018W35,2018,35,2018-08-27,2018-09-02,全国,经济型,,,,,,157.85,,酒店之家
2018W35,2018,35,2018-08-27,2018-09-02,全国,豪华型,,,,,,761.79,,酒店之家
2018W35,2018,35,2018-08-27,2018-09-02,全国,高档型,,,,,,385.7,,酒店之家
2018W36,2018,36,2018-09-03,2018-09-09,全国,中档型,,,,,,247.64,,酒店之家
2018W36,2018,36,2018-09-03,2018-09-09,全国,全部,,,,,,227.75,,酒店之家
2018W36,2018,36,2018-09-03,2018-09-09,全国,经济型,,,,,,154.86,,酒店之家
2018W36,2018,36,2018-09-03,2018-09-09,全国,豪华型,,,,,,743.6,,酒店之家
2018W36,2018,36,2018-09-03,2018-09-09,全国,高档型,,,,,,379.88,,酒店之家
2018W37,2018,37,2018-09-10,2018-09-16,全国,中档型,,,,,,250.16,,酒店之家
2018W37,2018,37,2018-09-10,2018-09-16,全国,全部,,,,,,231.17,,酒店之家
2018W37,2018,37,2018-09-10,2018-09-16,全国,经济型,,,,,,154.05,,酒店之家
2018W37,2018,37,2018-09-10,2018-09-16,全国,豪华型,,,,,,763.63,,酒店之家
2018W37,2018,37,2018-09-10,2018-09-16,全国,高档型,,,,,,385.41,,酒店之家
2018W38,2018,38,2018-09-17,2018-09-23,全国,中档型,,,,,,253.76,,酒店之家
2018W38,2018,38,2018-09-17,2018-09-23,全国,全部,,,,,,235.11,,酒店之家
2018W38,2018,38,2018-09-17,2018-09-23,全国,经济型,,,,,,155.91,,酒店之家
2018W38,2018,38,2018-09-17,2018-09-23,全国,豪华型,,,,,,759.31,,酒店之家
2018W38,2018,38,2018-09-17,2018-09-23,全国,高档型,,,,,,386.9,,酒店之家
2018W39,2018,39,2018-09-24,2018-09-30,全国,中档型,,,,,,245.41,,酒店之家
2018W39,2018,39,2018-09-24,2018-09-30,全国,全部,,,,,,225.5,,酒店之家
2018W39,2018,39,2018-09-24,2018-09-30,全国,经济型,,,,,,150.74,,酒店之家
2018W39,2018,39,2018-09-24,2018-09-30,全国,豪华型,,,,,,726.19,,酒店之家
2018W39,2018,39,2018-09-24,2018-09-30,全国,高档型,,,,,,372.03,,酒店之家
2018W40,2018,40,2018-10-01,2018-10-07,全国,中档型,,,,,,337.44,,酒店之家
2018W40,2018,40,2018-10-01,2018-10-07,全国,全部,,,,,,309.63,,酒店之家
2018W40,2018,40,2018-10-01,2018-10-07,全国,经济型,,,,,,212.84,,酒店之家
2018W40,2018,40,2018-10-01,2018-10-07,全国,豪华型,,,,,,887.77,,酒店之家
2018W40,2018,40,2018-10-01,2018-10-07,全国,高档型,,,,,,468.05,,酒店之家
2018W41,2018,41,2018-10-08,2018-10-14,全国,中档型,,,,,,243.3,,酒店之家
2018W41,2018,41,2018-10-08,2018-10-14,全国,全部,,,,,,220.23,,酒店之家
2018W41,2018,41,2018-10-08,2018-10-14,全国,经济型,,,,,,147.01,,酒店之家
2018W41,2018,41,2018-10-08,2018-10-14,全国,豪华型,,,,,,736.76,,酒店之家
2018W41,2018,41,2018-10-08,2018-10-14,全国,高档型,,,,,,375.04,,酒店之家
2018W42,2018,42,2018-10-15,2018-10-21,全国,中档型,,,,,,252,,酒店之家
2018W42,2018,42,2018-10-15,2018-10-21,全国,全部,,,,,,227.06,,酒店之家
2018W42,2018,42,2018-10-15,2018-10-21,全国,经济型,,,,,,151.49,,酒店之家
2018W42,2018,42,2018-10-15,2018-10-21,全国,豪华型,,,,,,781.16,,酒店之家
2018W42,2018,42,2018-10-15,2018-10-21,全国,高档型,,,,,,394.66,,酒店之家
2018W43,2018,43,2018-10-22,2018-10-28,全国,中档型,,,,,,248.82,,酒店之家
2018W43,2018,43,2018-10-22,2018-10-28,全国,全部,,,,,,223.66,,酒店之家
2018W43,2018,43,2018-10-22,2018-10-28,全国,经济型,,,,,,149.53,,酒店之家
2018W43,2018,43,2018-10-22,2018-10-28,全国,豪华型,,,,,,774.54,,酒店之家
2018W43,2018,43,2018-10-22,2018-10-28,全国,高档型,,,,,,390.09,,酒店之家
2018W44,2018,44,2018-10-29,2018-11-04,全国,中档型,,,,,,242.36,,酒店之家
2018W44,2018,44,2018-10-29,2018-11-04,全国,全部,,,,,,219.65,,酒店之家
2018W44,2018,44,2018-10-29,2018-11-04,全国,经济型,,,,,,145.79,,酒店之家
2018W44,2018,44,2018-10-29,2018-11-04,全国,豪华型,,,,,,752.13,,酒店之家
2018W44,2018,44,2018-10-29,2018-11-04,全国,高档型,,,,,,380.2,,酒店之家
2018W45,2018,45,2018-11-05,2018-11-11,全国,中档型,,,,,,243.17,,酒店之家
2018W45,2018,45,2018-11-05,2018-11-11,全国,全部,,,,,,222.27,,酒店之家
2018W45,2018,45,2018-11-05,2018-11-11,全国,经济型,,,,,,146.89,,酒店之家
2018W45,2018,45,2018-11-05,2018-11-11,全国,豪华型,,,,,,765.35,,酒店之家
2018W45,2018,45,2018-11-05,2018-11-11,全国,高档型,,,,,,385.63,,酒店之家
2018W46,2018,46,2018-11-12,2018-11-18,全国,中档型,,,,,,237.66,,酒店之家
2018W46,2018,46,2018-11-12,2018-11-18,全国,全部,,,,,,218.01,,酒店之家
2018W46,2018,46,2018-11-12,2018-11-18,全国,经济型,,,,,,143.42,,酒店之家
2018W46,2018,46,2018-11-12,2018-11-18,全国,豪华型,,,,,,746.72,,酒店之家
2018W46,2018,46,2018-11-12,2018-11-18,全国,高档型,,,,,,374.63,,酒店之家
2018W47,2018,47,2018-11-19,2018-11-25,全国,中档型,,,,,,236.56,,酒店之家
2018W47,2018,47,2018-11-19,2018-11-25,全国,全部,,,,,,217.67,,酒店之家
2018W47,2018,47,2018-11-19,2018-11-25,全国,经济型,,,,,,142.17,,酒店之家
2018W47,2018,47,2018-11-19,2018-11-25,全国,豪华型,,,,,,745.2,,酒店之家
2018W47,2018,47,2018-11-19,2018-11-25,全国,高档型,,,,,,375.34,,酒店之家
2018W48,2018,48,2018-11-26,2018-12-02,全国,中档型,,,,,,237.45,,酒店之家
2018W48,2018,48,2018-11-26,2018-12-02,全国,全部,,,,,,217.55,,酒店之家
2018W48,2018,48,2018-11-26,2018-12-02,全国,经济型,,,,,,143.89,,酒店之家
2018W48,2018,48,2018-11-26,2018-12-02,全国,豪华型,,,,,,745.84,,酒店之家
2018W48,2018,48,2018-11-26,2018-12-02,全国,高档型,,,,,,374.59,,酒店之家
2018W49,2018,49,2018-12-03,2018-12-09,全国,中档型,,,,,,232.48,,酒店之家
2018W49,2018,49,2018-12-03,2018-12-09,全国,全部,,,,,,214.76,,酒店之家
2018W49,2018,49,2018-12-03,2018-12-09,全国,经济型,,,,,,141.21,,酒店之家
2018W49,2018,49,2018-12-03,2018-12-09,全国,豪华型,,,,,,738.19,,酒店之家
2018W49,2018,49,2018-12-03,2018-12-09,全国,高档型,,,,,,367.51,,酒店之家
2018W50,2018,50,2018-12-10,2018-12-16,全国,中档型,,,,,,230.4,,酒店之家
2018W50,2018,50,2018-12-10,2018-12-16,全国,全部,,,,,,213.01,,酒店之家
2018W50,2018,50,2018-12-10,2018-12-16,全国,经济型,,,,,,140.11,,酒店之家
2018W50,2018,50,2018-12-10,2018-12-16,全国,豪华型,,,,,,731.13,,酒店之家
2018W50,2018,50,2018-12-10,2018-12-16,全国,高档型,,,,,,364.46,,酒店之家
2018W51,2018,51,2018-12-17,2018-12-23,全国,中档型,,,,,,232.1,,酒店之家
2018W51,2018,51,2018-12-17,2018-12-23,全国,全部,,,,,,213.71,,酒店之家
2018W51,2018,51,2018-12-17,2018-12-23,全国,经济型,,,,,,142.84,,酒店之家
2018W51,2018,51,2018-12-17,2018-12-23,全国,豪华型,,,,,,720.31,,酒店之家
2018W51,2018,51,2018-12-17,2018-12-23,全国,高档型,,,,,,362.3,,酒店之家
2018W52,2018,52,2018-12-24,2018-12-30,全国,中档型,,,,,,236.23,,酒店之家
2018W52,2018,52,2018-12-24,2018-12-30,全国,全部,,,,,,219.74,,酒店之家
2018W52,2018,52,2018-12-24,2018-12-30,全国,经济型,,,,,,144.17,,酒店之家
2018W52,2018,52,2018-12-24,2018-12-30,全国,豪华型,,,,,,760.35,,酒店之家
2018W52,2018,52,2018-12-24,2018-12-30,全国,高档型,,,,,,366.64,,酒店之家
2019W01,2019,1,2018-12-31,2019-01-06,全国,中档型,,,,,0.5469,233.77,127.848813,酒店之家
2019W01,2019,1,2018-12-31,2019-01-06,全国,全部,,,,,0.5835,212.58,124.04043,酒店之家
2019W01,2019,1,2018-12-31,2019-01-06,全国,经济型,,,,,0.5965,142.78,85.16827,酒店之家
2019W01,2019,1,2018-12-31,2019-01-06,全国,豪华型,,,,,0.36,751.61,270.5796,酒店之家
2019W01,2019,1,2018-12-31,2019-01-06,全国,高档型,,,,,0.4337,360.83,156.491971,酒店之家
2019W02,2019,2,2019-01-07,2019-01-13,全国,中档型,,,,,0.6346,226.74,143.889204,酒店之家
2019W02,2019,2,2019-01-07,2019-01-13,全国,全部,,,,,0.6397,206.32,131.982904,酒店之家
2019W02,2019,2,2019-01-07,2019-01-13,全国,经济型,,,,,0.6433,136.77,87.984141,酒店之家
2019W02,2019,2,2019-01-07,2019-01-13,全国,豪华型,,,,,0.3307,731.07,241.764849,酒店之家
2019W02,2019,2,2019-01-07,2019-01-13,全国,高档型,,,,,0.5651,358.72,202.712672,酒店之家
2019W03,2019,3,2019-01-14,2019-01-20,全国,中档型,,,,,0.6467,229.08,148.146036,酒店之家
2019W03,2019,3,2019-01-14,2019-01-20,全国,全部,,,,,0.6417,209.43,134.391231,酒店之家
2019W03,2019,3,2019-01-14,2019-01-20,全国,经济型,,,,,0.6434,138.04,88.814936,酒店之家
2019W03,2019,3,2019-01-14,2019-01-20,全国,豪华型,,,,,0.239,735.34,175.74626,酒店之家
2019W03,2019,3,2019-01-14,2019-01-20,全国,高档型,,,,,0.5509,362.66,199.789394,酒店之家
2019W04,2019,4,2019-01-21,2019-01-27,全国,中档型,,,,,0.6218,228.48,142.068864,酒店之家
2019W04,2019,4,2019-01-21,2019-01-27,全国,全部,,,,,0.6084,212.19,129.096396,酒店之家
2019W04,2019,4,2019-01-21,2019-01-27,全国,经济型,,,,,0.6082,138.63,84.314766,酒店之家
2019W04,2019,4,2019-01-21,2019-01-27,全国,豪华型,,,,,0.3312,731.09,242.137008,酒店之家
2019W04,2019,4,2019-01-21,2019-01-27,全国,高档型,,,,,0.4954,357.96,177.333384,酒店之家
2019W05,2019,5,2019-01-28,2019-02-03,全国,中档型,,,,,0.4898,227.41,111.385418,酒店之家
2019W05,2019,5,2019-01-28,2019-02-03,全国,全部,,,,,0.4719,219.21,103.445199,酒店之家
2019W05,2019,5,2019-01-28,2019-02-03,全国,经济型,,,,,0.4698,139.16,65.377368,酒店之家
2019W05,2019,5,2019-01-28,2019-02-03,全国,豪华型,,,,,0.2937,731.75,214.914975,酒店之家
2019W05,2019,5,2019-01-28,2019-02-03,全国,高档型,,,,,0.403,353.55,142.48065,酒店之家
2019W06,2019,6,2019-02-04,2019-02-10,全国,中档型,,,,,0.6348,322.06,204.443688,酒店之家
2019W06,2019,6,2019-02-04,2019-02-10,全国,全部,,,,,0.5489,315.52,173.188928,酒店之家
2019W06,2019,6,2019-02-04,2019-02-10,全国,经济型,,,,,0.4924,197.07,97.037268,酒店之家
2019W06,2019,6,2019-02-04,2019-02-10,全国,豪华型,,,,,0.6996,965.33,675.344868,酒店之家
2019W06,2019,6,2019-02-04,2019-02-10,全国,高档型,,,,,0.7444,467.1,347.70924,酒店之家
2019W07,2019,7,2019-02-11,2019-02-17,全国,中档型,,,,,0.637,238.71,152.05827,酒店之家
2019W07,2019,7,2019-02-11,2019-02-17,全国,全部,,,,,0.624,219.76,137.13024,酒店之家
2019W07,2019,7,2019-02-11,2019-02-17,全国,经济型,,,,,0.6199,146.72,90.951728,酒店之家
2019W07,2019,7,2019-02-11,2019-02-17,全国,豪华型,,,,,0.5664,762.49,431.874336,酒店之家
2019W07,2019,7,2019-02-11,2019-02-17,全国,高档型,,,,,0.6357,362.09,230.180613,酒店之家
2019W08,2019,8,2019-02-18,2019-02-24,全国,中档型,,,,,0.6173,225.06,138.929538,酒店之家
2019W08,2019,8,2019-02-18,2019-02-24,全国,全部,,,,,0.6339,198.53,125.848167,酒店之家
2019W08,2019,8,2019-02-18,2019-02-24,全国,经济型,,,,,0.6423,138.69,89.080587,酒店之家
2019W08,2019,8,2019-02-18,2019-02-24,全国,豪华型,,,,,0.5459,700.71,382.517589,酒店之家
2019W08,2019,8,2019-02-18,2019-02-24,全国,高档型,,,,,0.4911,348.74,171.266214,酒店之家
2019W09,2019,9,2019-02-25,2019-03-03,全国,中档型,,,,,0.6365,227.92,145.07108,酒店之家
2019W09,2019,9,2019-02-25,2019-03-03,全国,全部,,,,,0.644,201.38,129.68872,酒店之家
2019W09,2019,9,2019-02-25,2019-03-03,全国,经济型,,,,,0.6498,138.6,90.06228,酒店之家
2019W09,2019,9,2019-02-25,2019-03-03,全国,豪华型,,,,,0.439,706.52,310.16228,酒店之家
2019W09,2019,9,2019-02-25,2019-03-03,全国,高档型,,,,,0.5551,353.07,195.989157,酒店之家
2019W10,2019,10,2019-03-04,2019-03-10,全国,中档型,,,,,0.6305,230.06,145.05283,酒店之家
2019W10,2019,10,2019-03-04,2019-03-10,全国,全部,,,,,0.6397,204.86,131.048942,酒店之家
2019W10,2019,10,2019-03-04,2019-03-10,全国,经济型,,,,,0.6446,139.6,89.98616,酒店之家
2019W10,2019,10,2019-03-04,2019-03-10,全国,豪华型,,,,,0.5034,718.7,361.79358,酒店之家
2019W10,2019,10,2019-03-04,2019-03-10,全国,高档型,,,,,0.5779,356.17,205.830643,酒店之家
2019W11,2019,11,2019-03-11,2019-03-17,全国,中档型,,,,,0.6362,233.74,148.705388,酒店之家
2019W11,2019,11,2019-03-11,2019-03-17,全国,全部,,,,,0.6406,207.04,132.629824,酒店之家
2019W11,2019,11,2019-03-11,2019-03-17,全国,经济型,,,,,0.6448,140.36,90.504128,酒店之家
2019W11,2019,11,2019-03-11,2019-03-17,全国,豪华型,,,,,0.4748,717.95,340.88266,酒店之家
2019W11,2019,11,2019-03-11,2019-03-17,全国,高档型,,,,,0.5673,362.49,205.640577,酒店之家
2019W12,2019,12,2019-03-18,2019-03-24,全国,中档型,,,,,0.6487,237.18,153.858666,酒店之家
2019W12,2019,12,2019-03-18,2019-03-24,全国,全部,,,,,0.6498,209.36,136.042128,酒店之家
2019W12,2019,12,2019-03-18,2019-03-24,全国,经济型,,,,,0.6516,141.3,92.07108,酒店之家
2019W12,2019,12,2019-03-18,2019-03-24,全国,豪华型,,,,,0.5567,731.37,407.153679,酒店之家
2019W12,2019,12,2019-03-18,2019-03-24,全国,高档型,,,,,0.614,368.86,226.48004,酒店之家
2019W13,2019,13,2019-03-25,2019-03-31,全国,中档型,,,,,0.6348,233.35,148.13058,酒店之家
2019W13,2019,13,2019-03-25,2019-03-31,全国,全部,,,,,0.6369,205.82,131.086758,酒店之家
2019W13,2019,13,2019-03-25,2019-03-31,全国,经济型,,,,,0.6404,139.15,89.11166,酒店之家
2019W13,2019,13,2019-03-25,2019-03-31,全国,豪华型,,,,,0.4382,723.02,316.827364,酒店之家
2019W13,2019,13,2019-03-25,2019-03-31,全国,高档型,,,,,0.5755,363.76,209.34388,酒店之家
2019W14,2019,14,2019-04-01,2019-04-07,全国,中档型,,,,,0.6174,246.04,151.905096,酒店之家
2019W14,2019,14,2019-04-01,2019-04-07,全国,全部,,,,,0.6194,218.72,135.475168,酒店之家
2019W14,2019,14,2019-04-01,2019-04-07,全国,经济型,,,,,0.6208,148.18,91.990144,酒店之家
2019W14,2019,14,2019-04-01,2019-04-07,全国,豪华型,,,,,0.5638,737.34,415.712292,酒店之家
2019W14,2019,14,2019-04-01,2019-04-07,全国,高档型,,,,,0.6158,373.66,230.099828,酒店之家
2019W15,2019,15,2019-04-08,2019-04-14,全国,中档型,,,,,0.6537,237.52,155.266824,酒店之家
2019W15,2019,15,2019-04-08,2019-04-14,全国,全部,,,,,0.6487,207.83,134.819321,酒店之家
2019W15,2019,15,2019-04-08,2019-04-14,全国,经济型,,,,,0.6483,142.13,92.142879,酒店之家
2019W15,2019,15,2019-04-08,2019-04-14,全国,豪华型,,,,,0.5802,740.55,429.66711,酒店之家
2019W15,2019,15,2019-04-08,2019-04-14,全国,高档型,,,,,0.6288,370.7,233.09616,酒店之家
2019W16,2019,16,2019-04-15,2019-04-21,全国,中档型,,,,,0.697,243.72,169.87284,酒店之家
2019W16,2019,16,2019-04-15,2019-04-21,全国,全部,,,,,0.6792,213.39,144.934488,酒店之家
2019W16,2019,16,2019-04-15,2019-04-21,全国,经济型,,,,,0.6751,146.4,98.83464,酒店之家
2019W16,2019,16,2019-04-15,2019-04-21,全国,豪华型,,,,,0.5374,761.88,409.434312,酒店之家
2019W16,2019,16,2019-04-15,2019-04-21,全国,高档型,,,,,0.6824,379.58,259.025392,酒店之家
2019W17,2019,17,2019-04-22,2019-04-28,全国,中档型,,,,,0.6602,239.48,158.104696,酒店之家
2019W17,2019,17,2019-04-22,2019-04-28,全国,全部,,,,,0.6395,210.77,134.787415,酒店之家
2019W17,2019,17,2019-04-22,2019-04-28,全国,经济型,,,,,0.6347,142.77,90.616119,酒店之家
2019W17,2019,17,2019-04-22,2019-04-28,全国,豪华型,,,,,0.4769,737.62,351.770978,酒店之家
2019W17,2019,17,2019-04-22,2019-04-28,全国,高档型,,,,,0.6682,374.02,249.920164,酒店之家
2019W18,2019,18,2019-04-29,2019-05-05,全国,中档型,,,,,0.6991,286.92,200.585772,酒店之家
2019W18,2019,18,2019-04-29,2019-05-05,全国,全部,,,,,0.6721,255.25,171.553525,酒店之家
2019W18,2019,18,2019-04-29,2019-05-05,全国,经济型,,,,,0.6581,176.91,116.424471,酒店之家
2019W18,2019,18,2019-04-29,2019-05-05,全国,豪华型,,,,,0.6385,827.57,528.403445,酒店之家
2019W18,2019,18,2019-04-29,2019-05-05,全国,高档型,,,,,0.7633,418.76,319.639508,酒店之家
2019W19,2019,19,2019-05-06,2019-05-12,全国,中档型,,,,,0.6125,233.8,143.2025,酒店之家
2019W19,2019,19,2019-05-06,2019-05-12,全国,全部,,,,,0.6114,204.12,124.798968,酒店之家
2019W19,2019,19,2019-05-06,2019-05-12,全国,经济型,,,,,0.612,139.71,85.50252,酒店之家
2019W19,2019,19,2019-05-06,2019-05-12,全国,豪华型,,,,,0.5686,729.85,414.99271,酒店之家
2019W19,2019,19,2019-05-06,2019-05-12,全国,高档型,,,,,0.5852,366.08,214.230016,酒店之家
2019W20,2019,20,2019-05-13,2019-05-19,全国,中档型,,,,,0.6629,237.48,157.425492,酒店之家
2019W20,2019,20,2019-05-13,2019-05-19,全国,全部,,,,,0.6557,205.6,134.81192,酒店之家
2019W20,2019,20,2019-05-13,2019-05-19,全国,经济型,,,,,0.6551,141.44,92.657344,酒店之家
2019W20,2019,20,2019-05-13,2019-05-19,全国,豪华型,,,,,0.5648,747.79,422.351792,酒店之家
2019W20,2019,20,2019-05-13,2019-05-19,全国,高档型,,,,,0.6187,373.54,231.109198,酒店之家
2019W21,2019,21,2019-05-20,2019-05-26,全国,中档型,,,,,0.665,236.07,156.98655,酒店之家
2019W21,2019,21,2019-05-20,2019-05-26,全国,全部,,,,,0.6541,203.5,133.10935,酒店之家
2019W21,2019,21,2019-05-20,2019-05-26,全国,经济型,,,,,0.6518,140.85,91.80603,酒店之家
2019W21,2019,21,2019-05-20,2019-05-26,全国,豪华型,,,,,0.5428,736.67,399.864476,酒店之家
2019W21,2019,21,2019-05-20,2019-05-26,全国,高档型,,,,,0.6529,370.58,241.951682,酒店之家
2019W22,2019,22,2019-05-27,2019-06-02,全国,中档型,,,,,0.5967,230.49,137.533383,酒店之家
2019W22,2019,22,2019-05-27,2019-06-02,全国,全部,,,,,0.5992,200.79,120.313368,酒店之家
2019W22,2019,22,2019-05-27,2019-06-02,全国,经济型,,,,,0.6014,137.76,82.848864,酒店之家
2019W22,2019,22,2019-05-27,2019-06-02,全国,豪华型,,,,,0.4979,724.38,360.668802,酒店之家
2019W22,2019,22,2019-05-27,2019-06-02,全国,高档型,,,,,0.5681,361.97,205.635157,酒店之家
2019W23,2019,23,2019-06-03,2019-06-09,全国,中档型,,,,,0.5919,241.79,143.115501,酒店之家
2019W23,2019,23,2019-06-03,2019-06-09,全国,全部,,,,,0.6094,209.99,127.967906,酒店之家
2019W23,2019,23,2019-06-03,2019-06-09,全国,经济型,,,,,0.6148,144.46,88.814008,酒店之家
2019W23,2019,23,2019-06-03,2019-06-09,全国,豪华型,,,,,0.6081,735.45,447.227145,酒店之家
2019W23,2019,23,2019-06-03,2019-06-09,全国,高档型,,,,,0.6093,371.4,226.29402,酒店之家
2019W24,2019,24,2019-06-10,2019-06-16,全国,中档型,,,,,0.6333,232.05,146.957265,酒店之家
2019W24,2019,24,2019-06-10,2019-06-16,全国,全部,,,,,0.635,200.82,127.5207,酒店之家
2019W24,2019,24,2019-06-10,2019-06-16,全国,经济型,,,,,0.6364,138.42,88.090488,酒店之家
2019W24,2019,24,2019-06-10,2019-06-16,全国,豪华型,,,,,0.5496,717.35,394.25556,酒店之家
2019W24,2019,24,2019-06-10,2019-06-16,全国,高档型,,,,,0.622,361.95,225.1329,酒店之家
2019W25,2019,25,2019-06-17,2019-06-23,全国,中档型,,,,,0.6647,233.1,154.94157,酒店之家
2019W25,2019,25,2019-06-17,2019-06-23,全国,全部,,,,,0.6596,201.22,132.724712,酒店之家
2019W25,2019,25,2019-06-17,2019-06-23,全国,经济型,,,,,0.6601,138.63,91.509663,酒店之家
2019W25,2019,25,2019-06-17,2019-06-23,全国,豪华型,,,,,0.5061,724.58,366.709938,酒店之家
2019W25,2019,25,2019-06-17,2019-06-23,全国,高档型,,,,,0.6364,364.13,231.732332,酒店之家
2019W26,2019,26,2019-06-24,2019-06-30,全国,中档型,,,,,0.6572,234.97,154.422284,酒店之家
2019W26,2019,26,2019-06-24,2019-06-30,全国,全部,,,,,0.6539,204.1,133.46099,酒店之家
2019W26,2019,26,2019-06-24,2019-06-30,全国,经济型,,,,,0.6552,139.51,91.406952,酒店之家
2019W26,2019,26,2019-06-24,2019-06-30,全国,豪华型,,,,,0.5059,728.32,368.457088,酒店之家
2019W26,2019,26,2019-06-24,2019-06-30,全国,高档型,,,,,0.6168,366.42,226.007856,酒店之家
2019W27,2019,27,2019-07-01,2019-07-07,全国,中档型,,,,,0.659,243.45,160.43355,酒店之家
2019W27,2019,27,2019-07-01,2019-07-07,全国,全部,,,,,0.6585,209.5,137.95575,酒店之家
2019W27,2019,27,2019-07-01,2019-07-07,全国,经济型,,,,,0.6589,143.5,94.55215,酒店之家
2019W27,2019,27,2019-07-01,2019-07-07,全国,豪华型,,,,,0.5583,743.65,415.179795,酒店之家
2019W27,2019,27,2019-07-01,2019-07-07,全国,高档型,,,,,0.675,376.62,254.2185,酒店之家
2019W28,2019,28,2019-07-08,2019-07-14,全国,中档型,,,,,0.7016,250.61,175.827976,酒店之家
2019W28,2019,28,2019-07-08,2019-07-14,全国,全部,,,,,0.6815,216.03,147.224445,酒店之家
2019W28,2019,28,2019-07-08,2019-07-14,全国,经济型,,,,,0.6769,148.16,100.289504,酒店之家
2019W28,2019,28,2019-07-08,2019-07-14,全国,豪华型,,,,,0.4729,752.53,355.871437,酒店之家
2019W28,2019,28,2019-07-08,2019-07-14,全国,高档型,,,,,0.674,384.39,259.07886,酒店之家
2019W29,2019,29,2019-07-15,2019-07-21,全国,中档型,,,,,0.7393,258.42,191.049906,酒店之家
2019W29,2019,29,2019-07-15,2019-07-21,全国,全部,,,,,0.7097,224.6,159.39862,酒店之家
2019W29,2019,29,2019-07-15,2019-07-21,全国,经济型,,,,,0.7007,153.37,107.466359,酒店之家
2019W29,2019,29,2019-07-15,2019-07-21,全国,豪华型,,,,,0.5782,772.89,446.884998,酒店之家
2019W29,2019,29,2019-07-15,2019-07-21,全国,高档型,,,,,0.7101,393.52,279.438552,酒店之家
2019W30,2019,30,2019-07-22,2019-07-28,全国,中档型,,,,,0.7559,266.61,201.530499,酒店之家
2019W30,2019,30,2019-07-22,2019-07-28,全国,全部,,,,,0.7191,231.27,166.306257,酒店之家
2019W30,2019,30,2019-07-22,2019-07-28,全国,经济型,,,,,0.7066,157.32,111.162312,酒店之家
2019W30,2019,30,2019-07-22,2019-07-28,全国,豪华型,,,,,0.6209,786.42,488.288178,酒店之家
2019W30,2019,30,2019-07-22,2019-07-28,全国,高档型,,,,,0.7206,401.09,289.025454,酒店之家
2019W31,2019,31,2019-07-29,2019-08-04,全国,中档型,,,,,0.7389,269.64,199.236996,酒店之家
2019W31,2019,31,2019-07-29,2019-08-04,全国,全部,,,,,0.7089,234.32,166.109448,酒店之家
2019W31,2019,31,2019-07-29,2019-08-04,全国,经济型,,,,,0.696,159.5,111.012,酒店之家
2019W31,2019,31,2019-07-29,2019-08-04,全国,豪华型,,,,,0.6114,788.54,482.113356,酒店之家
2019W31,2019,31,2019-07-29,2019-08-04,全国,高档型,,,,,0.766,405.02,310.24532,酒店之家
2019W32,2019,32,2019-08-05,2019-08-11,全国,中档型,,,,,0.773,279.89,216.35497,酒店之家
2019W32,2019,32,2019-08-05,2019-08-11,全国,全部,,,,,0.7446,242.17,180.319782,酒店之家
2019W32,2019,32,2019-08-05,2019-08-11,全国,经济型,,,,,0.7324,166.87,122.215588,酒店之家
2019W32,2019,32,2019-08-05,2019-08-11,全国,豪华型,,,,,0.6906,816.87,564.130422,酒店之家
2019W32,2019,32,2019-08-05,2019-08-11,全国,高档型,,,,,0.783,413.77,323.98191,酒店之家
2019W33,2019,33,2019-08-12,2019-08-18,全国,中档型,,,,,0.747,279.69,208.92843,酒店之家
2019W33,2019,33,2019-08-12,2019-08-18,全国,全部,,,,,0.7182,242.62,174.249684,酒店之家
2019W33,2019,33,2019-08-12,2019-08-18,全国,经济型,,,,,0.7056,164.62,116.155872,酒店之家
2019W33,2019,33,2019-08-12,2019-08-18,全国,豪华型,,,,,0.6338,814.86,516.458268,酒店之家
2019W33,2019,33,2019-08-12,2019-08-18,全国,高档型,,,,,0.7722,415.54,320.879988,酒店之家
2019W34,2019,34,2019-08-19,2019-08-25,全国,中档型,,,,,0.7279,272.47,198.330913,酒店之家
2019W34,2019,34,2019-08-19,2019-08-25,全国,全部,,,,,0.7129,234.74,167.346146,酒店之家
2019W34,2019,34,2019-08-19,2019-08-25,全国,经济型,,,,,0.7069,159.73,112.913137,酒店之家
2019W34,2019,34,2019-08-19,2019-08-25,全国,豪华型,,,,,0.6253,821.2,513.49636,酒店之家
2019W34,2019,34,2019-08-19,2019-08-25,全国,高档型,,,,,0.7517,412.56,310.121352,酒店之家
2019W35,2019,35,2019-08-26,2019-09-01,全国,中档型,,,,,0.6375,245.09,156.244875,酒店之家
2019W35,2019,35,2019-08-26,2019-09-01,全国,全部,,,,,0.6432,208.38,134.030016,酒店之家
2019W35,2019,35,2019-08-26,2019-09-01,全国,经济型,,,,,0.6479,147.67,95.675393,酒店之家
2019W35,2019,35,2019-08-26,2019-09-01,全国,豪华型,,,,,0.4482,750.32,336.293424,酒店之家
2019W35,2019,35,2019-08-26,2019-09-01,全国,高档型,,,,,0.6094,373.92,227.866848,酒店之家
2019W36,2019,36,2019-09-02,2019-09-08,全国,中档型,,,,,0.6371,234.1,149.14511,酒店之家
2019W36,2019,36,2019-09-02,2019-09-08,全国,全部,,,,,0.6354,198.51,126.133254,酒店之家
2019W36,2019,36,2019-09-02,2019-09-08,全国,经济型,,,,,0.6366,141.37,89.996142,酒店之家
2019W36,2019,36,2019-09-02,2019-09-08,全国,豪华型,,,,,0.4775,718.1,342.89275,酒店之家
2019W36,2019,36,2019-09-02,2019-09-08,全国,高档型,,,,,0.6115,360.14,220.22561,酒店之家
2019W37,2019,37,2019-09-09,2019-09-15,全国,中档型,,,,,0.5628,234.06,131.728968,酒店之家
2019W37,2019,37,2019-09-09,2019-09-15,全国,全部,,,,,0.5828,201.71,117.556588,酒店之家
2019W37,2019,37,2019-09-09,2019-09-15,全国,经济型,,,,,0.5901,140.89,83.139189,酒店之家
2019W37,2019,37,2019-09-09,2019-09-15,全国,豪华型,,,,,0.4792,733.95,351.70884,酒店之家
2019W37,2019,37,2019-09-09,2019-09-15,全国,高档型,,,,,0.5625,359.87,202.426875,酒店之家
2019W38,2019,38,2019-09-16,2019-09-22,全国,中档型,,,,,0.6695,234.42,156.94419,酒店之家
2019W38,2019,38,2019-09-16,2019-09-22,全国,全部,,,,,0.639,200.3,127.9917,酒店之家
2019W38,2019,38,2019-09-16,2019-09-22,全国,经济型,,,,,0.6313,139.87,88.299931,酒店之家
2019W38,2019,38,2019-09-16,2019-09-22,全国,豪华型,,,,,0.4891,740,361.934,酒店之家
2019W38,2019,38,2019-09-16,2019-09-22,全国,高档型,,,,,0.6467,363.68,235.191856,酒店之家
2019W39,2019,39,2019-09-23,2019-09-29,全国,中档型,,,,,0.6036,227.62,137.391432,酒店之家
2019W39,2019,39,2019-09-23,2019-09-29,全国,全部,,,,,0.5873,197.55,116.021115,酒店之家
2019W39,2019,39,2019-09-23,2019-09-29,全国,经济型,,,,,0.5839,136.6,79.76074,酒店之家
2019W39,2019,39,2019-09-23,2019-09-29,全国,豪华型,,,,,0.4076,701.86,286.078136,酒店之家
2019W39,2019,39,2019-09-23,2019-09-29,全国,高档型,,,,,0.5891,350.84,206.679844,酒店之家
2019W40,2019,40,2019-09-30,2019-10-06,全国,中档型,,,,,0.7618,319.55,243.43319,酒店之家
2019W40,2019,40,2019-09-30,2019-10-06,全国,全部,,,,,0.7372,279.99,206.408628,酒店之家
2019W40,2019,40,2019-09-30,2019-10-06,全国,经济型,,,,,0.7191,193.89,139.426299,酒店之家
2019W40,2019,40,2019-09-30,2019-10-06,全国,豪华型,,,,,0.7442,891.18,663.216156,酒店之家
2019W40,2019,40,2019-09-30,2019-10-06,全国,高档型,,,,,0.7957,451.18,359.003926,酒店之家
2019W41,2019,41,2019-10-07,2019-10-13,全国,中档型,,,,,0.556,224.11,124.60516,酒店之家
2019W41,2019,41,2019-10-07,2019-10-13,全国,全部,,,,,0.563,192.83,108.56329,酒店之家
2019W41,2019,41,2019-10-07,2019-10-13,全国,经济型,,,,,0.5666,135.3,76.66098,酒店之家
2019W41,2019,41,2019-10-07,2019-10-13,全国,豪华型,,,,,0.4455,692.05,308.308275,酒店之家
2019W41,2019,41,2019-10-07,2019-10-13,全国,高档型,,,,,0.5136,345.81,177.608016,酒店之家
2019W42,2019,42,2019-10-14,2019-10-20,全国,中档型,,,,,0.6903,240.31,165.885993,酒店之家
2019W42,2019,42,2019-10-14,2019-10-20,全国,全部,,,,,0.6563,205.13,134.626819,酒店之家
2019W42,2019,42,2019-10-14,2019-10-20,全国,经济型,,,,,0.6462,142.21,91.896102,酒店之家
2019W42,2019,42,2019-10-14,2019-10-20,全国,豪华型,,,,,0.6144,772.24,474.464256,酒店之家
2019W42,2019,42,2019-10-14,2019-10-20,全国,高档型,,,,,0.6846,373.76,255.876096,酒店之家
2019W43,2019,43,2019-10-21,2019-10-27,全国,中档型,,,,,0.6788,236.53,160.556564,酒店之家
2019W43,2019,43,2019-10-21,2019-10-27,全国,全部,,,,,0.6414,202.28,129.742392,酒店之家
2019W43,2019,43,2019-10-21,2019-10-27,全国,经济型,,,,,0.6312,140.8,88.87296,酒店之家
2019W43,2019,43,2019-10-21,2019-10-27,全国,豪华型,,,,,0.4436,760.42,337.322312,酒店之家
2019W43,2019,43,2019-10-21,2019-10-27,全国,高档型,,,,,0.6892,369.47,254.638724,酒店之家
2019W44,2019,44,2019-10-28,2019-11-03,全国,中档型,,,,,0.6272,231.32,145.083904,酒店之家
2019W44,2019,44,2019-10-28,2019-11-03,全国,全部,,,,,0.6068,198.11,120.213148,酒店之家
2019W44,2019,44,2019-10-28,2019-11-03,全国,经济型,,,,,0.602,136.91,82.41982,酒店之家
2019W44,2019,44,2019-10-28,2019-11-03,全国,豪华型,,,,,0.4475,747.33,334.430175,酒店之家
2019W44,2019,44,2019-10-28,2019-11-03,全国,高档型,,,,,0.6241,362.43,226.192563,酒店之家
2019W45,2019,45,2019-11-04,2019-11-10,全国,中档型,,,,,0.6178,230.96,142.687088,酒店之家
2019W45,2019,45,2019-11-04,2019-11-10,全国,全部,,,,,0.6051,197.09,119.259159,酒店之家
2019W45,2019,45,2019-11-04,2019-11-10,全国,经济型,,,,,0.6018,135,81.243,酒店之家
2019W45,2019,45,2019-11-04,2019-11-10,全国,豪华型,,,,,0.4396,752.14,330.640744,酒店之家
2019W45,2019,45,2019-11-04,2019-11-10,全国,高档型,,,,,0.6419,362.68,232.804292,酒店之家
2019W46,2019,46,2019-11-11,2019-11-17,全国,中档型,,,,,0.6316,227.49,143.682684,酒店之家
2019W46,2019,46,2019-11-11,2019-11-17,全国,全部,,,,,0.6119,195.66,119.724354,酒店之家
2019W46,2019,46,2019-11-11,2019-11-17,全国,经济型,,,,,0.6079,133.71,81.282309,酒店之家
2019W46,2019,46,2019-11-11,2019-11-17,全国,豪华型,,,,,0.5337,743.39,396.747243,酒店之家
2019W46,2019,46,2019-11-11,2019-11-17,全国,高档型,,,,,0.5716,359.01,205.210116,酒店之家
2019W47,2019,47,2019-11-18,2019-11-24,全国,中档型,,,,,0.624,225.03,140.41872,酒店之家
2019W47,2019,47,2019-11-18,2019-11-24,全国,全部,,,,,0.61,194.03,118.3583,酒店之家
2019W47,2019,47,2019-11-18,2019-11-24,全国,经济型,,,,,0.6084,133.15,81.00846,酒店之家
2019W47,2019,47,2019-11-18,2019-11-24,全国,豪华型,,,,,0.4431,729.09,323.059779,酒店之家
2019W47,2019,47,2019-11-18,2019-11-24,全国,高档型,,,,,0.5595,354.05,198.090975,酒店之家
2019W48,2019,48,2019-11-25,2019-12-01,全国,中档型,,,,,0.6154,219.94,135.351076,酒店之家
2019W48,2019,48,2019-11-25,2019-12-01,全国,全部,,,,,0.5991,189.65,113.619315,酒店之家
2019W48,2019,48,2019-11-25,2019-12-01,全国,经济型,,,,,0.5975,129.84,77.5794,酒店之家
2019W48,2019,48,2019-11-25,2019-12-01,全国,豪华型,,,,,0.4635,710.39,329.265765,酒店之家
2019W48,2019,48,2019-11-25,2019-12-01,全国,高档型,,,,,0.4923,345.52,170.099496,酒店之家
2019W49,2019,49,2019-12-02,2019-12-08,全国,中档型,,,,,0.6068,221.6,134.46688,酒店之家
2019W49,2019,49,2019-12-02,2019-12-08,全国,全部,,,,,0.5917,192.65,113.991005,酒店之家
2019W49,2019,49,2019-12-02,2019-12-08,全国,经济型,,,,,0.5896,130.88,77.166848,酒店之家
2019W49,2019,49,2019-12-02,2019-12-08,全国,豪华型,,,,,0.5345,724.95,387.485775,酒店之家
2019W49,2019,49,2019-12-02,2019-12-08,全国,高档型,,,,,0.4894,348.7,170.65378,酒店之家
2019W50,2019,50,2019-12-09,2019-12-15,全国,中档型,,,,,0.6052,219.74,132.986648,酒店之家
2019W50,2019,50,2019-12-09,2019-12-15,全国,全部,,,,,0.5992,192.77,115.507784,酒店之家
2019W50,2019,50,2019-12-09,2019-12-15,全国,经济型,,,,,0.5996,130.14,78.031944,酒店之家
2019W50,2019,50,2019-12-09,2019-12-15,全国,豪华型,,,,,0.5018,718,360.2924,酒店之家
2019W50,2019,50,2019-12-09,2019-12-15,全国,高档型,,,,,0.5193,346.6,179.98938,酒店之家
2019W51,2019,51,2019-12-16,2019-12-22,全国,中档型,,,,,0.6236,222.71,138.881956,酒店之家
2019W51,2019,51,2019-12-16,2019-12-22,全国,全部,,,,,0.6145,196.18,120.55261,酒店之家
2019W51,2019,51,2019-12-16,2019-12-22,全国,经济型,,,,,0.6137,134.95,82.818815,酒店之家
2019W51,2019,51,2019-12-16,2019-12-22,全国,豪华型,,,,,0.4596,718.5,330.2226,酒店之家
2019W51,2019,51,2019-12-16,2019-12-22,全国,高档型,,,,,0.5721,347.69,198.913449,酒店之家
2019W52,2019,52,2019-12-23,2019-12-29,全国,中档型,,,,,0.5921,219.33,129.865293,酒店之家
2019W52,2019,52,2019-12-23,2019-12-29,全国,全部,,,,,0.5902,194.78,114.959156,酒店之家
2019W52,2019,52,2019-12-23,2019-12-29,全国,经济型,,,,,0.5916,131.27,77.659332,酒店之家
2019W52,2019,52,2019-12-23,2019-12-29,全国,豪华型,,,,,0.4669,729.82,340.752958,酒店之家
2019W52,2019,52,2019-12-23,2019-12-29,全国,高档型,,,,,0.5333,344.58,183.764514,酒店之家
2020W01,2020,1,2019-12-30,2020-01-05,全国,中档型,,,,,0.5022,218.86,109.911492,酒店之家
2020W01,2020,1,2019-12-30,2020-01-05,全国,全部,,,,,0.5367,192.63,103.384521,酒店之家
2020W01,2020,1,2019-12-30,2020-01-05,全国,经济型,,,,,0.5577,134.57,75.049689,酒店之家
2020W01,2020,1,2019-12-30,2020-01-05,全国,豪华型,,,,,0.1957,738.62,144.547934,酒店之家
2020W01,2020,1,2019-12-30,2020-01-05,全国,高档型,,,,,0.3647,338.53,123.461891,酒店之家
2020W02,2020,2,2020-01-06,2020-01-12,全国,中档型,,,,,0.6532,218.32,142.606624,酒店之家
2020W02,2020,2,2020-01-06,2020-01-12,全国,全部,,,,,0.6343,192.74,122.254982,酒店之家
2020W02,2020,2,2020-01-06,2020-01-12,全国,经济型,,,,,0.6291,133.47,83.965977,酒店之家
2020W02,2020,2,2020-01-06,2020-01-12,全国,豪华型,,,,,0.2863,737.14,211.043182,酒店之家
2020W02,2020,2,2020-01-06,2020-01-12,全国,高档型,,,,,0.6528,344.76,225.059328,酒店之家
2020W03,2020,3,2020-01-13,2020-01-19,全国,中档型,,,,,0.6381,219.53,140.082093,酒店之家
2020W03,2020,3,2020-01-13,2020-01-19,全国,全部,,,,,0.6097,197.61,120.482817,酒店之家
2020W03,2020,3,2020-01-13,2020-01-19,全国,经济型,,,,,0.6009,134.88,81.049392,酒店之家
2020W03,2020,3,2020-01-13,2020-01-19,全国,豪华型,,,,,0.3846,726.61,279.454206,酒店之家
2020W03,2020,3,2020-01-13,2020-01-19,全国,高档型,,,,,0.596,343.35,204.6366,酒店之家
2020W04,2020,4,2020-01-20,2020-01-26,全国,中档型,,,,,0.3764,225.94,85.043816,酒店之家
2020W04,2020,4,2020-01-20,2020-01-26,全国,全部,,,,,0.3628,217.15,78.78202,酒店之家
2020W04,2020,4,2020-01-20,2020-01-26,全国,经济型,,,,,0.3585,138.35,49.598475,酒店之家
2020W04,2020,4,2020-01-20,2020-01-26,全国,豪华型,,,,,0.2993,799.18,239.194574,酒店之家
2020W04,2020,4,2020-01-20,2020-01-26,全国,高档型,,,,,0.3552,356.24,126.536448,酒店之家
2020W05,2020,5,2020-01-27,2020-02-02,全国,中档型,,,,,0.2362,211.91,50.053142,酒店之家
2020W05,2020,5,2020-01-27,2020-02-02,全国,全部,,,,,0.2362,191.14,45.147268,酒店之家
2020W05,2020,5,2020-01-27,2020-02-02,全国,经济型,,,,,0.2389,135.47,32.363783,酒店之家
2020W05,2020,5,2020-01-27,2020-02-02,全国,豪华型,,,,,0.1357,706.05,95.810985,酒店之家
2020W05,2020,5,2020-01-27,2020-02-02,全国,高档型,,,,,0.2008,322.19,64.695752,酒店之家
2020W06,2020,6,2020-02-03,2020-02-09,全国,中档型,,,,,0.2441,208.98,51.012018,酒店之家
2020W06,2020,6,2020-02-03,2020-02-09,全国,全部,,,,,0.249,189.69,47.23281,酒店之家
2020W06,2020,6,2020-02-03,2020-02-09,全国,经济型,,,,,0.2533,134.79,34.142307,酒店之家
2020W06,2020,6,2020-02-03,2020-02-09,全国,豪华型,,,,,0.1416,653.03,92.469048,酒店之家
2020W06,2020,6,2020-02-03,2020-02-09,全国,高档型,,,,,0.1832,306.41,56.134312,酒店之家
2020W07,2020,7,2020-02-10,2020-02-16,全国,中档型,,,,,0.2825,213.52,60.3194,酒店之家
2020W07,2020,7,2020-02-10,2020-02-16,全国,全部,,,,,0.2725,196.46,53.53535,酒店之家
2020W07,2020,7,2020-02-10,2020-02-16,全国,经济型,,,,,0.2711,138.12,37.444332,酒店之家
2020W07,2020,7,2020-02-10,2020-02-16,全国,豪华型,,,,,0.1947,664.99,129.473553,酒店之家
2020W07,2020,7,2020-02-10,2020-02-16,全国,高档型,,,,,0.1987,308.8,61.35856,酒店之家
2020W08,2020,8,2020-02-17,2020-02-23,全国,中档型,,,,,0.2946,205.8,60.62868,酒店之家
2020W08,2020,8,2020-02-17,2020-02-23,全国,全部,,,,,0.3001,185.38,55.632538,酒店之家
2020W08,2020,8,2020-02-17,2020-02-23,全国,经济型,,,,,0.3052,134.71,41.113492,酒店之家
2020W08,2020,8,2020-02-17,2020-02-23,全国,豪华型,,,,,0.179,618.08,110.63632,酒店之家
2020W08,2020,8,2020-02-17,2020-02-23,全国,高档型,,,,,0.1777,295.87,52.576099,酒店之家
2020W09,2020,9,2020-02-24,2020-03-01,全国,中档型,,,,,0.312,198.05,61.7916,酒店之家
2020W09,2020,9,2020-02-24,2020-03-01,全国,全部,,,,,0.3302,175.13,57.827926,酒店之家
2020W09,2020,9,2020-02-24,2020-03-01,全国,经济型,,,,,0.3395,130.34,44.25043,酒店之家
2020W09,2020,9,2020-02-24,2020-03-01,全国,豪华型,,,,,0.1821,610.37,111.148377,酒店之家
2020W09,2020,9,2020-02-24,2020-03-01,全国,高档型,,,,,0.2355,291.94,68.75187,酒店之家
2020W10,2020,10,2020-03-02,2020-03-08,全国,中档型,,,,,0.3182,191.77,61.021214,酒店之家
2020W10,2020,10,2020-03-02,2020-03-08,全国,全部,,,,,0.3405,169.74,57.79647,酒店之家
2020W10,2020,10,2020-03-02,2020-03-08,全国,经济型,,,,,0.3501,126.74,44.371674,酒店之家
2020W10,2020,10,2020-03-02,2020-03-08,全国,豪华型,,,,,0.1795,604.9,108.57955,酒店之家
2020W10,2020,10,2020-03-02,2020-03-08,全国,高档型,,,,,0.1933,286.19,55.320527,酒店之家
2020W11,2020,11,2020-03-09,2020-03-15,全国,中档型,,,,,0.3468,189.04,65.559072,酒店之家
2020W11,2020,11,2020-03-09,2020-03-15,全国,全部,,,,,0.3677,166.52,61.229404,酒店之家
2020W11,2020,11,2020-03-09,2020-03-15,全国,经济型,,,,,0.3762,123.56,46.483272,酒店之家
2020W11,2020,11,2020-03-09,2020-03-15,全国,豪华型,,,,,0.2025,607.7,123.05925,酒店之家
2020W11,2020,11,2020-03-09,2020-03-15,全国,高档型,,,,,0.2326,282.16,65.630416,酒店之家
2020W12,2020,12,2020-03-16,2020-03-22,全国,中档型,,,,,0.3753,185.66,69.678198,酒店之家
2020W12,2020,12,2020-03-16,2020-03-22,全国,全部,,,,,0.4001,163.63,65.468363,酒店之家
2020W12,2020,12,2020-03-16,2020-03-22,全国,经济型,,,,,0.4094,121.03,49.549682,酒店之家
2020W12,2020,12,2020-03-16,2020-03-22,全国,豪华型,,,,,0.126,608.24,76.63824,酒店之家
2020W12,2020,12,2020-03-16,2020-03-22,全国,高档型,,,,,0.2766,280.83,77.677578,酒店之家
2020W13,2020,13,2020-03-23,2020-03-29,全国,中档型,,,,,0.4152,182.6,75.81552,酒店之家
2020W13,2020,13,2020-03-23,2020-03-29,全国,全部,,,,,0.4304,160.68,69.156672,酒店之家
2020W13,2020,13,2020-03-23,2020-03-29,全国,经济型,,,,,0.4357,118.15,51.477955,酒店之家
2020W13,2020,13,2020-03-23,2020-03-29,全国,豪华型,,,,,0.2434,596.52,145.192968,酒店之家
2020W13,2020,13,2020-03-23,2020-03-29,全国,高档型,,,,,0.3348,278.38,93.201624,酒店之家
2020W14,2020,14,2020-03-30,2020-04-05,全国,中档型,,,,,0.4178,183.51,76.670478,酒店之家
2020W14,2020,14,2020-03-30,2020-04-05,全国,全部,,,,,0.4341,161.77,70.224357,酒店之家
2020W14,2020,14,2020-03-30,2020-04-05,全国,经济型,,,,,0.4394,117.11,51.458134,酒店之家
2020W14,2020,14,2020-03-30,2020-04-05,全国,豪华型,,,,,0.2561,596.94,152.876334,酒店之家
2020W14,2020,14,2020-03-30,2020-04-05,全国,高档型,,,,,0.3742,281.53,105.348526,酒店之家
2020W15,2020,15,2020-04-06,2020-04-12,全国,中档型,,,,,0.4362,182.1,79.43202,酒店之家
2020W15,2020,15,2020-04-06,2020-04-12,全国,全部,,,,,0.4632,160.19,74.200008,酒店之家
2020W15,2020,15,2020-04-06,2020-04-12,全国,经济型,,,,,0.4717,116.08,54.754936,酒店之家
2020W15,2020,15,2020-04-06,2020-04-12,全国,豪华型,,,,,0.1627,587.66,95.612282,酒店之家
2020W15,2020,15,2020-04-06,2020-04-12,全国,高档型,,,,,0.3487,280.08,97.663896,酒店之家
2020W16,2020,16,2020-04-13,2020-04-19,全国,中档型,,,,,0.4779,183.76,87.818904,酒店之家
2020W16,2020,16,2020-04-13,2020-04-19,全国,全部,,,,,0.4952,161.39,79.920328,酒店之家
2020W16,2020,16,2020-04-13,2020-04-19,全国,经济型,,,,,0.5016,116.33,58.351128,酒店之家
2020W16,2020,16,2020-04-13,2020-04-19,全国,豪华型,,,,,0.1844,589.99,108.794156,酒店之家
2020W16,2020,16,2020-04-13,2020-04-19,全国,高档型,,,,,0.4006,281.04,112.584624,酒店之家
2020W17,2020,17,2020-04-20,2020-04-26,全国,中档型,,,,,0.4974,184.15,91.59621,酒店之家
2020W17,2020,17,2020-04-20,2020-04-26,全国,全部,,,,,0.4974,161.17,80.165958,酒店之家
2020W17,2020,17,2020-04-20,2020-04-26,全国,经济型,,,,,0.4996,115.89,57.898644,酒店之家
2020W17,2020,17,2020-04-20,2020-04-26,全国,豪华型,,,,,0.1666,573.78,95.591748,酒店之家
2020W17,2020,17,2020-04-20,2020-04-26,全国,高档型,,,,,0.4172,278.89,116.352908,酒店之家
2020W18,2020,18,2020-04-27,2020-05-03,全国,中档型,,,,,0.5354,204.15,109.30191,酒店之家
2020W18,2020,18,2020-04-27,2020-05-03,全国,全部,,,,,0.5271,182.08,95.974368,酒店之家
2020W18,2020,18,2020-04-27,2020-05-03,全国,经济型,,,,,0.5268,125.52,66.123936,酒店之家
2020W18,2020,18,2020-04-27,2020-05-03,全国,豪华型,,,,,0.3886,655.62,254.773932,酒店之家
2020W18,2020,18,2020-04-27,2020-05-03,全国,高档型,,,,,0.4877,308.19,150.304263,酒店之家
2020W19,2020,19,2020-05-04,2020-05-10,全国,中档型,,,,,0.4582,186.35,85.38557,酒店之家
2020W19,2020,19,2020-05-04,2020-05-10,全国,全部,,,,,0.4812,163.68,78.762816,酒店之家
2020W19,2020,19,2020-05-04,2020-05-10,全国,经济型,,,,,0.4894,116.14,56.838916,酒店之家
2020W19,2020,19,2020-05-04,2020-05-10,全国,豪华型,,,,,0.185,596.06,110.2711,酒店之家
2020W19,2020,19,2020-05-04,2020-05-10,全国,高档型,,,,,0.3643,285.89,104.149727,酒店之家
2020W20,2020,20,2020-05-11,2020-05-17,全国,中档型,,,,,0.5371,189.36,101.705256,酒店之家
2020W20,2020,20,2020-05-11,2020-05-17,全国,全部,,,,,0.5369,166.37,89.324053,酒店之家
2020W20,2020,20,2020-05-11,2020-05-17,全国,经济型,,,,,0.54,116.6,62.964,酒店之家
2020W20,2020,20,2020-05-11,2020-05-17,全国,豪华型,,,,,0.1591,607.65,96.677115,酒店之家
2020W20,2020,20,2020-05-11,2020-05-17,全国,高档型,,,,,0.4069,291.42,118.578798,酒店之家
2020W21,2020,21,2020-05-18,2020-05-24,全国,中档型,,,,,0.5518,191.34,105.581412,酒店之家
2020W21,2020,21,2020-05-18,2020-05-24,全国,全部,,,,,0.5577,167.25,93.275325,酒店之家
2020W21,2020,21,2020-05-18,2020-05-24,全国,经济型,,,,,0.5627,118.13,66.471751,酒店之家
2020W21,2020,21,2020-05-18,2020-05-24,全国,豪华型,,,,,0.176,615.15,108.2664,酒店之家
2020W21,2020,21,2020-05-18,2020-05-24,全国,高档型,,,,,0.4099,294.93,120.891807,酒店之家
2020W22,2020,22,2020-05-25,2020-05-31,全国,中档型,,,,,0.5425,191.96,104.1383,酒店之家
2020W22,2020,22,2020-05-25,2020-05-31,全国,全部,,,,,0.5481,167.7,91.91637,酒店之家
2020W22,2020,22,2020-05-25,2020-05-31,全国,经济型,,,,,0.5528,118,65.2304,酒店之家
2020W22,2020,22,2020-05-25,2020-05-31,全国,豪华型,,,,,0.1991,621.18,123.676938,酒店之家
2020W22,2020,22,2020-05-25,2020-05-31,全国,高档型,,,,,0.4177,294.22,122.895694,酒店之家
2020W23,2020,23,2020-06-01,2020-06-07,全国,中档型,,,,,0.5506,194,106.8164,酒店之家
2020W23,2020,23,2020-06-01,2020-06-07,全国,全部,,,,,0.5504,169.41,93.243264,酒店之家
2020W23,2020,23,2020-06-01,2020-06-07,全国,经济型,,,,,0.5536,118.79,65.762144,酒店之家
2020W23,2020,23,2020-06-01,2020-06-07,全国,豪华型,,,,,0.1953,625.38,122.136714,酒店之家
2020W23,2020,23,2020-06-01,2020-06-07,全国,高档型,,,,,0.4467,298.05,133.138935,酒店之家
2020W24,2020,24,2020-06-08,2020-06-14,全国,中档型,,,,,0.5865,196.48,115.23552,酒店之家
2020W24,2020,24,2020-06-08,2020-06-14,全国,全部,,,,,0.5811,171.05,99.397155,酒店之家
2020W24,2020,24,2020-06-08,2020-06-14,全国,经济型,,,,,0.5834,119.29,69.593786,酒店之家
2020W24,2020,24,2020-06-08,2020-06-14,全国,豪华型,,,,,0.1526,639.32,97.560232,酒店之家
2020W24,2020,24,2020-06-08,2020-06-14,全国,高档型,,,,,0.4748,302.91,143.821668,酒店之家
2020W25,2020,25,2020-06-15,2020-06-21,全国,中档型,,,,,0.557,193.46,107.75722,酒店之家
2020W25,2020,25,2020-06-15,2020-06-21,全国,全部,,,,,0.5672,165.86,94.075792,酒店之家
2020W25,2020,25,2020-06-15,2020-06-21,全国,经济型,,,,,0.573,118.55,67.92915,酒店之家
2020W25,2020,25,2020-06-15,2020-06-21,全国,豪华型,,,,,0.1761,610.75,107.553075,酒店之家
2020W25,2020,25,2020-06-15,2020-06-21,全国,高档型,,,,,0.4541,292,132.5972,酒店之家
2020W26,2020,26,2020-06-22,2020-06-28,全国,中档型,,,,,0.5141,197.39,101.478199,酒店之家
2020W26,2020,26,2020-06-22,2020-06-28,全国,全部,,,,,0.5427,171.59,93.121893,酒店之家
2020W26,2020,26,2020-06-22,2020-06-28,全国,经济型,,,,,0.551,120.38,66.32938,酒店之家
2020W26,2020,26,2020-06-22,2020-06-28,全国,豪华型,,,,,0.2932,648.56,190.157792,酒店之家
2020W26,2020,26,2020-06-22,2020-06-28,全国,高档型,,,,,0.5001,297.87,148.964787,酒店之家
2020W27,2020,27,2020-06-29,2020-07-05,全国,中档型,,,,,0.5504,194.17,106.871168,酒店之家
2020W27,2020,27,2020-06-29,2020-07-05,全国,全部,,,,,0.5709,166.5,95.05485,酒店之家
2020W27,2020,27,2020-06-29,2020-07-05,全国,经济型,,,,,0.5792,118.04,68.368768,酒店之家
2020W27,2020,27,2020-06-29,2020-07-05,全国,豪华型,,,,,0.2313,623.16,144.136908,酒店之家
2020W27,2020,27,2020-06-29,2020-07-05,全国,高档型,,,,,0.4878,295.52,144.154656,酒店之家
2020W28,2020,28,2020-07-06,2020-07-12,全国,中档型,,,,,0.6314,204.03,128.824542,酒店之家
2020W28,2020,28,2020-07-06,2020-07-12,全国,全部,,,,,0.6348,174.03,110.474244,酒店之家
2020W28,2020,28,2020-07-06,2020-07-12,全国,经济型,,,,,0.6391,122.67,78.398397,酒店之家
2020W28,2020,28,2020-07-06,2020-07-12,全国,豪华型,,,,,0.3681,655.84,241.414704,酒店之家
2020W28,2020,28,2020-07-06,2020-07-12,全国,高档型,,,,,0.5574,310.32,172.972368,酒店之家
2020W29,2020,29,2020-07-13,2020-07-19,全国,中档型,,,,,0.6505,208.6,135.6943,酒店之家
2020W29,2020,29,2020-07-13,2020-07-19,全国,全部,,,,,0.6563,177.53,116.512939,酒店之家
2020W29,2020,29,2020-07-13,2020-07-19,全国,经济型,,,,,0.6601,124.13,81.938213,酒店之家
2020W29,2020,29,2020-07-13,2020-07-19,全国,豪华型,,,,,0.5249,679.48,356.659052,酒店之家
2020W29,2020,29,2020-07-13,2020-07-19,全国,高档型,,,,,0.5733,317.67,182.120211,酒店之家
2020W30,2020,30,2020-07-20,2020-07-26,全国,中档型,,,,,0.6812,214.95,146.42394,酒店之家
2020W30,2020,30,2020-07-20,2020-07-26,全国,全部,,,,,0.6677,183.22,122.335994,酒店之家
2020W30,2020,30,2020-07-20,2020-07-26,全国,经济型,,,,,0.6666,126.52,84.338232,酒店之家
2020W30,2020,30,2020-07-20,2020-07-26,全国,豪华型,,,,,0.553,709.13,392.14889,酒店之家
2020W30,2020,30,2020-07-20,2020-07-26,全国,高档型,,,,,0.5889,328.63,193.530207,酒店之家
2020W31,2020,31,2020-07-27,2020-08-02,全国,中档型,,,,,0.6864,220.17,151.124688,酒店之家
2020W31,2020,31,2020-07-27,2020-08-02,全国,全部,,,,,0.6729,187.8,126.37062,酒店之家
2020W31,2020,31,2020-07-27,2020-08-02,全国,经济型,,,,,0.671,128.18,86.00878,酒店之家
2020W31,2020,31,2020-07-27,2020-08-02,全国,豪华型,,,,,0.5557,736.05,409.022985,酒店之家
2020W31,2020,31,2020-07-27,2020-08-02,全国,高档型,,,,,0.6319,338.98,214.201462,酒店之家
2020W32,2020,32,2020-08-03,2020-08-09,全国,中档型,,,,,0.7033,230.4,162.04032,酒店之家
2020W32,2020,32,2020-08-03,2020-08-09,全国,全部,,,,,0.686,196.62,134.88132,酒店之家
2020W32,2020,32,2020-08-03,2020-08-09,全国,经济型,,,,,0.6835,131.56,89.92126,酒店之家
2020W32,2020,32,2020-08-03,2020-08-09,全国,豪华型,,,,,0.5741,771.24,442.768884,酒店之家
2020W32,2020,32,2020-08-03,2020-08-09,全国,高档型,,,,,0.6227,352.69,219.620063,酒店之家
2020W33,2020,33,2020-08-10,2020-08-16,全国,中档型,,,,,0.7165,235.96,169.06534,酒店之家
2020W33,2020,33,2020-08-10,2020-08-16,全国,全部,,,,,0.7061,201.33,142.159113,酒店之家
2020W33,2020,33,2020-08-10,2020-08-16,全国,经济型,,,,,0.7044,133.24,93.854256,酒店之家
2020W33,2020,33,2020-08-10,2020-08-16,全国,豪华型,,,,,0.6561,790.79,518.837319,酒店之家
2020W33,2020,33,2020-08-10,2020-08-16,全国,高档型,,,,,0.6586,361.99,238.406614,酒店之家
2020W34,2020,34,2020-08-17,2020-08-23,全国,中档型,,,,,0.7208,233.83,168.544664,酒店之家
2020W34,2020,34,2020-08-17,2020-08-23,全国,全部,,,,,0.6988,196.46,137.286248,酒店之家
2020W34,2020,34,2020-08-17,2020-08-23,全国,经济型,,,,,0.693,132.6,91.8918,酒店之家
2020W34,2020,34,2020-08-17,2020-08-23,全国,豪华型,,,,,0.7049,775.99,546.995351,酒店之家
2020W34,2020,34,2020-08-17,2020-08-23,全国,高档型,,,,,0.6283,354.33,222.625539,酒店之家
2020W35,2020,35,2020-08-24,2020-08-30,全国,中档型,,,,,0.6312,224.64,141.792768,酒店之家
2020W35,2020,35,2020-08-24,2020-08-30,全国,全部,,,,,0.6067,187.58,113.804786,酒店之家
2020W35,2020,35,2020-08-24,2020-08-30,全国,经济型,,,,,0.5908,129.2,76.33136,酒店之家
2020W35,2020,35,2020-08-24,2020-08-30,全国,豪华型,,,,,0.7125,749.3,533.87625,酒店之家
2020W35,2020,35,2020-08-24,2020-08-30,全国,高档型,,,,,0.6736,342.81,230.916816,酒店之家
2020W36,2020,36,2020-08-31,2020-09-06,全国,中档型,,,,,0.6105,214.88,131.18424,酒店之家
2020W36,2020,36,2020-08-31,2020-09-06,全国,全部,,,,,0.6259,178.43,111.679337,酒店之家
2020W36,2020,36,2020-08-31,2020-09-06,全国,经济型,,,,,0.633,125.74,79.59342,酒店之家
2020W36,2020,36,2020-08-31,2020-09-06,全国,豪华型,,,,,0.4736,692.94,328.176384,酒店之家
2020W36,2020,36,2020-08-31,2020-09-06,全国,高档型,,,,,0.533,327.87,174.75471,酒店之家
2020W37,2020,37,2020-09-07,2020-09-13,全国,中档型,,,,,0.674,220.89,148.87986,酒店之家
2020W37,2020,37,2020-09-07,2020-09-13,全国,全部,,,,,0.6635,183.07,121.466945,酒店之家
2020W37,2020,37,2020-09-07,2020-09-13,全国,经济型,,,,,0.6637,128.92,85.564204,酒店之家
2020W37,2020,37,2020-09-07,2020-09-13,全国,豪华型,,,,,0.4972,702.92,349.491824,酒店之家
2020W37,2020,37,2020-09-07,2020-09-13,全国,高档型,,,,,0.5449,333.78,181.876722,酒店之家
2020W38,2020,38,2020-09-14,2020-09-20,全国,中档型,,,,,0.688,224.14,154.20832,酒店之家
2020W38,2020,38,2020-09-14,2020-09-20,全国,全部,,,,,0.6792,185.6,126.05952,酒店之家
2020W38,2020,38,2020-09-14,2020-09-20,全国,经济型,,,,,0.6785,131.02,88.89707,酒店之家
2020W38,2020,38,2020-09-14,2020-09-20,全国,豪华型,,,,,0.5518,714.82,394.437676,酒店之家
2020W38,2020,38,2020-09-14,2020-09-20,全国,高档型,,,,,0.6139,337.68,207.301752,酒店之家
2020W39,2020,39,2020-09-21,2020-09-27,全国,中档型,,,,,0.656,220.06,144.35936,酒店之家
2020W39,2020,39,2020-09-21,2020-09-27,全国,全部,,,,,0.6393,183.47,117.292371,酒店之家
2020W39,2020,39,2020-09-21,2020-09-27,全国,经济型,,,,,0.6369,127.66,81.306654,酒店之家
2020W39,2020,39,2020-09-21,2020-09-27,全国,豪华型,,,,,0.4364,701.55,306.15642,酒店之家
2020W39,2020,39,2020-09-21,2020-09-27,全国,高档型,,,,,0.5719,334.41,191.249079,酒店之家
2020W40,2020,40,2020-09-28,2020-10-04,全国,中档型,,,,,0.7122,292.89,208.596258,酒店之家
2020W40,2020,40,2020-09-28,2020-10-04,全国,全部,,,,,0.6809,245.16,166.929444,酒店之家
2020W40,2020,40,2020-09-28,2020-10-04,全国,经济型,,,,,0.6617,167.59,110.894303,酒店之家
2020W40,2020,40,2020-09-28,2020-10-04,全国,豪华型,,,,,0.712,909.91,647.85592,酒店之家
2020W40,2020,40,2020-09-28,2020-10-04,全国,高档型,,,,,0.7581,424.3,321.66183,酒店之家
2020W41,2020,41,2020-10-05,2020-10-11,全国,中档型,,,,,0.6198,245.37,152.080326,酒店之家
2020W41,2020,41,2020-10-05,2020-10-11,全国,全部,,,,,0.6211,202.68,125.884548,酒店之家
2020W41,2020,41,2020-10-05,2020-10-11,全国,经济型,,,,,0.6221,141.11,87.784531,酒店之家
2020W41,2020,41,2020-10-05,2020-10-11,全国,豪华型,,,,,0.5924,796.67,471.947308,酒店之家
2020W41,2020,41,2020-10-05,2020-10-11,全国,高档型,,,,,0.6171,366.66,226.265886,酒店之家
2020W42,2020,42,2020-10-12,2020-10-18,全国,中档型,,,,,0.6687,222.73,148.939551,酒店之家
2020W42,2020,42,2020-10-12,2020-10-18,全国,全部,,,,,0.6542,182.73,119.541966,酒店之家
2020W42,2020,42,2020-10-12,2020-10-18,全国,经济型,,,,,0.6531,128.79,84.112749,酒店之家
2020W42,2020,42,2020-10-12,2020-10-18,全国,豪华型,,,,,0.4104,721.37,296.050248,酒店之家
2020W42,2020,42,2020-10-12,2020-10-18,全国,高档型,,,,,0.5453,339.33,185.036649,酒店之家
2020W43,2020,43,2020-10-19,2020-10-25,全国,中档型,,,,,0.6692,224.45,150.20194,酒店之家
2020W43,2020,43,2020-10-19,2020-10-25,全国,全部,,,,,0.6556,183.7,120.43372,酒店之家
2020W43,2020,43,2020-10-19,2020-10-25,全国,经济型,,,,,0.6542,129.42,84.666564,酒店之家
2020W43,2020,43,2020-10-19,2020-10-25,全国,豪华型,,,,,0.4292,736.55,316.12726,酒店之家
2020W43,2020,43,2020-10-19,2020-10-25,全国,高档型,,,,,0.5777,343.18,198.255086,酒店之家
2020W44,2020,44,2020-10-26,2020-11-01,全国,中档型,,,,,0.6573,222.55,146.282115,酒店之家
2020W44,2020,44,2020-10-26,2020-11-01,全国,全部,,,,,0.6439,181.87,117.106093,酒店之家
2020W44,2020,44,2020-10-26,2020-11-01,全国,经济型,,,,,0.6422,129.63,83.248386,酒店之家
2020W44,2020,44,2020-10-26,2020-11-01,全国,豪华型,,,,,0.4654,728.28,338.941512,酒店之家
2020W44,2020,44,2020-10-26,2020-11-01,全国,高档型,,,,,0.5661,339.52,192.202272,酒店之家
2020W45,2020,45,2020-11-02,2020-11-08,全国,中档型,,,,,0.6337,222.73,141.144001,酒店之家
2020W45,2020,45,2020-11-02,2020-11-08,全国,全部,,,,,0.6217,183.89,114.324413,酒店之家
2020W45,2020,45,2020-11-02,2020-11-08,全国,经济型,,,,,0.6207,128.7,79.88409,酒店之家
2020W45,2020,45,2020-11-02,2020-11-08,全国,豪华型,,,,,0.405,731.54,296.2737,酒店之家
2020W45,2020,45,2020-11-02,2020-11-08,全国,高档型,,,,,0.5616,340.94,191.471904,酒店之家
2020W46,2020,46,2020-11-09,2020-11-15,全国,中档型,,,,,0.6357,219.57,139.580649,酒店之家
2020W46,2020,46,2020-11-09,2020-11-15,全国,全部,,,,,0.6272,183.48,115.078656,酒店之家
2020W46,2020,46,2020-11-09,2020-11-15,全国,经济型,,,,,0.6268,128.23,80.374564,酒店之家
2020W46,2020,46,2020-11-09,2020-11-15,全国,豪华型,,,,,0.4791,718.35,344.161485,酒店之家
2020W46,2020,46,2020-11-09,2020-11-15,全国,高档型,,,,,0.5375,335.68,180.428,酒店之家
2020W47,2020,47,2020-11-16,2020-11-22,全国,中档型,,,,,0.6418,217,139.2706,酒店之家
2020W47,2020,47,2020-11-16,2020-11-22,全国,全部,,,,,0.633,182.92,115.78836,酒店之家
2020W47,2020,47,2020-11-16,2020-11-22,全国,经济型,,,,,0.6324,127.12,80.390688,酒店之家
2020W47,2020,47,2020-11-16,2020-11-22,全国,豪华型,,,,,0.4339,720.6,312.66834,酒店之家
2020W47,2020,47,2020-11-16,2020-11-22,全国,高档型,,,,,0.5709,334.31,190.857579,酒店之家
2020W48,2020,48,2020-11-23,2020-11-29,全国,中档型,,,,,0.6373,216.78,138.153894,酒店之家
2020W48,2020,48,2020-11-23,2020-11-29,全国,全部,,,,,0.6278,183.59,115.257802,酒店之家
2020W48,2020,48,2020-11-23,2020-11-29,全国,经济型,,,,,0.6273,128.7,80.73351,酒店之家
2020W48,2020,48,2020-11-23,2020-11-29,全国,豪华型,,,,,0.4521,711.99,321.890679,酒店之家
2020W48,2020,48,2020-11-23,2020-11-29,全国,高档型,,,,,0.5301,331.68,175.823568,酒店之家
2020W49,2020,49,2020-11-30,2020-12-06,全国,中档型,,,,,0.6187,213.43,132.049141,酒店之家
2020W49,2020,49,2020-11-30,2020-12-06,全国,全部,,,,,0.6183,182.21,112.660443,酒店之家
2020W49,2020,49,2020-11-30,2020-12-06,全国,经济型,,,,,0.6211,127.14,78.966654,酒店之家
2020W49,2020,49,2020-11-30,2020-12-06,全国,豪华型,,,,,0.3945,710.5,280.29225,酒店之家
2020W49,2020,49,2020-11-30,2020-12-06,全国,高档型,,,,,0.5032,328.15,165.12508,酒店之家
2020W50,2020,50,2020-12-07,2020-12-13,全国,中档型,,,,,0.6189,212.63,131.596707,酒店之家
2020W50,2020,50,2020-12-07,2020-12-13,全国,全部,,,,,0.6168,182.17,112.362456,酒店之家
2020W50,2020,50,2020-12-07,2020-12-13,全国,经济型,,,,,0.6186,126.35,78.16011,酒店之家
2020W50,2020,50,2020-12-07,2020-12-13,全国,豪华型,,,,,0.4678,706.92,330.697176,酒店之家
2020W50,2020,50,2020-12-07,2020-12-13,全国,高档型,,,,,0.506,327.58,165.75548,酒店之家
2020W51,2020,51,2020-12-14,2020-12-20,全国,中档型,,,,,0.6294,212.85,133.96779,酒店之家
2020W51,2020,51,2020-12-14,2020-12-20,全国,全部,,,,,0.6201,182.7,113.29227,酒店之家
2020W51,2020,51,2020-12-14,2020-12-20,全国,经济型,,,,,0.6204,126.95,78.75978,酒店之家
2020W51,2020,51,2020-12-14,2020-12-20,全国,豪华型,,,,,0.4291,705.13,302.571283,酒店之家
2020W51,2020,51,2020-12-14,2020-12-20,全国,高档型,,,,,0.4989,325.92,162.601488,酒店之家
2020W52,2020,52,2020-12-21,2020-12-27,全国,中档型,,,,,0.6376,216.49,138.034024,酒店之家
2020W52,2020,52,2020-12-21,2020-12-27,全国,全部,,,,,0.6294,185.8,116.94252,酒店之家
2020W52,2020,52,2020-12-21,2020-12-27,全国,经济型,,,,,0.6304,130.7,82.39328,酒店之家
2020W52,2020,52,2020-12-21,2020-12-27,全国,豪华型,,,,,0.4278,725.84,310.514352,酒店之家
2020W52,2020,52,2020-12-21,2020-12-27,全国,高档型,,,,,0.4829,326.81,157.816549,酒店之家
2021W01,2021,1,2020-12-28,2021-01-03,全国,中档型,,,,,0.5652,219.69,124.168788,酒店之家
2021W01,2021,1,2020-12-28,2021-01-03,全国,全部,,,,,0.6394,188.64,120.616416,酒店之家
2021W01,2021,1,2020-12-28,2021-01-03,全国,经济型,,,,,0.6673,132.83,88.637459,酒店之家
2021W01,2021,1,2020-12-28,2021-01-03,全国,豪华型,,,,,0.4804,773.57,371.623028,酒店之家
2021W01,2021,1,2020-12-28,2021-01-03,全国,高档型,,,,,0.4892,328.11,160.511412,酒店之家
2021W02,2021,2,2021-01-04,2021-01-10,全国,中档型,,,,,0.5159,201.17,103.783603,酒店之家
2021W02,2021,2,2021-01-04,2021-01-10,全国,全部,,,,,0.5579,169.44,94.530576,酒店之家
2021W02,2021,2,2021-01-04,2021-01-10,全国,经济型,,,,,0.574,122.16,70.11984,酒店之家
2021W02,2021,2,2021-01-04,2021-01-10,全国,豪华型,,,,,0.4512,659.8,297.70176,酒店之家
2021W02,2021,2,2021-01-04,2021-01-10,全国,高档型,,,,,0.4615,303.9,140.24985,酒店之家
2021W03,2021,3,2021-01-11,2021-01-17,全国,中档型,,,,,0.5132,199.8,102.53736,酒店之家
2021W03,2021,3,2021-01-11,2021-01-17,全国,全部,,,,,0.545,169.62,92.4429,酒店之家
2021W03,2021,3,2021-01-11,2021-01-17,全国,经济型,,,,,0.5575,121.72,67.8589,酒店之家
2021W03,2021,3,2021-01-11,2021-01-17,全国,豪华型,,,,,0.4768,659.31,314.359008,酒店之家
2021W03,2021,3,2021-01-11,2021-01-17,全国,高档型,,,,,0.4359,301.43,131.393337,酒店之家
2021W04,2021,4,2021-01-18,2021-01-24,全国,中档型,,,,,0.4915,196.65,96.653475,酒店之家
2021W04,2021,4,2021-01-18,2021-01-24,全国,全部,,,,,0.5118,169.32,86.657976,酒店之家
2021W04,2021,4,2021-01-18,2021-01-24,全国,经济型,,,,,0.5208,120.92,62.975136,酒店之家
2021W04,2021,4,2021-01-18,2021-01-24,全国,豪华型,,,,,0.4263,643.8,274.45194,酒店之家
2021W04,2021,4,2021-01-18,2021-01-24,全国,高档型,,,,,0.4199,298.73,125.436727,酒店之家
2021W05,2021,5,2021-01-25,2021-01-31,全国,中档型,,,,,0.4477,191.6,85.77932,酒店之家
2021W05,2021,5,2021-01-25,2021-01-31,全国,全部,,,,,0.4678,166.42,77.851276,酒店之家
2021W05,2021,5,2021-01-25,2021-01-31,全国,经济型,,,,,0.4761,119.62,56.951082,酒店之家
2021W05,2021,5,2021-01-25,2021-01-31,全国,豪华型,,,,,0.399,627.18,250.24482,酒店之家
2021W05,2021,5,2021-01-25,2021-01-31,全国,高档型,,,,,0.4103,289.26,118.683378,酒店之家
2021W06,2021,6,2021-02-01,2021-02-07,全国,中档型,,,,,0.4085,190.08,77.64768,酒店之家
2021W06,2021,6,2021-02-01,2021-02-07,全国,全部,,,,,0.429,168.63,72.34227,酒店之家
2021W06,2021,6,2021-02-01,2021-02-07,全国,经济型,,,,,0.4364,119.91,52.328724,酒店之家
2021W06,2021,6,2021-02-01,2021-02-07,全国,豪华型,,,,,0.4052,636.18,257.780136,酒店之家
2021W06,2021,6,2021-02-01,2021-02-07,全国,高档型,,,,,0.3994,288.13,115.079122,酒店之家
2021W07,2021,7,2021-02-08,2021-02-14,全国,中档型,,,,,0.3136,212.6,66.67136,酒店之家
2021W07,2021,7,2021-02-08,2021-02-14,全国,全部,,,,,0.3306,206.9,68.40114,酒店之家
2021W07,2021,7,2021-02-08,2021-02-14,全国,经济型,,,,,0.3355,133.03,44.631565,酒店之家
2021W07,2021,7,2021-02-08,2021-02-14,全国,豪华型,,,,,0.3839,854.88,328.188432,酒店之家
2021W07,2021,7,2021-02-08,2021-02-14,全国,高档型,,,,,0.3395,337.93,114.727235,酒店之家
2021W08,2021,8,2021-02-15,2021-02-21,全国,中档型,,,,,0.448,205.94,92.26112,酒店之家
2021W08,2021,8,2021-02-15,2021-02-21,全国,全部,,,,,0.4869,185.78,90.456282,酒店之家
2021W08,2021,8,2021-02-15,2021-02-21,全国,经济型,,,,,0.4997,127.53,63.726741,酒店之家
2021W08,2021,8,2021-02-15,2021-02-21,全国,豪华型,,,,,0.4782,761.48,364.139736,酒店之家
2021W08,2021,8,2021-02-15,2021-02-21,全国,高档型,,,,,0.4709,319.77,150.579693,酒店之家
2021W09,2021,9,2021-02-22,2021-02-28,全国,中档型,,,,,0.5094,198.15,100.93761,酒店之家
2021W09,2021,9,2021-02-22,2021-02-28,全国,全部,,,,,0.5512,168.76,93.020512,酒店之家
2021W09,2021,9,2021-02-22,2021-02-28,全国,经济型,,,,,0.5667,122.74,69.556758,酒店之家
2021W09,2021,9,2021-02-22,2021-02-28,全国,豪华型,,,,,0.4878,654.07,319.055346,酒店之家
2021W09,2021,9,2021-02-22,2021-02-28,全国,高档型,,,,,0.4527,297.26,134.569602,酒店之家
2021W10,2021,10,2021-03-01,2021-03-07,全国,中档型,,,,,0.5833,208.4,121.55972,酒店之家
2021W10,2021,10,2021-03-01,2021-03-07,全国,全部,,,,,0.6207,173.85,107.908695,酒店之家
2021W10,2021,10,2021-03-01,2021-03-07,全国,经济型,,,,,0.6359,125.66,79.907194,酒店之家
2021W10,2021,10,2021-03-01,2021-03-07,全国,豪华型,,,,,0.5347,662.57,354.276179,酒店之家
2021W10,2021,10,2021-03-01,2021-03-07,全国,高档型,,,,,0.4935,310.83,153.394605,酒店之家
2021W11,2021,11,2021-03-08,2021-03-14,全国,中档型,,,,,0.6175,217.28,134.1704,酒店之家
2021W11,2021,11,2021-03-08,2021-03-14,全国,全部,,,,,0.643,180.1,115.8043,酒店之家
2021W11,2021,11,2021-03-08,2021-03-14,全国,经济型,,,,,0.6538,129.26,84.510188,酒店之家
2021W11,2021,11,2021-03-08,2021-03-14,全国,豪华型,,,,,0.5294,687.32,363.867208,酒店之家
2021W11,2021,11,2021-03-08,2021-03-14,全国,高档型,,,,,0.5713,319.42,182.484646,酒店之家
2021W12,2021,12,2021-03-15,2021-03-21,全国,中档型,,,,,0.6345,224.54,142.47063,酒店之家
2021W12,2021,12,2021-03-15,2021-03-21,全国,全部,,,,,0.6538,188.01,122.920938,酒店之家
2021W12,2021,12,2021-03-15,2021-03-21,全国,经济型,,,,,0.6628,131.87,87.403436,酒店之家
2021W12,2021,12,2021-03-15,2021-03-21,全国,豪华型,,,,,0.5457,724.15,395.168655,酒店之家
2021W12,2021,12,2021-03-15,2021-03-21,全国,高档型,,,,,0.5733,334.89,191.992437,酒店之家
2021W13,2021,13,2021-03-22,2021-03-28,全国,中档型,,,,,0.6506,231.08,150.340648,酒店之家
2021W13,2021,13,2021-03-22,2021-03-28,全国,全部,,,,,0.6617,191.73,126.867741,酒店之家
2021W13,2021,13,2021-03-22,2021-03-28,全国,经济型,,,,,0.6674,134.88,90.018912,酒店之家
2021W13,2021,13,2021-03-22,2021-03-28,全国,豪华型,,,,,0.5825,737.34,429.50055,酒店之家
2021W13,2021,13,2021-03-22,2021-03-28,全国,高档型,,,,,0.5884,342.27,201.391668,酒店之家
2021W14,2021,14,2021-03-29,2021-04-04,全国,中档型,,,,,0.6129,241.78,148.186962,酒店之家
2021W14,2021,14,2021-03-29,2021-04-04,全国,全部,,,,,0.6346,203.8,129.33148,酒店之家
2021W14,2021,14,2021-03-29,2021-04-04,全国,经济型,,,,,0.6444,141.21,90.995724,酒店之家
2021W14,2021,14,2021-03-29,2021-04-04,全国,豪华型,,,,,0.5534,782.45,433.00783,酒店之家
2021W14,2021,14,2021-03-29,2021-04-04,全国,高档型,,,,,0.5361,361.62,193.864482,酒店之家
2021W15,2021,15,2021-04-05,2021-04-11,全国,中档型,,,,,0.6079,229.03,139.227337,酒店之家
2021W15,2021,15,2021-04-05,2021-04-11,全国,全部,,,,,0.6285,189.54,119.12589,酒店之家
2021W15,2021,15,2021-04-05,2021-04-11,全国,经济型,,,,,0.6384,134.04,85.571136,酒店之家
2021W15,2021,15,2021-04-05,2021-04-11,全国,豪华型,,,,,0.5378,742.28,399.198184,酒店之家
2021W15,2021,15,2021-04-05,2021-04-11,全国,高档型,,,,,0.5153,343.73,177.124069,酒店之家
2021W16,2021,16,2021-04-12,2021-04-18,全国,中档型,,,,,0.6757,239.07,161.539599,酒店之家
2021W16,2021,16,2021-04-12,2021-04-18,全国,全部,,,,,0.6747,197.83,133.475901,酒店之家
2021W16,2021,16,2021-04-12,2021-04-18,全国,经济型,,,,,0.6777,137.07,92.892339,酒店之家
2021W16,2021,16,2021-04-12,2021-04-18,全国,豪华型,,,,,0.5536,781.03,432.378208,酒店之家
2021W16,2021,16,2021-04-12,2021-04-18,全国,高档型,,,,,0.5797,359.8,208.57606,酒店之家
2021W17,2021,17,2021-04-19,2021-04-25,全国,中档型,,,,,0.662,236.43,156.51666,酒店之家
2021W17,2021,17,2021-04-19,2021-04-25,全国,全部,,,,,0.6583,194.71,128.177593,酒店之家
2021W17,2021,17,2021-04-19,2021-04-25,全国,经济型,,,,,0.6596,135.4,89.30984,酒店之家
2021W17,2021,17,2021-04-19,2021-04-25,全国,豪华型,,,,,0.5484,770.31,422.438004,酒店之家
2021W17,2021,17,2021-04-19,2021-04-25,全国,高档型,,,,,0.6005,356.59,214.132295,酒店之家
2021W18,2021,18,2021-04-26,2021-05-02,全国,中档型,,,,,0.6397,299.34,191.487798,酒店之家
2021W18,2021,18,2021-04-26,2021-05-02,全国,全部,,,,,0.6379,254.14,162.115906,酒店之家
2021W18,2021,18,2021-04-26,2021-05-02,全国,经济型,,,,,0.6408,174.88,112.063104,酒店之家
2021W18,2021,18,2021-04-26,2021-05-02,全国,豪华型,,,,,0.505,940.76,475.0838,酒店之家
2021W18,2021,18,2021-04-26,2021-05-02,全国,高档型,,,,,0.5626,441.38,248.320388,酒店之家
2021W19,2021,19,2021-05-03,2021-05-09,全国,中档型,,,,,0.603,261.3,157.5639,酒店之家
2021W19,2021,19,2021-05-03,2021-05-09,全国,全部,,,,,0.5942,221.53,131.633126,酒店之家
2021W19,2021,19,2021-05-03,2021-05-09,全国,经济型,,,,,0.589,151.25,89.08625,酒店之家
2021W19,2021,19,2021-05-03,2021-05-09,全国,豪华型,,,,,0.589,864.62,509.26118,酒店之家
2021W19,2021,19,2021-05-03,2021-05-09,全国,高档型,,,,,0.6098,397.74,242.541852,酒店之家
2021W20,2021,20,2021-05-10,2021-05-16,全国,中档型,,,,,0.6821,238.24,162.503504,酒店之家
2021W20,2021,20,2021-05-10,2021-05-16,全国,全部,,,,,0.6732,196.41,132.223212,酒店之家
2021W20,2021,20,2021-05-10,2021-05-16,全国,经济型,,,,,0.6735,136.26,91.77111,酒店之家
2021W20,2021,20,2021-05-10,2021-05-16,全国,豪华型,,,,,0.5573,788.05,439.180265,酒店之家
2021W20,2021,20,2021-05-10,2021-05-16,全国,高档型,,,,,0.5902,362.77,214.106854,酒店之家
2021W21,2021,21,2021-05-17,2021-05-23,全国,中档型,,,,,0.6804,236.99,161.247996,酒店之家
2021W21,2021,21,2021-05-17,2021-05-23,全国,全部,,,,,0.6817,193.69,132.038473,酒店之家
2021W21,2021,21,2021-05-17,2021-05-23,全国,经济型,,,,,0.6849,136.62,93.571038,酒店之家
2021W21,2021,21,2021-05-17,2021-05-23,全国,豪华型,,,,,0.5565,783.42,435.97323,酒店之家
2021W21,2021,21,2021-05-17,2021-05-23,全国,高档型,,,,,0.6329,361.03,228.495887,酒店之家
2021W22,2021,22,2021-05-24,2021-05-30,全国,中档型,,,,,0.635,229,145.415,酒店之家
2021W22,2021,22,2021-05-24,2021-05-30,全国,全部,,,,,0.6322,188.63,119.251886,酒店之家
2021W22,2021,22,2021-05-24,2021-05-30,全国,经济型,,,,,0.6362,133.15,84.71003,酒店之家
2021W22,2021,22,2021-05-24,2021-05-30,全国,豪华型,,,,,0.4544,755.11,343.121984,酒店之家
2021W22,2021,22,2021-05-24,2021-05-30,全国,高档型,,,,,0.4805,351.66,168.97263,酒店之家
2021W23,2021,23,2021-05-31,2021-06-06,全国,中档型,,,,,0.5863,223.12,130.815256,酒店之家
2021W23,2021,23,2021-05-31,2021-06-06,全国,全部,,,,,0.5908,183.48,108.399984,酒店之家
2021W23,2021,23,2021-05-31,2021-06-06,全国,经济型,,,,,0.5973,130.6,78.00738,酒店之家
2021W23,2021,23,2021-05-31,2021-06-06,全国,豪华型,,,,,0.3995,724.76,289.54162,酒店之家
2021W23,2021,23,2021-05-31,2021-06-06,全国,高档型,,,,,0.4078,342.85,139.81423,酒店之家
2021W24,2021,24,2021-06-07,2021-06-13,全国,中档型,,,,,0.6141,232.86,142.999326,酒店之家
2021W24,2021,24,2021-06-07,2021-06-13,全国,全部,,,,,0.6238,193.43,120.661634,酒店之家
2021W24,2021,24,2021-06-07,2021-06-13,全国,经济型,,,,,0.6312,136.43,86.114616,酒店之家
2021W24,2021,24,2021-06-07,2021-06-13,全国,豪华型,,,,,0.4518,773.67,349.544106,酒店之家
2021W24,2021,24,2021-06-07,2021-06-13,全国,高档型,,,,,0.4718,358.17,168.984606,酒店之家
2021W25,2021,25,2021-06-14,2021-06-20,全国,中档型,,,,,0.5943,222.22,132.065346,酒店之家
2021W25,2021,25,2021-06-14,2021-06-20,全国,全部,,,,,0.6097,181.1,110.41667,酒店之家
2021W25,2021,25,2021-06-14,2021-06-20,全国,经济型,,,,,0.6193,130.62,80.892966,酒店之家
2021W25,2021,25,2021-06-14,2021-06-20,全国,豪华型,,,,,0.4501,713.01,320.925801,酒店之家
2021W25,2021,25,2021-06-14,2021-06-20,全国,高档型,,,,,0.4189,339.17,142.078313,酒店之家
2021W26,2021,26,2021-06-21,2021-06-27,全国,中档型,,,,,0.6328,225.07,142.424296,酒店之家
2021W26,2021,26,2021-06-21,2021-06-27,全国,全部,,,,,0.6361,183.5,116.72435,酒店之家
2021W26,2021,26,2021-06-21,2021-06-27,全国,经济型,,,,,0.6415,130.73,83.863295,酒店之家
2021W26,2021,26,2021-06-21,2021-06-27,全国,豪华型,,,,,0.4688,733.48,343.855424,酒店之家
2021W26,2021,26,2021-06-21,2021-06-27,全国,高档型,,,,,0.4838,345.41,167.109358,酒店之家
2021W27,2021,27,2021-06-28,2021-07-04,全国,中档型,,,,,0.6123,230.11,140.896353,酒店之家
2021W27,2021,27,2021-06-28,2021-07-04,全国,全部,,,,,0.6324,187.87,118.808988,酒店之家
2021W27,2021,27,2021-06-28,2021-07-04,全国,经济型,,,,,0.6438,132.78,85.483764,酒店之家
2021W27,2021,27,2021-06-28,2021-07-04,全国,豪华型,,,,,0.4639,770.04,357.221556,酒店之家
2021W27,2021,27,2021-06-28,2021-07-04,全国,高档型,,,,,0.4414,352.55,155.61557,酒店之家
2021W28,2021,28,2021-07-05,2021-07-11,全国,中档型,,,,,0.6889,244.31,168.305159,酒店之家
2021W28,2021,28,2021-07-05,2021-07-11,全国,全部,,,,,0.6938,199.83,138.642054,酒店之家
2021W28,2021,28,2021-07-05,2021-07-11,全国,经济型,,,,,0.7004,139.19,97.488676,酒店之家
2021W28,2021,28,2021-07-05,2021-07-11,全国,豪华型,,,,,0.5005,820.75,410.785375,酒店之家
2021W28,2021,28,2021-07-05,2021-07-11,全国,高档型,,,,,0.5276,379.26,200.097576,酒店之家
2021W29,2021,29,2021-07-12,2021-07-18,全国,中档型,,,,,0.7319,256.75,187.915325,酒店之家
2021W29,2021,29,2021-07-12,2021-07-18,全国,全部,,,,,0.7329,211.17,154.766493,酒店之家
2021W29,2021,29,2021-07-12,2021-07-18,全国,经济型,,,,,0.7376,146.12,107.778112,酒店之家
2021W29,2021,29,2021-07-12,2021-07-18,全国,豪华型,,,,,0.6087,869.49,529.258563,酒店之家
2021W29,2021,29,2021-07-12,2021-07-18,全国,高档型,,,,,0.5379,397.62,213.879798,酒店之家
2021W30,2021,30,2021-07-19,2021-07-25,全国,中档型,,,,,0.7191,262.24,188.576784,酒店之家
2021W30,2021,30,2021-07-19,2021-07-25,全国,全部,,,,,0.7251,216.52,156.998652,酒店之家
2021W30,2021,30,2021-07-19,2021-07-25,全国,经济型,,,,,0.7316,151.01,110.478916,酒店之家
2021W30,2021,30,2021-07-19,2021-07-25,全国,豪华型,,,,,0.5908,872.56,515.508448,酒店之家
2021W30,2021,30,2021-07-19,2021-07-25,全国,高档型,,,,,0.5244,403.28,211.480032,酒店之家
2021W31,2021,31,2021-07-26,2021-08-01,全国,中档型,,,,,0.6653,249.52,166.005656,酒店之家
2021W31,2021,31,2021-07-26,2021-08-01,全国,全部,,,,,0.6737,207.26,139.631062,酒店之家
2021W31,2021,31,2021-07-26,2021-08-01,全国,经济型,,,,,0.681,145.01,98.75181,酒店之家
2021W31,2021,31,2021-07-26,2021-08-01,全国,豪华型,,,,,0.5328,857.68,456.971904,酒店之家
2021W31,2021,31,2021-07-26,2021-08-01,全国,高档型,,,,,0.4918,388.82,191.221676,酒店之家
2021W32,2021,32,2021-08-02,2021-08-08,全国,中档型,,,,,0.469,221.67,103.96323,酒店之家
2021W32,2021,32,2021-08-02,2021-08-08,全国,全部,,,,,0.5165,182.47,94.245755,酒店之家
2021W32,2021,32,2021-08-02,2021-08-08,全国,经济型,,,,,0.5359,130.97,70.186823,酒店之家
2021W32,2021,32,2021-08-02,2021-08-08,全国,豪华型,,,,,0.4874,787.01,383.588674,酒店之家
2021W32,2021,32,2021-08-02,2021-08-08,全国,高档型,,,,,0.3869,345.88,133.820972,酒店之家
2021W33,2021,33,2021-08-09,2021-08-15,全国,中档型,,,,,0.4371,214.17,93.613707,酒店之家
2021W33,2021,33,2021-08-09,2021-08-15,全国,全部,,,,,0.5026,177.87,89.397462,酒店之家
2021W33,2021,33,2021-08-09,2021-08-15,全国,经济型,,,,,0.5277,128.75,67.941375,酒店之家
2021W33,2021,33,2021-08-09,2021-08-15,全国,豪华型,,,,,0.4705,749.04,352.42332,酒店之家
2021W33,2021,33,2021-08-09,2021-08-15,全国,高档型,,,,,0.3784,328.65,124.36116,酒店之家
2021W34,2021,34,2021-08-16,2021-08-22,全国,中档型,,,,,0.4441,210.69,93.567429,酒店之家
2021W34,2021,34,2021-08-16,2021-08-22,全国,全部,,,,,0.497,175.68,87.31296,酒店之家
2021W34,2021,34,2021-08-16,2021-08-22,全国,经济型,,,,,0.5185,126.47,65.574695,酒店之家
2021W34,2021,34,2021-08-16,2021-08-22,全国,豪华型,,,,,0.4188,722.56,302.608128,酒店之家
2021W34,2021,34,2021-08-16,2021-08-22,全国,高档型,,,,,0.3767,326.59,123.026453,酒店之家
2021W35,2021,35,2021-08-23,2021-08-29,全国,中档型,,,,,0.4921,212.56,104.600776,酒店之家
2021W35,2021,35,2021-08-23,2021-08-29,全国,全部,,,,,0.5388,176.85,95.28678,酒店之家
2021W35,2021,35,2021-08-23,2021-08-29,全国,经济型,,,,,0.5587,127.13,71.027531,酒店之家
2021W35,2021,35,2021-08-23,2021-08-29,全国,豪华型,,,,,0.4818,715.64,344.795352,酒店之家
2021W35,2021,35,2021-08-23,2021-08-29,全国,高档型,,,,,0.3936,327.53,128.915808,酒店之家
2021W36,2021,36,2021-08-30,2021-09-05,全国,中档型,,,,,0.5142,212.76,109.401192,酒店之家
2021W36,2021,36,2021-08-30,2021-09-05,全国,全部,,,,,0.5547,175.98,97.616106,酒店之家
2021W36,2021,36,2021-08-30,2021-09-05,全国,经济型,,,,,0.5725,129.14,73.93265,酒店之家
2021W36,2021,36,2021-08-30,2021-09-05,全国,豪华型,,,,,0.4685,680.17,318.659645,酒店之家
2021W36,2021,36,2021-08-30,2021-09-05,全国,高档型,,,,,0.4211,324.78,136.764858,酒店之家
2021W37,2021,37,2021-09-06,2021-09-12,全国,中档型,,,,,0.5732,217.18,124.487576,酒店之家
2021W37,2021,37,2021-09-06,2021-09-12,全国,全部,,,,,0.5856,181.3,106.16928,酒店之家
2021W37,2021,37,2021-09-06,2021-09-12,全国,经济型,,,,,0.5938,131.17,77.888746,酒店之家
2021W37,2021,37,2021-09-06,2021-09-12,全国,豪华型,,,,,0.4551,693.04,315.402504,酒店之家
2021W37,2021,37,2021-09-06,2021-09-12,全国,高档型,,,,,0.4978,332.84,165.687752,酒店之家
2021W38,2021,38,2021-09-13,2021-09-19,全国,中档型,,,,,0.5737,219.76,126.076312,酒店之家
2021W38,2021,38,2021-09-13,2021-09-19,全国,全部,,,,,0.5927,184.97,109.631719,酒店之家
2021W38,2021,38,2021-09-13,2021-09-19,全国,经济型,,,,,0.6037,132,79.6884,酒店之家
2021W38,2021,38,2021-09-13,2021-09-19,全国,豪华型,,,,,0.4524,728.03,329.360772,酒店之家
2021W38,2021,38,2021-09-13,2021-09-19,全国,高档型,,,,,0.4773,339.79,162.181767,酒店之家
2021W39,2021,39,2021-09-20,2021-09-26,全国,中档型,,,,,0.5221,216.99,113.290479,酒店之家
2021W39,2021,39,2021-09-20,2021-09-26,全国,全部,,,,,0.5467,182.84,99.958628,酒店之家
2021W39,2021,39,2021-09-20,2021-09-26,全国,经济型,,,,,0.5584,130.81,73.044304,酒店之家
2021W39,2021,39,2021-09-20,2021-09-26,全国,豪华型,,,,,0.4622,728.1,336.52782,酒店之家
2021W39,2021,39,2021-09-20,2021-09-26,全国,高档型,,,,,0.4611,337.47,155.607417,酒店之家
2021W40,2021,40,2021-09-27,2021-10-03,全国,中档型,,,,,0.6282,274.34,172.340388,酒店之家
2021W40,2021,40,2021-09-27,2021-10-03,全国,全部,,,,,0.6488,233.69,151.618072,酒店之家
2021W40,2021,40,2021-09-27,2021-10-03,全国,经济型,,,,,0.6599,161.03,106.263697,酒店之家
2021W40,2021,40,2021-09-27,2021-10-03,全国,豪华型,,,,,0.5207,907.01,472.280107,酒店之家
2021W40,2021,40,2021-09-27,2021-10-03,全国,高档型,,,,,0.5436,421.55,229.15458,酒店之家
2021W41,2021,41,2021-10-04,2021-10-10,全国,中档型,,,,,0.5309,241.96,128.456564,酒店之家
2021W41,2021,41,2021-10-04,2021-10-10,全国,全部,,,,,0.5705,207.45,118.350225,酒店之家
2021W41,2021,41,2021-10-04,2021-10-10,全国,经济型,,,,,0.588,141.95,83.4666,酒店之家
2021W41,2021,41,2021-10-04,2021-10-10,全国,豪华型,,,,,0.4669,839.22,391.831818,酒店之家
2021W41,2021,41,2021-10-04,2021-10-10,全国,高档型,,,,,0.4749,381.89,181.359561,酒店之家
2021W42,2021,42,2021-10-11,2021-10-17,全国,中档型,,,,,0.6131,223.23,136.862313,酒店之家
2021W42,2021,42,2021-10-11,2021-10-17,全国,全部,,,,,0.6189,186.56,115.461984,酒店之家
2021W42,2021,42,2021-10-11,2021-10-17,全国,经济型,,,,,0.6243,132.46,82.694778,酒店之家
2021W42,2021,42,2021-10-11,2021-10-17,全国,豪华型,,,,,0.5099,732.42,373.460958,酒店之家
2021W42,2021,42,2021-10-11,2021-10-17,全国,高档型,,,,,0.5338,348.94,186.264172,酒店之家
2021W43,2021,43,2021-10-18,2021-10-24,全国,中档型,,,,,0.5906,221.83,131.012798,酒店之家
2021W43,2021,43,2021-10-18,2021-10-24,全国,全部,,,,,0.6083,185.25,112.687575,酒店之家
2021W43,2021,43,2021-10-18,2021-10-24,全国,经济型,,,,,0.6167,131.67,81.200889,酒店之家
2021W43,2021,43,2021-10-18,2021-10-24,全国,豪华型,,,,,0.5197,739.45,384.292165,酒店之家
2021W43,2021,43,2021-10-18,2021-10-24,全国,高档型,,,,,0.5658,349.05,197.49249,酒店之家
2021W44,2021,44,2021-10-25,2021-10-31,全国,中档型,,,,,0.5294,213.51,113.032194,酒店之家
2021W44,2021,44,2021-10-25,2021-10-31,全国,全部,,,,,0.5516,177.92,98.140672,酒店之家
2021W44,2021,44,2021-10-25,2021-10-31,全国,经济型,,,,,0.5628,129.07,72.640596,酒店之家
2021W44,2021,44,2021-10-25,2021-10-31,全国,豪华型,,,,,0.4808,704.22,338.588976,酒店之家
2021W44,2021,44,2021-10-25,2021-10-31,全国,高档型,,,,,0.4304,332.7,143.19408,酒店之家
2021W45,2021,45,2021-11-01,2021-11-07,全国,中档型,,,,,0.4802,206.35,99.08927,酒店之家
2021W45,2021,45,2021-11-01,2021-11-07,全国,全部,,,,,0.5082,172.54,87.684828,酒店之家
2021W45,2021,45,2021-11-01,2021-11-07,全国,经济型,,,,,0.5207,126.03,65.623821,酒店之家
2021W45,2021,45,2021-11-01,2021-11-07,全国,豪华型,,,,,0.4856,674.85,327.70716,酒店之家
2021W45,2021,45,2021-11-01,2021-11-07,全国,高档型,,,,,0.3889,319.9,124.40911,酒店之家
2021W46,2021,46,2021-11-08,2021-11-14,全国,中档型,,,,,0.4803,202.89,97.448067,酒店之家
2021W46,2021,46,2021-11-08,2021-11-14,全国,全部,,,,,0.5105,170.26,86.91773,酒店之家
2021W46,2021,46,2021-11-08,2021-11-14,全国,经济型,,,,,0.5244,124.47,65.272068,酒店之家
2021W46,2021,46,2021-11-08,2021-11-14,全国,豪华型,,,,,0.4419,667.39,294.919641,酒店之家
2021W46,2021,46,2021-11-08,2021-11-14,全国,高档型,,,,,0.3694,313.57,115.832758,酒店之家
2021W47,2021,47,2021-11-15,2021-11-21,全国,中档型,,,,,0.5109,201.59,102.992331,酒店之家
2021W47,2021,47,2021-11-15,2021-11-21,全国,全部,,,,,0.5349,169.66,90.751134,酒店之家
2021W47,2021,47,2021-11-15,2021-11-21,全国,经济型,,,,,0.5462,124.1,67.78342,酒店之家
2021W47,2021,47,2021-11-15,2021-11-21,全国,豪华型,,,,,0.4778,660.73,315.696794,酒店之家
2021W47,2021,47,2021-11-15,2021-11-21,全国,高档型,,,,,0.4196,314.12,131.804752,酒店之家
2021W48,2021,48,2021-11-22,2021-11-28,全国,中档型,,,,,0.5359,204.54,109.612986,酒店之家
2021W48,2021,48,2021-11-22,2021-11-28,全国,全部,,,,,0.5579,172.03,95.975537,酒店之家
2021W48,2021,48,2021-11-22,2021-11-28,全国,经济型,,,,,0.5686,126.02,71.654972,酒店之家
2021W48,2021,48,2021-11-22,2021-11-28,全国,豪华型,,,,,0.4641,660.89,306.719049,酒店之家
2021W48,2021,48,2021-11-22,2021-11-28,全国,高档型,,,,,0.4564,315.62,144.048968,酒店之家
2021W49,2021,49,2021-11-29,2021-12-05,全国,中档型,,,,,0.5287,202.62,107.125194,酒店之家
2021W49,2021,49,2021-11-29,2021-12-05,全国,全部,,,,,0.5537,169.82,94.029334,酒店之家
2021W49,2021,49,2021-11-29,2021-12-05,全国,经济型,,,,,0.5664,124.25,70.3752,酒店之家
2021W49,2021,49,2021-11-29,2021-12-05,全国,豪华型,,,,,0.4326,653.68,282.781968,酒店之家
2021W49,2021,49,2021-11-29,2021-12-05,全国,高档型,,,,,0.4319,311.81,134.670739,酒店之家
2021W50,2021,50,2021-12-06,2021-12-12,全国,中档型,,,,,0.5369,202.63,108.792047,酒店之家
2021W50,2021,50,2021-12-06,2021-12-12,全国,全部,,,,,0.5599,170.76,95.608524,酒店之家
2021W50,2021,50,2021-12-06,2021-12-12,全国,经济型,,,,,0.5714,124.63,71.213582,酒店之家
2021W50,2021,50,2021-12-06,2021-12-12,全国,豪华型,,,,,0.4452,663.49,295.385748,酒店之家
2021W50,2021,50,2021-12-06,2021-12-12,全国,高档型,,,,,0.4555,314.07,143.058885,酒店之家
2021W51,2021,51,2021-12-13,2021-12-19,全国,中档型,,,,,0.5305,201.21,106.741905,酒店之家
2021W51,2021,51,2021-12-13,2021-12-19,全国,全部,,,,,0.5547,169.02,93.755394,酒店之家
2021W51,2021,51,2021-12-13,2021-12-19,全国,经济型,,,,,0.5669,124.04,70.318276,酒店之家
2021W51,2021,51,2021-12-13,2021-12-19,全国,豪华型,,,,,0.4222,668.14,282.088708,酒店之家
2021W51,2021,51,2021-12-13,2021-12-19,全国,高档型,,,,,0.4408,311.16,137.159328,酒店之家
2021W52,2021,52,2021-12-20,2021-12-26,全国,中档型,,,,,0.5417,209.12,113.280304,酒店之家
2021W52,2021,52,2021-12-20,2021-12-26,全国,全部,,,,,0.5711,177.28,101.244608,酒店之家
2021W52,2021,52,2021-12-20,2021-12-26,全国,经济型,,,,,0.5862,130.82,76.686684,酒店之家
2021W52,2021,52,2021-12-20,2021-12-26,全国,豪华型,,,,,0.3978,696.27,276.976206,酒店之家
2021W52,2021,52,2021-12-20,2021-12-26,全国,高档型,,,,,0.439,318.21,139.69419,酒店之家
2022W01,2022,1,2021-12-27,2022-01-02,全国,中档型,,,,,0.5419,213.5,115.69565,酒店之家
2022W01,2022,1,2021-12-27,2022-01-02,全国,全部,,,,,0.5751,182.29,104.834979,酒店之家
2022W01,2022,1,2021-12-27,2022-01-02,全国,经济型,,,,,0.5935,132.82,78.82867,酒店之家
2022W01,2022,1,2021-12-27,2022-01-02,全国,豪华型,,,,,0.4385,746.67,327.414795,酒店之家
2022W01,2022,1,2021-12-27,2022-01-02,全国,高档型,,,,,0.4955,325.21,161.141555,酒店之家
2022W02,2022,2,2022-01-03,2022-01-09,全国,中档型,,,,,0.5003,198.02,99.069406,酒店之家
2022W02,2022,2,2022-01-03,2022-01-09,全国,全部,,,,,0.5203,165.91,86.322973,酒店之家
2022W02,2022,2,2022-01-03,2022-01-09,全国,经济型,,,,,0.5384,123.08,66.266272,酒店之家
2022W02,2022,2,2022-01-03,2022-01-09,全国,豪华型,,,,,0.3959,665.43,263.443737,酒店之家
2022W02,2022,2,2022-01-03,2022-01-09,全国,高档型,,,,,0.424,304.63,129.16312,酒店之家
2022W03,2022,3,2022-01-10,2022-01-16,全国,中档型,,,,,0.5218,198.04,103.337272,酒店之家
2022W03,2022,3,2022-01-10,2022-01-16,全国,全部,,,,,0.5242,167.99,88.060358,酒店之家
2022W03,2022,3,2022-01-10,2022-01-16,全国,经济型,,,,,0.5364,123.46,66.223944,酒店之家
2022W03,2022,3,2022-01-10,2022-01-16,全国,豪华型,,,,,0.3914,654.61,256.214354,酒店之家
2022W03,2022,3,2022-01-10,2022-01-16,全国,高档型,,,,,0.4273,305.41,130.501693,酒店之家
2022W04,2022,4,2022-01-17,2022-01-23,全国,中档型,,,,,0.4902,194.98,95.579196,酒店之家
2022W04,2022,4,2022-01-17,2022-01-23,全国,全部,,,,,0.4972,167.34,83.201448,酒店之家
2022W04,2022,4,2022-01-17,2022-01-23,全国,经济型,,,,,0.5095,122.96,62.64812,酒店之家
2022W04,2022,4,2022-01-17,2022-01-23,全国,豪华型,,,,,0.3872,663.58,256.938176,酒店之家
2022W04,2022,4,2022-01-17,2022-01-23,全国,高档型,,,,,0.4196,297.68,124.906528,酒店之家
2022W05,2022,5,2022-01-24,2022-01-30,全国,中档型,,,,,0.3921,194.21,76.149741,酒店之家
2022W05,2022,5,2022-01-24,2022-01-30,全国,全部,,,,,0.4037,174.3,70.36491,酒店之家
2022W05,2022,5,2022-01-24,2022-01-30,全国,经济型,,,,,0.4123,124.4,51.29012,酒店之家
2022W05,2022,5,2022-01-24,2022-01-30,全国,豪华型,,,,,0.3576,714.45,255.48732,酒店之家
2022W05,2022,5,2022-01-24,2022-01-30,全国,高档型,,,,,0.3792,300.61,113.991312,酒店之家
2022W06,2022,6,2022-01-31,2022-02-06,全国,中档型,,,,,0.3998,228,91.1544,酒店之家
2022W06,2022,6,2022-01-31,2022-02-06,全国,全部,,,,,0.4086,219.39,89.642754,酒店之家
2022W06,2022,6,2022-01-31,2022-02-06,全国,经济型,,,,,0.4086,143.7,58.71582,酒店之家
2022W06,2022,6,2022-01-31,2022-02-06,全国,豪华型,,,,,0.4697,938.21,440.677237,酒店之家
2022W06,2022,6,2022-01-31,2022-02-06,全国,高档型,,,,,0.4291,374.19,160.564929,酒店之家
2022W07,2022,7,2022-02-07,2022-02-13,全国,中档型,,,,,0.4978,202.98,101.043444,酒店之家
2022W07,2022,7,2022-02-07,2022-02-13,全国,全部,,,,,0.5175,178.19,92.213325,酒店之家
2022W07,2022,7,2022-02-07,2022-02-13,全国,经济型,,,,,0.5298,128.11,67.872678,酒店之家
2022W07,2022,7,2022-02-07,2022-02-13,全国,豪华型,,,,,0.4794,747.78,358.485732,酒店之家
2022W07,2022,7,2022-02-07,2022-02-13,全国,高档型,,,,,0.4673,314.87,147.138751,酒店之家
2022W08,2022,8,2022-02-14,2022-02-20,全国,中档型,,,,,0.5449,200.22,109.099878,酒店之家
2022W08,2022,8,2022-02-14,2022-02-20,全国,全部,,,,,0.5686,168.37,95.735182,酒店之家
2022W08,2022,8,2022-02-14,2022-02-20,全国,经济型,,,,,0.5877,125.74,73.897398,酒店之家
2022W08,2022,8,2022-02-14,2022-02-20,全国,豪华型,,,,,0.4782,666.51,318.725082,酒店之家
2022W08,2022,8,2022-02-14,2022-02-20,全国,高档型,,,,,0.4659,304.01,141.638259,酒店之家
2022W09,2022,9,2022-02-21,2022-02-27,全国,中档型,,,,,0.5606,201.18,112.781508,酒店之家
2022W09,2022,9,2022-02-21,2022-02-27,全国,全部,,,,,0.5841,167.08,97.591428,酒店之家
2022W09,2022,9,2022-02-21,2022-02-27,全国,经济型,,,,,0.6039,125.07,75.529773,酒店之家
2022W09,2022,9,2022-02-21,2022-02-27,全国,豪华型,,,,,0.4914,649.4,319.11516,酒店之家
2022W09,2022,9,2022-02-21,2022-02-27,全国,高档型,,,,,0.4783,304,145.4032,酒店之家
2022W10,2022,10,2022-02-28,2022-03-06,全国,中档型,,,,,0.5306,200.39,106.326934,酒店之家
2022W10,2022,10,2022-02-28,2022-03-06,全国,全部,,,,,0.5492,165.97,91.150724,酒店之家
2022W10,2022,10,2022-02-28,2022-03-06,全国,经济型,,,,,0.5679,124.13,70.493427,酒店之家
2022W10,2022,10,2022-02-28,2022-03-06,全国,豪华型,,,,,0.4277,629.54,269.254258,酒店之家
2022W10,2022,10,2022-02-28,2022-03-06,全国,高档型,,,,,0.4561,301.42,137.477662,酒店之家
2022W11,2022,11,2022-03-07,2022-03-13,全国,中档型,,,,,0.5047,198.54,100.203138,酒店之家
2022W11,2022,11,2022-03-07,2022-03-13,全国,全部,,,,,0.5294,162.68,86.122792,酒店之家
2022W11,2022,11,2022-03-07,2022-03-13,全国,经济型,,,,,0.551,124,68.324,酒店之家
2022W11,2022,11,2022-03-07,2022-03-13,全国,豪华型,,,,,0.4079,605.12,246.828448,酒店之家
2022W11,2022,11,2022-03-07,2022-03-13,全国,高档型,,,,,0.4383,296.83,130.100589,酒店之家
2022W12,2022,12,2022-03-14,2022-03-20,全国,中档型,,,,,0.4538,190.63,86.507894,酒店之家
2022W12,2022,12,2022-03-14,2022-03-20,全国,全部,,,,,0.4662,155.85,72.65727,酒店之家
2022W12,2022,12,2022-03-14,2022-03-20,全国,经济型,,,,,0.4807,121,58.1647,酒店之家
2022W12,2022,12,2022-03-14,2022-03-20,全国,豪华型,,,,,0.3674,576.94,211.967756,酒店之家
2022W12,2022,12,2022-03-14,2022-03-20,全国,高档型,,,,,0.3919,282.62,110.758778,酒店之家
2022W13,2022,13,2022-03-21,2022-03-27,全国,中档型,,,,,0.4307,187.44,80.730408,酒店之家
2022W13,2022,13,2022-03-21,2022-03-27,全国,全部,,,,,0.4437,155.18,68.853366,酒店之家
2022W13,2022,13,2022-03-21,2022-03-27,全国,经济型,,,,,0.4565,120.93,55.204545,酒店之家
2022W13,2022,13,2022-03-21,2022-03-27,全国,豪华型,,,,,0.3486,580.19,202.254234,酒店之家
2022W13,2022,13,2022-03-21,2022-03-27,全国,高档型,,,,,0.3919,278.26,109.050094,酒店之家
2022W14,2022,14,2022-03-28,2022-04-03,全国,中档型,,,,,0.4236,188.86,80.001096,酒店之家
2022W14,2022,14,2022-03-28,2022-04-03,全国,全部,,,,,0.433,157.42,68.16286,酒店之家
2022W14,2022,14,2022-03-28,2022-04-03,全国,经济型,,,,,0.4444,121.34,53.923496,酒店之家
2022W14,2022,14,2022-03-28,2022-04-03,全国,豪华型,,,,,0.3435,600.41,206.240835,酒店之家
2022W14,2022,14,2022-03-28,2022-04-03,全国,高档型,,,,,0.3887,283.94,110.367478,酒店之家
2022W15,2022,15,2022-04-04,2022-04-10,全国,中档型,,,,,0.4018,186.35,74.87543,酒店之家
2022W15,2022,15,2022-04-04,2022-04-10,全国,全部,,,,,0.4124,154.69,63.794156,酒店之家
2022W15,2022,15,2022-04-04,2022-04-10,全国,经济型,,,,,0.4248,119.33,50.691384,酒店之家
2022W15,2022,15,2022-04-04,2022-04-10,全国,豪华型,,,,,0.312,604.69,188.66328,酒店之家
2022W15,2022,15,2022-04-04,2022-04-10,全国,高档型,,,,,0.3702,283.89,105.096078,酒店之家
2022W16,2022,16,2022-04-11,2022-04-17,全国,中档型,,,,,0.4492,184.11,82.702212,酒店之家
2022W16,2022,16,2022-04-11,2022-04-17,全国,全部,,,,,0.447,151.74,67.82778,酒店之家
2022W16,2022,16,2022-04-11,2022-04-17,全国,经济型,,,,,0.4576,117.95,53.97392,酒店之家
2022W16,2022,16,2022-04-11,2022-04-17,全国,豪华型,,,,,0.3138,568.63,178.436094,酒店之家
2022W16,2022,16,2022-04-11,2022-04-17,全国,高档型,,,,,0.3722,275.65,102.59693,酒店之家
2022W17,2022,17,2022-04-18,2022-04-24,全国,中档型,,,,,0.4687,185.2,86.80324,酒店之家
2022W17,2022,17,2022-04-18,2022-04-24,全国,全部,,,,,0.4617,153.58,70.907886,酒店之家
2022W17,2022,17,2022-04-18,2022-04-24,全国,经济型,,,,,0.4712,118.29,55.738248,酒店之家
2022W17,2022,17,2022-04-18,2022-04-24,全国,豪华型,,,,,0.317,570.91,180.97847,酒店之家
2022W17,2022,17,2022-04-18,2022-04-24,全国,高档型,,,,,0.3827,277.27,106.111229,酒店之家
2022W18,2022,18,2022-04-25,2022-05-01,全国,中档型,,,,,0.4837,196.89,95.235693,酒店之家
2022W18,2022,18,2022-04-25,2022-05-01,全国,全部,,,,,0.4955,166.57,82.535435,酒店之家
2022W18,2022,18,2022-04-25,2022-05-01,全国,经济型,,,,,0.5114,125.56,64.211384,酒店之家
2022W18,2022,18,2022-04-25,2022-05-01,全国,豪华型,,,,,0.3958,653.46,258.639468,酒店之家
2022W18,2022,18,2022-04-25,2022-05-01,全国,高档型,,,,,0.434,299.77,130.10018,酒店之家
2022W19,2022,19,2022-05-02,2022-05-08,全国,中档型,,,,,0.4451,191.35,85.169885,酒店之家
2022W19,2022,19,2022-05-02,2022-05-08,全国,全部,,,,,0.4609,161.57,74.467613,酒店之家
2022W19,2022,19,2022-05-02,2022-05-08,全国,经济型,,,,,0.4766,121.35,57.83541,酒店之家
2022W19,2022,19,2022-05-02,2022-05-08,全国,豪华型,,,,,0.3787,629.73,238.478751,酒店之家
2022W19,2022,19,2022-05-02,2022-05-08,全国,高档型,,,,,0.4187,293.62,122.938694,酒店之家
2022W20,2022,20,2022-05-09,2022-05-15,全国,中档型,,,,,0.4988,186.53,93.041164,酒店之家
2022W20,2022,20,2022-05-09,2022-05-15,全国,全部,,,,,0.497,156.2,77.6314,酒店之家
2022W20,2022,20,2022-05-09,2022-05-15,全国,经济型,,,,,0.5075,118.57,60.174275,酒店之家
2022W20,2022,20,2022-05-09,2022-05-15,全国,豪华型,,,,,0.364,564.46,205.46344,酒店之家
2022W20,2022,20,2022-05-09,2022-05-15,全国,高档型,,,,,0.4396,279.55,122.89018,酒店之家
2022W21,2022,21,2022-05-16,2022-05-22,全国,中档型,,,,,0.5317,190.91,101.506847,酒店之家
2022W21,2022,21,2022-05-16,2022-05-22,全国,全部,,,,,0.5297,159.63,84.556011,酒店之家
2022W21,2022,21,2022-05-16,2022-05-22,全国,经济型,,,,,0.5392,120.94,65.210848,酒店之家
2022W21,2022,21,2022-05-16,2022-05-22,全国,豪华型,,,,,0.4165,577.44,240.50376,酒店之家
2022W21,2022,21,2022-05-16,2022-05-22,全国,高档型,,,,,0.4687,283.78,133.007686,酒店之家
2022W22,2022,22,2022-05-23,2022-05-29,全国,中档型,,,,,0.5341,189.67,101.302747,酒店之家
2022W22,2022,22,2022-05-23,2022-05-29,全国,全部,,,,,0.5271,159.77,84.214767,酒店之家
2022W22,2022,22,2022-05-23,2022-05-29,全国,经济型,,,,,0.5346,119.64,63.959544,酒店之家
2022W22,2022,22,2022-05-23,2022-05-29,全国,豪华型,,,,,0.4114,577.8,237.70692,酒店之家
2022W22,2022,22,2022-05-23,2022-05-29,全国,高档型,,,,,0.4662,286.89,133.748118,酒店之家
2022W23,2022,23,2022-05-30,2022-06-05,全国,中档型,,,,,0.5101,197.35,100.668235,酒店之家
2022W23,2022,23,2022-05-30,2022-06-05,全国,全部,,,,,0.5287,168.75,89.218125,酒店之家
2022W23,2022,23,2022-05-30,2022-06-05,全国,经济型,,,,,0.547,124.86,68.29842,酒店之家
2022W23,2022,23,2022-05-30,2022-06-05,全国,豪华型,,,,,0.442,648.15,286.4823,酒店之家
2022W23,2022,23,2022-05-30,2022-06-05,全国,高档型,,,,,0.4826,302.58,146.025108,酒店之家
2022W24,2022,24,2022-06-06,2022-06-12,全国,中档型,,,,,0.5688,198.37,112.832856,酒店之家
2022W24,2022,24,2022-06-06,2022-06-12,全国,全部,,,,,0.5707,166.24,94.873168,酒店之家
2022W24,2022,24,2022-06-06,2022-06-12,全国,经济型,,,,,0.5847,123.97,72.485259,酒店之家
2022W24,2022,24,2022-06-06,2022-06-12,全国,豪华型,,,,,0.4362,607.73,265.091826,酒店之家
2022W24,2022,24,2022-06-06,2022-06-12,全国,高档型,,,,,0.4971,299.05,148.657755,酒店之家
2022W25,2022,25,2022-06-13,2022-06-19,全国,中档型,,,,,0.6009,201.64,121.165476,酒店之家
2022W25,2022,25,2022-06-13,2022-06-19,全国,全部,,,,,0.6006,169.35,101.71161,酒店之家
2022W25,2022,25,2022-06-13,2022-06-19,全国,经济型,,,,,0.6126,125.69,76.997694,酒店之家
2022W25,2022,25,2022-06-13,2022-06-19,全国,豪华型,,,,,0.4627,625.01,289.192127,酒店之家
2022W25,2022,25,2022-06-13,2022-06-19,全国,高档型,,,,,0.5438,306.19,166.506122,酒店之家
2022W26,2022,26,2022-06-20,2022-06-26,全国,中档型,,,,,0.6173,204.78,126.410694,酒店之家
2022W26,2022,26,2022-06-20,2022-06-26,全国,全部,,,,,0.6172,172.38,106.392936,酒店之家
2022W26,2022,26,2022-06-20,2022-06-26,全国,经济型,,,,,0.6292,126.49,79.587508,酒店之家
2022W26,2022,26,2022-06-20,2022-06-26,全国,豪华型,,,,,0.4874,649.94,316.780756,酒店之家
2022W26,2022,26,2022-06-20,2022-06-26,全国,高档型,,,,,0.5589,313.1,174.99159,酒店之家
2022W27,2022,27,2022-06-27,2022-07-03,全国,中档型,,,,,0.6127,211.64,129.671828,酒店之家
2022W27,2022,27,2022-06-27,2022-07-03,全国,全部,,,,,0.6158,178.97,110.209726,酒店之家
2022W27,2022,27,2022-06-27,2022-07-03,全国,经济型,,,,,0.6284,129.24,81.214416,酒店之家
2022W27,2022,27,2022-06-27,2022-07-03,全国,豪华型,,,,,0.4912,707.08,347.317696,酒店之家
2022W27,2022,27,2022-06-27,2022-07-03,全国,高档型,,,,,0.5698,326.74,186.176452,酒店之家
2022W28,2022,28,2022-07-04,2022-07-10,全国,中档型,,,,,0.6572,225.57,148.244604,酒店之家
2022W28,2022,28,2022-07-04,2022-07-10,全国,全部,,,,,0.6491,190.62,123.731442,酒店之家
2022W28,2022,28,2022-07-04,2022-07-10,全国,经济型,,,,,0.6558,135.67,88.972386,酒店之家
2022W28,2022,28,2022-07-04,2022-07-10,全国,豪华型,,,,,0.5135,766.07,393.376945,酒店之家
2022W28,2022,28,2022-07-04,2022-07-10,全国,高档型,,,,,0.6182,350.54,216.703828,酒店之家
2022W29,2022,29,2022-07-11,2022-07-17,全国,中档型,,,,,0.6529,232.32,151.681728,酒店之家
2022W29,2022,29,2022-07-11,2022-07-17,全国,全部,,,,,0.6431,196.76,126.536356,酒店之家
2022W29,2022,29,2022-07-11,2022-07-17,全国,经济型,,,,,0.6461,138.38,89.407318,酒店之家
2022W29,2022,29,2022-07-11,2022-07-17,全国,豪华型,,,,,0.534,789.73,421.71582,酒店之家
2022W29,2022,29,2022-07-11,2022-07-17,全国,高档型,,,,,0.6273,364.4,228.58812,酒店之家
2022W30,2022,30,2022-07-18,2022-07-24,全国,中档型,,,,,0.6661,238.38,158.784918,酒店之家
2022W30,2022,30,2022-07-18,2022-07-24,全国,全部,,,,,0.6497,201.89,131.167933,酒店之家
2022W30,2022,30,2022-07-18,2022-07-24,全国,经济型,,,,,0.6494,140.99,91.558906,酒店之家
2022W30,2022,30,2022-07-18,2022-07-24,全国,豪华型,,,,,0.5636,811.23,457.209228,酒店之家
2022W30,2022,30,2022-07-18,2022-07-24,全国,高档型,,,,,0.6233,373.88,233.039404,酒店之家
2022W31,2022,31,2022-07-25,2022-07-31,全国,中档型,46345,3328478,39728,3267810,0.6745,246.59,166.324955,酒店之家
2022W31,2022,31,2022-07-25,2022-07-31,全国,全部,441662,17407704,310838,16386442,0.66,210.11,138.6726,酒店之家
2022W31,2022,31,2022-07-25,2022-07-31,全国,经济型,372037,10480427,249364,9535382,0.6587,144.89,95.439043,酒店之家
2022W31,2022,31,2022-07-25,2022-07-31,全国,豪华型,4524,1207691,4452,1206966,0.5696,845.02,481.323392,酒店之家
2022W31,2022,31,2022-07-25,2022-07-31,全国,高档型,18756,2391108,17294,2376284,0.5752,386.76,222.464352,酒店之家
2022W32,2022,32,2022-08-01,2022-08-07,全国,中档型,46434,3331331,39788,3270354,0.6821,258.95,176.629795,酒店之家
2022W32,2022,32,2022-08-01,2022-08-07,全国,全部,442008,17415043,311023,16389931,0.6757,218,147.3026,酒店之家
2022W32,2022,32,2022-08-01,2022-08-07,全国,经济型,372181,10475334,249395,9526950,0.6791,151.35,102.781785,酒店之家
2022W32,2022,32,2022-08-01,2022-08-07,全国,豪华型,4543,1209766,4470,1209028,0.582,878.1,511.0542,酒店之家
2022W32,2022,32,2022-08-01,2022-08-07,全国,高档型,18850,2398612,17370,2383599,0.5946,402.83,239.522718,酒店之家
2022W33,2022,33,2022-08-08,2022-08-14,全国,中档型,46575,3338583,39889,3277174,0.6349,253.48,160.934452,酒店之家
2022W33,2022,33,2022-08-08,2022-08-14,全国,全部,443360,17455816,312080,16425131,0.6305,213.44,134.57392,酒店之家
2022W33,2022,33,2022-08-08,2022-08-14,全国,经济型,373321,10505335,250295,9551938,0.6335,146.17,92.598695,酒店之家
2022W33,2022,33,2022-08-08,2022-08-14,全国,豪华型,4553,1210811,4479,1210065,0.5373,864.6,464.54958,酒店之家
2022W33,2022,33,2022-08-08,2022-08-14,全国,高档型,18911,2401087,17417,2385954,0.561,401.72,225.36492,酒店之家
2022W34,2022,34,2022-08-15,2022-08-21,全国,中档型,46706,3340869,39963,3279011,0.6219,237.75,147.856725,酒店之家
2022W34,2022,34,2022-08-15,2022-08-21,全国,全部,456275,17508314,313018,16449908,0.6293,198.76,125.079668,酒店之家
2022W34,2022,34,2022-08-15,2022-08-21,全国,经济型,386019,10548257,251090,9567731,0.6376,139.63,89.028088,酒店之家
2022W34,2022,34,2022-08-15,2022-08-21,全国,豪华型,4569,1214232,4493,1213469,0.514,837.65,430.5521,酒店之家
2022W34,2022,34,2022-08-15,2022-08-21,全国,高档型,18981,2404956,17472,2389697,0.5708,378.83,216.236164,酒店之家
2022W35,2022,35,2022-08-22,2022-08-28,全国,中档型,46596,3327479,39850,3265626,0.5682,221.65,125.94153,酒店之家
2022W35,2022,35,2022-08-22,2022-08-28,全国,全部,455152,17484712,312711,16427210,0.5783,184.92,106.939236,酒店之家
2022W35,2022,35,2022-08-22,2022-08-28,全国,经济型,384946,10532401,250842,9552836,0.5902,133.39,78.726778,酒店之家
2022W35,2022,35,2022-08-22,2022-08-28,全国,豪华型,4586,1216811,4509,1216034,0.4532,769.03,348.524396,酒店之家
2022W35,2022,35,2022-08-22,2022-08-28,全国,高档型,19024,2408021,17510,2392714,0.4698,351.19,164.989062,酒店之家
2022W36,2022,36,2022-08-29,2022-09-04,全国,中档型,46578,3328708,39842,3266892,0.5178,209.54,108.499812,酒店之家
2022W36,2022,36,2022-08-29,2022-09-04,全国,全部,454410,17468692,312461,16411056,0.5303,174.55,92.563865,酒店之家
2022W36,2022,36,2022-08-29,2022-09-04,全国,经济型,384187,10515380,250572,9535710,0.5435,129.56,70.41586,酒店之家
2022W36,2022,36,2022-08-29,2022-09-04,全国,豪华型,4591,1215593,4514,1214801,0.3744,688.36,257.721984,酒店之家
2022W36,2022,36,2022-08-29,2022-09-04,全国,高档型,19054,2409011,17533,2393653,0.3911,325.71,127.385181,酒店之家
2022W37,2022,37,2022-09-05,2022-09-11,全国,中档型,46627,3328735,39845,3266591,0.4868,210.67,102.554156,酒店之家
2022W37,2022,37,2022-09-05,2022-09-11,全国,全部,454568,17489630,312921,16427702,0.5013,179.09,89.777817,酒店之家
2022W37,2022,37,2022-09-05,2022-09-11,全国,经济型,384209,10526284,250961,9542834,0.514,130.16,66.90224,酒店之家
2022W37,2022,37,2022-09-05,2022-09-11,全国,豪华型,4612,1221523,4532,1220702,0.3628,725.78,263.312984,酒店之家
2022W37,2022,37,2022-09-05,2022-09-11,全国,高档型,19120,2413088,17583,2397575,0.3989,329.16,131.301924,酒店之家
2022W38,2022,38,2022-09-12,2022-09-18,全国,中档型,46733,3335541,39924,3273163,0.5178,203.8,105.52764,酒店之家
2022W38,2022,38,2022-09-12,2022-09-18,全国,全部,460166,17516176,313362,16439964,0.5265,170.96,90.01044,酒店之家
2022W38,2022,38,2022-09-12,2022-09-18,全国,经济型,389659,10542496,251296,9545164,0.5362,125.6,67.34672,酒店之家
2022W38,2022,38,2022-09-12,2022-09-18,全国,豪华型,4616,1222021,4535,1221184,0.3514,674.78,237.117692,酒店之家
2022W38,2022,38,2022-09-12,2022-09-18,全国,高档型,19158,2416118,17607,2400453,0.4485,316.41,141.909885,酒店之家
2022W39,2022,39,2022-09-19,2022-09-25,全国,中档型,46897,3342927,40029,3280066,0.5558,207.73,115.456334,酒店之家
2022W39,2022,39,2022-09-19,2022-09-25,全国,全部,458247,17539321,314043,16464130,0.5535,176.75,97.831125,酒店之家
2022W39,2022,39,2022-09-19,2022-09-25,全国,经济型,387477,10550470,251793,9554800,0.5565,125.95,70.091175,酒店之家
2022W39,2022,39,2022-09-19,2022-09-25,全国,豪华型,4627,1222400,4546,1221570,0.4324,691.85,299.15594,酒店之家
2022W39,2022,39,2022-09-19,2022-09-25,全国,高档型,19246,2423524,17675,2407694,0.4856,326.22,158.412432,酒店之家
2022W40,2022,40,2022-09-26,2022-10-02,全国,中档型,47155,3354433,40206,3290860,0.546,232.75,127.0815,酒店之家
2022W40,2022,40,2022-09-26,2022-10-02,全国,全部,457285,17556779,314267,16480156,0.5569,201.97,112.477093,酒店之家
2022W40,2022,40,2022-09-26,2022-10-02,全国,经济型,386096,10539850,251701,9543611,0.5676,141.87,80.525412,酒店之家
2022W40,2022,40,2022-09-26,2022-10-02,全国,豪华型,4655,1227978,4572,1227126,0.4456,826.5,368.2884,酒店之家
2022W40,2022,40,2022-09-26,2022-10-02,全国,高档型,19379,2434518,17788,2418559,0.4676,367.67,171.922492,酒店之家
2022W41,2022,41,2022-10-03,2022-10-09,全国,中档型,46924,3337316,40021,3274174,0.4969,230,114.287,酒店之家
2022W41,2022,41,2022-10-03,2022-10-09,全国,全部,452423,17475322,312851,16409516,0.51,200.88,102.4488,酒店之家
2022W41,2022,41,2022-10-03,2022-10-09,全国,经济型,381523,10482648,250523,9496734,0.5217,137.47,71.718099,酒店之家
2022W41,2022,41,2022-10-03,2022-10-09,全国,豪华型,4649,1226663,4566,1225817,0.4094,864.29,353.840326,酒店之家
2022W41,2022,41,2022-10-03,2022-10-09,全国,高档型,19327,2428695,17741,2412791,0.4201,374.41,157.289641,酒店之家
2022W42,2022,42,2022-10-10,2022-10-16,全国,中档型,46894,3331846,39969,3268495,0.4809,200.24,96.295416,酒店之家
2022W42,2022,42,2022-10-10,2022-10-16,全国,全部,433326,17399710,312196,16369154,0.4893,169.19,82.784667,酒店之家
2022W42,2022,42,2022-10-10,2022-10-16,全国,经济型,362459,10415430,249936,9465117,0.501,122.98,61.61298,酒店之家
2022W42,2022,42,2022-10-10,2022-10-16,全国,豪华型,4656,1227713,4572,1226864,0.3375,669.28,225.882,酒店之家
2022W42,2022,42,2022-10-10,2022-10-16,全国,高档型,19317,2424721,17719,2408678,0.3984,311.83,124.233072,酒店之家
2022W43,2022,43,2022-10-17,2022-10-23,全国,中档型,46911,3332164,39970,3268725,0.5008,198.52,99.418816,酒店之家
2022W43,2022,43,2022-10-17,2022-10-23,全国,全部,430909,17381475,312019,16353675,0.5056,167.51,84.693056,酒店之家
2022W43,2022,43,2022-10-17,2022-10-23,全国,经济型,359955,10390266,249701,9442947,0.5164,122.81,63.419084,酒店之家
2022W43,2022,43,2022-10-17,2022-10-23,全国,豪华型,4671,1230433,4586,1229576,0.3504,659.86,231.214944,酒店之家
2022W43,2022,43,2022-10-17,2022-10-23,全国,高档型,19372,2428612,17762,2412427,0.3967,307.43,121.957481,酒店之家
2022W44,2022,44,2022-10-24,2022-10-30,全国,中档型,46911,3330608,39961,3267082,0.518,197.68,102.39824,酒店之家
2022W44,2022,44,2022-10-24,2022-10-30,全国,全部,442322,17366199,311316,16310710,0.5175,167.89,86.883075,酒店之家
2022W44,2022,44,2022-10-24,2022-10-30,全国,经济型,371326,10375257,248977,9400441,0.526,123.06,64.72956,酒店之家
2022W44,2022,44,2022-10-24,2022-10-30,全国,豪华型,4677,1229738,4591,1228867,0.3389,666.36,225.829404,酒店之家
2022W44,2022,44,2022-10-24,2022-10-30,全国,高档型,19408,2430596,17787,2414320,0.4038,307.72,124.257336,酒店之家
2022W45,2022,45,2022-10-31,2022-11-06,全国,中档型,46736,3319204,39822,3255992,0.5186,198.1,102.73466,酒店之家
2022W45,2022,45,2022-10-31,2022-11-06,全国,全部,445103,17332512,310819,16268722,0.5218,167.35,87.32323,酒店之家
2022W45,2022,45,2022-10-31,2022-11-06,全国,经济型,374338,10359890,248678,9376519,0.5319,123.14,65.498166,酒店之家
2022W45,2022,45,2022-10-31,2022-11-06,全国,豪华型,4676,1229621,4589,1228739,0.3476,666.85,231.79706,酒店之家
2022W45,2022,45,2022-10-31,2022-11-06,全国,高档型,19353,2423797,17730,2407472,0.4194,308.17,129.246498,酒店之家
2022W46,2022,46,2022-11-07,2022-11-13,全国,中档型,46749,3315232,39814,3251889,0.5195,197.86,102.78827,酒店之家
2022W46,2022,46,2022-11-07,2022-11-13,全国,全部,445144,17319376,310851,16252243,0.5185,168.44,87.33614,酒店之家
2022W46,2022,46,2022-11-07,2022-11-13,全国,经济型,374360,10353221,248717,9366675,0.526,122.6,64.4876,酒店之家
2022W46,2022,46,2022-11-07,2022-11-13,全国,豪华型,4684,1230550,4597,1229672,0.347,671.7,233.0799,酒店之家
2022W46,2022,46,2022-11-07,2022-11-13,全国,高档型,19351,2420373,17723,2404007,0.4097,308.4,126.35148,酒店之家
2022W47,2022,47,2022-11-14,2022-11-20,全国,中档型,46782,3313713,39847,3250402,0.5397,197.64,106.666308,酒店之家
2022W47,2022,47,2022-11-14,2022-11-20,全国,全部,447850,17317101,310909,16241226,0.5351,170.65,91.314815,酒店之家
2022W47,2022,47,2022-11-14,2022-11-20,全国,经济型,377006,10350533,248719,9355264,0.5409,123.53,66.817377,酒店之家
2022W47,2022,47,2022-11-14,2022-11-20,全国,豪华型,4692,1231681,4605,1230797,0.3439,659.46,226.788294,酒店之家
2022W47,2022,47,2022-11-14,2022-11-20,全国,高档型,19370,2421174,17738,2404763,0.4292,307.47,131.966124,酒店之家
2022W48,2022,48,2022-11-21,2022-11-27,全国,中档型,46733,3304381,39769,3240849,0.5437,198.77,108.071249,酒店之家
2022W48,2022,48,2022-11-21,2022-11-27,全国,全部,448342,17314165,311403,16234394,0.5386,170.89,92.041354,酒店之家
2022W48,2022,48,2022-11-21,2022-11-27,全国,经济型,377543,10358280,249293,9359379,0.5437,124.42,67.647154,酒店之家
2022W48,2022,48,2022-11-21,2022-11-27,全国,豪华型,4690,1229880,4602,1228990,0.3802,661.67,251.566934,酒店之家
2022W48,2022,48,2022-11-21,2022-11-27,全国,高档型,19376,2421624,17739,2405176,0.4272,308.01,131.581872,酒店之家
2022W49,2022,49,2022-11-28,2022-12-04,全国,中档型,46540,3285314,39595,3221948,0.5214,195.84,102.110976,酒店之家
2022W49,2022,49,2022-11-28,2022-12-04,全国,全部,447900,17249994,310591,16169954,0.515,167.27,86.14405,酒店之家
2022W49,2022,49,2022-11-28,2022-12-04,全国,经济型,377373,10326516,248736,9327191,0.5187,124.41,64.531467,酒店之家
2022W49,2022,49,2022-11-28,2022-12-04,全国,豪华型,4684,1226467,4593,1225557,0.3411,644.15,219.719565,酒店之家
2022W49,2022,49,2022-11-28,2022-12-04,全国,高档型,19303,2411697,17667,2395258,0.4167,303.13,126.314271,酒店之家
2022W50,2022,50,2022-12-05,2022-12-11,全国,中档型,46718,3295298,39742,3231604,0.5381,197.78,106.425418,酒店之家
2022W50,2022,50,2022-12-05,2022-12-11,全国,全部,448847,17284344,311236,16200116,0.5316,167.27,88.920732,酒店之家
2022W50,2022,50,2022-12-05,2022-12-11,全国,经济型,378063,10342167,249159,9339012,0.5351,124.68,66.716268,酒店之家
2022W50,2022,50,2022-12-05,2022-12-11,全国,豪华型,4698,1229248,4608,1228347,0.3911,649.93,254.187623,酒店之家
2022W50,2022,50,2022-12-05,2022-12-11,全国,高档型,19368,2417631,17727,2401153,0.4239,303.11,128.488329,酒店之家
2022W51,2022,51,2022-12-12,2022-12-18,全国,中档型,46971,3318570,39964,3254628,0.5581,201.92,112.691552,酒店之家
2022W51,2022,51,2022-12-12,2022-12-18,全国,全部,451132,17351182,311909,16261367,0.5611,171.41,96.178151,酒店之家
2022W51,2022,51,2022-12-12,2022-12-18,全国,经济型,380003,10369209,249518,9360746,0.57,127.08,72.4356,酒店之家
2022W51,2022,51,2022-12-12,2022-12-18,全国,豪华型,4715,1232703,4625,1231795,0.3992,668.98,267.056816,酒店之家
2022W51,2022,51,2022-12-12,2022-12-18,全国,高档型,19443,2430700,17802,2414198,0.4625,304.7,140.92375,酒店之家
2022W52,2022,52,2022-12-19,2022-12-25,全国,中档型,47089,3325447,40050,3261222,0.4993,209.35,104.528455,酒店之家
2022W52,2022,52,2022-12-19,2022-12-25,全国,全部,465998,17405658,312457,16284380,0.5116,178.6,91.37176,酒店之家
2022W52,2022,52,2022-12-19,2022-12-25,全国,经济型,394696,10409261,249931,9369667,0.5241,133.56,69.998796,酒店之家
2022W52,2022,52,2022-12-19,2022-12-25,全国,豪华型,4723,1234218,4631,1233296,0.4105,713.43,292.863015,酒店之家
2022W52,2022,52,2022-12-19,2022-12-25,全国,高档型,19490,2436732,17845,2420195,0.4191,308.66,129.359406,酒店之家
2023W01,2023,1,2022-12-26,2023-01-01,全国,中档型,47729,3334587,40255,3266334,0.5002,208.74,104.411748,酒店之家
2023W01,2023,1,2022-12-26,2023-01-01,全国,全部,464129,17370209,311975,16254983,0.5031,185.52,93.335112,酒店之家
2023W01,2023,1,2022-12-26,2023-01-01,全国,经济型,392355,10382787,249362,9352770,0.5074,131.32,66.631768,酒店之家
2023W01,2023,1,2022-12-26,2023-01-01,全国,豪华型,4705,1231893,4620,1231020,0.4346,805.45,350.04857,酒店之家
2023W01,2023,1,2022-12-26,2023-01-01,全国,高档型,19340,2420942,17738,2404859,0.4867,318.32,154.926344,酒店之家
2023W02,2023,2,2023-01-02,2023-01-08,全国,中档型,47980,3355240,40470,3286683,0.527,205.92,108.51984,酒店之家
2023W02,2023,2,2023-01-02,2023-01-08,全国,全部,465075,17418829,312383,16303072,0.5238,180.02,94.294476,酒店之家
2023W02,2023,2,2023-01-02,2023-01-08,全国,经济型,392824,10377851,249349,9347788,0.5252,128.75,67.6195,酒店之家
2023W02,2023,2,2023-01-02,2023-01-08,全国,豪华型,4744,1240927,4656,1240015,0.4845,725.96,351.72762,酒店之家
2023W02,2023,2,2023-01-02,2023-01-08,全国,高档型,19527,2444811,17908,2428586,0.4575,314,143.655,酒店之家
2023W03,2023,3,2023-01-09,2023-01-15,全国,中档型,49005,3389674,41008,3316713,0.5732,215.32,123.421424,酒店之家
2023W03,2023,3,2023-01-09,2023-01-15,全国,全部,469180,17528657,314232,16403604,0.5519,191.99,105.959281,酒店之家
2023W03,2023,3,2023-01-09,2023-01-15,全国,经济型,395732,10417565,250497,9382640,0.541,132.43,71.64463,酒店之家
2023W03,2023,3,2023-01-09,2023-01-15,全国,豪华型,4768,1249344,4682,1248457,0.519,758.67,393.74973,酒店之家
2023W03,2023,3,2023-01-09,2023-01-15,全国,高档型,19675,2472074,18045,2455794,0.5215,331.51,172.882465,酒店之家
2023W04,2023,4,2023-01-16,2023-01-22,全国,中档型,49415,3419510,41336,3345910,0.4339,234.06,101.558634,酒店之家
2023W04,2023,4,2023-01-16,2023-01-22,全国,全部,469415,17592774,314938,16465855,0.4249,226.45,96.218605,酒店之家
2023W04,2023,4,2023-01-16,2023-01-22,全国,经济型,395334,10425390,250664,9389345,0.4132,144.25,59.6041,酒店之家
2023W04,2023,4,2023-01-16,2023-01-22,全国,豪华型,4812,1257944,4722,1257026,0.511,884.46,451.95906,酒店之家
2023W04,2023,4,2023-01-16,2023-01-22,全国,高档型,19854,2489930,18216,2473574,0.4861,371.73,180.697953,酒店之家
2023W05,2023,5,2023-01-23,2023-01-29,全国,中档型,49435,3423802,41365,3350311,0.6205,289.86,179.85813,酒店之家
2023W05,2023,5,2023-01-23,2023-01-29,全国,全部,467727,17594593,314719,16473193,0.5965,267.89,159.796385,酒店之家
2023W05,2023,5,2023-01-23,2023-01-29,全国,经济型,393608,10418357,250399,9387751,0.5835,172.47,100.636245,酒店之家
2023W05,2023,5,2023-01-23,2023-01-29,全国,豪华型,4808,1259282,4720,1258378,0.5419,1000.22,542.019218,酒店之家
2023W05,2023,5,2023-01-23,2023-01-29,全国,高档型,19876,2493152,18235,2476753,0.6459,446.39,288.323301,酒店之家
2023W06,2023,6,2023-01-30,2023-02-05,全国,中档型,49745,3435334,41511,3360529,0.589,237.71,140.01119,酒店之家
2023W06,2023,6,2023-01-30,2023-02-05,全国,全部,467721,17612387,314935,16492515,0.5887,207.31,122.043397,酒店之家
2023W06,2023,6,2023-01-30,2023-02-05,全国,经济型,393254,10418940,250430,9391179,0.5929,144.74,85.816346,酒店之家
2023W06,2023,6,2023-01-30,2023-02-05,全国,豪华型,4813,1260174,4723,1259258,0.4902,815.98,399.993396,酒店之家
2023W06,2023,6,2023-01-30,2023-02-05,全国,高档型,19909,2497939,18271,2481549,0.5448,362.31,197.386488,酒店之家
2023W07,2023,7,2023-02-06,2023-02-12,全国,中档型,49932,3448761,41668,3373762,0.6372,234.43,149.378796,酒店之家
2023W07,2023,7,2023-02-06,2023-02-12,全国,全部,470447,17710347,317305,16580567,0.6496,198.7,129.07552,酒店之家
2023W07,2023,7,2023-02-06,2023-02-12,全国,经济型,395702,10495302,252557,9457883,0.6626,142.46,94.393996,酒店之家
2023W07,2023,7,2023-02-06,2023-02-12,全国,豪华型,4820,1259238,4730,1258322,0.4729,772.75,365.433475,酒店之家
2023W07,2023,7,2023-02-06,2023-02-12,全国,高档型,19993,2507046,18350,2490600,0.5208,354.17,184.451736,酒店之家
2023W08,2023,8,2023-02-13,2023-02-19,全国,中档型,49960,3452893,41725,3378111,0.6632,240.73,159.652136,酒店之家
2023W08,2023,8,2023-02-13,2023-02-19,全国,全部,486490,17690343,315294,16530707,0.6741,202.71,136.646811,酒店之家
2023W08,2023,8,2023-02-13,2023-02-19,全国,经济型,411638,10459186,250404,9391588,0.6862,146.26,100.363612,酒店之家
2023W08,2023,8,2023-02-13,2023-02-19,全国,豪华型,4842,1263570,4752,1262654,0.4495,770.49,346.335255,酒店之家
2023W08,2023,8,2023-02-13,2023-02-19,全国,高档型,20050,2514694,18413,2498354,0.5191,359.78,186.761798,酒店之家
2023W09,2023,9,2023-02-20,2023-02-26,全国,中档型,50111,3461208,41848,3386220,0.6585,242.47,159.666495,酒店之家
2023W09,2023,9,2023-02-20,2023-02-26,全国,全部,486928,17726917,315906,16563907,0.6656,203.1,135.18336,酒店之家
2023W09,2023,9,2023-02-20,2023-02-26,全国,经济型,411821,10475341,250796,9404674,0.6753,147.46,99.579738,酒店之家
2023W09,2023,9,2023-02-20,2023-02-26,全国,豪华型,4857,1265390,4769,1264486,0.4339,765.33,332.076687,酒店之家
2023W09,2023,9,2023-02-20,2023-02-26,全国,高档型,20139,2524978,18493,2508527,0.5413,361.5,195.67995,酒店之家
2023W10,2023,10,2023-02-27,2023-03-05,全国,中档型,50200,3471122,41941,3396088,0.6251,238.2,148.89882,酒店之家
2023W10,2023,10,2023-02-27,2023-03-05,全国,全部,486799,17752083,316048,16588058,0.6317,200.4,126.59268,酒店之家
2023W10,2023,10,2023-02-27,2023-03-05,全国,经济型,411512,10473272,250760,9401706,0.641,144.63,92.70783,酒店之家
2023W10,2023,10,2023-02-27,2023-03-05,全国,豪华型,4876,1270141,4784,1269205,0.4017,755.5,303.48435,酒店之家
2023W10,2023,10,2023-02-27,2023-03-05,全国,高档型,20211,2537548,18563,2521059,0.5285,358.05,189.229425,酒店之家
2023W11,2023,11,2023-03-06,2023-03-12,全国,中档型,50429,3483251,42154,3408075,0.6282,238.27,149.681214,酒店之家
2023W11,2023,11,2023-03-06,2023-03-12,全国,全部,488548,17817383,317638,16645978,0.6309,199.34,125.763606,酒店之家
2023W11,2023,11,2023-03-06,2023-03-12,全国,经济型,412927,10516207,252038,9437445,0.6377,144.44,92.109388,酒店之家
2023W11,2023,11,2023-03-06,2023-03-12,全国,豪华型,4889,1271223,4797,1270279,0.407,754.99,307.28093,酒店之家
2023W11,2023,11,2023-03-06,2023-03-12,全国,高档型,20303,2546702,18649,2530179,0.5451,357.28,194.753328,酒店之家
2023W12,2023,12,2023-03-13,2023-03-19,全国,中档型,50692,3498909,42358,3423195,0.6385,242.14,154.60639,酒店之家
2023W12,2023,12,2023-03-13,2023-03-19,全国,全部,490075,17897028,319214,16717000,0.6381,204.39,130.421259,酒店之家
2023W12,2023,12,2023-03-13,2023-03-19,全国,经济型,414066,10566529,253292,9479742,0.6453,146.43,94.491279,酒店之家
2023W12,2023,12,2023-03-13,2023-03-19,全国,豪华型,4908,1274026,4815,1273075,0.4611,765.14,352.806054,酒店之家
2023W12,2023,12,2023-03-13,2023-03-19,全国,高档型,20409,2557564,18749,2540988,0.5487,364.23,199.853001,酒店之家
2023W13,2023,13,2023-03-20,2023-03-26,全国,中档型,50828,3506226,42465,3430190,0.6391,241.97,154.643027,酒店之家
2023W13,2023,13,2023-03-20,2023-03-26,全国,全部,495938,17933124,319878,16735979,0.6372,203.44,129.631968,酒店之家
2023W13,2023,13,2023-03-20,2023-03-26,全国,经济型,419746,10594531,253805,9490978,0.6445,146.27,94.271015,酒店之家
2023W13,2023,13,2023-03-20,2023-03-26,全国,豪华型,4916,1274208,4822,1273244,0.4313,774.45,334.020285,酒店之家
2023W13,2023,13,2023-03-20,2023-03-26,全国,高档型,20448,2558159,18786,2541567,0.5525,362.84,200.4691,酒店之家
2023W14,2023,14,2023-03-27,2023-04-02,全国,中档型,51751,3539196,42956,3459201,0.6203,243.52,151.055456,酒店之家
2023W14,2023,14,2023-03-27,2023-04-02,全国,全部,495409,17964426,320603,16764166,0.6197,204.57,126.772029,酒店之家
2023W14,2023,14,2023-03-27,2023-04-02,全国,经济型,418548,10594826,254169,9490841,0.6275,146.55,91.960125,酒店之家
2023W14,2023,14,2023-03-27,2023-04-02,全国,豪华型,4921,1277130,4822,1276121,0.417,770.95,321.48615,酒店之家
2023W14,2023,14,2023-03-27,2023-04-02,全国,高档型,20189,2553274,18656,2538003,0.5422,364.77,197.778294,酒店之家
2023W15,2023,15,2023-04-03,2023-04-09,全国,中档型,51914,3539889,43067,3459435,0.5922,242.33,143.507826,酒店之家
2023W15,2023,15,2023-04-03,2023-04-09,全国,全部,497916,18005623,321516,16798377,0.6023,203.78,122.736694,酒店之家
2023W15,2023,15,2023-04-03,2023-04-09,全国,经济型,420778,10621428,254871,9511046,0.6164,145.65,89.77866,酒店之家
2023W15,2023,15,2023-04-03,2023-04-09,全国,豪华型,4938,1278645,4837,1277613,0.409,787.83,322.22247,酒店之家
2023W15,2023,15,2023-04-03,2023-04-09,全国,高档型,20286,2565661,18741,2550283,0.5256,370.25,194.6034,酒店之家
2023W16,2023,16,2023-04-10,2023-04-16,全国,中档型,52137,3552319,43249,3471459,0.6551,256.38,167.954538,酒店之家
2023W16,2023,16,2023-04-10,2023-04-16,全国,全部,497636,18065393,323233,16854701,0.6554,214.11,140.327694,酒店之家
2023W16,2023,16,2023-04-10,2023-04-16,全国,经济型,420158,10659160,256304,9545884,0.6655,151.51,100.829905,酒店之家
2023W16,2023,16,2023-04-10,2023-04-16,全国,豪华型,4957,1281015,4854,1279963,0.4664,836.51,390.148264,酒店之家
2023W16,2023,16,2023-04-10,2023-04-16,全国,高档型,20384,2572899,18826,2557395,0.5543,391.43,216.969649,酒店之家
2023W17,2023,17,2023-04-17,2023-04-23,全国,中档型,52638,3571667,43614,3489610,0.6545,252.5,165.26125,酒店之家
2023W17,2023,17,2023-04-17,2023-04-23,全国,全部,499572,18150232,325257,16929648,0.6476,210.58,136.371608,酒店之家
2023W17,2023,17,2023-04-17,2023-04-23,全国,经济型,421465,10711554,257854,9589779,0.6539,149.83,97.973837,酒店之家
2023W17,2023,17,2023-04-17,2023-04-23,全国,豪华型,4983,1286559,4880,1285510,0.4266,813.87,347.196942,酒店之家
2023W17,2023,17,2023-04-17,2023-04-23,全国,高档型,20486,2580452,18909,2564749,0.5343,383.84,205.085712,酒店之家
2023W18,2023,18,2023-04-24,2023-04-30,全国,中档型,53188,3591052,43964,3507250,0.67,326.05,218.4535,酒店之家
2023W18,2023,18,2023-04-24,2023-04-30,全国,全部,502343,18254631,327539,17020108,0.6743,278.03,187.475629,酒店之家
2023W18,2023,18,2023-04-24,2023-04-30,全国,经济型,423383,10771560,259533,9638085,0.6854,194.78,133.502212,酒店之家
2023W18,2023,18,2023-04-24,2023-04-30,全国,豪华型,5032,1294417,4927,1293349,0.5303,1002.8,531.78484,酒店之家
2023W18,2023,18,2023-04-24,2023-04-30,全国,高档型,20740,2597602,19115,2581424,0.6037,484.72,292.625464,酒店之家
2023W19,2023,19,2023-05-01,2023-05-07,全国,中档型,53281,3592508,44033,3508565,0.5677,282.36,160.295772,酒店之家
2023W19,2023,19,2023-05-01,2023-05-07,全国,全部,503662,18279313,328367,17039082,0.5888,238.57,140.470016,酒店之家
2023W19,2023,19,2023-05-01,2023-05-07,全国,经济型,424595,10796280,260295,9657413,0.6091,169.83,103.443453,酒店之家
2023W19,2023,19,2023-05-01,2023-05-07,全国,豪华型,5036,1293171,4927,1292069,0.4718,899.84,424.544512,酒店之家
2023W19,2023,19,2023-05-01,2023-05-07,全国,高档型,20750,2597354,19112,2581035,0.5305,422.67,224.226435,酒店之家
2023W20,2023,20,2023-05-08,2023-05-14,全国,中档型,53496,3604648,44188,3520181,0.6164,247.17,152.355588,酒店之家
2023W20,2023,20,2023-05-08,2023-05-14,全国,全部,506459,18370021,330616,17116809,0.6082,206.81,125.781842,酒店之家
2023W20,2023,20,2023-05-08,2023-05-14,全国,经济型,427126,10869934,262336,9718578,0.6129,146.07,89.526303,酒店之家
2023W20,2023,20,2023-05-08,2023-05-14,全国,豪华型,5051,1294998,4944,1293915,0.4204,792.43,333.137572,酒店之家
2023W20,2023,20,2023-05-08,2023-05-14,全国,高档型,20786,2600441,19148,2584135,0.506,376.18,190.34708,酒店之家
2023W21,2023,21,2023-05-15,2023-05-21,全国,中档型,53687,3611217,44306,3526117,0.6379,248.14,158.288506,酒店之家
2023W21,2023,21,2023-05-15,2023-05-21,全国,全部,507745,18407367,331734,17146173,0.6344,207.18,131.434992,酒店之家
2023W21,2023,21,2023-05-15,2023-05-21,全国,经济型,428124,10892815,263262,9734328,0.6413,148.35,95.136855,酒店之家
2023W21,2023,21,2023-05-15,2023-05-21,全国,豪华型,5066,1297524,4958,1296435,0.4415,803.87,354.908605,酒店之家
2023W21,2023,21,2023-05-15,2023-05-21,全国,高档型,20868,2605811,19208,2589293,0.5532,375.04,207.472128,酒店之家
2023W22,2023,22,2023-05-22,2023-05-28,全国,中档型,53860,3616862,44427,3531290,0.6141,242.5,148.91925,酒店之家
2023W22,2023,22,2023-05-22,2023-05-28,全国,全部,504767,18401838,331714,17143039,0.6049,203.36,123.012464,酒店之家
2023W22,2023,22,2023-05-22,2023-05-28,全国,经济型,424894,10876480,263055,9720987,0.6082,144.16,87.678112,酒店之家
2023W22,2023,22,2023-05-22,2023-05-28,全国,豪华型,5081,1300411,4971,1299298,0.4259,794.65,338.441435,酒店之家
2023W22,2023,22,2023-05-22,2023-05-28,全国,高档型,20932,2608085,19261,2591464,0.5078,369.57,187.667646,酒店之家
2023W23,2023,23,2023-05-29,2023-06-04,全国,中档型,54037,3620930,44541,3534849,0.5712,234.66,134.037792,酒店之家
2023W23,2023,23,2023-05-29,2023-06-04,全国,全部,518068,18451073,332504,17158033,0.573,196.79,112.76067,酒店之家
2023W23,2023,23,2023-05-29,2023-06-04,全国,经济型,437951,10919168,263679,9730085,0.583,141.7,82.6111,酒店之家
2023W23,2023,23,2023-05-29,2023-06-04,全国,豪华型,5091,1302302,4982,1301202,0.4061,762.04,309.464444,酒店之家
2023W23,2023,23,2023-05-29,2023-06-04,全国,高档型,20989,2608673,19302,2591897,0.4609,355.61,163.900649,酒店之家
2023W24,2023,24,2023-06-05,2023-06-11,全国,中档型,54236,3629827,44651,3542999,0.6163,241.21,148.657723,酒店之家
2023W24,2023,24,2023-06-05,2023-06-11,全国,全部,519280,18489370,333461,17187607,0.6152,201.58,124.012016,酒店之家
2023W24,2023,24,2023-06-05,2023-06-11,全国,经济型,438991,10947721,264563,9750765,0.6242,144.71,90.327982,酒店之家
2023W24,2023,24,2023-06-05,2023-06-11,全国,豪华型,5112,1304190,5000,1303051,0.4254,778.03,330.973962,酒店之家
2023W24,2023,24,2023-06-05,2023-06-11,全国,高档型,20941,2607632,19247,2590792,0.5096,365.24,186.126304,酒店之家
2023W25,2023,25,2023-06-12,2023-06-18,全国,中档型,54438,3576393,44742,3487940,0.6325,244.14,154.41855,酒店之家
2023W25,2023,25,2023-06-12,2023-06-18,全国,全部,517196,18317748,333512,17015743,0.6285,203.06,127.62321,酒店之家
2023W25,2023,25,2023-06-12,2023-06-18,全国,经济型,436623,10861603,264465,9666262,0.6374,145.82,92.945668,酒店之家
2023W25,2023,25,2023-06-12,2023-06-18,全国,豪华型,5121,1295790,5004,1294600,0.4315,781.17,337.074855,酒店之家
2023W25,2023,25,2023-06-12,2023-06-18,全国,高档型,21014,2583962,19301,2566941,0.5032,368.55,185.45436,酒店之家
2023W26,2023,26,2023-06-19,2023-06-25,全国,中档型,54668,3584419,44897,3495211,0.5935,253.53,150.470055,酒店之家
2023W26,2023,26,2023-06-19,2023-06-25,全国,全部,517609,18364482,334601,17053894,0.6069,215.76,130.944744,酒店之家
2023W26,2023,26,2023-06-19,2023-06-25,全国,经济型,436712,10894853,265313,9691747,0.6238,152.44,95.092072,酒店之家
2023W26,2023,26,2023-06-19,2023-06-25,全国,豪华型,5137,1297368,5018,1296166,0.4516,836.39,377.713724,酒店之家
2023W26,2023,26,2023-06-19,2023-06-25,全国,高档型,21092,2587842,19373,2570770,0.5246,384.01,201.451646,酒店之家
2023W27,2023,27,2023-06-26,2023-07-02,全国,中档型,54879,3597532,44975,3507134,0.6463,254.31,164.360553,酒店之家
2023W27,2023,27,2023-06-26,2023-07-02,全国,全部,517530,18388820,334925,17073857,0.64,213.22,136.4608,酒店之家
2023W27,2023,27,2023-06-26,2023-07-02,全国,经济型,436486,10906177,265617,9699837,0.6473,149.87,97.010851,酒店之家
2023W27,2023,27,2023-06-26,2023-07-02,全国,豪华型,5148,1299743,5027,1298516,0.4896,861.57,421.824672,酒店之家
2023W27,2023,27,2023-06-26,2023-07-02,全国,高档型,21017,2585368,19306,2568370,0.5933,391.92,232.526136,酒店之家
2023W28,2023,28,2023-07-03,2023-07-09,全国,中档型,55192,3613440,45204,3522190,0.684,270.79,185.22036,酒店之家
2023W28,2023,28,2023-07-03,2023-07-09,全国,全部,521070,18502023,337563,17172187,0.6722,225.35,151.48027,酒店之家
2023W28,2023,28,2023-07-03,2023-07-09,全国,经济型,439555,10989895,267891,9769787,0.6777,159.06,107.794962,酒店之家
2023W28,2023,28,2023-07-03,2023-07-09,全国,豪华型,5161,1301837,5040,1300610,0.5277,902.84,476.428668,酒店之家
2023W28,2023,28,2023-07-03,2023-07-09,全国,高档型,21162,2596851,19428,2579600,0.6183,413.3,255.54339,酒店之家
2023W29,2023,29,2023-07-10,2023-07-16,全国,中档型,55434,3622151,45350,3530075,0.7126,280.23,199.691898,酒店之家
2023W29,2023,29,2023-07-10,2023-07-16,全国,全部,522422,18547920,338683,17208182,0.7007,233.08,163.319156,酒店之家
2023W29,2023,29,2023-07-10,2023-07-16,全国,经济型,440533,11018558,268761,9789683,0.707,166.72,117.87104,酒店之家
2023W29,2023,29,2023-07-10,2023-07-16,全国,豪华型,5174,1302592,5050,1301324,0.5478,910.77,498.919806,酒店之家
2023W29,2023,29,2023-07-10,2023-07-16,全国,高档型,21281,2604619,19522,2587100,0.6305,423.27,266.871735,酒店之家
2023W30,2023,30,2023-07-17,2023-07-23,全国,中档型,55670,3633321,45522,3540675,0.7186,288.58,207.373588,酒店之家
2023W30,2023,30,2023-07-17,2023-07-23,全国,全部,523413,18592523,339581,17245530,0.7029,239.62,168.428898,酒店之家
2023W30,2023,30,2023-07-17,2023-07-23,全国,经济型,441156,11041023,269381,9805659,0.7077,172.22,121.880094,酒店之家
2023W30,2023,30,2023-07-17,2023-07-23,全国,豪华型,5194,1305502,5069,1304215,0.5299,905.34,479.739666,酒店之家
2023W30,2023,30,2023-07-17,2023-07-23,全国,高档型,21393,2612677,19609,2594981,0.6373,431,274.6763,酒店之家
2023W31,2023,31,2023-07-24,2023-07-30,全国,中档型,55813,3638710,45595,3545443,0.7152,292.63,209.288976,酒店之家
2023W31,2023,31,2023-07-24,2023-07-30,全国,全部,525178,18623584,340296,17267171,0.6971,244.12,170.176052,酒店之家
2023W31,2023,31,2023-07-24,2023-07-30,全国,经济型,442693,11060843,269954,9816820,0.7008,175.43,122.941344,酒店之家
2023W31,2023,31,2023-07-24,2023-07-30,全国,豪华型,5210,1307144,5084,1305846,0.5272,925.83,488.097576,酒店之家
2023W31,2023,31,2023-07-24,2023-07-30,全国,高档型,21462,2616887,19663,2599062,0.618,434.2,268.3356,酒店之家
2023W32,2023,32,2023-07-31,2023-08-06,全国,中档型,56359,3659349,45845,3563599,0.724,303.81,219.95844,酒店之家
2023W32,2023,32,2023-07-31,2023-08-06,全国,全部,547256,18701079,341512,17304228,0.7096,254.03,180.259688,酒店之家
2023W32,2023,32,2023-07-31,2023-08-06,全国,经济型,464239,11122145,270954,9840352,0.7117,183.3,130.45461,酒店之家
2023W32,2023,32,2023-07-31,2023-08-06,全国,豪华型,5206,1305723,5078,1304406,0.5589,931.94,520.861266,酒店之家
2023W32,2023,32,2023-07-31,2023-08-06,全国,高档型,21452,2613862,19635,2595871,0.6545,443.42,290.21839,酒店之家
2023W33,2023,33,2023-08-07,2023-08-13,全国,中档型,56593,3670894,46019,3574603,0.7376,311.61,229.843536,酒店之家
2023W33,2023,33,2023-08-07,2023-08-13,全国,全部,561607,18760193,342478,17333729,0.7201,260.47,187.564447,酒店之家
2023W33,2023,33,2023-08-07,2023-08-13,全国,经济型,478266,11164247,271674,9853583,0.7199,187.82,135.211618,酒店之家
2023W33,2023,33,2023-08-07,2023-08-13,全国,豪华型,5220,1307310,5092,1305993,0.5862,942.6,552.55212,酒店之家
2023W33,2023,33,2023-08-07,2023-08-13,全国,高档型,21528,2617742,19693,2599550,0.6732,449.72,302.751504,酒店之家
2023W34,2023,34,2023-08-14,2023-08-20,全国,中档型,56800,3681018,46169,3584281,0.7139,303.58,216.725762,酒店之家
2023W34,2023,34,2023-08-14,2023-08-20,全国,全部,562558,18800790,343421,17364578,0.7045,252.33,177.766485,酒店之家
2023W34,2023,34,2023-08-14,2023-08-20,全国,经济型,478897,11185507,272363,9865639,0.7096,182.43,129.452328,酒店之家
2023W34,2023,34,2023-08-14,2023-08-20,全国,豪华型,5241,1310981,5111,1309643,0.5632,926.72,521.928704,酒店之家
2023W34,2023,34,2023-08-14,2023-08-20,全国,高档型,21620,2623284,19778,2605015,0.6399,443.22,283.616478,酒店之家
2023W35,2023,35,2023-08-21,2023-08-27,全国,中档型,56920,3684175,46261,3587156,0.665,276.57,183.91905,酒店之家
2023W35,2023,35,2023-08-21,2023-08-27,全国,全部,562758,18802181,343453,17358553,0.661,231.33,152.90913,酒店之家
2023W35,2023,35,2023-08-21,2023-08-27,全国,经济型,478897,11177881,272238,9851028,0.6683,167.59,112.000397,酒店之家
2023W35,2023,35,2023-08-21,2023-08-27,全国,豪华型,5246,1311242,5114,1309881,0.5309,876.68,465.429412,酒店之家
2023W35,2023,35,2023-08-21,2023-08-27,全国,高档型,21695,2628883,19840,2610488,0.5909,411.72,243.285348,酒店之家
2023W36,2023,36,2023-08-28,2023-09-03,全国,中档型,56955,3683899,46292,3586859,0.5453,241.73,131.815369,酒店之家
2023W36,2023,36,2023-08-28,2023-09-03,全国,全部,579992,18804264,342770,17313071,0.5601,199.24,111.594324,酒店之家
2023W36,2023,36,2023-08-28,2023-09-03,全国,经济型,496016,11175265,271451,9800916,0.5775,148.38,85.68945,酒店之家
2023W36,2023,36,2023-08-28,2023-09-03,全国,豪华型,5264,1314031,5132,1312674,0.4061,765.48,310.861428,酒店之家
2023W36,2023,36,2023-08-28,2023-09-03,全国,高档型,21757,2631069,19895,2612622,0.475,358.86,170.4585,酒店之家
2023W37,2023,37,2023-09-04,2023-09-10,全国,中档型,57371,3703970,46539,3605620,0.5928,241.39,143.095992,酒店之家
2023W37,2023,37,2023-09-04,2023-09-10,全国,全部,652029,18963066,343504,17330944,0.5916,198.53,117.450348,酒店之家
2023W37,2023,37,2023-09-04,2023-09-10,全国,经济型,567660,11317714,271981,9803960,0.6022,146.07,87.963354,酒店之家
2023W37,2023,37,2023-09-04,2023-09-10,全国,豪华型,5265,1315233,5135,1313894,0.4331,756.29,327.549199,酒店之家
2023W37,2023,37,2023-09-04,2023-09-10,全国,高档型,21733,2626149,19849,2607470,0.4963,358.02,177.685326,酒店之家
2023W38,2023,38,2023-09-11,2023-09-17,全国,中档型,57555,3709844,46676,3611059,0.6173,239.95,148.121135,酒店之家
2023W38,2023,38,2023-09-11,2023-09-17,全国,全部,652563,18961943,343401,17314643,0.6028,196.1,118.20908,酒店之家
2023W38,2023,38,2023-09-11,2023-09-17,全国,经济型,567922,11305602,271669,9777287,0.6063,143.22,86.834286,酒店之家
2023W38,2023,38,2023-09-11,2023-09-17,全国,豪华型,5284,1318351,5154,1317006,0.4401,750.49,330.290649,酒店之家
2023W38,2023,38,2023-09-11,2023-09-17,全国,高档型,21802,2628146,19902,2609291,0.5265,357.47,188.207955,酒店之家
2023W39,2023,39,2023-09-18,2023-09-24,全国,中档型,57777,3721516,46819,3622027,0.6094,240,146.256,酒店之家
2023W39,2023,39,2023-09-18,2023-09-24,全国,全部,711306,19113154,344406,17353289,0.5909,198.89,117.524101,酒店之家
2023W39,2023,39,2023-09-18,2023-09-24,全国,经济型,626289,11430894,272394,9790913,0.5915,142.49,84.282835,酒店之家
2023W39,2023,39,2023-09-18,2023-09-24,全国,豪华型,5305,1320509,5172,1319119,0.447,768.26,343.41222,酒店之家
2023W39,2023,39,2023-09-18,2023-09-24,全国,高档型,21935,2640235,20021,2621230,0.5207,361.95,188.467365,酒店之家
2023W40,2023,40,2023-09-25,2023-10-01,全国,中档型,58313,3746502,47211,3645733,0.5856,314.29,184.048224,酒店之家
2023W40,2023,40,2023-09-25,2023-10-01,全国,全部,721293,19214479,345840,17425247,0.5927,257.54,152.643958,酒店之家
2023W40,2023,40,2023-09-25,2023-10-01,全国,经济型,635385,11477283,273118,9809547,0.6046,189.16,114.366136,酒店之家
2023W40,2023,40,2023-09-25,2023-10-01,全国,豪华型,5357,1326679,5221,1325267,0.4657,925.47,430.991379,酒店之家
2023W40,2023,40,2023-09-25,2023-10-01,全国,高档型,22238,2664015,20290,2644700,0.5233,448.12,234.501196,酒店之家
2023W41,2023,41,2023-10-02,2023-10-08,全国,中档型,58136,3735136,47075,3634728,0.5816,310.79,180.755464,酒店之家
2023W41,2023,41,2023-10-02,2023-10-08,全国,全部,717416,19168452,345085,17383824,0.5921,255.37,151.204577,酒店之家
2023W41,2023,41,2023-10-02,2023-10-08,全国,经济型,631716,11446669,272522,9783067,0.6068,183.2,111.16576,酒店之家
2023W41,2023,41,2023-10-02,2023-10-08,全国,豪华型,5359,1327767,5223,1326362,0.4809,931.46,447.939114,酒店之家
2023W41,2023,41,2023-10-02,2023-10-08,全国,高档型,22205,2658880,20265,2639667,0.5337,448.21,239.209677,酒店之家
2023W42,2023,42,2023-10-09,2023-10-15,全国,中档型,57916,3724160,46897,3624187,0.5714,236.77,135.290378,酒店之家
2023W42,2023,42,2023-10-09,2023-10-15,全国,全部,714631,19111477,343681,17330385,0.5653,194.63,110.024339,酒店之家
2023W42,2023,42,2023-10-09,2023-10-15,全国,经济型,629168,11399850,271312,9739329,0.5702,139.22,79.383244,酒店之家
2023W42,2023,42,2023-10-09,2023-10-15,全国,豪华型,5355,1327934,5218,1326521,0.4277,754.06,322.511462,酒店之家
2023W42,2023,42,2023-10-09,2023-10-15,全国,高档型,22192,2659533,20254,2640348,0.5107,351.65,179.587655,酒店之家
2023W43,2023,43,2023-10-16,2023-10-22,全国,中档型,57993,3729223,46975,3629301,0.6104,240.07,146.538728,酒店之家
2023W43,2023,43,2023-10-16,2023-10-22,全国,全部,709074,19121234,344089,17347134,0.6007,196.95,118.307865,酒店之家
2023W43,2023,43,2023-10-16,2023-10-22,全国,经济型,623489,11400075,271602,9746538,0.6042,140.81,85.077402,酒店之家
2023W43,2023,43,2023-10-16,2023-10-22,全国,豪华型,5363,1330126,5228,1328735,0.4573,775.26,354.526398,酒店之家
2023W43,2023,43,2023-10-16,2023-10-22,全国,高档型,22229,2661810,20284,2642560,0.5316,359.49,191.104884,酒店之家
2023W44,2023,44,2023-10-23,2023-10-29,全国,中档型,57971,3728158,46970,3628388,0.595,237.39,141.24705,酒店之家
2023W44,2023,44,2023-10-23,2023-10-29,全国,全部,702832,19100840,343889,17335525,0.587,196.05,115.08135,酒店之家
2023W44,2023,44,2023-10-23,2023-10-29,全国,经济型,617248,11378103,271388,9733229,0.5916,140.54,83.143464,酒店之家
2023W44,2023,44,2023-10-23,2023-10-29,全国,豪华型,5369,1332033,5232,1330619,0.4244,761.55,323.20182,酒店之家
2023W44,2023,44,2023-10-23,2023-10-29,全国,高档型,22244,2662546,20299,2643289,0.5176,355.56,184.037856,酒店之家
2023W45,2023,45,2023-10-30,2023-11-05,全国,中档型,57727,3714611,46798,3615490,0.5534,229.44,126.972096,酒店之家
2023W45,2023,45,2023-10-30,2023-11-05,全国,全部,697400,19072383,343636,17313185,0.5558,190.41,105.829878,酒店之家
2023W45,2023,45,2023-10-30,2023-11-05,全国,经济型,612052,11361815,271289,9722302,0.5638,136.63,77.031994,酒店之家
2023W45,2023,45,2023-10-30,2023-11-05,全国,豪华型,5374,1332941,5236,1331512,0.4118,747.71,307.906978,酒店之家
2023W45,2023,45,2023-10-30,2023-11-05,全国,高档型,22247,2663016,20313,2643881,0.4959,345.18,171.174762,酒店之家
2023W46,2023,46,2023-11-06,2023-11-12,全国,中档型,57751,3715434,46821,3616330,0.5624,226.81,127.557944,酒店之家
2023W46,2023,46,2023-11-06,2023-11-12,全国,全部,693847,19082416,344090,17325846,0.5617,189.95,106.694915,酒店之家
2023W46,2023,46,2023-11-06,2023-11-12,全国,经济型,608409,11363214,271660,9726343,0.5674,135.34,76.791916,酒店之家
2023W46,2023,46,2023-11-06,2023-11-12,全国,豪华型,5383,1334267,5245,1332842,0.4366,743.15,324.45929,酒店之家
2023W46,2023,46,2023-11-06,2023-11-12,全国,高档型,22304,2669501,20364,2650331,0.4973,342.93,170.539089,酒店之家
2023W47,2023,47,2023-11-13,2023-11-19,全国,中档型,58153,3728450,47017,3627688,0.5791,226.18,130.980838,酒店之家
2023W47,2023,47,2023-11-13,2023-11-19,全国,全部,688503,19056479,343572,17308607,0.5731,190.23,109.020813,酒店之家
2023W47,2023,47,2023-11-13,2023-11-19,全国,经济型,602661,11325121,270942,9698604,0.5766,135.18,77.944788,酒店之家
2023W47,2023,47,2023-11-13,2023-11-19,全国,豪华型,5390,1334738,5252,1333315,0.4397,744.35,327.290695,酒店之家
2023W47,2023,47,2023-11-13,2023-11-19,全国,高档型,22299,2668170,20361,2649000,0.5032,343.56,172.879392,酒店之家
2023W48,2023,48,2023-11-20,2023-11-26,全国,中档型,57919,3720094,46873,3620085,0.5801,225.75,130.957575,酒店之家
2023W48,2023,48,2023-11-20,2023-11-26,全国,全部,672190,18963150,341952,17257190,0.5755,189.77,109.212635,酒店之家
2023W48,2023,48,2023-11-20,2023-11-26,全国,经济型,586543,11238520,269429,9653165,0.5787,135.78,78.575886,酒店之家
2023W48,2023,48,2023-11-20,2023-11-26,全国,豪华型,5392,1334479,5255,1333060,0.441,750.4,330.9264,酒店之家
2023W48,2023,48,2023-11-20,2023-11-26,全国,高档型,22336,2670057,20395,2650880,0.519,342.72,177.87168,酒店之家
2023W49,2023,49,2023-11-27,2023-12-03,全国,中档型,57834,3716971,46837,3617466,0.5617,222.1,124.75357,酒店之家
2023W49,2023,49,2023-11-27,2023-12-03,全国,全部,668580,18941008,341530,17242441,0.5607,187.69,105.237783,酒店之家
2023W49,2023,49,2023-11-27,2023-12-03,全国,经济型,583014,11217630,269031,9639092,0.5663,133.92,75.838896,酒店之家
2023W49,2023,49,2023-11-27,2023-12-03,全国,豪华型,5397,1335999,5262,1334604,0.4249,731.71,310.903579,酒店之家
2023W49,2023,49,2023-11-27,2023-12-03,全国,高档型,22335,2670408,20400,2651279,0.4805,337.78,162.30329,酒店之家
2023W50,2023,50,2023-12-04,2023-12-10,全国,中档型,57921,3722398,46908,3622855,0.5556,222.62,123.687672,酒店之家
2023W50,2023,50,2023-12-04,2023-12-10,全国,全部,668344,18991979,342774,17288066,0.5575,188.78,105.24485,酒店之家
2023W50,2023,50,2023-12-04,2023-12-10,全国,经济型,582626,11256690,270148,9672948,0.5637,134.19,75.642903,酒店之家
2023W50,2023,50,2023-12-04,2023-12-10,全国,豪华型,5401,1336524,5264,1335104,0.4223,748.79,316.214017,酒店之家
2023W50,2023,50,2023-12-04,2023-12-10,全国,高档型,22396,2676367,20454,2657159,0.4927,339.3,167.17311,酒店之家
2023W51,2023,51,2023-12-11,2023-12-17,全国,中档型,57969,3725208,46962,3625722,0.5497,220.62,121.274814,酒店之家
2023W51,2023,51,2023-12-11,2023-12-17,全国,全部,658801,18987708,343318,17306486,0.5498,188.31,103.532838,酒店之家
2023W51,2023,51,2023-12-11,2023-12-17,全国,经济型,572986,11244075,270596,9683032,0.5542,133.47,73.969074,酒店之家
2023W51,2023,51,2023-12-11,2023-12-17,全国,豪华型,5410,1338018,5272,1336591,0.4353,744.74,324.185322,酒店之家
2023W51,2023,51,2023-12-11,2023-12-17,全国,高档型,22436,2680407,20488,2661141,0.4946,336.28,166.324088,酒店之家
2023W52,2023,52,2023-12-18,2023-12-24,全国,中档型,58036,3729359,47014,3629683,0.567,226.44,128.39148,酒店之家
2023W52,2023,52,2023-12-18,2023-12-24,全国,全部,664200,19031410,343768,17328897,0.5708,193.37,110.375596,酒店之家
2023W52,2023,52,2023-12-18,2023-12-24,全国,经济型,578269,11275267,270941,9693061,0.5778,139.77,80.759106,酒店之家
2023W52,2023,52,2023-12-18,2023-12-24,全国,豪华型,5419,1339617,5279,1338167,0.4335,754.19,326.941365,酒店之家
2023W52,2023,52,2023-12-18,2023-12-24,全国,高档型,22476,2687167,20534,2667986,0.5022,338.71,170.100162,酒店之家
2023W53,2023,53,2023-12-25,2023-12-31,全国,中档型,57998,3729263,47009,3629822,0.5951,243.6,144.96636,酒店之家
2023W53,2023,53,2023-12-25,2023-12-31,全国,全部,682545,19050404,343545,17321745,0.6061,209.85,127.190085,酒店之家
2023W53,2023,53,2023-12-25,2023-12-31,全国,经济型,596576,11287390,270648,9678810,0.6161,152.99,94.257139,酒店之家
2023W53,2023,53,2023-12-25,2023-12-31,全国,豪华型,5424,1340820,5287,1339403,0.4688,827.31,387.842928,酒店之家
2023W53,2023,53,2023-12-25,2023-12-31,全国,高档型,22547,2692931,20601,2673710,0.5384,360.37,194.023208,酒店之家
2024W01,2024,1,2024-01-01,2024-01-07,上海,中档型,1449,118402,1153,115903,0.4599,285.08,131.108292,酒店之家
2024W01,2024,1,2024-01-01,2024-01-07,上海,全部,13887,494171,6003,467392,0.5714,274.48,156.837872,酒店之家
2024W01,2024,1,2024-01-01,2024-01-07,上海,经济型,11515,205749,3978,181892,0.6228,170.8,106.37424,酒店之家
2024W01,2024,1,2024-01-01,2024-01-07,上海,豪华型,242,70544,239,70528,0.231,1056.11,243.96141,酒店之家
2024W01,2024,1,2024-01-01,2024-01-07,上海,高档型,681,99476,633,99069,0.599,440.26,263.71574,酒店之家
2024W01,2024,1,2024-01-01,2024-01-07,全国,中档型,57731,3716074,46833,3617498,0.493,215.82,106.39926,酒店之家
2024W01,2024,1,2024-01-01,2024-01-07,全国,全部,679689,19027396,343272,17307490,0.5181,183.23,94.931463,酒店之家
2024W01,2024,1,2024-01-01,2024-01-07,全国,经济型,593986,11276929,270539,9676158,0.5336,134.27,71.646472,酒店之家
2024W01,2024,1,2024-01-01,2024-01-07,全国,豪华型,5432,1343182,5295,1341754,0.4002,709.8,284.06196,酒店之家
2024W01,2024,1,2024-01-01,2024-01-07,全国,高档型,22540,2691211,20605,2672080,0.4248,322.57,137.027736,酒店之家
2024W02,2024,2,2024-01-08,2024-01-14,上海,中档型,1456,118725,1155,116197,0.5364,293.61,157.492404,酒店之家
2024W02,2024,2,2024-01-08,2024-01-14,上海,全部,13759,494115,6002,467527,0.6251,280.05,175.059255,酒店之家
2024W02,2024,2,2024-01-08,2024-01-14,上海,经济型,11378,205161,3972,181511,0.6631,174.55,115.744105,酒店之家
2024W02,2024,2,2024-01-08,2024-01-14,上海,豪华型,244,70689,241,70673,0.3678,1014.9,373.28022,酒店之家
2024W02,2024,2,2024-01-08,2024-01-14,上海,高档型,681,99540,634,99146,0.8132,452.97,368.355204,酒店之家
2024W02,2024,2,2024-01-08,2024-01-14,全国,中档型,58115,3742790,47054,3642762,0.558,218.8,122.0904,酒店之家
2024W02,2024,2,2024-01-08,2024-01-14,全国,全部,678537,19065651,344042,17342908,0.5658,184.98,104.661684,酒店之家
2024W02,2024,2,2024-01-08,2024-01-14,全国,经济型,592499,11290121,271143,9687990,0.5732,134.67,77.192844,酒店之家
2024W02,2024,2,2024-01-08,2024-01-14,全国,豪华型,5458,1348960,5321,1347531,0.461,721.61,332.66221,酒店之家
2024W02,2024,2,2024-01-08,2024-01-14,全国,高档型,22465,2683780,20524,2664625,0.4992,330.7,165.08544,酒店之家
2024W03,2024,3,2024-01-15,2024-01-21,上海,中档型,1462,119038,1161,116502,0.5695,299.45,170.536775,酒店之家
2024W03,2024,3,2024-01-15,2024-01-21,上海,全部,13733,494946,6019,468449,0.6434,289.29,186.129186,酒店之家
2024W03,2024,3,2024-01-15,2024-01-21,上海,经济型,11342,204923,3979,181372,0.675,178.19,120.27825,酒店之家
2024W03,2024,3,2024-01-15,2024-01-21,上海,豪华型,244,70689,241,70673,0.345,1041.51,359.32095,酒店之家
2024W03,2024,3,2024-01-15,2024-01-21,上海,高档型,685,100296,638,99902,0.8054,464.66,374.237164,酒店之家
2024W03,2024,3,2024-01-15,2024-01-21,全国,中档型,58345,3753487,47238,3652911,0.5893,223.86,131.920698,酒店之家
2024W03,2024,3,2024-01-15,2024-01-21,全国,全部,678098,19102781,344879,17377259,0.5864,190.91,111.949624,酒店之家
2024W03,2024,3,2024-01-15,2024-01-21,全国,经济型,591733,11306225,271714,9702027,0.5895,137.52,81.06804,酒店之家
2024W03,2024,3,2024-01-15,2024-01-21,全国,豪华型,5467,1350363,5331,1348942,0.4662,750.95,350.09289,酒店之家
2024W03,2024,3,2024-01-15,2024-01-21,全国,高档型,22553,2692706,20596,2673379,0.5332,338.66,180.573512,酒店之家
2024W04,2024,4,2024-01-22,2024-01-28,上海,中档型,1471,119375,1166,116798,0.6123,308.03,188.606769,酒店之家
2024W04,2024,4,2024-01-22,2024-01-28,上海,全部,13729,495421,6034,468821,0.6306,306.26,193.127556,酒店之家
2024W04,2024,4,2024-01-22,2024-01-28,上海,经济型,11331,205374,3993,181785,0.6421,182.81,117.382301,酒店之家
2024W04,2024,4,2024-01-22,2024-01-28,上海,豪华型,245,70949,242,70933,0.3606,1081.23,389.891538,酒店之家
2024W04,2024,4,2024-01-22,2024-01-28,上海,高档型,682,99723,633,99305,0.8366,491.25,410.97975,酒店之家
2024W04,2024,4,2024-01-22,2024-01-28,全国,中档型,58546,3762061,47395,3661081,0.6071,230.67,140.039757,酒店之家
2024W04,2024,4,2024-01-22,2024-01-28,全国,全部,677681,19140768,345789,17412221,0.5911,199.1,117.68801,酒店之家
2024W04,2024,4,2024-01-22,2024-01-28,全国,经济型,590979,11325947,272340,9719189,0.5888,141.22,83.150336,酒店之家
2024W04,2024,4,2024-01-22,2024-01-28,全国,豪华型,5481,1352961,5344,1351534,0.4758,782.68,372.399144,酒店之家
2024W04,2024,4,2024-01-22,2024-01-28,全国,高档型,22675,2699799,20710,2680417,0.5455,349.69,190.755895,酒店之家
2024W05,2024,5,2024-01-29,2024-02-04,上海,中档型,1472,119414,1167,116832,0.5406,296.65,160.36899,酒店之家
2024W05,2024,5,2024-01-29,2024-02-04,上海,全部,13800,495020,6026,468324,0.5388,300.76,162.049488,酒店之家
2024W05,2024,5,2024-01-29,2024-02-04,上海,经济型,11398,205071,3982,181396,0.5346,179.64,96.035544,酒店之家
2024W05,2024,5,2024-01-29,2024-02-04,上海,豪华型,247,71134,244,71118,0.3293,1045.65,344.332545,酒店之家
2024W05,2024,5,2024-01-29,2024-02-04,上海,高档型,683,99401,633,98978,0.8799,473.57,416.694243,酒店之家
2024W05,2024,5,2024-01-29,2024-02-04,全国,中档型,58749,3775263,47581,3674136,0.5633,230.88,130.054704,酒店之家
2024W05,2024,5,2024-01-29,2024-02-04,全国,全部,683149,19184518,346356,17445561,0.5514,199.94,110.246916,酒店之家
2024W05,2024,5,2024-01-29,2024-02-04,全国,经济型,596055,11341257,272552,9724439,0.5497,142.95,78.579615,酒店之家
2024W05,2024,5,2024-01-29,2024-02-04,全国,豪华型,5510,1357937,5374,1356524,0.4584,780.2,357.64368,酒店之家
2024W05,2024,5,2024-01-29,2024-02-04,全国,高档型,22835,2710061,20849,2690462,0.5223,346.93,181.201539,酒店之家
2024W06,2024,6,2024-02-05,2024-02-11,上海,中档型,1472,119795,1171,117242,0.3953,318.01,125.709353,酒店之家
2024W06,2024,6,2024-02-05,2024-02-11,上海,全部,13708,495975,6027,469431,0.4116,348.45,143.42202,酒店之家
2024W06,2024,6,2024-02-05,2024-02-11,上海,经济型,11302,205178,3976,181631,0.4036,194.5,78.5002,酒店之家
2024W06,2024,6,2024-02-05,2024-02-11,上海,豪华型,248,71321,245,71305,0.4276,1206.49,515.895124,酒店之家
2024W06,2024,6,2024-02-05,2024-02-11,上海,高档型,686,99681,635,99253,0.7491,517.63,387.756633,酒店之家
2024W06,2024,6,2024-02-05,2024-02-11,全国,中档型,59191,3795104,47918,3693107,0.463,270.56,125.26928,酒店之家
2024W06,2024,6,2024-02-05,2024-02-11,全国,全部,681349,19245881,347401,17500623,0.4467,252.03,112.581801,酒店之家
2024W06,2024,6,2024-02-05,2024-02-11,全国,经济型,593534,11360422,273024,9738553,0.4388,173.72,76.228336,酒店之家
2024W06,2024,6,2024-02-05,2024-02-11,全国,豪华型,5531,1360482,5394,1359051,0.4758,931.59,443.250522,酒店之家
2024W06,2024,6,2024-02-05,2024-02-11,全国,高档型,23093,2729873,21065,2709912,0.4635,407.9,189.06165,酒店之家
2024W07,2024,7,2024-02-12,2024-02-18,上海,中档型,1470,119492,1169,116937,0.4565,334.38,152.64447,酒店之家
2024W07,2024,7,2024-02-12,2024-02-18,上海,全部,13668,496126,6041,469683,0.4498,363.7,163.59226,酒店之家
2024W07,2024,7,2024-02-12,2024-02-18,上海,经济型,11264,205580,3991,182131,0.4397,202.05,88.841385,酒店之家
2024W07,2024,7,2024-02-12,2024-02-18,上海,豪华型,248,71321,245,71305,0.4251,1194.5,507.78195,酒店之家
2024W07,2024,7,2024-02-12,2024-02-18,上海,高档型,686,99733,636,99310,0.7962,536.04,426.795048,酒店之家
2024W07,2024,7,2024-02-12,2024-02-18,全国,中档型,59200,3797619,47936,3695673,0.6519,312.63,203.803497,酒店之家
2024W07,2024,7,2024-02-12,2024-02-18,全国,全部,678619,19232424,347221,17495202,0.6382,271.73,173.418086,酒店之家
2024W07,2024,7,2024-02-12,2024-02-18,全国,经济型,590809,11349347,272834,9735397,0.6363,195.82,124.600266,酒店之家
2024W07,2024,7,2024-02-12,2024-02-18,全国,豪华型,5528,1359843,5393,1358446,0.5615,990.95,556.418425,酒店之家
2024W07,2024,7,2024-02-12,2024-02-18,全国,高档型,23082,2725615,21058,2705686,0.5974,457.79,273.483746,酒店之家
2024W08,2024,8,2024-02-19,2024-02-25,上海,中档型,1467,119269,1167,116721,0.4222,280.91,118.600202,酒店之家
2024W08,2024,8,2024-02-19,2024-02-25,上海,全部,13651,496654,6060,470287,0.535,269.19,144.01665,酒店之家
2024W08,2024,8,2024-02-19,2024-02-25,上海,经济型,11251,206720,4013,183340,0.5655,170.77,96.570435,酒店之家
2024W08,2024,8,2024-02-19,2024-02-25,上海,豪华型,247,71140,244,71124,0.3562,993.58,353.913196,酒店之家
2024W08,2024,8,2024-02-19,2024-02-25,上海,高档型,686,99525,636,99102,0.7754,434.9,337.22146,酒店之家
2024W08,2024,8,2024-02-19,2024-02-25,全国,中档型,59271,3802382,48008,3700509,0.5055,224.63,113.550465,酒店之家
2024W08,2024,8,2024-02-19,2024-02-25,全国,全部,679086,19255795,347712,17513285,0.536,186.82,100.13552,酒店之家
2024W08,2024,8,2024-02-19,2024-02-25,全国,经济型,591179,11364306,273232,9745025,0.5534,142.01,78.588334,酒店之家
2024W08,2024,8,2024-02-19,2024-02-25,全国,豪华型,5532,1360343,5396,1358936,0.4491,724.57,325.404387,酒店之家
2024W08,2024,8,2024-02-19,2024-02-25,全国,高档型,23104,2728764,21076,2708815,0.4659,328.05,152.838495,酒店之家
2024W09,2024,9,2024-02-26,2024-03-03,上海,中档型,1461,119505,1167,117004,0.5635,308.74,173.97499,酒店之家
2024W09,2024,9,2024-02-26,2024-03-03,上海,全部,13610,495857,6053,469573,0.6851,280.17,191.944467,酒店之家
2024W09,2024,9,2024-02-26,2024-03-03,上海,经济型,11215,206070,4006,182738,0.7306,179.29,130.989274,酒店之家
2024W09,2024,9,2024-02-26,2024-03-03,上海,豪华型,246,70868,243,70852,0.3668,1016.31,372.782508,酒店之家
2024W09,2024,9,2024-02-26,2024-03-03,上海,高档型,688,99414,637,98979,0.816,467.9,381.8064,酒店之家
2024W09,2024,9,2024-02-26,2024-03-03,全国,中档型,59288,3803608,48050,3702006,0.5519,223.05,123.101295,酒店之家
2024W09,2024,9,2024-02-26,2024-03-03,全国,全部,682936,19326018,349815,17574257,0.5822,181.81,105.849782,酒店之家
2024W09,2024,9,2024-02-26,2024-03-03,全国,经济型,595000,11430564,275273,9801727,0.6023,137.96,83.093308,酒店之家
2024W09,2024,9,2024-02-26,2024-03-03,全国,豪华型,5543,1362137,5406,1360717,0.4486,684.96,307.273056,酒店之家
2024W09,2024,9,2024-02-26,2024-03-03,全国,高档型,23105,2729709,21086,2709807,0.4746,326.07,154.752822,酒店之家
2024W10,2024,10,2024-03-04,2024-03-10,上海,中档型,1469,119981,1174,117466,0.6111,332.89,203.429079,酒店之家
2024W10,2024,10,2024-03-04,2024-03-10,上海,全部,13565,497558,6079,471224,0.7241,295.45,213.935345,酒店之家
2024W10,2024,10,2024-03-04,2024-03-10,上海,经济型,11158,206705,4021,183337,0.7675,188.59,144.742825,酒店之家
2024W10,2024,10,2024-03-04,2024-03-10,上海,豪华型,246,70868,243,70852,0.3835,1056.65,405.225275,酒店之家
2024W10,2024,10,2024-03-04,2024-03-10,上海,高档型,692,100004,641,99569,0.8793,497.79,437.706747,酒店之家
2024W10,2024,10,2024-03-04,2024-03-10,全国,中档型,59532,3813892,48224,3711698,0.5692,227.52,129.504384,酒店之家
2024W10,2024,10,2024-03-04,2024-03-10,全国,全部,682363,19367206,350621,17610439,0.5878,184.49,108.443222,酒店之家
2024W10,2024,10,2024-03-04,2024-03-10,全国,经济型,594068,11449478,275814,9816476,0.6022,138.51,83.410722,酒店之家
2024W10,2024,10,2024-03-04,2024-03-10,全国,豪华型,5552,1364521,5413,1363074,0.467,694.05,324.12135,酒店之家
2024W10,2024,10,2024-03-04,2024-03-10,全国,高档型,23211,2739315,21170,2719191,0.4897,331.83,162.497151,酒店之家
2024W11,2024,11,2024-03-11,2024-03-17,上海,中档型,1464,119627,1173,117151,0.5846,338.16,197.688336,酒店之家
2024W11,2024,11,2024-03-11,2024-03-17,上海,全部,13465,497600,6086,471483,0.6712,301.98,202.688976,酒店之家
2024W11,2024,11,2024-03-11,2024-03-17,上海,经济型,11062,206774,4028,183584,0.714,192.64,137.54496,酒店之家
2024W11,2024,11,2024-03-11,2024-03-17,上海,豪华型,246,70868,243,70852,0.3457,1107.75,382.949175,酒店之家
2024W11,2024,11,2024-03-11,2024-03-17,上海,高档型,693,100331,642,99896,0.7343,502.88,369.264784,酒店之家
2024W11,2024,11,2024-03-11,2024-03-17,全国,中档型,59754,3822736,48373,3719871,0.5576,231.65,129.16804,酒店之家
2024W11,2024,11,2024-03-11,2024-03-17,全国,全部,681687,19388229,351070,17626370,0.5713,187.63,107.193019,酒店之家
2024W11,2024,11,2024-03-11,2024-03-17,全国,经济型,593090,11453866,276042,9816540,0.5856,141.38,82.792128,酒店之家
2024W11,2024,11,2024-03-11,2024-03-17,全国,豪华型,5551,1365037,5411,1363579,0.427,690.33,294.77091,酒店之家
2024W11,2024,11,2024-03-11,2024-03-17,全国,高档型,23292,2746590,21244,2726380,0.4484,335.7,150.52788,酒店之家
2024W12,2024,12,2024-03-18,2024-03-24,上海,中档型,1467,119378,1172,116868,0.6921,358.78,248.311638,酒店之家
2024W12,2024,12,2024-03-18,2024-03-24,上海,全部,13359,496405,6068,470486,0.7558,323.22,244.289676,酒店之家
2024W12,2024,12,2024-03-18,2024-03-24,上海,经济型,10953,205818,4011,182860,0.7911,208.79,165.173769,酒店之家
2024W12,2024,12,2024-03-18,2024-03-24,上海,豪华型,246,70893,243,70877,0.4197,1152.38,483.653886,酒店之家
2024W12,2024,12,2024-03-18,2024-03-24,上海,高档型,693,100316,642,99881,0.7701,520.58,400.898658,酒店之家
2024W12,2024,12,2024-03-18,2024-03-24,全国,中档型,59884,3828223,48463,3724991,0.5933,232.61,138.007513,酒店之家
2024W12,2024,12,2024-03-18,2024-03-24,全国,全部,678128,19385706,351025,17630935,0.5978,191.03,114.197734,酒店之家
2024W12,2024,12,2024-03-18,2024-03-24,全国,经济型,589364,11442174,275873,9812318,0.6052,141.04,85.357408,酒店之家
2024W12,2024,12,2024-03-18,2024-03-24,全国,豪华型,5543,1364522,5404,1363070,0.4876,712.28,347.307728,酒店之家
2024W12,2024,12,2024-03-18,2024-03-24,全国,高档型,23337,2750787,21285,2730556,0.5267,340.22,179.193874,酒店之家
2024W13,2024,13,2024-03-25,2024-03-31,上海,中档型,1466,119278,1174,116775,0.6722,359.38,241.575236,酒店之家
2024W13,2024,13,2024-03-25,2024-03-31,上海,全部,14019,496679,6036,469674,0.732,323.91,237.10212,酒店之家
2024W13,2024,13,2024-03-25,2024-03-31,上海,经济型,11611,205587,3973,181529,0.7672,210.77,161.702744,酒店之家
2024W13,2024,13,2024-03-25,2024-03-31,上海,豪华型,247,71155,244,71139,0.3341,1090.07,364.192387,酒店之家
2024W13,2024,13,2024-03-25,2024-03-31,上海,高档型,695,100659,645,100231,0.835,519.9,434.1165,酒店之家
2024W13,2024,13,2024-03-25,2024-03-31,全国,中档型,60296,3849988,48769,3745779,0.603,238.05,143.54415,酒店之家
2024W13,2024,13,2024-03-25,2024-03-31,全国,全部,685519,19434995,352068,17668400,0.5983,195.55,116.997565,酒店之家
2024W13,2024,13,2024-03-25,2024-03-31,全国,经济型,596180,11456244,276479,9815845,0.6024,144.39,86.980536,酒店之家
2024W13,2024,13,2024-03-25,2024-03-31,全国,豪华型,5564,1367823,5422,1366345,0.4681,721.07,337.532867,酒店之家
2024W13,2024,13,2024-03-25,2024-03-31,全国,高档型,23479,2760940,21398,2740431,0.5266,345.66,182.024556,酒店之家
2024W14,2024,14,2024-04-01,2024-04-07,上海,中档型,1476,119770,1182,117274,0.4934,322.17,158.958678,酒店之家
2024W14,2024,14,2024-04-01,2024-04-07,上海,全部,13990,497011,6042,470015,0.619,296.74,183.68206,酒店之家
2024W14,2024,14,2024-04-01,2024-04-07,上海,经济型,11579,205885,3978,181829,0.6684,193.03,129.021252,酒店之家
2024W14,2024,14,2024-04-01,2024-04-07,上海,豪华型,246,70866,243,70850,0.3326,1045.54,347.746604,酒店之家
2024W14,2024,14,2024-04-01,2024-04-07,上海,高档型,689,100490,639,100062,0.793,469.24,372.10732,酒店之家
2024W14,2024,14,2024-04-01,2024-04-07,全国,中档型,60540,3860397,48864,3754938,0.5463,248.69,135.859347,酒店之家
2024W14,2024,14,2024-04-01,2024-04-07,全国,全部,685609,19446370,352139,17675815,0.5696,204.95,116.73952,酒店之家
2024W14,2024,14,2024-04-01,2024-04-07,全国,经济型,596195,11470945,276624,9827839,0.5848,153.74,89.907152,酒店之家
2024W14,2024,14,2024-04-01,2024-04-07,全国,豪华型,5538,1364162,5397,1362697,0.4634,735.87,341.002158,酒店之家
2024W14,2024,14,2024-04-01,2024-04-07,全国,高档型,23336,2750866,21254,2730341,0.4985,354.36,176.64846,酒店之家
2024W15,2024,15,2024-04-08,2024-04-14,上海,中档型,1480,119258,1186,116765,0.7397,381.88,282.476636,酒店之家
2024W15,2024,15,2024-04-08,2024-04-14,上海,全部,14263,497424,6043,469660,0.7552,335.48,253.354496,酒店之家
2024W15,2024,15,2024-04-08,2024-04-14,上海,经济型,11846,206671,3973,181844,0.7752,216.38,167.737776,酒店之家
2024W15,2024,15,2024-04-08,2024-04-14,上海,豪华型,246,70669,243,70653,0.3689,1181.5,435.85535,酒店之家
2024W15,2024,15,2024-04-08,2024-04-14,上海,高档型,691,100826,641,100398,0.8897,550.92,490.153524,酒店之家
2024W15,2024,15,2024-04-08,2024-04-14,全国,中档型,60841,3873998,49079,3767703,0.6237,244.56,152.532072,酒店之家
2024W15,2024,15,2024-04-08,2024-04-14,全国,全部,706724,19551588,353595,17730801,0.6175,197.2,121.771,酒店之家
2024W15,2024,15,2024-04-08,2024-04-14,全国,经济型,616916,11554563,277783,9862184,0.6217,146.13,90.849021,酒店之家
2024W15,2024,15,2024-04-08,2024-04-14,全国,豪华型,5547,1365785,5406,1364313,0.4665,730.93,340.978845,酒店之家
2024W15,2024,15,2024-04-08,2024-04-14,全国,高档型,23420,2757242,21327,2736601,0.5469,351.49,192.229881,酒店之家
2024W16,2024,16,2024-04-15,2024-04-21,上海,中档型,1481,119175,1186,116692,0.7195,366.92,263.99894,酒店之家
2024W16,2024,16,2024-04-15,2024-04-21,上海,全部,13050,495792,6046,470359,0.7314,330.48,241.713072,酒店之家
2024W16,2024,16,2024-04-15,2024-04-21,上海,经济型,10630,204372,3974,181866,0.7513,208.55,156.683615,酒店之家
2024W16,2024,16,2024-04-15,2024-04-21,上海,豪华型,247,70985,244,70969,0.3607,1215.31,438.362317,酒店之家
2024W16,2024,16,2024-04-15,2024-04-21,上海,高档型,692,101260,642,100832,0.8097,539.35,436.711695,酒店之家
2024W16,2024,16,2024-04-15,2024-04-21,全国,中档型,61238,3895024,49373,3787786,0.638,243.8,155.5444,酒店之家
2024W16,2024,16,2024-04-15,2024-04-21,全国,全部,706154,19624473,355257,17798334,0.6316,196.84,124.324144,酒店之家
2024W16,2024,16,2024-04-15,2024-04-21,全国,经济型,615811,11596246,279033,9899615,0.6358,144.82,92.076556,酒店之家
2024W16,2024,16,2024-04-15,2024-04-21,全国,豪华型,5571,1369075,5428,1367589,0.4721,738.19,348.499499,酒店之家
2024W16,2024,16,2024-04-15,2024-04-21,全国,高档型,23534,2764128,21423,2743344,0.5597,354.47,198.396859,酒店之家
2024W17,2024,17,2024-04-22,2024-04-28,上海,中档型,1495,120015,1196,117513,0.7231,381.09,275.566179,酒店之家
2024W17,2024,17,2024-04-22,2024-04-28,上海,全部,13199,497450,6071,471687,0.7313,333.74,244.064062,酒店之家
2024W17,2024,17,2024-04-22,2024-04-28,上海,经济型,10760,205106,3985,182301,0.7512,215.1,161.58312,酒店之家
2024W17,2024,17,2024-04-22,2024-04-28,上海,豪华型,248,71035,245,71019,0.3342,1185.27,396.117234,酒店之家
2024W17,2024,17,2024-04-22,2024-04-28,上海,高档型,696,101294,645,100854,0.8183,555.61,454.655663,酒店之家
2024W17,2024,17,2024-04-22,2024-04-28,全国,中档型,61772,3920473,49788,3812241,0.6002,235.44,141.311088,酒店之家
2024W17,2024,17,2024-04-22,2024-04-28,全国,全部,715641,19754457,357858,17900364,0.5882,191.27,112.505014,酒店之家
2024W17,2024,17,2024-04-22,2024-04-28,全国,经济型,624586,11683841,281049,9960320,0.5889,139.84,82.351776,酒店之家
2024W17,2024,17,2024-04-22,2024-04-28,全国,豪华型,5590,1371536,5447,1370054,0.4273,728.8,311.41624,酒店之家
2024W17,2024,17,2024-04-22,2024-04-28,全国,高档型,23693,2778607,21574,2757749,0.5404,345.68,186.805472,酒店之家
2024W18,2024,18,2024-04-29,2024-05-05,上海,中档型,1496,119805,1197,117308,0.6091,382.45,232.950295,酒店之家
2024W18,2024,18,2024-04-29,2024-05-05,上海,全部,13137,497442,6079,471725,0.6735,354.08,238.47288,酒店之家
2024W18,2024,18,2024-04-29,2024-05-05,上海,经济型,10695,204777,3989,182013,0.7071,238.81,168.862551,酒店之家
2024W18,2024,18,2024-04-29,2024-05-05,上海,豪华型,249,71319,246,71303,0.4576,1138.77,521.101152,酒店之家
2024W18,2024,18,2024-04-29,2024-05-05,上海,高档型,697,101541,647,101101,0.744,536.42,399.09648,酒店之家
2024W18,2024,18,2024-04-29,2024-05-05,全国,中档型,62146,3941593,50105,3832761,0.621,322.85,200.48985,酒店之家
2024W18,2024,18,2024-04-29,2024-05-05,全国,全部,718521,19842046,359639,17974894,0.6439,265.76,171.122864,酒店之家
2024W18,2024,18,2024-04-29,2024-05-05,全国,经济型,626869,11733942,282312,9998220,0.6608,203.14,134.234912,酒店之家
2024W18,2024,18,2024-04-29,2024-05-05,全国,豪华型,5613,1372413,5468,1370904,0.5231,889.3,465.19283,酒店之家
2024W18,2024,18,2024-04-29,2024-05-05,全国,高档型,23893,2794098,21754,2773009,0.5581,447.88,249.961828,酒店之家
2024W19,2024,19,2024-05-06,2024-05-12,上海,中档型,1495,119113,1194,116601,0.6024,318.66,191.960784,酒店之家
2024W19,2024,19,2024-05-06,2024-05-12,上海,全部,13010,496773,6073,471063,0.6228,288.53,179.696484,酒店之家
2024W19,2024,19,2024-05-06,2024-05-12,上海,经济型,10567,204149,3984,181407,0.6449,187.1,120.66079,酒店之家
2024W19,2024,19,2024-05-06,2024-05-12,上海,豪华型,248,71026,245,71010,0.2759,1030.5,284.31495,酒店之家
2024W19,2024,19,2024-05-06,2024-05-12,上海,高档型,700,102485,650,102045,0.7875,481.12,378.882,酒店之家
2024W19,2024,19,2024-05-06,2024-05-12,全国,中档型,62240,3946129,50174,3837122,0.529,222.43,117.66547,酒店之家
2024W19,2024,19,2024-05-06,2024-05-12,全国,全部,716602,19840216,359638,17974357,0.5337,180.92,96.557004,酒店之家
2024W19,2024,19,2024-05-06,2024-05-12,全国,经济型,624814,11722266,282211,9988119,0.5419,133.75,72.479125,酒店之家
2024W19,2024,19,2024-05-06,2024-05-12,全国,豪华型,5611,1371704,5465,1370184,0.3831,675.78,258.891318,酒店之家
2024W19,2024,19,2024-05-06,2024-05-12,全国,高档型,23937,2800117,21788,2778932,0.4728,326.28,154.265184,酒店之家
2024W20,2024,20,2024-05-13,2024-05-19,上海,中档型,1504,119573,1199,117028,0.7162,355.32,254.480184,酒店之家
2024W20,2024,20,2024-05-13,2024-05-19,上海,全部,12926,497283,6089,471777,0.7242,317.93,230.244906,酒店之家
2024W20,2024,20,2024-05-13,2024-05-19,上海,经济型,10470,203903,3993,181418,0.739,205.04,151.52456,酒店之家
2024W20,2024,20,2024-05-13,2024-05-19,上海,豪华型,249,71279,246,71263,0.5133,1122.53,576.194649,酒店之家
2024W20,2024,20,2024-05-13,2024-05-19,上海,高档型,703,102528,651,102068,0.6918,528.44,365.574792,酒店之家
2024W20,2024,20,2024-05-13,2024-05-19,全国,中档型,62448,3956313,50329,3846787,0.6125,233.32,142.9085,酒店之家
2024W20,2024,20,2024-05-13,2024-05-19,全国,全部,713534,19874887,360489,18007826,0.6085,190.15,115.706275,酒店之家
2024W20,2024,20,2024-05-13,2024-05-19,全国,经济型,621443,11736898,282816,10002089,0.6131,140.49,86.134419,酒店之家
2024W20,2024,20,2024-05-13,2024-05-19,全国,豪华型,5628,1375172,5482,1373654,0.446,722.29,322.14134,酒店之家
2024W20,2024,20,2024-05-13,2024-05-19,全国,高档型,24015,2806504,21862,2785296,0.533,345.36,184.07688,酒店之家
2024W21,2024,21,2024-05-20,2024-05-26,上海,中档型,1504,119827,1202,117305,0.7227,352.25,254.571075,酒店之家
2024W21,2024,21,2024-05-20,2024-05-26,上海,全部,12980,496995,6084,471435,0.7325,318.99,233.660175,酒店之家
2024W21,2024,21,2024-05-20,2024-05-26,上海,经济型,10523,202983,3983,180420,0.7521,204.74,153.984954,酒店之家
2024W21,2024,21,2024-05-20,2024-05-26,上海,豪华型,250,71497,247,71481,0.4035,1178.25,475.423875,酒店之家
2024W21,2024,21,2024-05-20,2024-05-26,上海,高档型,703,102688,652,102229,0.8183,530.55,434.149065,酒店之家
2024W21,2024,21,2024-05-20,2024-05-26,全国,中档型,62615,3964140,50453,3854237,0.5965,229.48,136.88482,酒店之家
2024W21,2024,21,2024-05-20,2024-05-26,全国,全部,717121,19908949,360989,18030073,0.5922,188.21,111.457962,酒店之家
2024W21,2024,21,2024-05-20,2024-05-26,全国,经济型,624791,11755518,283121,10009297,0.5964,138.42,82.553688,酒店之家
2024W21,2024,21,2024-05-20,2024-05-26,全国,豪华型,5639,1377327,5492,1375795,0.4104,714.84,293.370336,酒店之家
2024W21,2024,21,2024-05-20,2024-05-26,全国,高档型,24076,2811964,21923,2790744,0.5244,341.44,179.051136,酒店之家
2024W22,2024,22,2024-05-27,2024-06-02,上海,中档型,1504,119746,1202,117218,0.6468,327.15,211.60062,酒店之家
2024W22,2024,22,2024-05-27,2024-06-02,上海,全部,12988,496702,6084,471118,0.6658,300.81,200.279298,酒店之家
2024W22,2024,22,2024-05-27,2024-06-02,上海,经济型,10529,202775,3981,180192,0.6837,191.24,130.750788,酒店之家
2024W22,2024,22,2024-05-27,2024-06-02,上海,豪华型,250,71497,247,71481,0.372,1126.74,419.14728,酒店之家
2024W22,2024,22,2024-05-27,2024-06-02,上海,高档型,705,102684,654,102227,0.8447,493.92,417.214224,酒店之家
2024W22,2024,22,2024-05-27,2024-06-02,全国,中档型,62717,3971798,50537,3861716,0.5575,226.17,126.089775,酒店之家
2024W22,2024,22,2024-05-27,2024-06-02,全国,全部,717562,19934241,361370,18051132,0.5536,186.15,103.05264,酒店之家
2024W22,2024,22,2024-05-27,2024-06-02,全国,经济型,625032,11762619,283335,10012499,0.5579,136.62,76.220298,酒店之家
2024W22,2024,22,2024-05-27,2024-06-02,全国,豪华型,5644,1378114,5496,1376577,0.3861,704.05,271.833705,酒店之家
2024W22,2024,22,2024-05-27,2024-06-02,全国,高档型,24169,2821710,22002,2800340,0.4865,334.81,162.885065,酒店之家
2024W23,2024,23,2024-06-03,2024-06-09,上海,中档型,1509,120302,1204,117746,0.6363,324.23,206.307549,酒店之家
2024W23,2024,23,2024-06-03,2024-06-09,上海,全部,13362,498454,6101,472255,0.6623,302.91,200.617293,酒店之家
2024W23,2024,23,2024-06-03,2024-06-09,上海,经济型,10900,203859,3996,180677,0.6749,192.12,129.661788,酒店之家
2024W23,2024,23,2024-06-03,2024-06-09,上海,豪华型,250,71543,247,71527,0.4313,1086.3,468.52119,酒店之家
2024W23,2024,23,2024-06-03,2024-06-09,上海,高档型,703,102750,654,102305,0.8479,489.33,414.902907,酒店之家
2024W23,2024,23,2024-06-03,2024-06-09,全国,中档型,63316,4000787,50859,3888488,0.578,239.27,138.29806,酒店之家
2024W23,2024,23,2024-06-03,2024-06-09,全国,全部,723683,20003750,362602,18099043,0.5862,197.67,115.874154,酒店之家
2024W23,2024,23,2024-06-03,2024-06-09,全国,经济型,630638,11810976,284321,10041449,0.5954,147.04,87.547616,酒店之家
2024W23,2024,23,2024-06-03,2024-06-09,全国,豪华型,5621,1373705,5471,1372147,0.441,731.54,322.60914,酒店之家
2024W23,2024,23,2024-06-03,2024-06-09,全国,高档型,24108,2818282,21951,2796959,0.5148,350.36,180.365328,酒店之家
2024W24,2024,24,2024-06-10,2024-06-16,上海,中档型,1513,120470,1206,117902,0.6134,331.96,203.624264,酒店之家
2024W24,2024,24,2024-06-10,2024-06-16,上海,全部,13258,498168,6092,472064,0.659,303.49,199.99991,酒店之家
2024W24,2024,24,2024-06-10,2024-06-16,上海,经济型,10793,203528,3986,180453,0.6806,194.18,132.158908,酒店之家
2024W24,2024,24,2024-06-10,2024-06-16,上海,豪华型,251,71637,248,71621,0.4277,1108.37,474.049849,酒店之家
2024W24,2024,24,2024-06-10,2024-06-16,上海,高档型,701,102533,652,102088,0.7963,501.46,399.312598,酒店之家
2024W24,2024,24,2024-06-10,2024-06-16,全国,中档型,63448,4005026,50934,3892219,0.5564,225.68,125.568352,酒店之家
2024W24,2024,24,2024-06-10,2024-06-16,全国,全部,718265,19948097,360971,18052492,0.5617,184.56,103.667352,酒店之家
2024W24,2024,24,2024-06-10,2024-06-16,全国,经济型,625022,11745188,282561,9985406,0.5695,137.06,78.05567,酒店之家
2024W24,2024,24,2024-06-10,2024-06-16,全国,豪华型,5629,1374697,5479,1373138,0.4,693.64,277.456,酒店之家
2024W24,2024,24,2024-06-10,2024-06-16,全国,高档型,24166,2823186,21997,2801729,0.5003,334.4,167.30032,酒店之家
2024W25,2024,25,2024-06-17,2024-06-23,上海,中档型,1513,120552,1205,117974,0.609,340.02,207.07218,酒店之家
2024W25,2024,25,2024-06-17,2024-06-23,上海,全部,13403,498804,6088,472400,0.6567,309.43,203.202681,酒店之家
2024W25,2024,25,2024-06-17,2024-06-23,上海,经济型,10936,203317,3981,179952,0.6839,198.32,135.631048,酒店之家
2024W25,2024,25,2024-06-17,2024-06-23,上海,豪华型,253,72317,250,72301,0.4788,1122.92,537.654096,酒店之家
2024W25,2024,25,2024-06-17,2024-06-23,上海,高档型,701,102618,652,102173,0.5816,509.69,296.435704,酒店之家
2024W25,2024,25,2024-06-17,2024-06-23,全国,中档型,63694,4017541,51118,3904176,0.5846,232.36,135.837656,酒店之家
2024W25,2024,25,2024-06-17,2024-06-23,全国,全部,725892,20016815,362148,18101637,0.5824,189.39,110.300736,酒店之家
2024W25,2024,25,2024-06-17,2024-06-23,全国,经济型,632283,11787585,283447,10008917,0.5902,139.81,82.515862,酒店之家
2024W25,2024,25,2024-06-17,2024-06-23,全国,豪华型,5642,1377024,5490,1375442,0.3833,716.55,274.653615,酒店之家
2024W25,2024,25,2024-06-17,2024-06-23,全国,高档型,24273,2834665,22093,2813102,0.4881,345.29,168.536049,酒店之家
2024W26,2024,26,2024-06-24,2024-06-30,上海,中档型,1520,120896,1207,118295,0.6616,329,217.6664,酒店之家
2024W26,2024,26,2024-06-24,2024-06-30,上海,全部,12828,498433,6098,473116,0.6954,309.72,215.379288,酒店之家
2024W26,2024,26,2024-06-24,2024-06-30,上海,经济型,10354,202670,3989,180415,0.7248,193.37,140.154576,酒店之家
2024W26,2024,26,2024-06-24,2024-06-30,上海,豪华型,253,72320,250,72304,0.4696,1158.88,544.210048,酒店之家
2024W26,2024,26,2024-06-24,2024-06-30,上海,高档型,701,102547,652,102102,0.5875,504.31,296.282125,酒店之家
2024W26,2024,26,2024-06-24,2024-06-30,全国,中档型,64064,4035792,51381,3921385,0.6053,233.49,141.331497,酒店之家
2024W26,2024,26,2024-06-24,2024-06-30,全国,全部,727593,20187322,366645,18255204,0.604,191.48,115.65392,酒店之家
2024W26,2024,26,2024-06-24,2024-06-30,全国,经济型,633479,11931367,287569,10137034,0.6104,139.81,85.340024,酒店之家
2024W26,2024,26,2024-06-24,2024-06-30,全国,豪华型,5660,1378586,5509,1377016,0.4372,751.23,328.437756,酒店之家
2024W26,2024,26,2024-06-24,2024-06-30,全国,高档型,24390,2841577,22186,2819769,0.5304,350.06,185.671824,酒店之家
2024W27,2024,27,2024-07-01,2024-07-07,上海,中档型,1523,121064,1213,118473,0.6855,346.07,237.230985,酒店之家
2024W27,2024,27,2024-07-01,2024-07-07,上海,全部,12783,499639,6114,474375,0.7328,319.52,234.144256,酒店之家
2024W27,2024,27,2024-07-01,2024-07-07,上海,经济型,10301,202765,3993,180543,0.7645,205.52,157.12004,酒店之家
2024W27,2024,27,2024-07-01,2024-07-07,上海,豪华型,255,72711,252,72695,0.4445,1106.04,491.63478,酒店之家
2024W27,2024,27,2024-07-01,2024-07-07,上海,高档型,704,103099,656,102664,0.6833,515.04,351.926832,酒店之家
2024W27,2024,27,2024-07-01,2024-07-07,全国,中档型,64294,4049987,51577,3935203,0.6157,244.92,150.797244,酒店之家
2024W27,2024,27,2024-07-01,2024-07-07,全国,全部,729370,20252508,367961,18310796,0.6153,200.29,123.238437,酒店之家
2024W27,2024,27,2024-07-01,2024-07-07,全国,经济型,634841,11966575,288527,10163277,0.6221,147.7,91.88417,酒店之家
2024W27,2024,27,2024-07-01,2024-07-07,全国,豪华型,5685,1382514,5534,1380954,0.4605,766.92,353.16666,酒店之家
2024W27,2024,27,2024-07-01,2024-07-07,全国,高档型,24550,2853432,22323,2831362,0.5359,362.85,194.451315,酒店之家
2024W28,2024,28,2024-07-08,2024-07-14,上海,中档型,1534,122285,1225,119708,0.7216,364.06,262.705696,酒店之家
2024W28,2024,28,2024-07-08,2024-07-14,上海,全部,12757,500148,6128,474957,0.7637,339.59,259.344883,酒店之家
2024W28,2024,28,2024-07-08,2024-07-14,上海,经济型,10271,202800,4001,180625,0.8123,226.84,184.262132,酒店之家
2024W28,2024,28,2024-07-08,2024-07-14,上海,豪华型,254,72565,251,72549,0.3867,1111.67,429.882789,酒店之家
2024W28,2024,28,2024-07-08,2024-07-14,上海,高档型,698,102498,651,102075,0.5772,523.48,302.152656,酒店之家
2024W28,2024,28,2024-07-08,2024-07-14,全国,中档型,64620,4076315,51850,3961056,0.6627,255.69,169.445763,酒店之家
2024W28,2024,28,2024-07-08,2024-07-14,全国,全部,732145,20316400,369158,18361101,0.6554,211.19,138.413926,酒店之家
2024W28,2024,28,2024-07-08,2024-07-14,全国,经济型,637443,12016130,289620,10199907,0.6607,155.76,102.910632,酒店之家
2024W28,2024,28,2024-07-08,2024-07-14,全国,豪华型,5635,1375980,5484,1374418,0.4781,785.4,375.49974,酒店之家
2024W28,2024,28,2024-07-08,2024-07-14,全国,高档型,24447,2847975,22204,2825720,0.5646,374.62,211.510452,酒店之家
2024W29,2024,29,2024-07-15,2024-07-21,上海,中档型,1541,123297,1234,120734,0.7772,371.58,288.791976,酒店之家
2024W29,2024,29,2024-07-15,2024-07-21,上海,全部,12638,502148,6149,477173,0.7713,347.47,268.003611,酒店之家
2024W29,2024,29,2024-07-15,2024-07-21,上海,经济型,10138,203119,4007,181150,0.7943,226.34,179.781862,酒店之家
2024W29,2024,29,2024-07-15,2024-07-21,上海,豪华型,254,72559,251,72543,0.4691,1136.67,533.211897,酒店之家
2024W29,2024,29,2024-07-15,2024-07-21,上海,高档型,705,103173,657,102746,0.6428,540.46,347.407688,酒店之家
2024W29,2024,29,2024-07-15,2024-07-21,全国,中档型,64965,4092647,52105,3976486,0.6925,265.17,183.630225,酒店之家
2024W29,2024,29,2024-07-15,2024-07-21,全国,全部,737399,20378145,370010,18406104,0.6777,220.48,149.419296,酒店之家
2024W29,2024,29,2024-07-15,2024-07-21,全国,经济型,642194,12046619,290075,10214698,0.679,162.59,110.39861,酒店之家
2024W29,2024,29,2024-07-15,2024-07-21,全国,豪华型,5655,1379847,5504,1378285,0.5022,796.68,400.092696,酒店之家
2024W29,2024,29,2024-07-15,2024-07-21,全国,高档型,24585,2859032,22326,2836635,0.6148,387.93,238.499364,酒店之家
2024W30,2024,30,2024-07-22,2024-07-28,上海,中档型,1545,123325,1236,120744,0.7142,354.96,253.512432,酒店之家
2024W30,2024,30,2024-07-22,2024-07-28,上海,全部,12645,502141,6152,477065,0.7294,338.57,246.952958,酒店之家
2024W30,2024,30,2024-07-22,2024-07-28,上海,经济型,10142,202969,4009,180917,0.7583,221.25,167.773875,酒店之家
2024W30,2024,30,2024-07-22,2024-07-28,上海,豪华型,254,72561,251,72545,0.4534,1100.85,499.12539,酒店之家
2024W30,2024,30,2024-07-22,2024-07-28,上海,高档型,704,103286,656,102859,0.6023,520.59,313.551357,酒店之家
2024W30,2024,30,2024-07-22,2024-07-28,全国,中档型,65268,4107730,52345,3990974,0.678,264.96,179.64288,酒店之家
2024W30,2024,30,2024-07-22,2024-07-28,全国,全部,737666,20419723,370848,18442384,0.6615,220.72,146.00628,酒店之家
2024W30,2024,30,2024-07-22,2024-07-28,全国,经济型,642024,12061193,290556,10224740,0.6617,162.57,107.572569,酒店之家
2024W30,2024,30,2024-07-22,2024-07-28,全国,豪华型,5669,1381482,5517,1379911,0.4981,787.33,392.169073,酒店之家
2024W30,2024,30,2024-07-22,2024-07-28,全国,高档型,24705,2869318,22430,2846759,0.6018,387.69,233.311842,酒店之家
2024W31,2024,31,2024-07-29,2024-08-04,上海,中档型,1550,123537,1241,120955,0.6949,352.59,245.014791,酒店之家
2024W31,2024,31,2024-07-29,2024-08-04,上海,全部,12851,503539,6158,478157,0.7185,336.34,241.66029,酒店之家
2024W31,2024,31,2024-07-29,2024-08-04,上海,经济型,10337,202930,4003,180564,0.7437,219.54,163.271898,酒店之家
2024W31,2024,31,2024-07-29,2024-08-04,上海,豪华型,257,73393,254,73377,0.4637,1083.14,502.252018,酒店之家
2024W31,2024,31,2024-07-29,2024-08-04,上海,高档型,707,103679,660,103261,0.6109,514.11,314.069799,酒店之家
2024W31,2024,31,2024-07-29,2024-08-04,全国,中档型,65384,4115240,52449,3998334,0.6869,273.71,188.011399,酒店之家
2024W31,2024,31,2024-07-29,2024-08-04,全国,全部,739803,20442482,371031,18458542,0.6706,229.2,153.70152,酒店之家
2024W31,2024,31,2024-07-29,2024-08-04,全国,经济型,643926,12064948,290539,10222274,0.6692,169.23,113.248716,酒店之家
2024W31,2024,31,2024-07-29,2024-08-04,全国,豪华型,5687,1384252,5536,1382691,0.5368,799.22,429.021296,酒店之家
2024W31,2024,31,2024-07-29,2024-08-04,全国,高档型,24806,2878042,22507,2855243,0.6326,396.44,250.787944,酒店之家
2024W32,2024,32,2024-08-05,2024-08-11,上海,中档型,1554,123742,1246,121159,0.7155,359.69,257.358195,酒店之家
2024W32,2024,32,2024-08-05,2024-08-11,上海,全部,12837,503446,6163,478119,0.7454,345.23,257.334442,酒店之家
2024W32,2024,32,2024-08-05,2024-08-11,上海,经济型,10318,202664,4001,180349,0.7732,222.55,172.07566,酒店之家
2024W32,2024,32,2024-08-05,2024-08-11,上海,豪华型,256,73070,253,73054,0.5612,1091.46,612.527352,酒店之家
2024W32,2024,32,2024-08-05,2024-08-11,上海,高档型,709,103970,663,103557,0.5205,519.95,270.633975,酒店之家
2024W32,2024,32,2024-08-05,2024-08-11,全国,中档型,65604,4125456,52613,4007987,0.7242,286.28,207.323976,酒店之家
2024W32,2024,32,2024-08-05,2024-08-11,全国,全部,739399,20473402,371565,18486352,0.7086,241.21,170.921406,酒店之家
2024W32,2024,32,2024-08-05,2024-08-11,全国,经济型,643161,12073684,290775,10228561,0.7067,178.91,126.435697,酒店之家
2024W32,2024,32,2024-08-05,2024-08-11,全国,豪华型,5699,1385097,5548,1383530,0.5865,831.38,487.60437,酒店之家
2024W32,2024,32,2024-08-05,2024-08-11,全国,高档型,24935,2889165,22629,2866274,0.6774,411.7,278.88558,酒店之家
2024W33,2024,33,2024-08-12,2024-08-18,上海,中档型,1558,124162,1251,121596,0.6652,352.98,234.802296,酒店之家
2024W33,2024,33,2024-08-12,2024-08-18,上海,全部,12789,504087,6178,478745,0.7161,339.89,243.395229,酒店之家
2024W33,2024,33,2024-08-12,2024-08-18,上海,经济型,10266,203138,4012,180798,0.7569,219.83,166.389327,酒店之家
2024W33,2024,33,2024-08-12,2024-08-18,上海,豪华型,257,73350,254,73334,0.5022,1067.86,536.279292,酒店之家
2024W33,2024,33,2024-08-12,2024-08-18,上海,高档型,708,103437,661,103017,0.4837,513.21,248.239677,酒店之家
2024W33,2024,33,2024-08-12,2024-08-18,全国,中档型,65758,4132207,52738,4014452,0.6795,275.84,187.43328,酒店之家
2024W33,2024,33,2024-08-12,2024-08-18,全国,全部,740003,20499110,372006,18505997,0.6633,233.99,155.205567,酒店之家
2024W33,2024,33,2024-08-12,2024-08-18,全国,经济型,643482,12082657,290974,10231871,0.6619,171.43,113.469517,酒店之家
2024W33,2024,33,2024-08-12,2024-08-18,全国,豪华型,5712,1387613,5561,1386047,0.5351,799.93,428.042543,酒店之家
2024W33,2024,33,2024-08-12,2024-08-18,全国,高档型,25051,2896633,22733,2873627,0.6202,400.55,248.42111,酒店之家
2024W34,2024,34,2024-08-19,2024-08-25,上海,中档型,1553,123996,1248,121445,0.7353,349.09,256.685877,酒店之家
2024W34,2024,34,2024-08-19,2024-08-25,上海,全部,12628,503953,6175,478746,0.7382,336.55,248.44121,酒店之家
2024W34,2024,34,2024-08-19,2024-08-25,上海,经济型,10109,203150,4011,180930,0.7545,214.63,161.938335,酒店之家
2024W34,2024,34,2024-08-19,2024-08-25,上海,豪华型,256,73067,253,73051,0.5252,1079.8,567.11096,酒店之家
2024W34,2024,34,2024-08-19,2024-08-25,上海,高档型,710,103740,663,103320,0.6275,507.75,318.613125,酒店之家
2024W34,2024,34,2024-08-19,2024-08-25,全国,中档型,65910,4139661,52859,4021632,0.6743,263.44,177.637592,酒店之家
2024W34,2024,34,2024-08-19,2024-08-25,全国,全部,737208,20526567,372694,18532414,0.6648,222.47,147.898056,酒店之家
2024W34,2024,34,2024-08-19,2024-08-25,全国,经济型,640471,12094563,291474,10242978,0.667,162.38,108.30746,酒店之家
2024W34,2024,34,2024-08-19,2024-08-25,全国,豪华型,5717,1388987,5567,1387434,0.5351,786.29,420.743779,酒店之家
2024W34,2024,34,2024-08-19,2024-08-25,全国,高档型,25110,2903356,22794,2880370,0.6165,386.96,238.56084,酒店之家
2024W35,2024,35,2024-08-26,2024-09-01,上海,中档型,1566,125704,1260,123151,0.6353,325.53,206.809209,酒店之家
2024W35,2024,35,2024-08-26,2024-09-01,上海,全部,12506,503094,6151,478077,0.6638,313.5,208.1013,酒店之家
2024W35,2024,35,2024-08-26,2024-09-01,上海,经济型,9977,201353,3980,179346,0.6929,197.27,136.688383,酒店之家
2024W35,2024,35,2024-08-26,2024-09-01,上海,豪华型,257,73331,254,73315,0.3467,1044.45,362.110815,酒店之家
2024W35,2024,35,2024-08-26,2024-09-01,上海,高档型,706,102706,657,102265,0.5917,491.09,290.577953,酒店之家
2024W35,2024,35,2024-08-26,2024-09-01,全国,中档型,65585,4152420,52625,4035191,0.5704,235.8,134.50032,酒店之家
2024W35,2024,35,2024-08-26,2024-09-01,全国,全部,729087,20411716,369649,18439153,0.5855,197.95,115.899725,酒店之家
2024W35,2024,35,2024-08-26,2024-09-01,全国,经济型,633095,12015934,289065,10184923,0.6021,147.4,88.74954,酒店之家
2024W35,2024,35,2024-08-26,2024-09-01,全国,豪华型,5687,1384179,5538,1382636,0.4336,716.96,310.873856,酒店之家
2024W35,2024,35,2024-08-26,2024-09-01,全国,高档型,24720,2859183,22421,2836403,0.4973,348.09,173.105157,酒店之家
2024W36,2024,36,2024-09-02,2024-09-08,上海,中档型,1568,125577,1262,123031,0.6022,305.94,184.237068,酒店之家
2024W36,2024,36,2024-09-02,2024-09-08,上海,全部,12469,503461,6161,478435,0.6505,291.72,189.76386,酒店之家
2024W36,2024,36,2024-09-02,2024-09-08,上海,经济型,9934,201701,3986,179694,0.6741,184.48,124.357968,酒店之家
2024W36,2024,36,2024-09-02,2024-09-08,上海,豪华型,257,73331,254,73315,0.4883,1016.78,496.493674,酒店之家
2024W36,2024,36,2024-09-02,2024-09-08,上海,高档型,710,102852,659,102395,0.6406,472.12,302.440072,酒店之家
2024W36,2024,36,2024-09-02,2024-09-08,全国,中档型,65714,4160379,52729,4042964,0.569,225.8,128.4802,酒店之家
2024W36,2024,36,2024-09-02,2024-09-08,全国,全部,729883,20442320,370164,18463809,0.5761,188.6,108.65246,酒店之家
2024W36,2024,36,2024-09-02,2024-09-08,全国,经济型,633673,12030866,289400,10194228,0.5879,140.79,82.770441,酒店之家
2024W36,2024,36,2024-09-02,2024-09-08,全国,豪华型,5697,1385160,5547,1383608,0.415,681.43,282.79345,酒店之家
2024W36,2024,36,2024-09-02,2024-09-08,全国,高档型,24799,2865915,22488,2843009,0.4963,334.03,165.779089,酒店之家
2024W37,2024,37,2024-09-09,2024-09-15,上海,中档型,1574,126032,1264,123462,0.6152,301.59,185.538168,酒店之家
2024W37,2024,37,2024-09-09,2024-09-15,上海,全部,12493,505422,6185,480252,0.6486,290.09,188.152374,酒店之家
2024W37,2024,37,2024-09-09,2024-09-15,上海,经济型,9946,202455,4003,180329,0.6684,181.95,121.61538,酒店之家
2024W37,2024,37,2024-09-09,2024-09-15,上海,豪华型,259,73681,256,73665,0.42,1032.69,433.7298,酒店之家
2024W37,2024,37,2024-09-09,2024-09-15,上海,高档型,714,103254,662,102796,0.6347,475.17,301.590399,酒店之家
2024W37,2024,37,2024-09-09,2024-09-15,全国,中档型,65979,4172894,52922,4054875,0.5638,225.77,127.289126,酒店之家
2024W37,2024,37,2024-09-09,2024-09-15,全国,全部,730489,20504218,371498,18517258,0.5681,190.27,108.092387,酒店之家
2024W37,2024,37,2024-09-09,2024-09-15,全国,经济型,633862,12064648,290398,10220216,0.5773,140.34,81.018282,酒店之家
2024W37,2024,37,2024-09-09,2024-09-15,全国,豪华型,5720,1388938,5569,1387384,0.4178,692.78,289.443484,酒店之家
2024W37,2024,37,2024-09-09,2024-09-15,全国,高档型,24928,2877738,22609,2854783,0.503,336.02,169.01806,酒店之家
2024W38,2024,38,2024-09-16,2024-09-22,上海,中档型,1569,125823,1262,123259,0.6138,293.95,180.42651,酒店之家
2024W38,2024,38,2024-09-16,2024-09-22,上海,全部,12447,505905,6196,480830,0.6462,289.14,186.842268,酒店之家
2024W38,2024,38,2024-09-16,2024-09-22,上海,经济型,9903,202755,4015,180730,0.666,179.15,119.3139,酒店之家
2024W38,2024,38,2024-09-16,2024-09-22,上海,豪华型,260,74051,257,74035,0.4192,1045.79,438.395168,酒店之家
2024W38,2024,38,2024-09-16,2024-09-22,上海,高档型,715,103276,662,102806,0.633,472.44,299.05452,酒店之家
2024W38,2024,38,2024-09-16,2024-09-22,全国,中档型,66131,4179368,53031,4061003,0.523,220.12,115.12276,酒店之家
2024W38,2024,38,2024-09-16,2024-09-22,全国,全部,730397,20535334,372178,18545176,0.5367,186.87,100.293129,酒店之家
2024W38,2024,38,2024-09-16,2024-09-22,全国,经济型,633561,12082517,290909,10235235,0.5492,137.26,75.383192,酒店之家
2024W38,2024,38,2024-09-16,2024-09-22,全国,豪华型,5730,1391573,5578,1390006,0.4145,687.26,284.86927,酒店之家
2024W38,2024,38,2024-09-16,2024-09-22,全国,高档型,24975,2881876,22660,2858932,0.478,330.63,158.04114,酒店之家
2024W39,2024,39,2024-09-23,2024-09-29,上海,中档型,1579,126071,1270,123504,0.6321,298.57,188.726097,酒店之家
2024W39,2024,39,2024-09-23,2024-09-29,上海,全部,11866,506297,6229,482087,0.6455,286.83,185.148765,酒店之家
2024W39,2024,39,2024-09-23,2024-09-29,上海,经济型,9311,202703,4038,181538,0.6687,177.1,118.42677,酒店之家
2024W39,2024,39,2024-09-23,2024-09-29,上海,豪华型,261,74370,258,74354,0.3732,995.32,371.453424,酒店之家
2024W39,2024,39,2024-09-23,2024-09-29,上海,高档型,715,103153,663,102691,0.5479,466.55,255.622745,酒店之家
2024W39,2024,39,2024-09-23,2024-09-29,全国,中档型,66668,4202559,53427,4082916,0.5608,217.89,122.192712,酒店之家
2024W39,2024,39,2024-09-23,2024-09-29,全国,全部,725240,20617309,373941,18625692,0.5477,186.04,101.894108,酒店之家
2024W39,2024,39,2024-09-23,2024-09-29,全国,经济型,627651,12121402,292077,10274129,0.549,133.83,73.47267,酒店之家
2024W39,2024,39,2024-09-23,2024-09-29,全国,豪华型,5765,1397407,5609,1395794,0.4086,675.94,276.189084,酒店之家
2024W39,2024,39,2024-09-23,2024-09-29,全国,高档型,25156,2895941,22828,2872853,0.4734,330.21,156.321414,酒店之家
2024W40,2024,40,2024-09-30,2024-10-06,上海,中档型,1581,125918,1271,123342,0.6539,338.42,221.292838,酒店之家
2024W40,2024,40,2024-09-30,2024-10-06,上海,全部,11882,506188,6236,482034,0.6839,337.04,230.501656,酒店之家
2024W40,2024,40,2024-09-30,2024-10-06,上海,经济型,9322,202667,4042,181571,0.7099,212.92,151.151908,酒店之家
2024W40,2024,40,2024-09-30,2024-10-06,上海,豪华型,261,74207,258,74191,0.5055,1089.61,550.797855,酒店之家
2024W40,2024,40,2024-09-30,2024-10-06,上海,高档型,718,103396,665,102930,0.567,497.72,282.20724,酒店之家
2024W40,2024,40,2024-09-30,2024-10-06,全国,中档型,66790,4209957,53556,4090395,0.6808,317.4,216.08592,酒店之家
2024W40,2024,40,2024-09-30,2024-10-06,全国,全部,724698,20619142,373791,18627551,0.6978,267.46,186.633588,酒店之家
2024W40,2024,40,2024-09-30,2024-10-06,全国,经济型,626845,12105176,291669,10258007,0.7165,200.69,143.794385,酒店之家
2024W40,2024,40,2024-09-30,2024-10-06,全国,豪华型,5783,1399093,5626,1397468,0.5299,869.15,460.562585,酒店之家
2024W40,2024,40,2024-09-30,2024-10-06,全国,高档型,25280,2904916,22940,2881681,0.5952,450.75,268.2864,酒店之家
2024W41,2024,41,2024-10-07,2024-10-13,上海,中档型,1562,125340,1263,122812,0.5854,287.92,168.548368,酒店之家
2024W41,2024,41,2024-10-07,2024-10-13,上海,全部,11750,505003,6217,481179,0.6223,279.11,173.690153,酒店之家
2024W41,2024,41,2024-10-07,2024-10-13,上海,经济型,9213,201789,4032,180954,0.6472,171.24,110.826528,酒店之家
2024W41,2024,41,2024-10-07,2024-10-13,上海,豪华型,261,74636,258,74620,0.4374,1011.15,442.27701,酒店之家
2024W41,2024,41,2024-10-07,2024-10-13,上海,高档型,714,103238,664,102793,0.5319,453.24,241.078356,酒店之家
2024W41,2024,41,2024-10-07,2024-10-13,全国,中档型,66062,4180044,53078,4062692,0.4851,210.55,102.137805,酒店之家
2024W41,2024,41,2024-10-07,2024-10-13,全国,全部,713023,20429263,369788,18477249,0.4981,178.26,88.791306,酒店之家
2024W41,2024,41,2024-10-07,2024-10-13,全国,经济型,616009,11952573,288222,10142416,0.5109,129.45,66.136005,酒店之家
2024W41,2024,41,2024-10-07,2024-10-13,全国,豪华型,5781,1399725,5626,1398124,0.3741,655.8,245.33478,酒店之家
2024W41,2024,41,2024-10-07,2024-10-13,全国,高档型,25171,2896921,22862,2874017,0.4258,316.38,134.714604,酒店之家
2024W42,2024,42,2024-10-14,2024-10-20,上海,中档型,1561,125154,1265,122650,0.7624,321.56,245.157344,酒店之家
2024W42,2024,42,2024-10-14,2024-10-20,上海,全部,11686,505227,6219,481607,0.7323,306.62,224.537826,酒店之家
2024W42,2024,42,2024-10-14,2024-10-20,上海,经济型,9147,201421,4029,180766,0.7363,186.12,137.040156,酒店之家
2024W42,2024,42,2024-10-14,2024-10-20,上海,豪华型,262,74972,259,74956,0.6382,1121.62,715.817884,酒店之家
2024W42,2024,42,2024-10-14,2024-10-20,上海,高档型,716,103680,666,103235,0.5405,505.74,273.35247,酒店之家
2024W42,2024,42,2024-10-14,2024-10-20,全国,中档型,65967,4173762,53037,4056982,0.6081,222.72,135.436032,酒店之家
2024W42,2024,42,2024-10-14,2024-10-20,全国,全部,710926,20411869,369541,18462624,0.6036,186.65,112.66194,酒店之家
2024W42,2024,42,2024-10-14,2024-10-20,全国,经济型,613998,11937323,288005,10129378,0.6089,134.97,82.183233,酒店之家
2024W42,2024,42,2024-10-14,2024-10-20,全国,豪华型,5796,1402910,5639,1401288,0.4565,712.58,325.29277,酒店之家
2024W42,2024,42,2024-10-14,2024-10-20,全国,高档型,25165,2897874,22860,2874976,0.5214,337.9,176.18106,酒店之家
2024W43,2024,43,2024-10-21,2024-10-27,上海,中档型,1563,125285,1264,122772,0.7011,311.62,218.476782,酒店之家
2024W43,2024,43,2024-10-21,2024-10-27,上海,全部,11717,505234,6208,481507,0.7011,299.66,210.091626,酒店之家
2024W43,2024,43,2024-10-21,2024-10-27,上海,经济型,9176,200815,4018,180048,0.7128,183.15,130.54932,酒店之家
2024W43,2024,43,2024-10-21,2024-10-27,上海,豪华型,263,75527,260,75511,0.4797,1073.31,514.866807,酒店之家
2024W43,2024,43,2024-10-21,2024-10-27,上海,高档型,715,103607,666,103176,0.6629,486.01,322.176029,酒店之家
2024W43,2024,43,2024-10-21,2024-10-27,全国,中档型,65923,4171759,52990,4055072,0.5859,221.56,129.812004,酒店之家
2024W43,2024,43,2024-10-21,2024-10-27,全国,全部,708739,20386480,369018,18441275,0.582,186.8,108.7176,酒店之家
2024W43,2024,43,2024-10-21,2024-10-27,全国,经济型,611825,11911923,287500,10107949,0.5872,134.8,79.15456,酒店之家
2024W43,2024,43,2024-10-21,2024-10-27,全国,豪华型,5802,1404062,5646,1402444,0.4317,709.39,306.243663,酒店之家
2024W43,2024,43,2024-10-21,2024-10-27,全国,高档型,25189,2898736,22882,2875810,0.5055,336.74,170.22207,酒店之家
2024W44,2024,44,2024-10-28,2024-11-03,上海,中档型,1566,125492,1267,122983,0.6363,298.92,190.202796,酒店之家
2024W44,2024,44,2024-10-28,2024-11-03,上海,全部,11747,506559,6225,482845,0.6772,287.28,194.546016,酒店之家
2024W44,2024,44,2024-10-28,2024-11-03,上海,经济型,9198,200760,4027,180002,0.6995,177.36,124.06332,酒店之家
2024W44,2024,44,2024-10-28,2024-11-03,上海,豪华型,265,76055,262,76039,0.4817,1052.71,507.090407,酒店之家
2024W44,2024,44,2024-10-28,2024-11-03,上海,高档型,718,104252,669,103821,0.6571,465.33,305.768343,酒店之家
2024W44,2024,44,2024-10-28,2024-11-03,全国,中档型,65219,4141571,52462,4026486,0.5482,217.34,119.145788,酒店之家
2024W44,2024,44,2024-10-28,2024-11-03,全国,全部,714471,20338629,368080,18396669,0.5525,183.34,101.29535,酒店之家
2024W44,2024,44,2024-10-28,2024-11-03,全国,经济型,618418,11909524,287222,10106946,0.5616,133.14,74.771424,酒店之家
2024W44,2024,44,2024-10-28,2024-11-03,全国,豪华型,5805,1404337,5647,1402701,0.3944,683.67,269.639448,酒店之家
2024W44,2024,44,2024-10-28,2024-11-03,全国,高档型,25029,2883197,22749,2860536,0.4643,327.39,152.007177,酒店之家
2024W45,2024,45,2024-11-04,2024-11-10,上海,中档型,1564,125324,1264,122806,0.7064,339.8,240.03472,酒店之家
2024W45,2024,45,2024-11-04,2024-11-10,上海,全部,11742,507081,6223,483121,0.7189,320.19,230.184591,酒店之家
2024W45,2024,45,2024-11-04,2024-11-10,上海,经济型,9194,200961,4027,179966,0.7356,191.66,140.985096,酒店之家
2024W45,2024,45,2024-11-04,2024-11-10,上海,豪华型,265,76055,262,76039,0.5594,1225.45,685.51673,酒店之家
2024W45,2024,45,2024-11-04,2024-11-10,上海,高档型,719,104741,670,104310,0.5954,545.58,324.838332,酒店之家
2024W45,2024,45,2024-11-04,2024-11-10,全国,中档型,65240,4143399,52486,4028358,0.5528,215.72,119.250016,酒店之家
2024W45,2024,45,2024-11-04,2024-11-10,全国,全部,711792,20342429,368232,18401847,0.5546,182.7,101.32542,酒店之家
2024W45,2024,45,2024-11-04,2024-11-10,全国,经济型,615669,11906042,287303,10104833,0.5625,131.87,74.176875,酒店之家
2024W45,2024,45,2024-11-04,2024-11-10,全国,豪华型,5811,1405299,5653,1403663,0.3902,685.18,267.357236,酒店之家
2024W45,2024,45,2024-11-04,2024-11-10,全国,高档型,25072,2887689,22790,2864993,0.4578,326.3,149.38014,酒店之家
2024W46,2024,46,2024-11-11,2024-11-17,上海,中档型,1562,125190,1265,122696,0.6595,310.71,204.913245,酒店之家
2024W46,2024,46,2024-11-11,2024-11-17,上海,全部,11707,507252,6223,483299,0.6929,299.77,207.710633,酒店之家
2024W46,2024,46,2024-11-11,2024-11-17,上海,经济型,9157,200748,4022,179736,0.7186,182.73,131.309778,酒店之家
2024W46,2024,46,2024-11-11,2024-11-17,上海,豪华型,267,76214,264,76198,0.4724,1045.83,494.050092,酒店之家
2024W46,2024,46,2024-11-11,2024-11-17,上海,高档型,721,105100,672,104669,0.6258,479.23,299.902134,酒店之家
2024W46,2024,46,2024-11-11,2024-11-17,全国,中档型,65216,4140311,52458,4025073,0.5635,215.88,121.64838,酒店之家
2024W46,2024,46,2024-11-11,2024-11-17,全国,全部,708742,20305932,367316,18368488,0.5654,185.66,104.972164,酒店之家
2024W46,2024,46,2024-11-11,2024-11-17,全国,经济型,612589,11867639,286359,10069753,0.573,133.1,76.2663,酒店之家
2024W46,2024,46,2024-11-11,2024-11-17,全国,豪华型,5822,1406700,5664,1405064,0.4075,693.9,282.76425,酒店之家
2024W46,2024,46,2024-11-11,2024-11-17,全国,高档型,25115,2891282,22835,2868598,0.4635,327.74,151.90749,酒店之家
2024W47,2024,47,2024-11-18,2024-11-24,上海,中档型,1562,125166,1265,122677,0.6257,307.05,192.121185,酒店之家
2024W47,2024,47,2024-11-18,2024-11-24,上海,全部,11689,507537,6231,483620,0.6933,297.58,206.312214,酒店之家
2024W47,2024,47,2024-11-18,2024-11-24,上海,经济型,9137,200957,4028,179976,0.7308,182.22,133.166376,酒店之家
2024W47,2024,47,2024-11-18,2024-11-24,上海,豪华型,265,75605,262,75589,0.5552,1028.04,570.767808,酒店之家
2024W47,2024,47,2024-11-18,2024-11-24,上海,高档型,725,105809,676,105378,0.5667,477.38,270.531246,酒店之家
2024W47,2024,47,2024-11-18,2024-11-24,全国,中档型,65238,4142247,52500,4027201,0.5619,213.61,120.027459,酒店之家
2024W47,2024,47,2024-11-18,2024-11-24,全国,全部,706714,20289708,366828,18355013,0.565,184.11,104.02215,酒店之家
2024W47,2024,47,2024-11-18,2024-11-24,全国,经济型,610487,11843727,285787,10048483,0.5723,131.48,75.246004,酒店之家
2024W47,2024,47,2024-11-18,2024-11-24,全国,豪华型,5826,1408580,5667,1406935,0.4282,679.64,291.021848,酒店之家
2024W47,2024,47,2024-11-18,2024-11-24,全国,高档型,25163,2895154,22874,2872394,0.4652,323.26,150.380552,酒店之家
2024W48,2024,48,2024-11-25,2024-12-01,上海,中档型,1476,120206,1174,117676,0.7131,329.52,234.980712,酒店之家
2024W48,2024,48,2024-11-25,2024-12-01,上海,全部,11644,506513,6221,482677,0.7256,315.17,228.687352,酒店之家
2024W48,2024,48,2024-11-25,2024-12-01,上海,经济型,9217,208995,4143,188094,0.7557,193.76,146.424432,酒店之家
2024W48,2024,48,2024-11-25,2024-12-01,上海,豪华型,260,74700,258,74694,0.5114,1116.59,571.024126,酒店之家
2024W48,2024,48,2024-11-25,2024-12-01,上海,高档型,691,102612,646,102213,0.4632,508.19,235.393608,酒店之家
2024W48,2024,48,2024-11-25,2024-12-01,全国,中档型,64737,4124331,52071,4009992,0.5713,213.92,122.212496,酒店之家
2024W48,2024,48,2024-11-25,2024-12-01,全国,全部,702704,20234725,365702,18311494,0.5719,183.57,104.983683,酒店之家
2024W48,2024,48,2024-11-25,2024-12-01,全国,经济型,607164,11821658,285255,10036962,0.5787,132.68,76.781916,酒店之家
2024W48,2024,48,2024-11-25,2024-12-01,全国,豪华型,5825,1408504,5666,1406855,0.4346,684.57,297.514122,酒店之家
2024W48,2024,48,2024-11-25,2024-12-01,全国,高档型,24978,2880232,22710,2857685,0.4509,322,145.1898,酒店之家
2024W49,2024,49,2024-12-02,2024-12-08,上海,中档型,1477,120550,1180,118048,0.6497,314.31,204.207207,酒店之家
2024W49,2024,49,2024-12-02,2024-12-08,上海,全部,11669,507273,6235,483415,0.6921,292.72,202.591512,酒店之家
2024W49,2024,49,2024-12-02,2024-12-08,上海,经济型,9243,209514,4152,188557,0.7187,184.01,132.247987,酒店之家
2024W49,2024,49,2024-12-02,2024-12-08,上海,豪华型,261,75000,259,74994,0.4952,1025.18,507.669136,酒店之家
2024W49,2024,49,2024-12-02,2024-12-08,上海,高档型,688,102209,644,101816,0.6078,487.99,296.600322,酒店之家
2024W49,2024,49,2024-12-02,2024-12-08,全国,中档型,64959,4134512,52225,4019467,0.5451,212.3,115.72473,酒店之家
2024W49,2024,49,2024-12-02,2024-12-08,全国,全部,704139,20279688,366750,18348958,0.5592,181.78,101.651376,酒店之家
2024W49,2024,49,2024-12-02,2024-12-08,全国,经济型,608328,11848425,286096,10056909,0.57,131.67,75.0519,酒店之家
2024W49,2024,49,2024-12-02,2024-12-08,全国,豪华型,5840,1411600,5681,1409949,0.4411,680.53,300.181783,酒店之家
2024W49,2024,49,2024-12-02,2024-12-08,全国,高档型,25012,2885151,22748,2862633,0.462,320.96,148.28352,酒店之家
2024W50,2024,50,2024-12-09,2024-12-15,上海,中档型,1480,120588,1181,118087,0.5815,300.59,174.793085,酒店之家
2024W50,2024,50,2024-12-09,2024-12-15,上海,全部,11720,507159,6235,483275,0.6527,291.52,190.275104,酒店之家
2024W50,2024,50,2024-12-09,2024-12-15,上海,经济型,9291,209331,4150,188343,0.69,178.05,122.8545,酒店之家
2024W50,2024,50,2024-12-09,2024-12-15,上海,豪华型,261,75000,259,74994,0.4594,1025.31,471.027414,酒店之家
2024W50,2024,50,2024-12-09,2024-12-15,上海,高档型,688,102240,645,101851,0.5943,474.64,282.078552,酒店之家
2024W50,2024,50,2024-12-09,2024-12-15,全国,中档型,65069,4142870,52328,4027811,0.5317,210.04,111.678268,酒店之家
2024W50,2024,50,2024-12-09,2024-12-15,全国,全部,704565,20325586,367773,18390737,0.5477,180.96,99.111792,酒店之家
2024W50,2024,50,2024-12-09,2024-12-15,全国,经济型,608560,11875951,286934,10080350,0.5591,129.72,72.526452,酒店之家
2024W50,2024,50,2024-12-09,2024-12-15,全国,豪华型,5851,1414196,5692,1412545,0.4305,679.13,292.365465,酒店之家
2024W50,2024,50,2024-12-09,2024-12-15,全国,高档型,25085,2892569,22819,2870031,0.4519,317.97,143.690643,酒店之家
2024W51,2024,51,2024-12-16,2024-12-22,上海,中档型,1483,120626,1185,118142,0.5981,298.36,178.449116,酒店之家
2024W51,2024,51,2024-12-16,2024-12-22,上海,全部,11702,507710,6250,483926,0.6646,288.29,191.597534,酒店之家
2024W51,2024,51,2024-12-16,2024-12-22,上海,经济型,9267,209498,4157,188582,0.6978,179.26,125.087628,酒店之家
2024W51,2024,51,2024-12-16,2024-12-22,上海,豪华型,263,75395,261,75389,0.5586,976.45,545.44497,酒店之家
2024W51,2024,51,2024-12-16,2024-12-22,上海,高档型,689,102191,647,101813,0.5127,472.38,242.189226,酒店之家
2024W51,2024,51,2024-12-16,2024-12-22,全国,中档型,65159,4145453,52400,4030248,0.5401,214.94,116.089094,酒店之家
2024W51,2024,51,2024-12-16,2024-12-22,全国,全部,702917,20343085,368358,18408991,0.5623,185.35,104.222305,酒店之家
2024W51,2024,51,2024-12-16,2024-12-22,全国,经济型,606766,11884006,287396,10089355,0.576,134.95,77.7312,酒店之家
2024W51,2024,51,2024-12-16,2024-12-22,全国,豪华型,5868,1416299,5707,1414627,0.431,676.8,291.7008,酒店之家
2024W51,2024,51,2024-12-16,2024-12-22,全国,高档型,25124,2897327,22855,2874761,0.4704,319.02,150.067008,酒店之家
2024W52,2024,52,2024-12-23,2024-12-29,上海,中档型,1489,120708,1187,118179,0.5703,289.3,164.98779,酒店之家
2024W52,2024,52,2024-12-23,2024-12-29,上海,全部,11810,508369,6267,484309,0.644,288.37,185.71028,酒店之家
2024W52,2024,52,2024-12-23,2024-12-29,上海,经济型,9369,210442,4172,189295,0.6722,174.31,117.171182,酒店之家
2024W52,2024,52,2024-12-23,2024-12-29,上海,豪华型,261,74748,259,74742,0.4434,1049.86,465.507924,酒店之家
2024W52,2024,52,2024-12-23,2024-12-29,上海,高档型,691,102471,649,102093,0.63,459.61,289.5543,酒店之家
2024W52,2024,52,2024-12-23,2024-12-29,全国,中档型,65345,4151449,52511,4035563,0.5294,212.46,112.476324,酒店之家
2024W52,2024,52,2024-12-23,2024-12-29,全国,全部,711154,20412291,369968,18456832,0.5466,187.04,102.236064,酒店之家
2024W52,2024,52,2024-12-23,2024-12-29,全国,经济型,614772,11942280,288852,10126968,0.5563,132.8,73.87664,酒店之家
2024W52,2024,52,2024-12-23,2024-12-29,全国,豪华型,5870,1416358,5710,1414698,0.4614,710.38,327.769332,酒店之家
2024W52,2024,52,2024-12-23,2024-12-29,全国,高档型,25167,2902204,22895,2879603,0.4957,321.66,159.446862,酒店之家
2025W01,2025,1,2024-12-30,2025-01-05,上海,中档型,1494,121195,1192,118663,0.5521,289.67,159.926807,酒店之家
2025W01,2025,1,2024-12-30,2025-01-05,上海,全部,11664,507834,6260,483935,0.6475,287.27,186.007325,酒店之家
2025W01,2025,1,2024-12-30,2025-01-05,上海,经济型,9214,209043,4156,188060,0.6813,179.59,122.354667,酒店之家
2025W01,2025,1,2024-12-30,2025-01-05,上海,豪华型,262,74846,260,74840,0.3689,1053.44,388.614016,酒店之家
2025W01,2025,1,2024-12-30,2025-01-05,上海,高档型,694,102750,652,102372,0.6105,446.6,272.6493,酒店之家
2025W01,2025,1,2024-12-30,2025-01-05,全国,中档型,65252,4151887,52437,4036177,0.5039,216.45,109.069155,酒店之家
2025W01,2025,1,2024-12-30,2025-01-05,全国,全部,706452,20398481,369887,18452249,0.5477,188.24,103.099048,酒店之家
2025W01,2025,1,2024-12-30,2025-01-05,全国,经济型,610254,11927871,288912,10121371,0.5684,140.38,79.791992,酒店之家
2025W01,2025,1,2024-12-30,2025-01-05,全国,豪华型,5874,1417761,5713,1416093,0.4376,702.01,307.199576,酒店之家
2025W01,2025,1,2024-12-30,2025-01-05,全国,高档型,25072,2900962,22825,2878608,0.4583,316.08,144.859464,酒店之家
2025W02,2025,2,2025-01-06,2025-01-12,上海,中档型,1497,121245,1193,118692,0.625,283.13,176.95625,酒店之家
2025W02,2025,2,2025-01-06,2025-01-12,上海,全部,11629,508317,6279,484412,0.6498,279.81,181.820538,酒店之家
2025W02,2025,2,2025-01-06,2025-01-12,上海,经济型,9177,209718,4174,188737,0.6673,170.32,113.654536,酒店之家
2025W02,2025,2,2025-01-06,2025-01-12,上海,豪华型,261,74667,259,74661,0.3647,950.63,346.694761,酒店之家
2025W02,2025,2,2025-01-06,2025-01-12,上海,高档型,694,102687,653,102322,0.5771,447.84,258.448464,酒店之家
2025W02,2025,2,2025-01-06,2025-01-12,全国,中档型,65551,4167211,52664,4050802,0.5383,209.28,112.655424,酒店之家
2025W02,2025,2,2025-01-06,2025-01-12,全国,全部,706933,20473536,371448,18520488,0.553,181.2,100.2036,酒店之家
2025W02,2025,2,2025-01-06,2025-01-12,全国,经济型,610271,11970333,290105,10157932,0.5625,131.02,73.69875,酒店之家
2025W02,2025,2,2025-01-06,2025-01-12,全国,豪华型,5898,1422772,5736,1421095,0.4159,691.83,287.732097,酒店之家
2025W02,2025,2,2025-01-06,2025-01-12,全国,高档型,25213,2913220,22943,2890659,0.4896,315.82,154.625472,酒店之家
2025W03,2025,3,2025-01-13,2025-01-19,上海,中档型,1499,121426,1195,118879,0.644,291.26,187.57144,酒店之家
2025W03,2025,3,2025-01-13,2025-01-19,上海,全部,11634,509189,6293,485247,0.6453,290.16,187.240248,酒店之家
2025W03,2025,3,2025-01-13,2025-01-19,上海,经济型,9177,209877,4183,188853,0.6512,175.41,114.226992,酒店之家
2025W03,2025,3,2025-01-13,2025-01-19,上海,豪华型,262,74847,260,74841,0.3756,958.78,360.117768,酒店之家
2025W03,2025,3,2025-01-13,2025-01-19,上海,高档型,696,103039,655,102674,0.6879,459.5,316.09005,酒店之家
2025W03,2025,3,2025-01-13,2025-01-19,全国,中档型,65827,4181579,52886,4064592,0.5509,216.47,119.253323,酒店之家
2025W03,2025,3,2025-01-13,2025-01-19,全国,全部,708277,20522181,372279,18563524,0.5617,188.97,106.144449,酒店之家
2025W03,2025,3,2025-01-13,2025-01-19,全国,经济型,611196,11991688,290588,10174443,0.5686,134.7,76.59042,酒店之家
2025W03,2025,3,2025-01-13,2025-01-19,全国,豪华型,5917,1425318,5754,1423634,0.4566,717.74,327.720084,酒店之家
2025W03,2025,3,2025-01-13,2025-01-19,全国,高档型,25337,2923596,23051,2900855,0.5215,325.55,169.774325,酒店之家
2025W04,2025,4,2025-01-20,2025-01-26,上海,中档型,1514,121926,1202,119313,0.4355,280.32,122.07936,酒店之家
2025W04,2025,4,2025-01-20,2025-01-26,上海,全部,11643,509994,6308,486009,0.4764,286.63,136.550532,酒店之家
2025W04,2025,4,2025-01-20,2025-01-26,上海,经济型,9163,209259,4183,188258,0.487,170.41,82.98967,酒店之家
2025W04,2025,4,2025-01-20,2025-01-26,上海,豪华型,263,74967,261,74961,0.2552,928.1,236.85112,酒店之家
2025W04,2025,4,2025-01-20,2025-01-26,上海,高档型,703,103842,662,103477,0.6177,445.89,275.426253,酒店之家
2025W04,2025,4,2025-01-20,2025-01-26,全国,中档型,66420,4207733,53324,4089336,0.503,218.38,109.84514,酒店之家
2025W04,2025,4,2025-01-20,2025-01-26,全国,全部,711282,20623230,374209,18652220,0.5041,194.53,98.062573,酒店之家
2025W04,2025,4,2025-01-20,2025-01-26,全国,经济型,613353,12040807,291841,10212739,0.5058,137.45,69.52221,酒店之家
2025W04,2025,4,2025-01-20,2025-01-26,全国,豪华型,5956,1433927,5791,1432227,0.4528,719.62,325.843936,酒店之家
2025W04,2025,4,2025-01-20,2025-01-26,全国,高档型,25553,2940763,23253,2917918,0.4889,327.76,160.241864,酒店之家
2025W05,2025,5,2025-01-27,2025-02-02,上海,中档型,1516,122095,1203,119465,0.4436,331.16,146.902576,酒店之家
2025W05,2025,5,2025-01-27,2025-02-02,上海,全部,11646,510650,6312,486588,0.4347,376.84,163.812348,酒店之家
2025W05,2025,5,2025-01-27,2025-02-02,上海,经济型,9160,209252,4182,188191,0.4235,207.01,87.668735,酒店之家
2025W05,2025,5,2025-01-27,2025-02-02,上海,豪华型,264,75126,262,75120,0.4133,1143.74,472.707742,酒店之家
2025W05,2025,5,2025-01-27,2025-02-02,上海,高档型,706,104177,665,103812,0.5963,515.72,307.523836,酒店之家
2025W05,2025,5,2025-01-27,2025-02-02,全国,中档型,66655,4219899,53499,4101002,0.5545,310.92,172.40514,酒店之家
2025W05,2025,5,2025-01-27,2025-02-02,全国,全部,711687,20651773,374737,18678510,0.5299,291.53,154.481747,酒店之家
2025W05,2025,5,2025-01-27,2025-02-02,全国,经济型,613412,12052365,292084,10222549,0.5191,204.42,106.114422,酒店之家
2025W05,2025,5,2025-01-27,2025-02-02,全国,豪华型,5968,1434520,5801,1432798,0.533,967.84,515.85872,酒店之家
2025W05,2025,5,2025-01-27,2025-02-02,全国,高档型,25652,2944989,23353,2922161,0.5656,458.14,259.123984,酒店之家
2025W06,2025,6,2025-02-03,2025-02-09,上海,中档型,1517,122181,1205,119557,0.4104,277.43,113.857272,酒店之家
2025W06,2025,6,2025-02-03,2025-02-09,上海,全部,11652,511719,6321,487639,0.4697,285.37,134.038289,酒店之家
2025W06,2025,6,2025-02-03,2025-02-09,上海,经济型,9165,210194,4188,189096,0.4797,171.32,82.182204,酒店之家
2025W06,2025,6,2025-02-03,2025-02-09,上海,豪华型,265,75141,263,75135,0.422,959.05,404.7191,酒店之家
2025W06,2025,6,2025-02-03,2025-02-09,上海,高档型,705,104203,665,103851,0.6267,435.58,272.977986,酒店之家
2025W06,2025,6,2025-02-03,2025-02-09,全国,中档型,66706,4225856,53584,4107298,0.5506,237.55,130.79503,酒店之家
2025W06,2025,6,2025-02-03,2025-02-09,全国,全部,711907,20685000,375591,18713336,0.5599,208.17,116.554383,酒店之家
2025W06,2025,6,2025-02-03,2025-02-09,全国,经济型,613567,12079442,292850,10251005,0.5662,149.7,84.76014,酒店之家
2025W06,2025,6,2025-02-03,2025-02-09,全国,豪华型,5974,1434982,5805,1433242,0.5035,770.48,387.93668,酒店之家
2025W06,2025,6,2025-02-03,2025-02-09,全国,高档型,25660,2944720,23352,2921791,0.5155,352.58,181.75499,酒店之家
2025W07,2025,7,2025-02-10,2025-02-16,上海,中档型,1516,122333,1206,119721,0.499,280.08,139.75992,酒店之家
2025W07,2025,7,2025-02-10,2025-02-16,上海,全部,11657,512730,6336,488574,0.5958,270.49,161.157942,酒店之家
2025W07,2025,7,2025-02-10,2025-02-16,上海,经济型,9169,210689,4200,189503,0.6291,170.29,107.129439,酒店之家
2025W07,2025,7,2025-02-10,2025-02-16,上海,豪华型,265,75231,263,75225,0.2962,922.74,273.315588,酒店之家
2025W07,2025,7,2025-02-10,2025-02-16,上海,高档型,707,104477,667,104125,0.5389,431.83,232.713187,酒店之家
2025W07,2025,7,2025-02-10,2025-02-16,全国,中档型,66848,4233016,53695,4114113,0.5186,217.78,112.940708,酒店之家
2025W07,2025,7,2025-02-10,2025-02-16,全国,全部,713907,20752935,377465,18773398,0.5526,185.98,102.772548,酒店之家
2025W07,2025,7,2025-02-10,2025-02-16,全国,经济型,615384,12137815,294577,10301916,0.571,136.74,78.07854,酒店之家
2025W07,2025,7,2025-02-10,2025-02-16,全国,豪华型,5980,1435221,5810,1433464,0.466,685.73,319.55018,酒店之家
2025W07,2025,7,2025-02-10,2025-02-16,全国,高档型,25695,2946883,23383,2923905,0.4563,319.5,145.78785,酒店之家
2025W08,2025,8,2025-02-17,2025-02-23,上海,中档型,1515,122400,1206,119799,0.5838,291.31,170.066778,酒店之家
2025W08,2025,8,2025-02-17,2025-02-23,上海,全部,11639,513059,6352,488960,0.7072,277.58,196.304576,酒店之家
2025W08,2025,8,2025-02-17,2025-02-23,上海,经济型,9148,210793,4212,189653,0.7447,174.55,129.987385,酒店之家
2025W08,2025,8,2025-02-17,2025-02-23,上海,豪华型,266,75440,264,75434,0.4233,932.79,394.850007,酒店之家
2025W08,2025,8,2025-02-17,2025-02-23,上海,高档型,710,104426,670,104074,0.6915,448.02,309.80583,酒店之家
2025W08,2025,8,2025-02-17,2025-02-23,全国,中档型,67037,4239817,53838,4120501,0.5518,217.03,119.757154,酒店之家
2025W08,2025,8,2025-02-17,2025-02-23,全国,全部,714714,20794336,378450,18809150,0.5871,183.26,107.591946,酒店之家
2025W08,2025,8,2025-02-17,2025-02-23,全国,经济型,615926,12163167,295340,10322019,0.6067,134.15,81.388805,酒店之家
2025W08,2025,8,2025-02-17,2025-02-23,全国,豪华型,5985,1436218,5817,1434480,0.4762,669.26,318.701612,酒店之家
2025W08,2025,8,2025-02-17,2025-02-23,全国,高档型,25766,2955134,23455,2932150,0.4913,318.02,156.243226,酒店之家
2025W09,2025,9,2025-02-24,2025-03-02,上海,中档型,1516,122706,1207,120112,0.5863,291.61,170.970943,酒店之家
2025W09,2025,9,2025-02-24,2025-03-02,上海,全部,12506,514871,6376,489698,0.704,276.3,194.5152,酒店之家
2025W09,2025,9,2025-02-24,2025-03-02,上海,经济型,10016,213234,4237,190998,0.7431,173.39,128.846109,酒店之家
2025W09,2025,9,2025-02-24,2025-03-02,上海,豪华型,267,75441,264,75427,0.3187,917.16,292.298892,酒店之家
2025W09,2025,9,2025-02-24,2025-03-02,上海,高档型,707,103490,668,103161,0.6411,447.92,287.161512,酒店之家
2025W09,2025,9,2025-02-24,2025-03-02,全国,中档型,67060,4240517,53871,4121266,0.5356,214.33,114.795148,酒店之家
2025W09,2025,9,2025-02-24,2025-03-02,全国,全部,719759,20790322,378319,18801848,0.5687,181.16,103.025692,酒店之家
2025W09,2025,9,2025-02-24,2025-03-02,全国,经济型,620926,12155276,295149,10310712,0.5875,132.42,77.79675,酒店之家
2025W09,2025,9,2025-02-24,2025-03-02,全国,豪华型,5990,1439145,5822,1437412,0.4613,652.45,300.975185,酒店之家
2025W09,2025,9,2025-02-24,2025-03-02,全国,高档型,25783,2955384,23477,2932458,0.4667,314.31,146.688477,酒店之家
2025W10,2025,10,2025-03-03,2025-03-09,上海,中档型,1505,122832,1194,120216,0.5715,305.07,174.347505,酒店之家
2025W10,2025,10,2025-03-03,2025-03-09,上海,全部,12801,515101,6380,489352,0.6901,280.58,193.628258,酒店之家
2025W10,2025,10,2025-03-03,2025-03-09,上海,经济型,10334,214568,4265,191766,0.7258,179.81,130.506098,酒店之家
2025W10,2025,10,2025-03-03,2025-03-09,上海,豪华型,266,75375,263,75361,0.3221,921.65,296.863465,酒店之家
2025W10,2025,10,2025-03-03,2025-03-09,上海,高档型,696,102326,658,102009,0.7484,460.74,344.817816,酒店之家
2025W10,2025,10,2025-03-03,2025-03-09,全国,中档型,67028,4238455,53726,4118134,0.519,212.94,110.51586,酒店之家
2025W10,2025,10,2025-03-03,2025-03-09,全国,全部,733754,20865046,379826,18850238,0.5471,179.85,98.395935,酒店之家
2025W10,2025,10,2025-03-03,2025-03-09,全国,经济型,635097,12241472,296938,10371603,0.5643,131.76,74.352168,酒店之家
2025W10,2025,10,2025-03-03,2025-03-09,全国,豪华型,5966,1435410,5799,1433694,0.4032,642.15,258.91488,酒店之家
2025W10,2025,10,2025-03-03,2025-03-09,全国,高档型,25663,2949709,23363,2926807,0.4577,312.19,142.889363,酒店之家
2025W11,2025,11,2025-03-10,2025-03-16,上海,中档型,1507,123092,1195,120457,0.6448,317.73,204.872304,酒店之家
2025W11,2025,11,2025-03-10,2025-03-16,上海,全部,12760,517533,6401,491894,0.7332,299.31,219.454092,酒店之家
2025W11,2025,11,2025-03-10,2025-03-16,上海,经济型,10286,215189,4279,192504,0.7621,186.75,142.322175,酒店之家
2025W11,2025,11,2025-03-10,2025-03-16,上海,豪华型,270,76749,267,76735,0.383,989.31,378.90573,酒店之家
2025W11,2025,11,2025-03-10,2025-03-16,上海,高档型,697,102503,660,102198,0.7996,481.33,384.871468,酒店之家
2025W11,2025,11,2025-03-10,2025-03-16,全国,中档型,67369,4257466,54007,4136504,0.5645,216.04,121.95458,酒店之家
2025W11,2025,11,2025-03-10,2025-03-16,全国,全部,740805,20958683,381674,18930083,0.5887,183.81,108.208947,酒店之家
2025W11,2025,11,2025-03-10,2025-03-16,全国,经济型,641667,12299957,298368,10416956,0.6029,135.07,81.433703,酒店之家
2025W11,2025,11,2025-03-10,2025-03-16,全国,豪华型,5978,1437600,5811,1435884,0.4713,642.32,302.725416,酒店之家
2025W11,2025,11,2025-03-10,2025-03-16,全国,高档型,25791,2963660,23488,2940739,0.5113,312.71,159.888623,酒店之家
2025W12,2025,12,2025-03-17,2025-03-23,上海,中档型,1509,123457,1197,120817,0.6816,333.71,227.456736,酒店之家
2025W12,2025,12,2025-03-17,2025-03-23,上海,全部,12543,519375,6426,493974,0.7634,318.86,243.417724,酒店之家
2025W12,2025,12,2025-03-17,2025-03-23,上海,经济型,10063,215524,4298,193082,0.7943,198.23,157.454089,酒店之家
2025W12,2025,12,2025-03-17,2025-03-23,上海,豪华型,272,77021,269,77007,0.4289,1051.24,450.876836,酒店之家
2025W12,2025,12,2025-03-17,2025-03-23,上海,高档型,699,103373,662,103068,0.7307,519.54,379.627878,酒店之家
2025W12,2025,12,2025-03-17,2025-03-23,全国,中档型,67658,4269331,54202,4147523,0.5805,223.24,129.59082,酒店之家
2025W12,2025,12,2025-03-17,2025-03-23,全国,全部,737764,21014061,383075,18978691,0.5934,191.86,113.849724,酒店之家
2025W12,2025,12,2025-03-17,2025-03-23,全国,经济型,638248,12334884,299490,10446035,0.6031,137.8,83.10718,酒店之家
2025W12,2025,12,2025-03-17,2025-03-23,全国,豪华型,5986,1438686,5819,1436970,0.479,681.04,326.21816,酒店之家
2025W12,2025,12,2025-03-17,2025-03-23,全国,高档型,25872,2971160,23564,2948163,0.5266,330.12,173.841192,酒店之家
2025W13,2025,13,2025-03-24,2025-03-30,上海,中档型,1508,123155,1196,120513,0.7336,339.68,249.189248,酒店之家
2025W13,2025,13,2025-03-24,2025-03-30,上海,全部,12589,519358,6439,493892,0.7772,319.44,248.268768,酒店之家
2025W13,2025,13,2025-03-24,2025-03-30,上海,经济型,10112,216296,4315,193799,0.7995,207.02,165.51249,酒店之家
2025W13,2025,13,2025-03-24,2025-03-30,上海,豪华型,272,77017,269,77003,0.4221,1039.2,438.64632,酒店之家
2025W13,2025,13,2025-03-24,2025-03-30,上海,高档型,697,102890,659,102577,0.7815,507.67,396.744105,酒店之家
2025W13,2025,13,2025-03-24,2025-03-30,全国,中档型,67990,4284274,54434,4161471,0.5813,224.15,130.298395,酒店之家
2025W13,2025,13,2025-03-24,2025-03-30,全国,全部,743135,21086137,384647,19036747,0.588,193.07,113.52516,酒店之家
2025W13,2025,13,2025-03-24,2025-03-30,全国,经济型,643184,12381330,300737,10479549,0.5952,140.86,83.839872,酒店之家
2025W13,2025,13,2025-03-24,2025-03-30,全国,豪华型,6002,1439906,5835,1438196,0.4518,681.25,307.78875,酒店之家
2025W13,2025,13,2025-03-24,2025-03-30,全国,高档型,25959,2980627,23641,2957531,0.5295,327.8,173.5701,酒店之家
2025W14,2025,14,2025-03-31,2025-04-06,上海,中档型,1501,122962,1189,120328,0.5799,309.93,179.728407,酒店之家
2025W14,2025,14,2025-03-31,2025-04-06,上海,全部,12255,518312,6438,493371,0.6902,299.8,206.92196,酒店之家
2025W14,2025,14,2025-03-31,2025-04-06,上海,经济型,9789,216072,4323,194078,0.7297,192.41,140.401577,酒店之家
2025W14,2025,14,2025-03-31,2025-04-06,上海,豪华型,272,77063,269,77049,0.3819,985.44,376.339536,酒店之家
2025W14,2025,14,2025-03-31,2025-04-06,上海,高档型,693,102215,657,101916,0.7163,477.05,341.710915,酒店之家
2025W14,2025,14,2025-03-31,2025-04-06,全国,中档型,68058,4286976,54426,4163500,0.5402,236.41,127.708682,酒店之家
2025W14,2025,14,2025-03-31,2025-04-06,全国,全部,749067,21152363,386212,19087474,0.5642,205.84,116.134928,酒店之家
2025W14,2025,14,2025-03-31,2025-04-06,全国,经济型,649083,12449617,302354,10533078,0.5787,151.77,87.829299,酒店之家
2025W14,2025,14,2025-03-31,2025-04-06,全国,豪华型,5991,1438017,5823,1436301,0.4597,696.14,320.015558,酒店之家
2025W14,2025,14,2025-03-31,2025-04-06,全国,高档型,25935,2977753,23609,2954595,0.4825,343.76,165.8642,酒店之家
2025W15,2025,15,2025-04-07,2025-04-13,上海,中档型,1505,122855,1191,120202,0.7521,343.36,258.241056,酒店之家
2025W15,2025,15,2025-04-07,2025-04-13,上海,全部,12210,518354,6438,493378,0.7705,323.56,249.30298,酒店之家
2025W15,2025,15,2025-04-07,2025-04-13,上海,经济型,9735,215786,4316,193776,0.7876,205.29,161.686404,酒店之家
2025W15,2025,15,2025-04-07,2025-04-13,上海,豪华型,273,77227,270,77213,0.3892,1073.84,417.938528,酒店之家
2025W15,2025,15,2025-04-07,2025-04-13,上海,高档型,697,102486,661,102187,0.9163,524.25,480.370275,酒店之家
2025W15,2025,15,2025-04-07,2025-04-13,全国,中档型,68320,4299824,54607,4175564,0.5764,222.35,128.16254,酒店之家
2025W15,2025,15,2025-04-07,2025-04-13,全国,全部,752199,21160166,385859,19083879,0.5819,190.76,111.003244,酒店之家
2025W15,2025,15,2025-04-07,2025-04-13,全国,经济型,651834,12434530,301723,10507617,0.5896,138.17,81.465032,酒店之家
2025W15,2025,15,2025-04-07,2025-04-13,全国,豪华型,6004,1440179,5834,1438443,0.4478,671.59,300.738002,酒店之家
2025W15,2025,15,2025-04-07,2025-04-13,全国,高档型,26041,2985633,23695,2962255,0.4969,329.09,163.524821,酒店之家
2025W16,2025,16,2025-04-14,2025-04-20,上海,中档型,1506,122773,1192,120115,0.7901,340.05,268.673505,酒店之家
2025W16,2025,16,2025-04-14,2025-04-20,上海,全部,12263,519126,6458,493914,0.7778,320.73,249.463794,酒店之家
2025W16,2025,16,2025-04-14,2025-04-20,上海,经济型,9784,216232,4332,193997,0.7908,204.35,161.59998,酒店之家
2025W16,2025,16,2025-04-14,2025-04-20,上海,豪华型,274,77437,271,77423,0.2856,1038.21,296.512776,酒店之家
2025W16,2025,16,2025-04-14,2025-04-20,上海,高档型,699,102684,663,102379,0.8602,514.69,442.736338,酒店之家
2025W16,2025,16,2025-04-14,2025-04-20,全国,中档型,68701,4320599,54931,4195763,0.629,232.91,146.50039,酒店之家
2025W16,2025,16,2025-04-14,2025-04-20,全国,全部,760523,21296145,388897,19198284,0.6288,198.49,124.810512,酒店之家
2025W16,2025,16,2025-04-14,2025-04-20,全国,经济型,659628,12535005,304297,10587192,0.6351,142.81,90.698631,酒店之家
2025W16,2025,16,2025-04-14,2025-04-20,全国,豪华型,6023,1443604,5853,1441870,0.4786,708.91,339.284326,酒店之家
2025W16,2025,16,2025-04-14,2025-04-20,全国,高档型,26171,2996937,23816,2973459,0.5276,344.84,181.937584,酒店之家
2025W17,2025,17,2025-04-21,2025-04-27,上海,中档型,1511,123110,1196,120448,0.7328,350.69,256.985632,酒店之家
2025W17,2025,17,2025-04-21,2025-04-27,上海,全部,12436,521503,6492,495963,0.7654,332.23,254.288842,酒店之家
2025W17,2025,17,2025-04-21,2025-04-27,上海,经济型,9945,217682,4356,195139,0.7878,205.75,162.08985,酒店之家
2025W17,2025,17,2025-04-21,2025-04-27,上海,豪华型,275,77645,272,77631,0.3986,1141.69,455.077634,酒店之家
2025W17,2025,17,2025-04-21,2025-04-27,上海,高档型,705,103066,668,102745,0.878,536.75,471.2665,酒店之家
2025W17,2025,17,2025-04-21,2025-04-27,全国,中档型,69183,4344469,55331,4218902,0.594,224.61,133.41834,酒店之家
2025W17,2025,17,2025-04-21,2025-04-27,全国,全部,766240,21387196,390430,19275969,0.5889,193.19,113.769591,酒店之家
2025W17,2025,17,2025-04-21,2025-04-27,全国,经济型,664654,12582367,305241,10622163,0.5923,137.59,81.494557,酒店之家
2025W17,2025,17,2025-04-21,2025-04-27,全国,豪华型,6038,1446252,5867,1444505,0.4289,692.21,296.888869,酒店之家
2025W17,2025,17,2025-04-21,2025-04-27,全国,高档型,26365,3014108,23991,2990399,0.5153,333.75,171.981375,酒店之家
2025W18,2025,18,2025-04-28,2025-05-04,上海,中档型,1512,123427,1199,120771,0.6938,376.6,261.28508,酒店之家
2025W18,2025,18,2025-04-28,2025-05-04,上海,全部,11854,521877,6498,497122,0.7537,370.68,279.381516,酒店之家
2025W18,2025,18,2025-04-28,2025-05-04,上海,经济型,9356,216850,4354,195099,0.7845,241.84,189.72348,酒店之家
2025W18,2025,18,2025-04-28,2025-05-04,上海,豪华型,275,77559,272,77545,0.4031,1120.89,451.830759,酒店之家
2025W18,2025,18,2025-04-28,2025-05-04,上海,高档型,711,104041,673,103707,0.8513,543.88,463.005044,酒店之家
2025W18,2025,18,2025-04-28,2025-05-04,全国,中档型,69622,4367449,55705,4241186,0.6584,328.62,216.363408,酒店之家
2025W18,2025,18,2025-04-28,2025-05-04,全国,全部,755323,21454703,392201,19351882,0.6753,283.83,191.670399,酒店之家
2025W18,2025,18,2025-04-28,2025-05-04,全国,经济型,653069,12612216,306434,10661369,0.6884,212.7,146.42268,酒店之家
2025W18,2025,18,2025-04-28,2025-05-04,全国,豪华型,6062,1448289,5889,1446520,0.51,871.9,444.669,酒店之家
2025W18,2025,18,2025-04-28,2025-05-04,全国,高档型,26570,3026749,24173,3002807,0.5899,454.09,267.867691,酒店之家
2025W19,2025,19,2025-05-05,2025-05-11,上海,中档型,1511,123318,1197,120654,0.6423,311.51,200.082873,酒店之家
2025W19,2025,19,2025-05-05,2025-05-11,上海,全部,12018,522973,6503,497973,0.6522,293.92,191.694624,酒店之家
2025W19,2025,19,2025-05-05,2025-05-11,上海,经济型,9518,217386,4358,195398,0.6651,186.98,124.360398,酒店之家
2025W19,2025,19,2025-05-05,2025-05-11,上海,豪华型,276,77900,273,77886,0.2743,972.25,266.688175,酒店之家
2025W19,2025,19,2025-05-05,2025-05-11,上海,高档型,713,104369,675,104035,0.8045,470.47,378.493115,酒店之家
2025W19,2025,19,2025-05-05,2025-05-11,全国,中档型,69630,4368843,55741,4242789,0.5055,217.77,110.082735,酒店之家
2025W19,2025,19,2025-05-05,2025-05-11,全国,全部,760083,21466619,392398,19358664,0.5164,186.8,96.46352,酒店之家
2025W19,2025,19,2025-05-05,2025-05-11,全国,经济型,657800,12620622,306581,10664502,0.5269,134.93,71.094617,酒店之家
2025W19,2025,19,2025-05-05,2025-05-11,全国,豪华型,6065,1449477,5891,1447696,0.3472,653.73,226.975056,酒店之家
2025W19,2025,19,2025-05-05,2025-05-11,全国,高档型,26588,3027677,24185,3003677,0.4212,321.38,135.365256,酒店之家
2025W20,2025,20,2025-05-12,2025-05-18,上海,中档型,1512,123355,1198,120691,0.7163,335.88,240.590844,酒店之家
2025W20,2025,20,2025-05-12,2025-05-18,上海,全部,12073,522608,6512,497558,0.7338,314.79,230.992902,酒店之家
2025W20,2025,20,2025-05-12,2025-05-18,上海,经济型,9572,217052,4366,195014,0.7515,200.62,150.76593,酒店之家
2025W20,2025,20,2025-05-12,2025-05-18,上海,豪华型,275,77678,272,77664,0.345,1000.27,345.09315,酒店之家
2025W20,2025,20,2025-05-12,2025-05-18,上海,高档型,714,104523,676,104189,0.846,507.18,429.07428,酒店之家
2025W20,2025,20,2025-05-12,2025-05-18,全国,中档型,69835,4377116,55893,4250577,0.6009,225.45,135.472905,酒店之家
2025W20,2025,20,2025-05-12,2025-05-18,全国,全部,766071,21524119,393619,19399826,0.5925,193.22,114.48285,酒店之家
2025W20,2025,20,2025-05-12,2025-05-18,全国,经济型,663509,12663289,307576,10691300,0.5955,138.57,82.518435,酒店之家
2025W20,2025,20,2025-05-12,2025-05-18,全国,豪华型,6070,1448874,5895,1447074,0.3862,676.82,261.387884,酒店之家
2025W20,2025,20,2025-05-12,2025-05-18,全国,高档型,26657,3034840,24255,3010875,0.5085,333.47,169.569495,酒店之家
2025W21,2025,21,2025-05-19,2025-05-25,上海,中档型,1521,124269,1207,121605,0.7385,332.85,245.809725,酒店之家
2025W21,2025,21,2025-05-19,2025-05-25,上海,全部,12190,523599,6532,498446,0.7418,316.02,234.423636,酒店之家
2025W21,2025,21,2025-05-19,2025-05-25,上海,经济型,9677,217201,4373,195051,0.754,199.27,150.24958,酒店之家
2025W21,2025,21,2025-05-19,2025-05-25,上海,豪华型,275,77618,272,77604,0.3857,1031.87,397.992259,酒店之家
2025W21,2025,21,2025-05-19,2025-05-25,上海,高档型,717,104511,680,104186,0.7911,505.71,400.067181,酒店之家
2025W21,2025,21,2025-05-19,2025-05-25,全国,中档型,70034,4387158,56061,4260336,0.5951,223.43,132.963193,酒店之家
2025W21,2025,21,2025-05-19,2025-05-25,全国,全部,772149,21576314,394574,19437741,0.5882,192.65,113.31673,酒店之家
2025W21,2025,21,2025-05-19,2025-05-25,全国,经济型,669277,12695036,308262,10709144,0.592,137.85,81.6072,酒店之家
2025W21,2025,21,2025-05-19,2025-05-25,全国,豪华型,6081,1450817,5906,1449021,0.3852,678.91,261.516132,酒店之家
2025W21,2025,21,2025-05-19,2025-05-25,全国,高档型,26757,3043303,24345,3019240,0.4913,331.98,163.101774,酒店之家
2025W22,2025,22,2025-05-26,2025-06-01,上海,中档型,1525,124814,1210,122129,0.6763,319.03,215.759989,酒店之家
2025W22,2025,22,2025-05-26,2025-06-01,上海,全部,12141,522483,6519,497351,0.6843,307.86,210.668598,酒店之家
2025W22,2025,22,2025-05-26,2025-06-01,上海,经济型,9628,216453,4364,194373,0.6985,194.28,135.70458,酒店之家
2025W22,2025,22,2025-05-26,2025-06-01,上海,豪华型,274,77214,271,77200,0.3198,1016.2,324.98076,酒店之家
2025W22,2025,22,2025-05-26,2025-06-01,上海,高档型,714,104002,674,103649,0.7577,482.37,365.491749,酒店之家
2025W22,2025,22,2025-05-26,2025-06-01,全国,中档型,69591,4376492,55387,4247389,0.5489,233.44,128.135216,酒店之家
2025W22,2025,22,2025-05-26,2025-06-01,全国,全部,773970,21611578,395118,19471163,0.5583,204.5,114.17235,酒店之家
2025W22,2025,22,2025-05-26,2025-06-01,全国,经济型,672389,12798817,310210,10812199,0.568,148.77,84.50136,酒店之家
2025W22,2025,22,2025-05-26,2025-06-01,全国,豪华型,5996,1442155,5828,1440421,0.4063,704.54,286.254602,酒店之家
2025W22,2025,22,2025-05-26,2025-06-01,全国,高档型,25994,2994114,23693,2971154,0.46,341.43,157.0578,酒店之家
2025W23,2025,23,2025-06-02,2025-06-08,上海,中档型,1527,124915,1213,122235,0.6688,310.56,207.702528,酒店之家
2025W23,2025,23,2025-06-02,2025-06-08,上海,全部,12211,522949,6523,497689,0.6647,294.59,195.813973,酒店之家
2025W23,2025,23,2025-06-02,2025-06-08,上海,经济型,9693,216397,4362,194184,0.673,188.68,126.98164,酒店之家
2025W23,2025,23,2025-06-02,2025-06-08,上海,豪华型,275,77435,272,77421,0.3134,960.43,300.998762,酒店之家
2025W23,2025,23,2025-06-02,2025-06-08,上海,高档型,716,104202,676,103849,0.7758,466.54,361.941732,酒店之家
2025W23,2025,23,2025-06-02,2025-06-08,全国,中档型,69757,4382652,55517,4253159,0.5218,222.85,116.28313,酒店之家
2025W23,2025,23,2025-06-02,2025-06-08,全国,全部,778539,21667880,396345,19514492,0.535,190.1,101.7035,酒店之家
2025W23,2025,23,2025-06-02,2025-06-08,全国,经济型,676701,12838265,311220,10839116,0.5461,137.97,75.345417,酒店之家
2025W23,2025,23,2025-06-02,2025-06-08,全国,豪华型,6007,1444775,5840,1443046,0.3937,659.75,259.743575,酒店之家
2025W23,2025,23,2025-06-02,2025-06-08,全国,高档型,26074,3002188,23768,2979171,0.4365,327.61,143.001765,酒店之家
2025W24,2025,24,2025-06-09,2025-06-15,上海,中档型,1524,124704,1210,122037,0.7443,331.51,246.742893,酒店之家
2025W24,2025,24,2025-06-09,2025-06-15,上海,全部,12316,525009,6542,499552,0.7292,314.97,229.676124,酒店之家
2025W24,2025,24,2025-06-09,2025-06-15,上海,经济型,9796,217811,4378,195390,0.7356,199.2,146.53152,酒店之家
2025W24,2025,24,2025-06-09,2025-06-15,上海,豪华型,278,77895,275,77881,0.3556,1038.85,369.41506,酒店之家
2025W24,2025,24,2025-06-09,2025-06-15,上海,高档型,718,104599,679,104244,0.8197,507.18,415.735446,酒店之家
2025W24,2025,24,2025-06-09,2025-06-15,全国,中档型,69996,4391539,55685,4261511,0.5783,224.07,129.579681,酒店之家
2025W24,2025,24,2025-06-09,2025-06-15,全国,全部,782703,21728271,397581,19560363,0.5794,190.36,110.294584,酒店之家
2025W24,2025,24,2025-06-09,2025-06-15,全国,经济型,680509,12878252,312179,10865218,0.5864,138.16,81.017024,酒店之家
2025W24,2025,24,2025-06-09,2025-06-15,全国,豪华型,6027,1447674,5860,1445945,0.4016,666.13,267.517808,酒店之家
2025W24,2025,24,2025-06-09,2025-06-15,全国,高档型,26171,3010806,23857,2987689,0.4724,330.77,156.255748,酒店之家
2025W25,2025,25,2025-06-16,2025-06-22,上海,中档型,1523,124716,1210,122066,0.7538,321.54,242.376852,酒店之家
2025W25,2025,25,2025-06-16,2025-06-22,上海,全部,12350,525083,6541,499451,0.7436,314.49,233.854764,酒店之家
2025W25,2025,25,2025-06-16,2025-06-22,上海,经济型,9827,217460,4372,194846,0.7539,200.8,151.38312,酒店之家
2025W25,2025,25,2025-06-16,2025-06-22,上海,豪华型,278,77895,275,77881,0.4085,1043.56,426.29426,酒店之家
2025W25,2025,25,2025-06-16,2025-06-22,上海,高档型,722,105012,684,104658,0.7528,495.77,373.215656,酒店之家
2025W25,2025,25,2025-06-16,2025-06-22,全国,中档型,70139,4396701,55802,4266426,0.5992,227,136.0184,酒店之家
2025W25,2025,25,2025-06-16,2025-06-22,全国,全部,785955,21734755,397407,19562382,0.6027,193.29,116.495883,酒店之家
2025W25,2025,25,2025-06-16,2025-06-22,全国,经济型,683476,12866041,311756,10848924,0.6116,141.09,86.290644,酒店之家
2025W25,2025,25,2025-06-16,2025-06-22,全国,豪华型,6045,1450615,5880,1448906,0.4017,682.37,274.108029,酒店之家
2025W25,2025,25,2025-06-16,2025-06-22,全国,高档型,26295,3021398,23969,2998126,0.4969,334.8,166.36212,酒店之家
2025W26,2025,26,2025-06-23,2025-06-29,上海,中档型,1528,125102,1216,122449,0.7752,333.42,258.467184,酒店之家
2025W26,2025,26,2025-06-23,2025-06-29,上海,全部,12246,525160,6547,499671,0.7723,321.43,248.240389,酒店之家
2025W26,2025,26,2025-06-23,2025-06-29,上海,经济型,9715,217051,4369,194583,0.7897,206.07,162.733479,酒店之家
2025W26,2025,26,2025-06-23,2025-06-29,上海,豪华型,278,77579,275,77565,0.375,1015.52,380.82,酒店之家
2025W26,2025,26,2025-06-23,2025-06-29,上海,高档型,725,105428,687,105074,0.7769,506.99,393.880531,酒店之家
2025W26,2025,26,2025-06-23,2025-06-29,全国,中档型,70501,4413616,56085,4282590,0.594,231.35,137.4219,酒店之家
2025W26,2025,26,2025-06-23,2025-06-29,全国,全部,789732,21812543,399109,19625287,0.594,197.96,117.58824,酒店之家
2025W26,2025,26,2025-06-23,2025-06-29,全国,经济型,686750,12913378,313045,10882255,0.6001,142.41,85.460241,酒店之家
2025W26,2025,26,2025-06-23,2025-06-29,全国,豪华型,6064,1453164,5901,1451475,0.4129,702.88,290.219152,酒店之家
2025W26,2025,26,2025-06-23,2025-06-29,全国,高档型,26417,3032385,24078,3008967,0.5213,342.85,178.727705,酒店之家
2025W27,2025,27,2025-06-30,2025-07-06,上海,中档型,1529,125333,1213,122640,0.6993,328.16,229.482288,酒店之家
2025W27,2025,27,2025-06-30,2025-07-06,上海,全部,12229,526545,6555,501140,0.7632,318.53,243.102096,酒店之家
2025W27,2025,27,2025-06-30,2025-07-06,上海,经济型,9691,217073,4374,194729,0.7982,205.54,164.062028,酒店之家
2025W27,2025,27,2025-06-30,2025-07-06,上海,豪华型,283,78849,280,78835,0.3445,991.57,341.595865,酒店之家
2025W27,2025,27,2025-06-30,2025-07-06,上海,高档型,726,105290,688,104936,0.7424,495.45,367.82208,酒店之家
2025W27,2025,27,2025-06-30,2025-07-06,全国,中档型,70728,4424986,56269,4293515,0.5905,240.34,141.92077,酒店之家
2025W27,2025,27,2025-06-30,2025-07-06,全国,全部,793146,21866514,400039,19672770,0.6022,204.98,123.438956,酒店之家
2025W27,2025,27,2025-06-30,2025-07-06,全国,经济型,689782,12935766,313616,10898354,0.6138,149,91.4562,酒店之家
2025W27,2025,27,2025-06-30,2025-07-06,全国,豪华型,6085,1457091,5921,1455396,0.4333,730.28,316.430324,酒店之家
2025W27,2025,27,2025-06-30,2025-07-06,全国,高档型,26551,3048671,24233,3025505,0.5185,357.39,185.306715,酒店之家
2025W28,2025,28,2025-07-07,2025-07-13,上海,中档型,1533,125713,1217,123020,0.7747,360.18,279.031446,酒店之家
2025W28,2025,28,2025-07-07,2025-07-13,上海,全部,12271,526858,6562,501326,0.8087,348.12,281.524644,酒店之家
2025W28,2025,28,2025-07-07,2025-07-13,上海,经济型,9727,216843,4375,194372,0.833,232.15,193.38095,酒店之家
2025W28,2025,28,2025-07-07,2025-07-13,上海,豪华型,283,78899,280,78885,0.4,1032.01,412.804,酒店之家
2025W28,2025,28,2025-07-07,2025-07-13,上海,高档型,728,105403,690,105049,0.8556,521.65,446.32374,酒店之家
2025W28,2025,28,2025-07-07,2025-07-13,全国,中档型,71096,4438505,56529,4306033,0.6442,251.48,162.003416,酒店之家
2025W28,2025,28,2025-07-07,2025-07-13,全国,全部,800186,21927486,401166,19714935,0.6427,216.07,138.868189,酒店之家
2025W28,2025,28,2025-07-07,2025-07-13,全国,经济型,696260,12968572,314313,10913631,0.6495,157.44,102.25728,酒店之家
2025W28,2025,28,2025-07-07,2025-07-13,全国,豪华型,6105,1459074,5939,1457357,0.446,750.62,334.77652,酒店之家
2025W28,2025,28,2025-07-07,2025-07-13,全国,高档型,26725,3061335,24385,3037914,0.5638,371.78,209.609564,酒店之家
2025W29,2025,29,2025-07-14,2025-07-20,上海,中档型,1537,126187,1221,123494,0.8115,357.5,290.11125,酒店之家
2025W29,2025,29,2025-07-14,2025-07-20,上海,全部,12290,528432,6580,502860,0.8063,343.73,277.149499,酒店之家
2025W29,2025,29,2025-07-14,2025-07-20,上海,经济型,9742,217795,4389,195284,0.8235,225.3,185.53455,酒店之家
2025W29,2025,29,2025-07-14,2025-07-20,上海,豪华型,283,78897,280,78883,0.3648,1003.95,366.24096,酒店之家
2025W29,2025,29,2025-07-14,2025-07-20,上海,高档型,728,105553,690,105199,0.7378,522.5,385.5005,酒店之家
2025W29,2025,29,2025-07-14,2025-07-20,全国,中档型,71470,4457803,56823,4324570,0.683,258.96,176.86968,酒店之家
2025W29,2025,29,2025-07-14,2025-07-20,全国,全部,806052,22013146,402984,19781279,0.674,222.36,149.87064,酒店之家
2025W29,2025,29,2025-07-14,2025-07-20,全国,经济型,701606,13019800,315705,10946456,0.6773,163.26,110.575998,酒店之家
2025W29,2025,29,2025-07-14,2025-07-20,全国,豪华型,6123,1462903,5955,1461158,0.4945,750.72,371.23104,酒店之家
2025W29,2025,29,2025-07-14,2025-07-20,全国,高档型,26853,3072640,24501,3049095,0.5979,379.19,226.717701,酒店之家
2025W30,2025,30,2025-07-21,2025-07-27,上海,中档型,1536,126286,1221,123603,0.8182,356.55,291.72921,酒店之家
2025W30,2025,30,2025-07-21,2025-07-27,上海,全部,12257,528749,6580,503232,0.7897,352.45,278.329765,酒店之家
2025W30,2025,30,2025-07-21,2025-07-27,上海,经济型,9708,217557,4387,195091,0.7915,225.01,178.095415,酒店之家
2025W30,2025,30,2025-07-21,2025-07-27,上海,豪华型,284,79154,281,79140,0.449,1052.14,472.41086,酒店之家
2025W30,2025,30,2025-07-21,2025-07-27,上海,高档型,729,105752,691,105398,0.8031,533.24,428.245044,酒店之家
2025W30,2025,30,2025-07-21,2025-07-27,全国,中档型,71628,4465766,56964,4332389,0.6744,263.25,177.5358,酒店之家
2025W30,2025,30,2025-07-21,2025-07-27,全国,全部,809115,22055913,403896,19812964,0.6596,228.3,150.58668,酒店之家
2025W30,2025,30,2025-07-21,2025-07-27,全国,经济型,704378,13043849,316369,10959849,0.658,167.57,110.26106,酒店之家
2025W30,2025,30,2025-07-21,2025-07-27,全国,豪华型,6143,1465920,5971,1464126,0.5223,755.68,394.691664,酒店之家
2025W30,2025,30,2025-07-21,2025-07-27,全国,高档型,26966,3080378,24592,3056600,0.6134,385.1,236.22034,酒店之家
2025W31,2025,31,2025-07-28,2025-08-03,上海,中档型,1540,126688,1225,124005,0.8049,352.99,284.121651,酒店之家
2025W31,2025,31,2025-07-28,2025-08-03,上海,全部,12393,529876,6586,504155,0.7996,345.75,276.4617,酒店之家
2025W31,2025,31,2025-07-28,2025-08-03,上海,经济型,9836,217760,4385,195090,0.8031,227.36,182.592816,酒店之家
2025W31,2025,31,2025-07-28,2025-08-03,上海,豪华型,284,79184,281,79170,0.504,1028.88,518.55552,酒店之家
2025W31,2025,31,2025-07-28,2025-08-03,上海,高档型,733,106244,695,105890,0.8879,519.31,461.095349,酒店之家
2025W31,2025,31,2025-07-28,2025-08-03,全国,中档型,71828,4475717,57150,4342138,0.6795,270.23,183.621285,酒店之家
2025W31,2025,31,2025-07-28,2025-08-03,全国,全部,815369,22107569,404926,19853332,0.6677,234.21,156.382017,酒店之家
2025W31,2025,31,2025-07-28,2025-08-03,全国,经济型,710301,13073196,317097,10978258,0.6669,172.3,114.90687,酒店之家
2025W31,2025,31,2025-07-28,2025-08-03,全国,豪华型,6162,1468271,5987,1466444,0.5435,764.24,415.36444,酒店之家
2025W31,2025,31,2025-07-28,2025-08-03,全国,高档型,27078,3090385,24692,3066492,0.6279,391.51,245.829129,酒店之家
2025W32,2025,32,2025-08-04,2025-08-10,上海,中档型,1542,126776,1228,124114,0.7986,358.46,286.266156,酒店之家
2025W32,2025,32,2025-08-04,2025-08-10,上海,全部,12422,532566,6610,506887,0.8051,352.36,283.685036,酒店之家
2025W32,2025,32,2025-08-04,2025-08-10,上海,经济型,9858,219317,4401,196668,0.8133,230.56,187.514448,酒店之家
2025W32,2025,32,2025-08-04,2025-08-10,上海,豪华型,287,79965,284,79951,0.4933,1018.1,502.22873,酒店之家
2025W32,2025,32,2025-08-04,2025-08-10,上海,高档型,735,106508,697,106154,0.9285,527.97,490.220145,酒店之家
2025W32,2025,32,2025-08-04,2025-08-10,全国,中档型,72069,4484963,57335,4350856,0.7068,287.12,202.936416,酒店之家
2025W32,2025,32,2025-08-04,2025-08-10,全国,全部,818982,22155866,406055,19891482,0.6896,249.16,171.820736,酒店之家
2025W32,2025,32,2025-08-04,2025-08-10,全国,经济型,713539,13100676,317919,10996248,0.6854,185.49,127.134846,酒店之家
2025W32,2025,32,2025-08-04,2025-08-10,全国,豪华型,6181,1470570,6008,1468764,0.5787,791.41,457.988967,酒店之家
2025W32,2025,32,2025-08-04,2025-08-10,全国,高档型,27193,3099657,24793,3075614,0.6715,410.55,275.684325,酒店之家
2025W33,2025,33,2025-08-11,2025-08-17,上海,中档型,1545,126831,1229,124150,0.7778,361.06,280.832468,酒店之家
2025W33,2025,33,2025-08-11,2025-08-17,上海,全部,12431,532034,6623,506325,0.7942,357.57,283.982094,酒店之家
2025W33,2025,33,2025-08-11,2025-08-17,上海,经济型,9861,218458,4410,195800,0.8108,233.24,189.110992,酒店之家
2025W33,2025,33,2025-08-11,2025-08-17,上海,豪华型,288,79979,284,79951,0.4382,1046.57,458.606974,酒店之家
2025W33,2025,33,2025-08-11,2025-08-17,上海,高档型,737,106766,700,106424,0.8726,527.9,460.64554,酒店之家
2025W33,2025,33,2025-08-11,2025-08-17,全国,中档型,72260,4494849,57508,4360595,0.7067,284.71,201.204557,酒店之家
2025W33,2025,33,2025-08-11,2025-08-17,全国,全部,818385,22168405,406229,19902238,0.6909,246.53,170.327577,酒店之家
2025W33,2025,33,2025-08-11,2025-08-17,全国,经济型,712618,13091562,317796,10985608,0.6869,182.21,125.160049,酒店之家
2025W33,2025,33,2025-08-11,2025-08-17,全国,豪华型,6198,1473187,6025,1471381,0.5896,793.87,468.065752,酒店之家
2025W33,2025,33,2025-08-11,2025-08-17,全国,高档型,27309,3108807,24900,3084654,0.676,406.85,275.0306,酒店之家
2025W34,2025,34,2025-08-18,2025-08-24,上海,中档型,1546,126818,1229,124126,0.8347,392.88,327.936936,酒店之家
2025W34,2025,34,2025-08-18,2025-08-24,上海,全部,12481,532332,6635,506521,0.8194,377.68,309.470992,酒店之家
2025W34,2025,34,2025-08-18,2025-08-24,上海,经济型,9908,218516,4419,195754,0.825,250.15,206.37375,酒店之家
2025W34,2025,34,2025-08-18,2025-08-24,上海,豪华型,286,79669,282,79641,0.5212,1064.78,554.963336,酒店之家
2025W34,2025,34,2025-08-18,2025-08-24,上海,高档型,741,107329,705,107000,0.8007,545.12,436.477584,酒店之家
2025W34,2025,34,2025-08-18,2025-08-24,全国,中档型,72363,4497735,57591,4363260,0.6728,267.12,179.718336,酒店之家
2025W34,2025,34,2025-08-18,2025-08-24,全国,全部,821457,22190442,406648,19916438,0.6601,231.58,152.865958,酒店之家
2025W34,2025,34,2025-08-18,2025-08-24,全国,经济型,715499,13102527,318050,10989014,0.6582,169.13,111.321366,酒店之家
2025W34,2025,34,2025-08-18,2025-08-24,全国,豪华型,6210,1475313,6036,1473492,0.5536,774.25,428.6248,酒店之家
2025W34,2025,34,2025-08-18,2025-08-24,全国,高档型,27385,3114867,24971,3090672,0.6337,387.7,245.68549,酒店之家
2025W35,2025,35,2025-08-25,2025-08-31,上海,中档型,1517,124961,1202,122281,0.745,332.59,247.77955,酒店之家
2025W35,2025,35,2025-08-25,2025-08-31,上海,全部,12543,531645,6633,505758,0.7287,328.1,239.08647,酒店之家
2025W35,2025,35,2025-08-25,2025-08-31,上海,经济型,10003,220338,4449,197489,0.7292,209.42,152.709064,酒店之家
2025W35,2025,35,2025-08-25,2025-08-31,上海,豪华型,279,78852,275,78824,0.4173,1017.02,424.402446,酒店之家
2025W35,2025,35,2025-08-25,2025-08-31,上海,高档型,744,107494,707,107164,0.8691,490.59,426.371769,酒店之家
2025W35,2025,35,2025-08-25,2025-08-31,全国,中档型,71850,4484768,57114,4350637,0.6073,238.31,144.725663,酒店之家
2025W35,2025,35,2025-08-25,2025-08-31,全国,全部,824245,22199963,406964,19920695,0.6077,204.72,124.408344,酒店之家
2025W35,2025,35,2025-08-25,2025-08-31,全国,经济型,719117,13156450,319152,11037252,0.615,151.07,92.90805,酒店之家
2025W35,2025,35,2025-08-25,2025-08-31,全国,豪华型,6172,1467489,5997,1465653,0.4446,712.24,316.661904,酒店之家
2025W35,2025,35,2025-08-25,2025-08-31,全国,高档型,27106,3091256,24701,3067153,0.5529,347.88,192.342852,酒店之家
2025W36,2025,36,2025-09-01,2025-09-07,上海,中档型,1520,124832,1203,122137,0.6973,326.41,227.605693,酒店之家
2025W36,2025,36,2025-09-01,2025-09-07,上海,全部,12555,532201,6646,506366,0.7026,313.29,220.117554,酒店之家
2025W36,2025,36,2025-09-01,2025-09-07,上海,经济型,10007,220257,4456,197475,0.7106,202.75,144.07415,酒店之家
2025W36,2025,36,2025-09-01,2025-09-07,上海,豪华型,280,79102,276,79074,0.3224,1001.99,323.041576,酒店之家
2025W36,2025,36,2025-09-01,2025-09-07,上海,高档型,748,108010,711,107680,0.8665,486.78,421.79487,酒店之家
2025W36,2025,36,2025-09-01,2025-09-07,全国,中档型,71931,4488787,57206,4354682,0.5135,222.38,114.19213,酒店之家
2025W36,2025,36,2025-09-01,2025-09-07,全国,全部,823741,22206798,407176,19929560,0.5299,189.07,100.188193,酒店之家
2025W36,2025,36,2025-09-01,2025-09-07,全国,经济型,718465,13151079,319202,11033819,0.5448,140.93,76.778664,酒店之家
2025W36,2025,36,2025-09-01,2025-09-07,全国,豪华型,6184,1469495,6011,1467677,0.3765,654.93,246.581145,酒店之家
2025W36,2025,36,2025-09-01,2025-09-07,全国,高档型,27161,3097437,24757,3073382,0.4688,323.48,151.647424,酒店之家
2025W37,2025,37,2025-09-08,2025-09-14,上海,中档型,1523,125053,1206,122360,0.7252,333.78,242.057256,酒店之家
2025W37,2025,37,2025-09-08,2025-09-14,上海,全部,12622,533497,6664,507549,0.7219,321.49,232.083631,酒店之家
2025W37,2025,37,2025-09-08,2025-09-14,上海,经济型,10068,220892,4468,197995,0.7278,202.8,147.59784,酒店之家
2025W37,2025,37,2025-09-08,2025-09-14,上海,豪华型,281,79265,277,79237,0.3652,1017.45,371.57274,酒店之家
2025W37,2025,37,2025-09-08,2025-09-14,上海,高档型,750,108287,713,107957,0.8842,505.29,446.777418,酒店之家
2025W37,2025,37,2025-09-08,2025-09-14,全国,中档型,72076,4495274,57316,4360925,0.5936,226.26,134.307936,酒店之家
2025W37,2025,37,2025-09-08,2025-09-14,全国,全部,826871,22241732,407748,19955808,0.5861,192.53,112.841833,酒店之家
2025W37,2025,37,2025-09-08,2025-09-14,全国,经济型,721322,13168492,319553,11042996,0.5881,139.86,82.251666,酒店之家
2025W37,2025,37,2025-09-08,2025-09-14,全国,豪华型,6198,1471605,6024,1469780,0.4246,671.59,285.157114,酒店之家
2025W37,2025,37,2025-09-08,2025-09-14,全国,高档型,27275,3106361,24855,3082107,0.5575,331.94,185.05655,酒店之家
2025W38,2025,38,2025-09-15,2025-09-21,上海,中档型,1527,125359,1208,122640,0.7513,334.3,251.15959,酒店之家
2025W38,2025,38,2025-09-15,2025-09-21,上海,全部,12661,534045,6668,508003,0.7395,330.2,244.1829,酒店之家
2025W38,2025,38,2025-09-15,2025-09-21,上海,经济型,10099,220671,4466,197706,0.7417,200.15,148.451255,酒店之家
2025W38,2025,38,2025-09-15,2025-09-21,上海,豪华型,282,79546,278,79518,0.4592,1118.86,513.780512,酒店之家
2025W38,2025,38,2025-09-15,2025-09-21,上海,高档型,753,108469,716,108139,0.841,517.63,435.32683,酒店之家
2025W38,2025,38,2025-09-15,2025-09-21,全国,中档型,72209,4498806,57415,4364114,0.6026,226.43,136.446718,酒店之家
2025W38,2025,38,2025-09-15,2025-09-21,全国,全部,828442,22241547,407559,19950498,0.586,194.92,114.22312,酒店之家
2025W38,2025,38,2025-09-15,2025-09-21,全国,经济型,722619,13150430,319146,11020357,0.5825,138.39,80.612175,酒店之家
2025W38,2025,38,2025-09-15,2025-09-21,全国,豪华型,6212,1474997,6037,1473158,0.4523,691.49,312.760927,酒店之家
2025W38,2025,38,2025-09-15,2025-09-21,全国,高档型,27402,3117314,24961,3092869,0.5614,335.68,188.450752,酒店之家
2025W39,2025,39,2025-09-22,2025-09-28,上海,中档型,1529,125437,1210,122718,0.6896,319.88,220.589248,酒店之家
2025W39,2025,39,2025-09-22,2025-09-28,上海,全部,12762,534624,6689,508393,0.6792,309.54,210.239568,酒店之家
2025W39,2025,39,2025-09-22,2025-09-28,上海,经济型,10193,220809,4481,197667,0.6841,192.27,131.531907,酒店之家
2025W39,2025,39,2025-09-22,2025-09-28,上海,豪华型,282,79521,278,79493,0.3219,1019.08,328.041852,酒店之家
2025W39,2025,39,2025-09-22,2025-09-28,上海,高档型,758,108857,720,108515,0.8301,485.17,402.739617,酒店之家
2025W39,2025,39,2025-09-22,2025-09-28,全国,中档型,72571,4518167,57718,4382972,0.5384,217.31,116.999704,酒店之家
2025W39,2025,39,2025-09-22,2025-09-28,全国,全部,834138,22315695,408744,20009538,0.5284,188.06,99.370904,酒店之家
2025W39,2025,39,2025-09-22,2025-09-28,全国,经济型,727738,13183383,319829,11038858,0.5294,134.01,70.944894,酒店之家
2025W39,2025,39,2025-09-22,2025-09-28,全国,豪华型,6244,1480748,6066,1478876,0.3963,654.86,259.521018,酒店之家
2025W39,2025,39,2025-09-22,2025-09-28,全国,高档型,27585,3133397,25131,3108832,0.4788,322.33,154.331604,酒店之家
2025W40,2025,40,2025-09-29,2025-10-05,上海,中档型,1535,126110,1217,123405,0.6768,362.02,245.015136,酒店之家
2025W40,2025,40,2025-09-29,2025-10-05,上海,全部,12824,537002,6719,510714,0.699,368.78,257.77722,酒店之家
2025W40,2025,40,2025-09-29,2025-10-05,上海,经济型,10244,221546,4499,198333,0.7155,234.57,167.834835,酒店之家
2025W40,2025,40,2025-09-29,2025-10-05,上海,豪华型,285,80130,281,80102,0.4372,1096.22,479.267384,酒店之家
2025W40,2025,40,2025-09-29,2025-10-05,上海,高档型,760,109216,722,108874,0.7559,534.58,404.089022,酒店之家
2025W40,2025,40,2025-09-29,2025-10-05,全国,中档型,72840,4532902,57948,4397319,0.674,339.67,228.93758,酒店之家
2025W40,2025,40,2025-09-29,2025-10-05,全国,全部,841107,22377185,409729,20055743,0.6822,292.71,199.686762,酒店之家
2025W40,2025,40,2025-09-29,2025-10-05,全国,经济型,734267,13211143,320423,11051819,0.6931,219.29,151.989899,酒店之家
2025W40,2025,40,2025-09-29,2025-10-05,全国,豪华型,6283,1487067,6101,1485151,0.5485,899.69,493.479965,酒店之家
2025W40,2025,40,2025-09-29,2025-10-05,全国,高档型,27717,3146073,25257,3121454,0.6163,472.81,291.392803,酒店之家
2025W41,2025,41,2025-10-06,2025-10-12,上海,中档型,1535,126038,1216,123323,0.5895,307.07,181.017765,酒店之家
2025W41,2025,41,2025-10-06,2025-10-12,上海,全部,12970,537261,6716,510768,0.6027,308.65,186.023355,酒店之家
2025W41,2025,41,2025-10-06,2025-10-12,上海,经济型,10387,221424,4494,198016,0.6123,188.03,115.130769,酒店之家
2025W41,2025,41,2025-10-06,2025-10-12,上海,豪华型,286,80410,282,80382,0.2843,1023.64,291.020852,酒店之家
2025W41,2025,41,2025-10-06,2025-10-12,上海,高档型,762,109389,724,109047,0.7398,472.87,349.829226,酒店之家
2025W41,2025,41,2025-10-06,2025-10-12,全国,中档型,71748,4483976,57207,4351649,0.4707,221.48,104.250636,酒店之家
2025W41,2025,41,2025-10-06,2025-10-12,全国,全部,834490,22196591,406078,19909392,0.4837,193.6,93.64432,酒店之家
2025W41,2025,41,2025-10-06,2025-10-12,全国,经济型,728911,13092982,317653,10964342,0.4965,138.23,68.631195,酒店之家
2025W41,2025,41,2025-10-06,2025-10-12,全国,豪华型,6278,1486610,6097,1484703,0.3602,696.02,250.706404,酒店之家
2025W41,2025,41,2025-10-06,2025-10-12,全国,高档型,27553,3133023,25121,3108698,0.4197,328.56,137.896632,酒店之家
2025W42,2025,42,2025-10-13,2025-10-19,上海,中档型,1537,126211,1219,123506,0.7314,322.05,235.54737,酒店之家
2025W42,2025,42,2025-10-13,2025-10-19,上海,全部,12977,537391,6716,510825,0.7124,315.31,224.626844,酒店之家
2025W42,2025,42,2025-10-13,2025-10-19,上海,经济型,10389,220879,4487,197376,0.7059,191.42,135.123378,酒店之家
2025W42,2025,42,2025-10-13,2025-10-19,上海,豪华型,287,80597,283,80569,0.5388,1068.13,575.508444,酒店之家
2025W42,2025,42,2025-10-13,2025-10-19,上海,高档型,764,109704,727,109374,0.8639,502.54,434.144306,酒店之家
2025W42,2025,42,2025-10-13,2025-10-19,全国,中档型,71634,4475748,57130,4343817,0.6037,223.14,134.709618,酒店之家
2025W42,2025,42,2025-10-13,2025-10-19,全国,全部,832546,22151770,405204,19869837,0.5892,192.04,113.149968,酒店之家
2025W42,2025,42,2025-10-13,2025-10-19,全国,经济型,727046,13054116,316828,10930431,0.5885,136.35,80.241975,酒店之家
2025W42,2025,42,2025-10-13,2025-10-19,全国,豪华型,6281,1487353,6099,1485431,0.4395,691.7,304.00215,酒店之家
2025W42,2025,42,2025-10-13,2025-10-19,全国,高档型,27585,3134553,25147,3110158,0.5212,333.19,173.658628,酒店之家
2025W43,2025,43,2025-10-20,2025-10-26,上海,中档型,1539,126041,1223,123346,0.7112,326.83,232.441496,酒店之家
2025W43,2025,43,2025-10-20,2025-10-26,上海,全部,13051,537028,6720,510128,0.709,321.96,228.26964,酒店之家
2025W43,2025,43,2025-10-20,2025-10-26,上海,经济型,10460,220755,4486,196908,0.712,192.97,137.39464,酒店之家
2025W43,2025,43,2025-10-20,2025-10-26,上海,豪华型,288,80569,284,80541,0.4903,1123.89,551.043267,酒店之家
2025W43,2025,43,2025-10-20,2025-10-26,上海,高档型,764,109663,727,109333,0.8361,510.09,426.486249,酒店之家
2025W43,2025,43,2025-10-20,2025-10-26,全国,中档型,71549,4469176,57073,4337539,0.5913,223.62,132.226506,酒店之家
2025W43,2025,43,2025-10-20,2025-10-26,全国,全部,830197,22121104,404679,19842721,0.5771,193.62,111.738102,酒店之家
2025W43,2025,43,2025-10-20,2025-10-26,全国,经济型,724765,13029083,316343,10908656,0.577,136.58,78.80666,酒店之家
2025W43,2025,43,2025-10-20,2025-10-26,全国,豪华型,6285,1488212,6104,1486304,0.3894,700.64,272.829216,酒店之家
2025W43,2025,43,2025-10-20,2025-10-26,全国,高档型,27598,3134633,25159,3110222,0.5142,335.14,172.328988,酒店之家
2025W44,2025,44,2025-10-27,2025-11-02,上海,中档型,1537,125937,1223,123257,0.6994,320.27,223.996838,酒店之家
2025W44,2025,44,2025-10-27,2025-11-02,上海,全部,13065,536422,6709,509564,0.6975,312.95,218.282625,酒店之家
2025W44,2025,44,2025-10-27,2025-11-02,上海,经济型,10475,220258,4474,196438,0.6993,194.29,135.866997,酒店之家
2025W44,2025,44,2025-10-27,2025-11-02,上海,豪华型,288,80569,284,80541,0.4504,1058.33,476.671832,酒店之家
2025W44,2025,44,2025-10-27,2025-11-02,上海,高档型,765,109658,728,109328,0.879,496.22,436.17738,酒店之家
2025W44,2025,44,2025-10-27,2025-11-02,全国,中档型,70857,4448720,56589,4318916,0.5651,219.54,124.062054,酒店之家
2025W44,2025,44,2025-10-27,2025-11-02,全国,全部,827123,22040124,403091,19780020,0.5587,191.33,106.896071,酒店之家
2025W44,2025,44,2025-10-27,2025-11-02,全国,经济型,722670,12988225,315506,10884047,0.5613,135.27,75.927051,酒店之家
2025W44,2025,44,2025-10-27,2025-11-02,全国,豪华型,6253,1483491,6073,1481598,0.3947,686.14,270.819458,酒店之家
2025W44,2025,44,2025-10-27,2025-11-02,全国,高档型,27343,3119688,24923,3095459,0.5012,328.48,164.634176,酒店之家
2025W45,2025,45,2025-11-03,2025-11-09,上海,中档型,1538,126076,1223,123394,0.7058,350.59,247.446422,酒店之家
2025W45,2025,45,2025-11-03,2025-11-09,上海,全部,13092,537834,6737,511016,0.7273,335.78,244.212794,酒店之家
2025W45,2025,45,2025-11-03,2025-11-09,上海,经济型,10497,221135,4498,197357,0.7348,203.95,149.86246,酒店之家
2025W45,2025,45,2025-11-03,2025-11-09,上海,豪华型,287,80526,283,80498,0.5417,1177.3,637.74341,酒店之家
2025W45,2025,45,2025-11-03,2025-11-09,上海,高档型,770,110097,733,109767,0.8544,549.17,469.210848,酒店之家
2025W45,2025,45,2025-11-03,2025-11-09,全国,中档型,70909,4450565,56628,4320620,0.5527,217.44,120.179088,酒店之家
2025W45,2025,45,2025-11-03,2025-11-09,全国,全部,826765,22033375,403004,19773324,0.5483,190.35,104.368905,酒店之家
2025W45,2025,45,2025-11-03,2025-11-09,全国,经济型,722203,12974234,315317,10870191,0.552,134.29,74.12808,酒店之家
2025W45,2025,45,2025-11-03,2025-11-09,全国,豪华型,6261,1484738,6081,1482845,0.3879,685.31,265.831749,酒店之家
2025W45,2025,45,2025-11-03,2025-11-09,全国,高档型,27392,3123838,24978,3099668,0.4801,325.15,156.104515,酒店之家
2025W46,2025,46,2025-11-10,2025-11-16,上海,中档型,1536,125893,1222,123222,0.7198,329.29,237.022942,酒店之家
2025W46,2025,46,2025-11-10,2025-11-16,上海,全部,13130,538407,6745,511503,0.7266,328.22,238.484652,酒店之家
2025W46,2025,46,2025-11-10,2025-11-16,上海,经济型,10535,221217,4505,197342,0.7345,197.42,145.00499,酒店之家
2025W46,2025,46,2025-11-10,2025-11-16,上海,豪华型,286,80493,282,80465,0.4843,1116.11,540.532073,酒店之家
2025W46,2025,46,2025-11-10,2025-11-16,上海,高档型,773,110804,736,110474,0.751,519,389.769,酒店之家
2025W46,2025,46,2025-11-10,2025-11-16,全国,中档型,70954,4451878,56655,4321672,0.576,221.26,127.44576,酒店之家
2025W46,2025,46,2025-11-10,2025-11-16,全国,全部,827598,22044038,403296,19779072,0.5674,196.2,111.32388,酒店之家
2025W46,2025,46,2025-11-10,2025-11-16,全国,经济型,722944,12976600,315538,10867928,0.5686,136.82,77.795852,酒店之家
2025W46,2025,46,2025-11-10,2025-11-16,全国,豪华型,6270,1487551,6090,1485658,0.4037,704.5,284.40665,酒店之家
2025W46,2025,46,2025-11-10,2025-11-16,全国,高档型,27430,3128009,25013,3103814,0.5124,333.57,170.921268,酒店之家
2025W47,2025,47,2025-11-17,2025-11-23,上海,中档型,1533,125603,1220,122942,0.7239,318.66,230.677974,酒店之家
2025W47,2025,47,2025-11-17,2025-11-23,上海,全部,13144,538851,6763,511914,0.7197,314.38,226.259286,酒店之家
2025W47,2025,47,2025-11-17,2025-11-23,上海,经济型,10553,222285,4526,198367,0.7224,194.16,140.261184,酒店之家
2025W47,2025,47,2025-11-17,2025-11-23,上海,豪华型,287,80712,283,80684,0.5036,1062.25,534.9491,酒店之家
2025W47,2025,47,2025-11-17,2025-11-23,上海,高档型,771,110251,734,109921,0.7967,497.64,396.469788,酒店之家
2025W47,2025,47,2025-11-17,2025-11-23,全国,中档型,70903,4450546,56642,4320708,0.5637,216.34,121.950858,酒店之家
2025W47,2025,47,2025-11-17,2025-11-23,全国,全部,826879,22047710,403542,19779151,0.5578,191.94,107.064132,酒店之家
2025W47,2025,47,2025-11-17,2025-11-23,全国,经济型,722254,12979409,315776,10866809,0.5603,135.16,75.730148,酒店之家
2025W47,2025,47,2025-11-17,2025-11-23,全国,豪华型,6279,1488639,6098,1486732,0.3977,683.1,271.66887,酒店之家
2025W47,2025,47,2025-11-17,2025-11-23,全国,高档型,27443,3129116,25026,3104902,0.4992,325.16,162.319872,酒店之家
2025W48,2025,48,2025-11-24,2025-11-30,上海,中档型,1525,125220,1213,122560,0.7486,339.78,254.359308,酒店之家
2025W48,2025,48,2025-11-24,2025-11-30,上海,全部,13155,538208,6764,511182,0.7403,324.79,240.442037,酒店之家
2025W48,2025,48,2025-11-24,2025-11-30,上海,经济型,10581,223215,4543,199211,0.7473,206.41,154.250193,酒店之家
2025W48,2025,48,2025-11-24,2025-11-30,上海,豪华型,285,80151,281,80123,0.4612,1117.15,515.22958,酒店之家
2025W48,2025,48,2025-11-24,2025-11-30,上海,高档型,764,109622,727,109288,0.6907,520.09,359.226163,酒店之家
2025W48,2025,48,2025-11-24,2025-11-30,全国,中档型,70466,4440446,56265,4311196,0.5618,215.18,120.888124,酒店之家
2025W48,2025,48,2025-11-24,2025-11-30,全国,全部,826111,22029522,403234,19760421,0.5626,189.39,106.550814,酒店之家
2025W48,2025,48,2025-11-24,2025-11-30,全国,经济型,722273,13003797,316177,10889881,0.568,135.68,77.06624,酒店之家
2025W48,2025,48,2025-11-24,2025-11-30,全国,豪华型,6245,1484527,6065,1482630,0.4067,667.01,271.272967,酒店之家
2025W48,2025,48,2025-11-24,2025-11-30,全国,高档型,27127,3100752,24727,3076714,0.4932,318.97,157.316004,酒店之家
2025W49,2025,49,2025-12-01,2025-12-07,上海,中档型,1525,125832,1212,123163,0.7137,307.48,219.448476,酒店之家
2025W49,2025,49,2025-12-01,2025-12-07,上海,全部,13122,539859,6765,512749,0.7081,297.79,210.865099,酒店之家
2025W49,2025,49,2025-12-01,2025-12-07,上海,经济型,10546,223597,4543,199518,0.7066,189.68,134.027888,酒店之家
2025W49,2025,49,2025-12-01,2025-12-07,上海,豪华型,286,80593,282,80565,0.5077,1002.73,509.086021,酒店之家
2025W49,2025,49,2025-12-01,2025-12-07,上海,高档型,765,109837,728,109503,0.8481,473.58,401.643198,酒店之家
2025W49,2025,49,2025-12-01,2025-12-07,全国,中档型,70411,4439044,56261,4310246,0.5374,214.36,115.197064,酒店之家
2025W49,2025,49,2025-12-01,2025-12-07,全国,全部,827075,22035149,403473,19764826,0.5465,187.85,102.660025,酒店之家
2025W49,2025,49,2025-12-01,2025-12-07,全国,经济型,723293,13010673,316411,10894982,0.5545,135.05,74.885225,酒店之家
2025W49,2025,49,2025-12-01,2025-12-07,全国,豪华型,6258,1486186,6077,1484278,0.4167,663.36,276.422112,酒店之家
2025W49,2025,49,2025-12-01,2025-12-07,全国,高档型,27113,3099246,24724,3075320,0.4874,317.11,154.559414,酒店之家
2025W50,2025,50,2025-12-08,2025-12-14,上海,中档型,1526,125710,1214,123039,0.6571,293.07,192.576297,酒店之家
2025W50,2025,50,2025-12-08,2025-12-14,上海,全部,13190,540390,6771,513134,0.6915,289.56,200.23074,酒店之家
2025W50,2025,50,2025-12-08,2025-12-14,上海,经济型,10613,223905,4547,199682,0.7076,183.34,129.731384,酒店之家
2025W50,2025,50,2025-12-08,2025-12-14,上海,豪华型,287,80679,283,80651,0.3271,985.9,322.48789,酒店之家
2025W50,2025,50,2025-12-08,2025-12-14,上海,高档型,764,110096,727,109762,0.8408,454.38,382.042704,酒店之家
2025W50,2025,50,2025-12-08,2025-12-14,全国,中档型,70527,4444180,56355,4315146,0.533,208.61,111.18913,酒店之家
2025W50,2025,50,2025-12-08,2025-12-14,全国,全部,831334,22067151,404200,19789266,0.5378,184.55,99.25099,酒店之家
2025W50,2025,50,2025-12-08,2025-12-14,全国,经济型,727385,13029762,316988,10906706,0.5439,131.2,71.35968,酒店之家
2025W50,2025,50,2025-12-08,2025-12-14,全国,豪华型,6274,1489402,6093,1487490,0.4002,655.7,262.41114,酒店之家
2025W50,2025,50,2025-12-08,2025-12-14,全国,高档型,27148,3103807,24764,3079924,0.4804,311.6,149.69264,酒店之家
2025W51,2025,51,2025-12-15,2025-12-21,上海,中档型,1532,125584,1218,122894,0.7126,306.05,218.09123,酒店之家
2025W51,2025,51,2025-12-15,2025-12-21,上海,全部,13303,540048,6773,512631,0.7079,302.48,214.125592,酒店之家
2025W51,2025,51,2025-12-15,2025-12-21,上海,经济型,10720,223641,4545,199284,0.7105,190.84,135.59182,酒店之家
2025W51,2025,51,2025-12-15,2025-12-21,上海,豪华型,287,80709,283,80681,0.4311,996.55,429.612705,酒店之家
2025W51,2025,51,2025-12-15,2025-12-21,上海,高档型,764,110114,727,109772,0.8487,467.36,396.648432,酒店之家
2025W51,2025,51,2025-12-15,2025-12-21,全国,中档型,70611,4448085,56417,4318851,0.5464,214.73,117.328472,酒店之家
2025W51,2025,51,2025-12-15,2025-12-21,全国,全部,837358,22099475,404780,19809112,0.5575,190.1,105.98075,酒店之家
2025W51,2025,51,2025-12-15,2025-12-21,全国,经济型,733291,13055688,317471,10920344,0.5655,136,76.908,酒店之家
2025W51,2025,51,2025-12-15,2025-12-21,全国,豪华型,6280,1490749,6099,1488837,0.4218,665.49,280.703682,酒店之家
2025W51,2025,51,2025-12-15,2025-12-21,全国,高档型,27176,3104953,24793,3081080,0.5199,316.82,164.714718,酒店之家
2025W52,2025,52,2025-12-22,2025-12-28,上海,中档型,1529,125463,1216,122784,0.6997,296.83,207.691951,酒店之家
2025W52,2025,52,2025-12-22,2025-12-28,上海,全部,13349,540044,6773,512522,0.6903,305.43,210.838329,酒店之家
2025W52,2025,52,2025-12-22,2025-12-28,上海,经济型,10769,223867,4547,199394,0.6905,184.81,127.611305,酒店之家
2025W52,2025,52,2025-12-22,2025-12-28,上海,豪华型,287,80709,283,80681,0.4737,1071.59,507.612183,酒店之家
2025W52,2025,52,2025-12-22,2025-12-28,上海,高档型,764,110005,727,109663,0.7673,460.68,353.479764,酒店之家
2025W52,2025,52,2025-12-22,2025-12-28,全国,中档型,70682,4450695,56493,4321598,0.5403,212.15,114.624645,酒店之家
2025W52,2025,52,2025-12-22,2025-12-28,全国,全部,840689,22113396,405140,19816317,0.5418,192.25,104.16105,酒店之家
2025W52,2025,52,2025-12-22,2025-12-28,全国,经济型,736478,13059538,317684,10917348,0.5448,134.03,73.019544,酒店之家
2025W52,2025,52,2025-12-22,2025-12-28,全国,豪华型,6292,1492764,6109,1490830,0.4273,709.72,303.263356,酒店之家
2025W52,2025,52,2025-12-22,2025-12-28,全国,高档型,27237,3110399,24854,3086541,0.5276,321.52,169.633952,酒店之家
2026W01,2026,1,2025-12-29,2026-01-04,上海,中档型,1523,124965,1214,122320,0.6474,309.6,200.43504,酒店之家
2026W01,2026,1,2025-12-29,2026-01-04,上海,全部,13375,539723,6762,512281,0.6987,316.23,220.949901,酒店之家
2026W01,2026,1,2025-12-29,2026-01-04,上海,经济型,10796,223545,4532,199114,0.7148,203.36,145.361728,酒店之家
2026W01,2026,1,2025-12-29,2026-01-04,上海,豪华型,288,80937,284,80909,0.5947,1149.35,683.518445,酒店之家
2026W01,2026,1,2025-12-29,2026-01-04,上海,高档型,768,110276,732,109938,0.7292,461.74,336.700808,酒店之家
2026W01,2026,1,2025-12-29,2026-01-04,全国,中档型,70071,4426383,56027,4298602,0.5475,237.17,129.850575,酒店之家
2026W01,2026,1,2025-12-29,2026-01-04,全国,全部,840223,22076975,404323,19789860,0.5748,212.16,121.949568,酒店之家
2026W01,2026,1,2025-12-29,2026-01-04,全国,经济型,736706,13052926,317399,10919188,0.5887,157.24,92.567188,酒店之家
2026W01,2026,1,2025-12-29,2026-01-04,全国,豪华型,6300,1494315,6115,1492361,0.4479,750.88,336.319152,酒店之家
2026W01,2026,1,2025-12-29,2026-01-04,全国,高档型,27146,3103351,24782,3079709,0.5254,340.9,179.10886,酒店之家
2026W02,2026,2,2026-01-05,2026-01-11,上海,中档型,1522,125476,1214,122841,0.631,276.68,174.58508,酒店之家
2026W02,2026,2,2026-01-05,2026-01-11,上海,全部,13440,540425,6762,512849,0.6571,277.01,182.023271,酒店之家
2026W02,2026,2,2026-01-05,2026-01-11,上海,经济型,10860,223392,4530,198817,0.6673,176.86,118.018678,酒店之家
2026W02,2026,2,2026-01-05,2026-01-11,上海,豪华型,289,81261,285,81233,0.5447,916.45,499.190315,酒店之家
2026W02,2026,2,2026-01-05,2026-01-11,上海,高档型,769,110296,733,109958,0.6561,428.12,280.889532,酒店之家
2026W02,2026,2,2026-01-05,2026-01-11,全国,中档型,70211,4433031,56125,4304892,0.5121,205.42,105.195582,酒店之家
2026W02,2026,2,2026-01-05,2026-01-11,全国,全部,846593,22117782,405102,19816441,0.528,181.57,95.86896,酒店之家
2026W02,2026,2,2026-01-05,2026-01-11,全国,经济型,742858,13079662,318010,10932141,0.5366,129.91,69.709706,酒店之家
2026W02,2026,2,2026-01-05,2026-01-11,全国,豪华型,6310,1496141,6125,1494187,0.3904,654.53,255.528512,酒店之家
2026W02,2026,2,2026-01-05,2026-01-11,全国,高档型,27214,3108948,24842,3085221,0.5073,306.09,155.279457,酒店之家
2026W03,2026,3,2026-01-12,2026-01-18,上海,中档型,1520,124444,1211,121800,0.6696,281.89,188.753544,酒店之家
2026W03,2026,3,2026-01-12,2026-01-18,上海,全部,13523,540350,6770,512587,0.6861,285.19,195.668859,酒店之家
2026W03,2026,3,2026-01-12,2026-01-18,上海,经济型,10941,223769,4537,199016,0.6957,180.05,125.260785,酒店之家
2026W03,2026,3,2026-01-12,2026-01-18,上海,豪华型,291,81692,287,81664,0.3941,942.1,371.28161,酒店之家
2026W03,2026,3,2026-01-12,2026-01-18,上海,高档型,771,110445,735,110107,0.7175,436.36,313.0883,酒店之家
2026W03,2026,3,2026-01-12,2026-01-18,全国,中档型,70318,4437966,56204,4309443,0.546,208.26,113.70996,酒店之家
2026W03,2026,3,2026-01-12,2026-01-18,全国,全部,850453,22138535,405394,19831359,0.5563,184.82,102.815366,酒店之家
2026W03,2026,3,2026-01-12,2026-01-18,全国,经济型,746506,13084059,318128,10931196,0.5633,131.46,74.051418,酒店之家
2026W03,2026,3,2026-01-12,2026-01-18,全国,豪华型,6335,1500988,6151,1499047,0.3988,667.58,266.230904,酒店之家
2026W03,2026,3,2026-01-12,2026-01-18,全国,高档型,27294,3115522,24911,3091673,0.527,310.69,163.73363,酒店之家
2026W04,2026,4,2026-01-19,2026-01-25,上海,中档型,1520,123428,1211,120784,0.6606,282.53,186.639318,酒店之家
2026W04,2026,4,2026-01-19,2026-01-25,上海,全部,13575,539361,6783,511470,0.6658,288.25,191.91685,酒店之家
2026W04,2026,4,2026-01-19,2026-01-25,上海,经济型,10990,224153,4548,199280,0.673,182.11,122.56003,酒店之家
2026W04,2026,4,2026-01-19,2026-01-25,上海,豪华型,291,81692,287,81664,0.4394,914.53,401.844482,酒店之家
2026W04,2026,4,2026-01-19,2026-01-25,上海,高档型,774,110088,737,109742,0.6249,437.67,273.499983,酒店之家
2026W04,2026,4,2026-01-19,2026-01-25,全国,中档型,70354,4435852,56216,4307180,0.5494,212.4,116.69256,酒店之家
2026W04,2026,4,2026-01-19,2026-01-25,全国,全部,855508,22164778,405964,19847903,0.5562,191.64,106.590168,酒店之家
2026W04,2026,4,2026-01-19,2026-01-25,全国,经济型,751450,13108438,318621,10946125,0.5611,133.86,75.108846,酒店之家
2026W04,2026,4,2026-01-19,2026-01-25,全国,豪华型,6338,1499781,6153,1497825,0.4285,682.8,292.5798,酒店之家
2026W04,2026,4,2026-01-19,2026-01-25,全国,高档型,27366,3120707,24974,3096773,0.5396,319.26,172.272696,酒店之家
2026W05,2026,5,2026-01-26,2026-02-01,上海,中档型,1517,123425,1211,120824,0.6954,290.41,201.951114,酒店之家
2026W05,2026,5,2026-01-26,2026-02-01,上海,全部,13574,540196,6787,512399,0.6617,300.92,199.118764,酒店之家
2026W05,2026,5,2026-01-26,2026-02-01,上海,经济型,10987,224061,4547,199239,0.657,183.23,120.38211,酒店之家
2026W05,2026,5,2026-01-26,2026-02-01,上海,豪华型,293,82319,289,82291,0.4189,961.08,402.596412,酒店之家
2026W05,2026,5,2026-01-26,2026-02-01,上海,高档型,777,110391,740,110045,0.7331,454.03,332.849393,酒店之家
2026W05,2026,5,2026-01-26,2026-02-01,全国,中档型,70383,4436565,56264,4307953,0.5659,219.38,124.147142,酒店之家
2026W05,2026,5,2026-01-26,2026-02-01,全国,全部,857309,22168541,405934,19851626,0.5652,198.95,112.44654,酒店之家
2026W05,2026,5,2026-01-26,2026-02-01,全国,经济型,753133,13101364,318446,10938862,0.5669,136.42,77.336498,酒店之家
2026W05,2026,5,2026-01-26,2026-02-01,全国,豪华型,6370,1505512,6187,1503572,0.4345,708.33,307.769385,酒店之家
2026W05,2026,5,2026-01-26,2026-02-01,全国,高档型,27423,3125100,25037,3101239,0.5678,330.24,187.510272,酒店之家
2026W06,2026,6,2026-02-02,2026-02-08,上海,中档型,1523,123738,1215,121111,0.6744,291.75,196.7562,酒店之家
2026W06,2026,6,2026-02-02,2026-02-08,上海,全部,14035,541084,6805,512556,0.6239,307.78,192.023942,酒店之家
2026W06,2026,6,2026-02-02,2026-02-08,上海,经济型,11440,224438,4560,198917,0.6156,185.61,114.261516,酒店之家
2026W06,2026,6,2026-02-02,2026-02-08,上海,豪华型,293,82319,289,82291,0.3146,957.59,301.257814,酒店之家
2026W06,2026,6,2026-02-02,2026-02-08,上海,高档型,779,110589,741,110237,0.8269,467.39,386.484791,酒店之家
2026W06,2026,6,2026-02-02,2026-02-08,全国,中档型,70657,4450166,56474,4320958,0.582,228.21,132.81822,酒店之家
2026W06,2026,6,2026-02-02,2026-02-08,全国,全部,867433,22217114,406533,19884721,0.5771,205.91,118.830661,酒店之家
2026W06,2026,6,2026-02-02,2026-02-08,全国,经济型,762838,13123854,318703,10946584,0.5774,140.6,81.18244,酒店之家
2026W06,2026,6,2026-02-02,2026-02-08,全国,豪华型,6391,1507445,6208,1505505,0.4547,728.8,331.38536,酒店之家
2026W06,2026,6,2026-02-02,2026-02-08,全国,高档型,27547,3135649,25148,3111674,0.5728,343.48,196.745344,酒店之家
2026W07,2026,7,2026-02-09,2026-02-15,上海,中档型,1530,124201,1222,121573,0.4666,273.49,127.610434,酒店之家
2026W07,2026,7,2026-02-09,2026-02-15,上海,全部,14088,542470,6815,513990,0.4367,311.15,135.879205,酒店之家
2026W07,2026,7,2026-02-09,2026-02-15,上海,经济型,11482,224587,4559,199115,0.4307,180.34,77.672438,酒店之家
2026W07,2026,7,2026-02-09,2026-02-15,上海,豪华型,294,82852,290,82824,0.2044,986.15,201.56906,酒店之家
2026W07,2026,7,2026-02-09,2026-02-15,上海,高档型,782,110830,744,110478,0.6058,446.8,270.67144,酒店之家
2026W07,2026,7,2026-02-09,2026-02-15,全国,中档型,71242,4477845,56927,4347429,0.485,231.61,112.33085,酒店之家
2026W07,2026,7,2026-02-09,2026-02-15,全国,全部,875672,22305520,407838,19956987,0.4876,215.89,105.267964,酒店之家
2026W07,2026,7,2026-02-09,2026-02-15,全国,经济型,770150,13152929,319229,10960889,0.4893,145.14,71.017002,酒店之家
2026W07,2026,7,2026-02-09,2026-02-15,全国,豪华型,6433,1512249,6250,1510310,0.4121,754.26,310.830546,酒店之家
2026W07,2026,7,2026-02-09,2026-02-15,全国,高档型,27847,3162497,25432,3138359,0.508,347.76,176.66208,酒店之家
2026W08,2026,8,2026-02-16,2026-02-22,上海,中档型,1528,124114,1221,121496,0.5314,331.67,176.249438,酒店之家
2026W08,2026,8,2026-02-16,2026-02-22,上海,全部,14045,542760,6821,514384,0.4719,405.72,191.459268,酒店之家
2026W08,2026,8,2026-02-16,2026-02-22,上海,经济型,11441,224762,4565,199370,0.4442,225.65,100.23373,酒店之家
2026W08,2026,8,2026-02-16,2026-02-22,上海,豪华型,294,82852,290,82824,0.4677,1137.11,531.826347,酒店之家
2026W08,2026,8,2026-02-16,2026-02-22,上海,高档型,782,111032,745,110694,0.7888,538.16,424.500608,酒店之家
2026W08,2026,8,2026-02-16,2026-02-22,全国,中档型,71305,4478073,56968,4347503,0.6298,357.57,225.197586,酒店之家
2026W08,2026,8,2026-02-16,2026-02-22,全国,全部,878119,22308232,407874,19955907,0.6105,330.78,201.94119,酒店之家
2026W08,2026,8,2026-02-16,2026-02-22,全国,经济型,772505,13156044,319204,10960455,0.603,229.96,138.66588,酒店之家
2026W08,2026,8,2026-02-16,2026-02-22,全国,豪华型,6433,1510961,6252,1509046,0.5398,989.12,533.926976,酒店之家
2026W08,2026,8,2026-02-16,2026-02-22,全国,高档型,27876,3163154,25450,3138903,0.65,509.32,331.058,酒店之家
2026W09,2026,9,2026-02-23,2026-03-01,上海,中档型,1527,124358,1222,121748,0.5108,274.16,140.040928,酒店之家
2026W09,2026,9,2026-02-23,2026-03-01,上海,全部,13990,542151,6810,513907,0.5115,284.08,145.30692,酒店之家
2026W09,2026,9,2026-02-23,2026-03-01,上海,经济型,11387,223844,4552,198568,0.5159,174.47,90.009073,酒店之家
2026W09,2026,9,2026-02-23,2026-03-01,上海,豪华型,294,82860,290,82832,0.2382,924.53,220.223046,酒店之家
2026W09,2026,9,2026-02-23,2026-03-01,上海,高档型,782,111089,746,110759,0.6289,422.43,265.666227,酒店之家
2026W09,2026,9,2026-02-23,2026-03-01,全国,中档型,71054,4471057,56851,4341569,0.5293,223.79,118.452047,酒店之家
2026W09,2026,9,2026-02-23,2026-03-01,全国,全部,878877,22280205,407187,19935621,0.5509,198.31,109.248979,酒店之家
2026W09,2026,9,2026-02-23,2026-03-01,全国,经济型,773555,13136103,318664,10947087,0.5639,141.63,79.865157,酒店之家
2026W09,2026,9,2026-02-23,2026-03-01,全国,豪华型,6432,1510789,6252,1508887,0.4274,717.45,306.63813,酒店之家
2026W09,2026,9,2026-02-23,2026-03-01,全国,高档型,27836,3162256,25420,3138078,0.5007,331.77,166.117239,酒店之家
2026W10,2026,10,2026-03-02,2026-03-08,上海,中档型,1530,124457,1223,121833,0.6098,298,181.7204,酒店之家
2026W10,2026,10,2026-03-02,2026-03-08,上海,全部,14010,542559,6819,514154,0.6508,289.11,188.152788,酒店之家
2026W10,2026,10,2026-03-02,2026-03-08,上海,经济型,11403,224108,4559,198685,0.67,181.45,121.5715,酒店之家
2026W10,2026,10,2026-03-02,2026-03-08,上海,豪华型,294,82860,290,82832,0.2666,922.54,245.949164,酒店之家
2026W10,2026,10,2026-03-02,2026-03-08,上海,高档型,783,111134,747,110804,0.658,445.59,293.19822,酒店之家
2026W10,2026,10,2026-03-02,2026-03-08,全国,中档型,71370,4482763,57043,4352181,0.5041,211.19,106.460879,酒店之家
2026W10,2026,10,2026-03-02,2026-03-08,全国,全部,881315,22340720,408607,19983021,0.5421,182.52,98.944092,酒店之家
2026W10,2026,10,2026-03-02,2026-03-08,全国,经济型,775586,13179493,319822,10978674,0.5627,132.57,74.597139,酒店之家
2026W10,2026,10,2026-03-02,2026-03-08,全国,豪华型,6441,1511479,6263,1509594,0.4152,640.58,265.968816,酒店之家
2026W10,2026,10,2026-03-02,2026-03-08,全国,高档型,27918,3166985,25479,3142572,0.4626,310.9,143.82234,酒店之家
2026W11,2026,11,2026-03-09,2026-03-15,上海,中档型,1535,124540,1227,121913,0.7281,347.16,252.767196,酒店之家
2026W11,2026,11,2026-03-09,2026-03-15,上海,全部,14052,543329,6829,514956,0.7695,335.67,258.298065,酒店之家
2026W11,2026,11,2026-03-09,2026-03-15,上海,经济型,11439,224639,4564,199251,0.7867,205.39,161.580313,酒店之家
2026W11,2026,11,2026-03-09,2026-03-15,上海,豪华型,295,83055,291,83027,0.4994,1094.48,546.583312,酒店之家
2026W11,2026,11,2026-03-09,2026-03-15,上海,高档型,783,111095,747,110765,0.7589,521.43,395.713227,酒店之家
2026W11,2026,11,2026-03-09,2026-03-15,全国,中档型,71707,4497388,57296,4366078,0.5629,221.38,124.614802,酒店之家
2026W11,2026,11,2026-03-09,2026-03-15,全国,全部,887527,22385212,409298,20013886,0.5915,190.2,112.5033,酒店之家
2026W11,2026,11,2026-03-09,2026-03-15,全国,经济型,781350,13200488,320176,10987082,0.6063,136.97,83.044911,酒店之家
2026W11,2026,11,2026-03-09,2026-03-15,全国,豪华型,6447,1511767,6266,1509853,0.4905,662.22,324.81891,酒店之家
2026W11,2026,11,2026-03-09,2026-03-15,全国,高档型,28023,3175569,25560,3150873,0.5532,322.9,178.62828,酒店之家
2026W12,2026,12,2026-03-16,2026-03-22,上海,中档型,1536,124559,1227,121925,0.6919,335.29,231.987151,酒店之家
2026W12,2026,12,2026-03-16,2026-03-22,上海,全部,14041,542354,6824,514027,0.7613,324.98,247.407274,酒店之家
2026W12,2026,12,2026-03-16,2026-03-22,上海,经济型,11428,223943,4561,198622,0.7912,205.76,162.797312,酒店之家
2026W12,2026,12,2026-03-16,2026-03-22,上海,豪华型,295,83055,291,83027,0.4783,1054.8,504.51084,酒店之家
2026W12,2026,12,2026-03-16,2026-03-22,上海,高档型,782,110797,745,110453,0.6585,498.24,328.09104,酒店之家
2026W12,2026,12,2026-03-16,2026-03-22,全国,中档型,72027,4510769,57524,4378611,0.5664,223.81,126.765984,酒店之家
2026W12,2026,12,2026-03-16,2026-03-22,全国,全部,893217,22441370,410341,20056533,0.5836,195.53,114.111308,酒店之家
2026W12,2026,12,2026-03-16,2026-03-22,全国,经济型,786585,13230386,320860,11004386,0.5949,138.34,82.298466,酒店之家
2026W12,2026,12,2026-03-16,2026-03-22,全国,豪华型,6461,1514081,6279,1512156,0.4471,682.98,305.360358,酒店之家
2026W12,2026,12,2026-03-16,2026-03-22,全国,高档型,28144,3186134,25678,3161380,0.5349,330.17,176.607933,酒店之家
2026W13,2026,13,2026-03-23,2026-03-29,上海,中档型,1537,124793,1227,122151,0.7506,348.43,261.531558,酒店之家
2026W13,2026,13,2026-03-23,2026-03-29,上海,全部,14051,543298,6841,514939,0.7841,339.04,265.841264,酒店之家
2026W13,2026,13,2026-03-23,2026-03-29,上海,经济型,11432,224443,4574,199108,0.8058,215.77,173.867466,酒店之家
2026W13,2026,13,2026-03-23,2026-03-29,上海,豪华型,295,83055,291,83027,0.4762,1067.32,508.257784,酒店之家
2026W13,2026,13,2026-03-23,2026-03-29,上海,高档型,787,111007,749,110653,0.6897,512.71,353.616087,酒店之家
2026W13,2026,13,2026-03-23,2026-03-29,全国,中档型,72456,4528172,57825,4394790,0.5819,227.54,132.405526,酒店之家
2026W13,2026,13,2026-03-23,2026-03-29,全国,全部,899979,22536944,412244,20131461,0.5904,198.22,117.029088,酒店之家
2026W13,2026,13,2026-03-23,2026-03-29,全国,经济型,792746,13291455,322308,11046214,0.5986,141.23,84.540278,酒店之家
2026W13,2026,13,2026-03-23,2026-03-29,全国,豪华型,6476,1516797,6293,1514859,0.4558,675.77,308.015966,酒店之家
2026W13,2026,13,2026-03-23,2026-03-29,全国,高档型,28301,3200520,25818,3175598,0.5265,332.13,174.866445,酒店之家
2026W14,2026,14,2026-03-30,2026-04-05,上海,中档型,1536,124571,1226,121921,0.671,327.52,219.76592,酒店之家
2026W14,2026,14,2026-03-30,2026-04-05,上海,全部,14057,544569,6860,516313,0.7188,343.7,247.05156,酒店之家
2026W14,2026,14,2026-03-30,2026-04-05,上海,经济型,11436,225744,4591,200520,0.7419,214.57,159.189483,酒店之家
2026W14,2026,14,2026-03-30,2026-04-05,上海,豪华型,298,83005,294,82977,0.4402,1077.83,474.460766,酒店之家
2026W14,2026,14,2026-03-30,2026-04-05,上海,高档型,787,111249,749,110895,0.6763,502.11,339.576993,酒店之家
2026W14,2026,14,2026-03-30,2026-04-05,全国,中档型,72577,4540500,57917,4406832,0.5747,258.56,148.594432,酒店之家
2026W14,2026,14,2026-03-30,2026-04-05,全国,全部,904798,22591820,413198,20174894,0.5842,232.36,135.744712,酒店之家
2026W14,2026,14,2026-03-30,2026-04-05,全国,经济型,797587,13342075,323312,11085672,0.5936,164.05,97.38008,酒店之家
2026W14,2026,14,2026-03-30,2026-04-05,全国,豪华型,6465,1516603,6283,1514677,0.4578,738.77,338.208906,酒店之家
2026W14,2026,14,2026-03-30,2026-04-05,全国,高档型,28169,3192642,25686,3167713,0.4969,372.22,184.956118,酒店之家
2026W15,2026,15,2026-04-06,2026-04-12,上海,中档型,1537,124675,1227,122027,0.6876,331.31,227.808756,酒店之家
2026W15,2026,15,2026-04-06,2026-04-12,上海,全部,14131,544980,6874,516593,0.7254,331.88,240.745752,酒店之家
2026W15,2026,15,2026-04-06,2026-04-12,上海,经济型,11510,226235,4605,200878,0.7462,212.44,158.522728,酒店之家
2026W15,2026,15,2026-04-06,2026-04-12,上海,豪华型,298,82845,294,82817,0.5007,1034.03,517.738821,酒店之家
2026W15,2026,15,2026-04-06,2026-04-12,上海,高档型,786,111225,748,110871,0.6311,505.1,318.76861,酒店之家
2026W15,2026,15,2026-04-06,2026-04-12,全国,中档型,72757,4548377,58072,4414486,0.5435,226.58,123.14623,酒店之家
2026W15,2026,15,2026-04-06,2026-04-12,全国,全部,911705,22637689,414023,20208369,0.5591,199.88,111.752908,酒店之家
2026W15,2026,15,2026-04-06,2026-04-12,全国,经济型,804218,13370743,323894,11102231,0.5714,142.32,81.321648,酒店之家
2026W15,2026,15,2026-04-06,2026-04-12,全国,豪华型,6481,1519004,6298,1517064,0.4236,681.82,288.818952,酒店之家
2026W15,2026,15,2026-04-06,2026-04-12,全国,高档型,28249,3199565,25759,3174588,0.4703,332.35,156.304205,酒店之家
2026W16,2026,16,2026-04-13,2026-04-19,上海,中档型,1537,124918,1231,122307,0.7234,329.58,238.418172,酒店之家
2026W16,2026,16,2026-04-13,2026-04-19,上海,全部,14386,545324,6869,516281,0.7508,332.32,249.505856,酒店之家
2026W16,2026,16,2026-04-13,2026-04-19,上海,经济型,11765,226489,4596,200439,0.7672,207.55,159.23236,酒店之家
2026W16,2026,16,2026-04-13,2026-04-19,上海,豪华型,298,82845,294,82817,0.5621,1046.88,588.451248,酒店之家
2026W16,2026,16,2026-04-13,2026-04-19,上海,高档型,786,111072,748,110718,0.6828,494.8,337.84944,酒店之家
2026W16,2026,16,2026-04-13,2026-04-19,全国,中档型,73087,4563125,58320,4428465,0.6235,241.24,150.41314,酒店之家
2026W16,2026,16,2026-04-13,2026-04-19,全国,全部,923786,22716618,415523,20262101,0.6235,210.61,131.315335,酒店之家
2026W16,2026,16,2026-04-13,2026-04-19,全国,经济型,815845,13426610,325041,11133863,0.6288,149.72,94.143936,酒店之家
2026W16,2026,16,2026-04-13,2026-04-19,全国,豪华型,6483,1518404,6298,1516441,0.4994,709.47,354.309318,酒店之家
2026W16,2026,16,2026-04-13,2026-04-19,全国,高档型,28371,3208479,25864,3183332,0.5402,348.25,188.12465,酒店之家
2026W17,2026,17,2026-04-20,2026-04-26,上海,中档型,1545,125505,1239,122894,0.7456,374.17,278.981152,酒店之家
2026W17,2026,17,2026-04-20,2026-04-26,上海,全部,14567,546174,6876,516799,0.7606,364.29,277.078974,酒店之家
2026W17,2026,17,2026-04-20,2026-04-26,上海,经济型,11940,226998,4597,200616,0.7788,227.56,177.223728,酒店之家
2026W17,2026,17,2026-04-20,2026-04-26,上海,豪华型,298,82856,294,82828,0.4688,1134.82,532.003616,酒店之家
2026W17,2026,17,2026-04-20,2026-04-26,上海,高档型,784,110815,746,110461,0.6841,553.94,378.950354,酒店之家
2026W17,2026,17,2026-04-20,2026-04-26,东莞,中档型,396,38961,394,38943,0.6291,201.62,126.839142,酒店之家
2026W17,2026,17,2026-04-20,2026-04-26,东莞,全部,6054,228432,4200,216088,0.633,144.88,91.70904,酒店之家
2026W17,2026,17,2026-04-20,2026-04-26,东莞,经济型,5459,148806,3608,136489,0.6334,113.66,71.992244,酒店之家
2026W17,2026,17,2026-04-20,2026-04-26,东莞,豪华型,37,11593,37,11593,0.7114,543.11,386.368454,酒店之家
2026W17,2026,17,2026-04-20,2026-04-26,东莞,高档型,162,29072,161,29063,,290.22,,酒店之家
2026W17,2026,17,2026-04-20,2026-04-26,佛山,中档型,428,36604,391,36307,0.6677,227.2,151.70144,酒店之家
2026W17,2026,17,2026-04-20,2026-04-26,佛山,全部,6281,180179,3256,165213,0.6526,184.16,120.182816,酒店之家
2026W17,2026,17,2026-04-20,2026-04-26,佛山,经济型,5624,105937,2639,91294,0.6504,128.22,83.394288,酒店之家
2026W17,2026,17,2026-04-20,2026-04-26,佛山,豪华型,42,11166,42,11166,0.1667,599.4,99.91998,酒店之家
2026W17,2026,17,2026-04-20,2026-04-26,佛山,高档型,187,26472,184,26446,0.38,343.93,130.6934,酒店之家
2026W17,2026,17,2026-04-20,2026-04-26,全国,中档型,73435,4580751,58618,4445609,0.6059,234.44,142.047196,酒店之家
2026W17,2026,17,2026-04-20,2026-04-26,全国,全部,930666,22786196,416608,20318858,0.6033,206.86,124.798638,酒店之家
2026W17,2026,17,2026-04-20,2026-04-26,全国,经济型,822212,13461017,325680,11156117,0.6075,145.16,88.1847,酒店之家
2026W17,2026,17,2026-04-20,2026-04-26,全国,豪华型,6504,1522990,6317,1521007,0.4652,705.96,328.412592,酒店之家
2026W17,2026,17,2026-04-20,2026-04-26,全国,高档型,28515,3221438,25993,3196125,0.5297,343.52,181.962544,酒店之家
2026W17,2026,17,2026-04-20,2026-04-26,北京,中档型,2336,157319,1734,152827,0.7938,402.94,319.853772,酒店之家
2026W17,2026,17,2026-04-20,2026-04-26,北京,全部,18196,585932,7165,542458,0.7807,369.32,288.328124,酒店之家
2026W17,2026,17,2026-04-20,2026-04-26,北京,经济型,14934,257969,4547,219342,0.7836,257.99,202.160964,酒店之家
2026W17,2026,17,2026-04-20,2026-04-26,北京,豪华型,194,58162,190,58118,0.2601,1219.04,317.072304,酒店之家
2026W17,2026,17,2026-04-20,2026-04-26,北京,高档型,732,112482,694,112171,0.758,594.02,450.26716,酒店之家
2026W17,2026,17,2026-04-20,2026-04-26,南京,中档型,766,58399,673,57528,0.7017,274.28,192.462276,酒店之家
2026W17,2026,17,2026-04-20,2026-04-26,南京,全部,8766,260945,4211,242544,0.687,240,164.88,酒店之家
2026W17,2026,17,2026-04-20,2026-04-26,南京,经济型,7520,130458,3080,113145,0.6803,164.74,112.072622,酒店之家
2026W17,2026,17,2026-04-20,2026-04-26,南京,豪华型,117,28859,115,28838,0.2061,673.17,138.740337,酒店之家
2026W17,2026,17,2026-04-20,2026-04-26,南京,高档型,363,43229,343,43033,,386.66,,酒店之家
2026W17,2026,17,2026-04-20,2026-04-26,合肥,中档型,460,40740,450,40644,0.5397,220.14,118.809558,酒店之家
2026W17,2026,17,2026-04-20,2026-04-26,合肥,全部,5464,187372,3244,173612,0.6418,187.35,120.24123,酒店之家
2026W17,2026,17,2026-04-20,2026-04-26,合肥,经济型,4775,104996,2569,91371,0.6576,135.16,88.881216,酒店之家
2026W17,2026,17,2026-04-20,2026-04-26,合肥,豪华型,60,17508,59,17495,0.3355,496.87,166.699885,酒店之家
2026W17,2026,17,2026-04-20,2026-04-26,合肥,高档型,169,24128,166,24102,,320.27,,酒店之家
2026W17,2026,17,2026-04-20,2026-04-26,天津,中档型,607,46295,511,45502,0.594,233.77,138.85938,酒店之家
2026W17,2026,17,2026-04-20,2026-04-26,天津,全部,9416,194231,2938,169236,0.632,202.08,127.71456,酒店之家
2026W17,2026,17,2026-04-20,2026-04-26,天津,经济型,8593,112807,2212,88619,0.6522,149.85,97.73217,酒店之家
2026W17,2026,17,2026-04-20,2026-04-26,天津,豪华型,43,12101,43,12101,0.0361,700.19,25.276859,酒店之家
2026W17,2026,17,2026-04-20,2026-04-26,天津,高档型,173,23028,172,23014,,339.82,,酒店之家
2026W17,2026,17,2026-04-20,2026-04-26,广州,中档型,1083,92997,1005,92290,0.7794,323.41,252.065754,酒店之家
2026W17,2026,17,2026-04-20,2026-04-26,广州,全部,14917,490718,8298,462885,0.7695,281.84,216.87588,酒店之家
2026W17,2026,17,2026-04-20,2026-04-26,广州,经济型,13063,267788,6533,240783,0.7671,186.61,143.148531,酒店之家
2026W17,2026,17,2026-04-20,2026-04-26,广州,豪华型,144,44437,144,44437,0.713,1191.14,849.28282,酒店之家
2026W17,2026,17,2026-04-20,2026-04-26,广州,高档型,627,85496,616,85375,0.78,496.32,387.1296,酒店之家
2026W17,2026,17,2026-04-20,2026-04-26,成都,中档型,2134,125797,1801,122706,0.6571,236.81,155.607851,酒店之家
2026W17,2026,17,2026-04-20,2026-04-26,成都,全部,24296,569309,10511,510928,0.6776,205.84,139.477184,酒店之家
2026W17,2026,17,2026-04-20,2026-04-26,成都,经济型,20967,286483,7584,231873,0.6944,135.33,93.973152,酒店之家
2026W17,2026,17,2026-04-20,2026-04-26,成都,豪华型,234,51417,224,51294,0.5169,635.38,328.427922,酒店之家
2026W17,2026,17,2026-04-20,2026-04-26,成都,高档型,961,105612,902,105055,0.4968,331.76,164.818368,酒店之家
2026W17,2026,17,2026-04-20,2026-04-26,昆明,中档型,739,53233,648,52416,0.6916,213.97,147.981652,酒店之家
2026W17,2026,17,2026-04-20,2026-04-26,昆明,全部,14188,289560,5990,260414,0.6734,180.11,121.286074,酒店之家
2026W17,2026,17,2026-04-20,2026-04-26,昆明,经济型,13066,176809,4974,148637,0.6678,130.11,86.887458,酒店之家
2026W17,2026,17,2026-04-20,2026-04-26,昆明,豪华型,69,17753,65,17713,0.8073,648.82,523.792386,酒店之家
2026W17,2026,17,2026-04-20,2026-04-26,昆明,高档型,314,41765,303,41648,0.4403,310.97,136.920091,酒店之家
2026W17,2026,17,2026-04-20,2026-04-26,杭州,中档型,1768,87074,1021,80918,0.7266,312.76,227.251416,酒店之家
2026W17,2026,17,2026-04-20,2026-04-26,杭州,全部,14289,418547,6167,377022,0.7671,285.77,219.214167,酒店之家
2026W17,2026,17,2026-04-20,2026-04-26,杭州,经济型,11508,192274,4230,157789,0.8036,183.12,147.155232,酒店之家
2026W17,2026,17,2026-04-20,2026-04-26,杭州,豪华型,253,51167,247,51102,0.3596,880.84,316.750064,酒店之家
2026W17,2026,17,2026-04-20,2026-04-26,杭州,高档型,760,88032,669,87213,0.5992,410.2,245.79184,酒店之家
2026W17,2026,17,2026-04-20,2026-04-26,武汉,中档型,804,66860,765,66509,0.6881,244,167.8964,酒店之家
2026W17,2026,17,2026-04-20,2026-04-26,武汉,全部,10455,298224,5082,270867,0.6534,217.55,142.14717,酒店之家
2026W17,2026,17,2026-04-20,2026-04-26,武汉,经济型,9210,157985,3882,131034,0.6441,149.66,96.396006,酒店之家
2026W17,2026,17,2026-04-20,2026-04-26,武汉,豪华型,80,21503,80,21503,0.0394,619.31,24.400814,酒店之家
2026W17,2026,17,2026-04-20,2026-04-26,武汉,高档型,361,51876,355,51821,0.2063,362.58,74.800254,酒店之家
2026W17,2026,17,2026-04-20,2026-04-26,沈阳,中档型,277,25299,272,25253,0.6393,233.99,149.589807,酒店之家
2026W17,2026,17,2026-04-20,2026-04-26,沈阳,全部,6551,135374,2306,118275,0.6648,195.98,130.287504,酒店之家
2026W17,2026,17,2026-04-20,2026-04-26,沈阳,经济型,6106,79739,1866,62686,0.6763,142.06,96.075178,酒店之家
2026W17,2026,17,2026-04-20,2026-04-26,沈阳,豪华型,31,9957,31,9957,0.3736,654.53,244.532408,酒店之家
2026W17,2026,17,2026-04-20,2026-04-26,沈阳,高档型,137,20379,137,20379,,326.78,,酒店之家
2026W17,2026,17,2026-04-20,2026-04-26,深圳,中档型,1015,87986,903,86981,0.7333,293.98,215.575534,酒店之家
2026W17,2026,17,2026-04-20,2026-04-26,深圳,全部,11593,402886,6473,379077,0.7531,262.69,197.831839,酒店之家
2026W17,2026,17,2026-04-20,2026-04-26,深圳,经济型,9970,211598,4981,188984,0.7591,163.55,124.150805,酒店之家
2026W17,2026,17,2026-04-20,2026-04-26,深圳,豪华型,128,33162,126,33146,0.7531,1071.06,806.615286,酒店之家
2026W17,2026,17,2026-04-20,2026-04-26,深圳,高档型,480,70140,463,69966,0.2857,468.96,133.981872,酒店之家
2026W17,2026,17,2026-04-20,2026-04-26,苏州,中档型,908,48345,566,45521,0.7443,278.42,207.228006,酒店之家
2026W17,2026,17,2026-04-20,2026-04-26,苏州,全部,10474,283637,4377,255645,0.7152,243.08,173.850816,酒店之家
2026W17,2026,17,2026-04-20,2026-04-26,苏州,经济型,8975,148766,3273,124107,0.7226,166.54,120.341804,酒店之家
2026W17,2026,17,2026-04-20,2026-04-26,苏州,豪华型,163,38588,157,38522,0.2438,758.49,184.919862,酒店之家
2026W17,2026,17,2026-04-20,2026-04-26,苏州,高档型,428,47938,381,47495,0.6954,384.98,267.715092,酒店之家
2026W17,2026,17,2026-04-20,2026-04-26,西安,中档型,1046,81439,940,80502,0.7737,218.46,169.022502,酒店之家
2026W17,2026,17,2026-04-20,2026-04-26,西安,全部,14875,380015,6819,341485,0.7282,203.47,148.166854,酒店之家
2026W17,2026,17,2026-04-20,2026-04-26,西安,经济型,13221,208027,5283,170542,0.7018,135.75,95.26935,酒店之家
2026W17,2026,17,2026-04-20,2026-04-26,西安,豪华型,107,27207,107,27207,0.8247,628.23,518.101281,酒店之家
2026W17,2026,17,2026-04-20,2026-04-26,西安,高档型,501,63342,489,63234,0.7508,305.35,229.25678,酒店之家
2026W17,2026,17,2026-04-20,2026-04-26,郑州,中档型,660,54736,628,54435,0.7024,228.97,160.828528,酒店之家
2026W17,2026,17,2026-04-20,2026-04-26,郑州,全部,8430,270137,5309,253099,0.6723,185.36,124.617528,酒店之家
2026W17,2026,17,2026-04-20,2026-04-26,郑州,经济型,7473,168589,4391,151917,0.6609,132.68,87.688212,酒店之家
2026W17,2026,17,2026-04-20,2026-04-26,郑州,豪华型,42,12154,42,12154,0.1515,651.08,98.63862,酒店之家
2026W17,2026,17,2026-04-20,2026-04-26,郑州,高档型,255,34658,248,34593,0.5172,326.83,169.036476,酒店之家
2026W17,2026,17,2026-04-20,2026-04-26,重庆,中档型,1634,96691,1465,95116,0.7356,216.37,159.161772,酒店之家
2026W17,2026,17,2026-04-20,2026-04-26,重庆,全部,23030,515173,10973,454049,0.6734,186.24,125.414016,酒店之家
2026W17,2026,17,2026-04-20,2026-04-26,重庆,经济型,20535,308650,8699,249589,0.6429,130.91,84.162039,酒店之家
2026W17,2026,17,2026-04-20,2026-04-26,重庆,豪华型,135,31193,135,31193,0.0566,578.04,32.717064,酒店之家
2026W17,2026,17,2026-04-20,2026-04-26,重庆,高档型,726,78639,674,78151,0.7198,316.95,228.14061,酒店之家
2026W17,2026,17,2026-04-20,2026-04-26,长沙,中档型,821,64007,789,63703,0.7684,221.68,170.338912,酒店之家
2026W17,2026,17,2026-04-20,2026-04-26,长沙,全部,12427,312007,6181,281925,0.7373,204.91,151.080143,酒店之家
2026W17,2026,17,2026-04-20,2026-04-26,长沙,经济型,11135,174664,4928,144966,0.7043,142.41,100.299363,酒店之家
2026W17,2026,17,2026-04-20,2026-04-26,长沙,豪华型,92,23542,92,23542,0.8888,594.43,528.329384,酒店之家
2026W17,2026,17,2026-04-20,2026-04-26,长沙,高档型,379,49794,372,49714,0.8917,312.32,278.495744,酒店之家
2026W17,2026,17,2026-04-20,2026-04-26,青岛,中档型,677,47134,544,45980,0.7285,226.61,165.085385,酒店之家
2026W17,2026,17,2026-04-20,2026-04-26,青岛,全部,13404,252755,4194,222920,0.6329,212.03,134.193787,酒店之家
2026W17,2026,17,2026-04-20,2026-04-26,青岛,经济型,12390,149294,3329,120796,0.6114,140.45,85.87113,酒店之家
2026W17,2026,17,2026-04-20,2026-04-26,青岛,豪华型,77,22798,77,22798,,618.5,,酒店之家
2026W17,2026,17,2026-04-20,2026-04-26,青岛,高档型,260,33529,244,33346,0.922,357.18,329.31996,酒店之家
2026W18,2026,18,2026-04-27,2026-05-03,上海,中档型,1547,125354,1239,122717,0.6714,367.31,246.611934,酒店之家
2026W18,2026,18,2026-04-27,2026-05-03,上海,全部,14595,547120,6887,517778,0.7346,376.33,276.452018,酒店之家
2026W18,2026,18,2026-04-27,2026-05-03,上海,经济型,11962,227399,4604,201076,0.7592,245.65,186.49748,酒店之家
2026W18,2026,18,2026-04-27,2026-05-03,上海,豪华型,299,82886,295,82858,0.577,1064.85,614.41845,酒店之家
2026W18,2026,18,2026-04-27,2026-05-03,上海,高档型,787,111481,749,111127,0.7046,518.66,365.447836,酒店之家
2026W18,2026,18,2026-04-27,2026-05-03,东莞,中档型,397,39020,395,39002,0.6696,222.54,149.012784,酒店之家
2026W18,2026,18,2026-04-27,2026-05-03,东莞,全部,6061,228732,4209,216394,0.7217,169.9,122.61683,酒店之家
2026W18,2026,18,2026-04-27,2026-05-03,东莞,经济型,5464,148991,3615,136680,0.7324,131.12,96.032288,酒店之家
2026W18,2026,18,2026-04-27,2026-05-03,东莞,豪华型,37,11593,37,11593,0.7717,749.61,578.474037,酒店之家
2026W18,2026,18,2026-04-27,2026-05-03,东莞,高档型,163,29128,162,29119,,312.83,,酒店之家
2026W18,2026,18,2026-04-27,2026-05-03,佛山,中档型,431,36818,394,36521,0.6909,306.82,211.981938,酒店之家
2026W18,2026,18,2026-04-27,2026-05-03,佛山,全部,6262,179644,3252,164686,0.6913,256.66,177.429058,酒店之家
2026W18,2026,18,2026-04-27,2026-05-03,佛山,经济型,5604,105520,2634,90885,0.6938,185.64,128.797032,酒店之家
2026W18,2026,18,2026-04-27,2026-05-03,佛山,豪华型,42,11166,42,11166,0.5685,690,392.265,酒店之家
2026W18,2026,18,2026-04-27,2026-05-03,佛山,高档型,185,26140,182,26114,0.3727,453.63,169.067901,酒店之家
2026W18,2026,18,2026-04-27,2026-05-03,全国,中档型,73868,4602342,58987,4466594,0.6449,330.66,213.242634,酒店之家
2026W18,2026,18,2026-04-27,2026-05-03,全国,全部,937792,22851265,417774,20376435,0.6538,296.13,193.609794,酒店之家
2026W18,2026,18,2026-04-27,2026-05-03,全国,经济型,828678,13484744,326262,11173072,0.6627,217.84,144.362568,酒店之家
2026W18,2026,18,2026-04-27,2026-05-03,全国,豪华型,6530,1524575,6344,1522607,0.5389,851.93,459.105077,酒店之家
2026W18,2026,18,2026-04-27,2026-05-03,全国,高档型,28716,3239604,26181,3214162,0.5835,456.06,266.11101,酒店之家
2026W18,2026,18,2026-04-27,2026-05-03,北京,中档型,2343,157581,1740,153073,0.7585,439.87,333.641395,酒店之家
2026W18,2026,18,2026-04-27,2026-05-03,北京,全部,18231,586919,7189,543445,0.7482,415.26,310.697532,酒店之家
2026W18,2026,18,2026-04-27,2026-05-03,北京,经济型,14960,258661,4563,220050,0.7486,294.32,220.327952,酒店之家
2026W18,2026,18,2026-04-27,2026-05-03,北京,豪华型,194,58177,190,58133,0.3765,1148.04,432.23706,酒店之家
2026W18,2026,18,2026-04-27,2026-05-03,北京,高档型,734,112500,696,112189,0.7726,609.05,470.55203,酒店之家
2026W18,2026,18,2026-04-27,2026-05-03,南京,中档型,772,59064,681,58210,0.7154,428.61,306.627594,酒店之家
2026W18,2026,18,2026-04-27,2026-05-03,南京,全部,8860,262532,4226,243934,0.7104,386.95,274.88928,酒店之家
2026W18,2026,18,2026-04-27,2026-05-03,南京,经济型,7603,130685,3082,113158,0.7175,300.4,215.537,酒店之家
2026W18,2026,18,2026-04-27,2026-05-03,南京,豪华型,117,28668,115,28647,0.2529,840.04,212.446116,酒店之家
2026W18,2026,18,2026-04-27,2026-05-03,南京,高档型,368,44115,348,43919,,534.7,,酒店之家
2026W18,2026,18,2026-04-27,2026-05-03,合肥,中档型,459,40806,451,40728,0.4027,258.12,103.944924,酒店之家
2026W18,2026,18,2026-04-27,2026-05-03,合肥,全部,5472,186938,3240,173206,0.7181,224.57,161.263717,酒店之家
2026W18,2026,18,2026-04-27,2026-05-03,合肥,经济型,4783,104448,2563,90833,0.7417,159.84,118.553328,酒店之家
2026W18,2026,18,2026-04-27,2026-05-03,合肥,豪华型,60,17467,59,17454,0.5789,520.13,301.103257,酒店之家
2026W18,2026,18,2026-04-27,2026-05-03,合肥,高档型,170,24217,167,24191,,357.34,,酒店之家
2026W18,2026,18,2026-04-27,2026-05-03,天津,中档型,606,45962,510,45169,0.6768,404.96,274.076928,酒店之家
2026W18,2026,18,2026-04-27,2026-05-03,天津,全部,9408,193943,2938,169137,0.6988,361.34,252.504392,酒店之家
2026W18,2026,18,2026-04-27,2026-05-03,天津,经济型,8583,112576,2210,88577,0.7168,285.14,204.388352,酒店之家
2026W18,2026,18,2026-04-27,2026-05-03,天津,豪华型,43,12101,43,12101,0.1632,926.91,151.271712,酒店之家
2026W18,2026,18,2026-04-27,2026-05-03,天津,高档型,176,23304,175,23290,0.0258,548.01,14.138658,酒店之家
2026W18,2026,18,2026-04-27,2026-05-03,广州,中档型,1080,92838,1003,92143,0.7153,394.21,281.978413,酒店之家
2026W18,2026,18,2026-04-27,2026-05-03,广州,全部,14796,489326,8285,462081,0.746,353.07,263.39022,酒店之家
2026W18,2026,18,2026-04-27,2026-05-03,广州,经济型,12943,266638,6520,240209,0.7615,242.69,184.808435,酒店之家
2026W18,2026,18,2026-04-27,2026-05-03,广州,豪华型,143,44200,143,44200,0.7377,1290.74,952.178898,酒店之家
2026W18,2026,18,2026-04-27,2026-05-03,广州,高档型,630,85650,619,85529,0.7436,561.18,417.293448,酒店之家
2026W18,2026,18,2026-04-27,2026-05-03,成都,中档型,2138,125569,1800,122430,0.6643,310.13,206.019359,酒店之家
2026W18,2026,18,2026-04-27,2026-05-03,成都,全部,24335,569362,10525,510966,0.6824,270.72,184.739328,酒店之家
2026W18,2026,18,2026-04-27,2026-05-03,成都,经济型,20999,286331,7596,231754,0.7084,190.51,134.957284,酒店之家
2026W18,2026,18,2026-04-27,2026-05-03,成都,豪华型,234,51416,224,51293,0.5215,752.76,392.56434,酒店之家
2026W18,2026,18,2026-04-27,2026-05-03,成都,高档型,964,106046,905,105489,0.3891,397.7,154.74507,酒店之家
2026W18,2026,18,2026-04-27,2026-05-03,昆明,中档型,740,53298,649,52481,0.6754,262.05,176.98857,酒店之家
2026W18,2026,18,2026-04-27,2026-05-03,昆明,全部,14211,289603,5985,260396,0.6832,219.39,149.887248,酒店之家
2026W18,2026,18,2026-04-27,2026-05-03,昆明,经济型,13087,176617,4967,148384,0.6895,171.22,118.05619,酒店之家
2026W18,2026,18,2026-04-27,2026-05-03,昆明,豪华型,69,17753,65,17713,0.8424,680.18,572.983632,酒店之家
2026W18,2026,18,2026-04-27,2026-05-03,昆明,高档型,315,41935,304,41818,0.4908,353.9,173.69412,酒店之家
2026W18,2026,18,2026-04-27,2026-05-03,杭州,中档型,1773,87022,1025,80875,0.7321,420.1,307.55521,酒店之家
2026W18,2026,18,2026-04-27,2026-05-03,杭州,全部,14314,419148,6194,377772,0.7443,391.02,291.036186,酒店之家
2026W18,2026,18,2026-04-27,2026-05-03,杭州,经济型,11527,192795,4251,158440,0.7569,273.57,207.065133,酒店之家
2026W18,2026,18,2026-04-27,2026-05-03,杭州,豪华型,253,51168,247,51103,0.3555,984.18,349.87599,酒店之家
2026W18,2026,18,2026-04-27,2026-05-03,杭州,高档型,761,88163,671,87354,0.8423,506.07,426.262761,酒店之家
2026W18,2026,18,2026-04-27,2026-05-03,武汉,中档型,811,67257,771,66896,0.7368,355.52,261.947136,酒店之家
2026W18,2026,18,2026-04-27,2026-05-03,武汉,全部,10504,298876,5095,271553,0.7033,325.71,229.071843,酒店之家
2026W18,2026,18,2026-04-27,2026-05-03,武汉,经济型,9247,157869,3884,130962,0.6934,243.31,168.711154,酒店之家
2026W18,2026,18,2026-04-27,2026-05-03,武汉,豪华型,79,21155,79,21155,0.1875,751.61,140.926875,酒店之家
2026W18,2026,18,2026-04-27,2026-05-03,武汉,高档型,367,52595,361,52540,0.254,494.96,125.71984,酒店之家
2026W18,2026,18,2026-04-27,2026-05-03,沈阳,中档型,279,25500,274,25454,0.7504,366.16,274.766464,酒店之家
2026W18,2026,18,2026-04-27,2026-05-03,沈阳,全部,6599,136470,2320,119266,0.7715,324.26,250.16659,酒店之家
2026W18,2026,18,2026-04-27,2026-05-03,沈阳,经济型,6150,80394,1876,63236,0.782,263.85,206.3307,酒店之家
2026W18,2026,18,2026-04-27,2026-05-03,沈阳,豪华型,31,9957,31,9957,0.484,779.17,377.11828,酒店之家
2026W18,2026,18,2026-04-27,2026-05-03,沈阳,高档型,139,20619,139,20619,,480.67,,酒店之家
2026W18,2026,18,2026-04-27,2026-05-03,深圳,中档型,1019,88321,907,87316,0.7113,353.4,251.37342,酒店之家
2026W18,2026,18,2026-04-27,2026-05-03,深圳,全部,11578,403433,6478,379721,0.7565,322.93,244.296545,酒店之家
2026W18,2026,18,2026-04-27,2026-05-03,深圳,经济型,9946,210980,4977,188463,0.771,216.21,166.69791,酒店之家
2026W18,2026,18,2026-04-27,2026-05-03,深圳,豪华型,128,33271,126,33255,0.6481,1113.31,721.536211,酒店之家
2026W18,2026,18,2026-04-27,2026-05-03,深圳,高档型,485,70861,468,70687,0.3643,501.52,182.703736,酒店之家
2026W18,2026,18,2026-04-27,2026-05-03,苏州,中档型,915,48991,570,46129,0.6783,418.77,284.051691,酒店之家
2026W18,2026,18,2026-04-27,2026-05-03,苏州,全部,10507,284153,4380,256123,0.6997,371,259.5887,酒店之家
2026W18,2026,18,2026-04-27,2026-05-03,苏州,经济型,8998,148550,3270,123901,0.7213,253.11,182.568243,酒店之家
2026W18,2026,18,2026-04-27,2026-05-03,苏州,豪华型,163,38499,157,38433,0.4043,958.92,387.691356,酒店之家
2026W18,2026,18,2026-04-27,2026-05-03,苏州,高档型,431,48113,383,47660,0.6517,532.7,347.16059,酒店之家
2026W18,2026,18,2026-04-27,2026-05-03,西安,中档型,1051,81781,945,80840,0.784,326.88,256.27392,酒店之家
2026W18,2026,18,2026-04-27,2026-05-03,西安,全部,14931,381329,6838,342843,0.7451,296.22,220.713522,酒店之家
2026W18,2026,18,2026-04-27,2026-05-03,西安,经济型,13270,208664,5295,171227,0.7213,220.26,158.873538,酒店之家
2026W18,2026,18,2026-04-27,2026-05-03,西安,豪华型,107,27207,107,27207,0.9123,733.63,669.290649,酒店之家
2026W18,2026,18,2026-04-27,2026-05-03,西安,高档型,503,63677,491,63569,0.6835,411.99,281.595165,酒店之家
2026W18,2026,18,2026-04-27,2026-05-03,郑州,中档型,663,55015,631,54721,0.7448,289.11,215.329128,酒店之家
2026W18,2026,18,2026-04-27,2026-05-03,郑州,全部,8436,270099,5303,253082,0.6987,243.61,170.210307,酒店之家
2026W18,2026,18,2026-04-27,2026-05-03,郑州,经济型,7475,168125,4381,151467,0.6789,178.31,121.054659,酒店之家
2026W18,2026,18,2026-04-27,2026-05-03,郑州,豪华型,42,12154,42,12154,0.4831,743.99,359.421569,酒店之家
2026W18,2026,18,2026-04-27,2026-05-03,郑州,高档型,256,34805,249,34740,0.6088,398.31,242.491128,酒店之家
2026W18,2026,18,2026-04-27,2026-05-03,重庆,中档型,1638,96449,1468,94870,0.7428,330.6,245.56968,酒店之家
2026W18,2026,18,2026-04-27,2026-05-03,重庆,全部,23099,516496,10987,455381,0.7063,287.93,203.364959,酒店之家
2026W18,2026,18,2026-04-27,2026-05-03,重庆,经济型,20587,308805,8697,249757,0.6878,221.68,152.471504,酒店之家
2026W18,2026,18,2026-04-27,2026-05-03,重庆,豪华型,136,31404,136,31404,0.8082,711.27,574.848414,酒店之家
2026W18,2026,18,2026-04-27,2026-05-03,重庆,高档型,738,79838,686,79350,0.7892,442.33,349.086836,酒店之家
2026W18,2026,18,2026-04-27,2026-05-03,长沙,中档型,823,64227,793,63940,0.7899,340.05,268.605495,酒店之家
2026W18,2026,18,2026-04-27,2026-05-03,长沙,全部,12435,311740,6171,281727,0.7729,312.68,241.670372,酒店之家
2026W18,2026,18,2026-04-27,2026-05-03,长沙,经济型,11138,173981,4911,144335,0.7525,238.95,179.809875,酒店之家
2026W18,2026,18,2026-04-27,2026-05-03,长沙,豪华型,92,23543,92,23543,0.9626,718.77,691.888002,酒店之家
2026W18,2026,18,2026-04-27,2026-05-03,长沙,高档型,382,49989,375,49909,0.8896,429.33,381.931968,酒店之家
2026W18,2026,18,2026-04-27,2026-05-03,青岛,中档型,685,47882,551,46715,0.7671,396.77,304.362267,酒店之家
2026W18,2026,18,2026-04-27,2026-05-03,青岛,全部,13549,254722,4222,224863,0.7174,378.77,271.729598,酒店之家
2026W18,2026,18,2026-04-27,2026-05-03,青岛,经济型,12526,150399,3349,121890,0.7047,290.05,204.398235,酒店之家
2026W18,2026,18,2026-04-27,2026-05-03,青岛,豪华型,77,22798,77,22798,0.1364,875.81,119.460484,酒店之家
2026W18,2026,18,2026-04-27,2026-05-03,青岛,高档型,261,33643,245,33460,0.9163,553.75,507.401125,酒店之家
2026W19,2026,19,2026-05-04,2026-05-10,上海,中档型,1547,125575,1238,122929,0.5688,300.62,170.992656,酒店之家
2026W19,2026,19,2026-05-04,2026-05-10,上海,全部,14674,547735,6897,518212,0.6322,306.88,194.009536,酒店之家
2026W19,2026,19,2026-05-04,2026-05-10,上海,经济型,12039,227650,4613,201155,0.6549,193.3,126.59217,酒店之家
2026W19,2026,19,2026-05-04,2026-05-10,上海,豪华型,299,82884,295,82856,0.367,950.44,348.81148,酒店之家
2026W19,2026,19,2026-05-04,2026-05-10,上海,高档型,789,111626,751,111272,0.7093,457.61,324.582773,酒店之家
2026W19,2026,19,2026-05-04,2026-05-10,东莞,中档型,401,39327,399,39309,0.5271,194.94,102.752874,酒店之家
2026W19,2026,19,2026-05-04,2026-05-10,东莞,全部,6072,229382,4227,217065,0.5647,141.81,80.080107,酒店之家
2026W19,2026,19,2026-05-04,2026-05-10,东莞,经济型,5471,149334,3629,137044,0.5717,112.46,64.293382,酒店之家
2026W19,2026,19,2026-05-04,2026-05-10,东莞,豪华型,37,11593,37,11593,0.72,583.73,420.2856,酒店之家
2026W19,2026,19,2026-05-04,2026-05-10,东莞,高档型,163,29128,162,29119,,281.59,,酒店之家
2026W19,2026,19,2026-05-04,2026-05-10,佛山,中档型,431,36818,394,36521,0.5145,213.05,109.614225,酒店之家
2026W19,2026,19,2026-05-04,2026-05-10,佛山,全部,6321,179978,3265,164866,0.524,173.84,91.09216,酒店之家
2026W19,2026,19,2026-05-04,2026-05-10,佛山,经济型,5664,106070,2648,91281,0.5304,123.19,65.339976,酒店之家
2026W19,2026,19,2026-05-04,2026-05-10,佛山,豪华型,42,11166,42,11166,0.1034,541.72,56.013848,酒店之家
2026W19,2026,19,2026-05-04,2026-05-10,佛山,高档型,184,25924,181,25898,0.2982,322.24,96.091968,酒店之家
2026W19,2026,19,2026-05-04,2026-05-10,全国,中档型,73866,4604849,59032,4469481,0.4879,224.09,109.333511,酒店之家
2026W19,2026,19,2026-05-04,2026-05-10,全国,全部,944555,22866191,418002,20384191,0.5033,201.11,101.218663,酒店之家
2026W19,2026,19,2026-05-04,2026-05-10,全国,经济型,835415,13495586,326421,11176434,0.5148,142.02,73.111896,酒店之家
2026W19,2026,19,2026-05-04,2026-05-10,全国,豪华型,6532,1524433,6344,1522438,0.4061,681.94,276.935834,酒店之家
2026W19,2026,19,2026-05-04,2026-05-10,全国,高档型,28742,3241323,26205,3215838,0.4386,329.84,144.667824,酒店之家
2026W19,2026,19,2026-05-04,2026-05-10,北京,中档型,2346,157993,1746,153502,0.5869,343.98,201.881862,酒店之家
2026W19,2026,19,2026-05-04,2026-05-10,北京,全部,18308,588080,7204,544396,0.577,323.58,186.70566,酒店之家
2026W19,2026,19,2026-05-04,2026-05-10,北京,经济型,15033,259359,4571,220521,0.569,223.71,127.29099,酒店之家
2026W19,2026,19,2026-05-04,2026-05-10,北京,豪华型,194,58177,190,58133,0.3961,998.39,395.462279,酒店之家
2026W19,2026,19,2026-05-04,2026-05-10,北京,高档型,735,112551,697,112240,0.6263,512.64,321.066432,酒店之家
2026W19,2026,19,2026-05-04,2026-05-10,南京,中档型,772,59036,681,58182,0.5526,245.69,135.768294,酒店之家
2026W19,2026,19,2026-05-04,2026-05-10,南京,全部,8877,262299,4217,243613,0.5414,222.17,120.282838,酒店之家
2026W19,2026,19,2026-05-04,2026-05-10,南京,经济型,7620,130528,3075,112932,0.5356,152.86,81.871816,酒店之家
2026W19,2026,19,2026-05-04,2026-05-10,南京,豪华型,117,28668,115,28647,0.2,659.92,131.984,酒店之家
2026W19,2026,19,2026-05-04,2026-05-10,南京,高档型,368,44067,346,43852,,355.46,,酒店之家
2026W19,2026,19,2026-05-04,2026-05-10,合肥,中档型,459,40791,451,40713,0.3532,216.14,76.340648,酒店之家
2026W19,2026,19,2026-05-04,2026-05-10,合肥,全部,5501,187022,3240,173170,0.6349,184.94,117.418406,酒店之家
2026W19,2026,19,2026-05-04,2026-05-10,合肥,经济型,4812,104547,2563,90812,0.6433,134.56,86.562448,酒店之家
2026W19,2026,19,2026-05-04,2026-05-10,合肥,豪华型,60,17467,59,17454,0.6353,474.71,301.583263,酒店之家
2026W19,2026,19,2026-05-04,2026-05-10,合肥,高档型,170,24217,167,24191,,309.81,,酒店之家
2026W19,2026,19,2026-05-04,2026-05-10,天津,中档型,605,45980,510,45197,0.5119,238.84,122.262196,酒店之家
2026W19,2026,19,2026-05-04,2026-05-10,天津,全部,9512,194258,2952,169378,0.5203,210.54,109.543962,酒店之家
2026W19,2026,19,2026-05-04,2026-05-10,天津,经济型,8688,112920,2224,88837,0.5284,156.3,82.58892,酒店之家
2026W19,2026,19,2026-05-04,2026-05-10,天津,豪华型,43,12101,43,12101,0.1038,741.22,76.938636,酒店之家
2026W19,2026,19,2026-05-04,2026-05-10,天津,高档型,176,23257,175,23243,0.0043,348.1,1.49683,酒店之家
2026W19,2026,19,2026-05-04,2026-05-10,广州,中档型,1084,93188,1007,92493,0.5599,270.53,151.469747,酒店之家
2026W19,2026,19,2026-05-04,2026-05-10,广州,全部,14867,490459,8288,463140,0.5983,241.81,144.674923,酒店之家
2026W19,2026,19,2026-05-04,2026-05-10,广州,经济型,13007,266880,6516,240377,0.6247,160.09,100.008223,酒店之家
2026W19,2026,19,2026-05-04,2026-05-10,广州,豪华型,144,44437,144,44437,0.4576,917.93,420.044768,酒店之家
2026W19,2026,19,2026-05-04,2026-05-10,广州,高档型,632,85954,621,85833,0.605,395.22,239.1081,酒店之家
2026W19,2026,19,2026-05-04,2026-05-10,成都,中档型,2139,125671,1801,122532,0.5222,224.66,117.317452,酒店之家
2026W19,2026,19,2026-05-04,2026-05-10,成都,全部,24492,570277,10543,511637,0.5561,197.86,110.029946,酒店之家
2026W19,2026,19,2026-05-04,2026-05-10,成都,经济型,21154,287048,7611,232215,0.5855,133.12,77.94176,酒店之家
2026W19,2026,19,2026-05-04,2026-05-10,成都,豪华型,234,51411,224,51288,0.6875,598.79,411.668125,酒店之家
2026W19,2026,19,2026-05-04,2026-05-10,成都,高档型,965,106147,907,105602,0.2516,308.5,77.6186,酒店之家
2026W19,2026,19,2026-05-04,2026-05-10,昆明,中档型,738,53029,648,52225,0.5228,209.9,109.73572,酒店之家
2026W19,2026,19,2026-05-04,2026-05-10,昆明,全部,14366,290140,6005,260806,0.5284,178.36,94.245424,酒店之家
2026W19,2026,19,2026-05-04,2026-05-10,昆明,经济型,13242,177280,4986,148907,0.533,133.94,71.39002,酒店之家
2026W19,2026,19,2026-05-04,2026-05-10,昆明,豪华型,70,17922,66,17882,0.6111,634.5,387.74295,酒店之家
2026W19,2026,19,2026-05-04,2026-05-10,昆明,高档型,316,41909,305,41792,0.4577,302.23,138.330671,酒店之家
2026W19,2026,19,2026-05-04,2026-05-10,杭州,中档型,1770,87029,1027,80920,0.5586,269.84,150.732624,酒店之家
2026W19,2026,19,2026-05-04,2026-05-10,杭州,全部,14426,418933,6215,377532,0.5654,258.07,145.912778,酒店之家
2026W19,2026,19,2026-05-04,2026-05-10,杭州,经济型,11639,192261,4267,157843,0.5721,163.17,93.349557,酒店之家
2026W19,2026,19,2026-05-04,2026-05-10,杭州,豪华型,254,51242,248,51177,0.3631,814.19,295.632389,酒店之家
2026W19,2026,19,2026-05-04,2026-05-10,杭州,高档型,763,88401,673,87592,0.6373,370.92,236.387316,酒店之家
2026W19,2026,19,2026-05-04,2026-05-10,武汉,中档型,811,67197,772,66841,0.6053,229.81,139.103993,酒店之家
2026W19,2026,19,2026-05-04,2026-05-10,武汉,全部,10531,298660,5096,271349,0.5591,208.6,116.62826,酒店之家
2026W19,2026,19,2026-05-04,2026-05-10,武汉,经济型,9277,158306,3887,131406,0.5397,147.2,79.44384,酒店之家
2026W19,2026,19,2026-05-04,2026-05-10,武汉,豪华型,78,20877,78,20877,0.7028,595.14,418.264392,酒店之家
2026W19,2026,19,2026-05-04,2026-05-10,武汉,高档型,365,52280,359,52225,0.1359,343.55,46.688445,酒店之家
2026W19,2026,19,2026-05-04,2026-05-10,沈阳,中档型,277,25262,272,25216,0.4482,236.35,105.93207,酒店之家
2026W19,2026,19,2026-05-04,2026-05-10,沈阳,全部,6628,135890,2317,118696,0.5824,202.39,117.871936,酒店之家
2026W19,2026,19,2026-05-04,2026-05-10,沈阳,经济型,6182,80140,1876,62992,0.6129,148.36,90.929844,酒店之家
2026W19,2026,19,2026-05-04,2026-05-10,沈阳,豪华型,31,9957,31,9957,0.408,672.85,274.5228,酒店之家
2026W19,2026,19,2026-05-04,2026-05-10,沈阳,高档型,138,20531,138,20531,,338.8,,酒店之家
2026W19,2026,19,2026-05-04,2026-05-10,深圳,中档型,1018,88387,906,87382,0.547,261.17,142.85999,酒店之家
2026W19,2026,19,2026-05-04,2026-05-10,深圳,全部,11686,403925,6482,379908,0.5849,239.47,140.066003,酒店之家
2026W19,2026,19,2026-05-04,2026-05-10,深圳,经济型,10054,211246,4981,188424,0.5989,152.54,91.356206,酒店之家
2026W19,2026,19,2026-05-04,2026-05-10,深圳,豪华型,128,33304,126,33288,0.4384,978.69,429.057696,酒店之家
2026W19,2026,19,2026-05-04,2026-05-10,深圳,高档型,486,70988,469,70814,0.2688,420.62,113.062656,酒店之家
2026W19,2026,19,2026-05-04,2026-05-10,苏州,中档型,910,48871,569,46050,0.5388,263,141.7044,酒店之家
2026W19,2026,19,2026-05-04,2026-05-10,苏州,全部,10541,284485,4393,256520,0.5614,235.47,132.192858,酒店之家
2026W19,2026,19,2026-05-04,2026-05-10,苏州,经济型,9037,149002,3284,124377,0.5762,154.91,89.259142,酒店之家
2026W19,2026,19,2026-05-04,2026-05-10,苏州,豪华型,163,38499,157,38433,0.5206,751.05,390.99663,酒店之家
2026W19,2026,19,2026-05-04,2026-05-10,苏州,高档型,431,48113,383,47660,0.5218,366.16,191.062288,酒店之家
2026W19,2026,19,2026-05-04,2026-05-10,西安,中档型,1049,81690,943,80744,0.5905,209.23,123.550315,酒店之家
2026W19,2026,19,2026-05-04,2026-05-10,西安,全部,15011,381659,6849,343061,0.5857,195.94,114.762058,酒店之家
2026W19,2026,19,2026-05-04,2026-05-10,西安,经济型,13349,208824,5305,171280,0.5852,137,80.1724,酒店之家
2026W19,2026,19,2026-05-04,2026-05-10,西安,豪华型,107,27207,107,27207,0.495,616.77,305.30115,酒店之家
2026W19,2026,19,2026-05-04,2026-05-10,西安,高档型,506,63938,494,63830,0.1429,284.72,40.686488,酒店之家
2026W19,2026,19,2026-05-04,2026-05-10,郑州,中档型,664,54976,632,54682,0.6024,228.77,137.811048,酒店之家
2026W19,2026,19,2026-05-04,2026-05-10,郑州,全部,8485,270492,5310,253319,0.5873,188.07,110.453511,酒店之家
2026W19,2026,19,2026-05-04,2026-05-10,郑州,经济型,7521,168547,4386,151747,0.5804,133.4,77.42536,酒店之家
2026W19,2026,19,2026-05-04,2026-05-10,郑州,豪华型,42,12154,42,12154,0.3383,622.8,210.69324,酒店之家
2026W19,2026,19,2026-05-04,2026-05-10,郑州,高档型,258,34815,250,34736,0.6103,322.56,196.858368,酒店之家
2026W19,2026,19,2026-05-04,2026-05-10,重庆,中档型,1634,96473,1466,94914,0.609,214.72,130.76448,酒店之家
2026W19,2026,19,2026-05-04,2026-05-10,重庆,全部,23159,516648,10990,455621,0.5777,189.01,109.191077,酒店之家
2026W19,2026,19,2026-05-04,2026-05-10,重庆,经济型,20651,308896,8702,249920,0.5605,134.74,75.52177,酒店之家
2026W19,2026,19,2026-05-04,2026-05-10,重庆,豪华型,136,31328,136,31328,0.0972,571.19,55.519668,酒店之家
2026W19,2026,19,2026-05-04,2026-05-10,重庆,高档型,738,79951,686,79459,0.6584,307.09,202.188056,酒店之家
2026W19,2026,19,2026-05-04,2026-05-10,长沙,中档型,822,64107,791,63810,0.6171,216.25,133.447875,酒店之家
2026W19,2026,19,2026-05-04,2026-05-10,长沙,全部,12484,312072,6188,281988,0.6135,200.72,123.14172,酒店之家
2026W19,2026,19,2026-05-04,2026-05-10,长沙,经济型,11187,174402,4930,144709,0.6039,141.85,85.663215,酒店之家
2026W19,2026,19,2026-05-04,2026-05-10,长沙,豪华型,92,23524,91,23510,0.8155,582.01,474.629155,酒店之家
2026W19,2026,19,2026-05-04,2026-05-10,长沙,高档型,383,50039,376,49959,0.6432,302.94,194.851008,酒店之家
2026W19,2026,19,2026-05-04,2026-05-10,青岛,中档型,686,48053,553,46899,0.5913,244.29,144.448677,酒店之家
2026W19,2026,19,2026-05-04,2026-05-10,青岛,全部,13735,254715,4204,224541,0.5847,229.48,134.176956,酒店之家
2026W19,2026,19,2026-05-04,2026-05-10,青岛,经济型,12711,150291,3329,121454,0.5807,161.64,93.864348,酒店之家
2026W19,2026,19,2026-05-04,2026-05-10,青岛,豪华型,77,22798,77,22798,0.2167,622.04,134.796068,酒店之家
2026W19,2026,19,2026-05-04,2026-05-10,青岛,高档型,261,33573,245,33390,0.7301,378.6,276.41586,酒店之家
2026W20,2026,20,2026-05-11,2026-05-17,上海,中档型,1549,125124,1239,122470,0.7042,345.96,243.625032,酒店之家
2026W20,2026,20,2026-05-11,2026-05-17,上海,全部,14818,548350,6904,518596,0.7475,340.07,254.202325,酒店之家
2026W20,2026,20,2026-05-11,2026-05-17,上海,经济型,12179,228118,4616,201388,0.7673,213.13,163.534649,酒店之家
2026W20,2026,20,2026-05-11,2026-05-17,上海,豪华型,299,82885,295,82857,0.5492,1041.42,571.947864,酒店之家
2026W20,2026,20,2026-05-11,2026-05-17,上海,高档型,791,112223,754,111881,0.7466,507.81,379.130946,酒店之家
2026W20,2026,20,2026-05-11,2026-05-17,东莞,中档型,403,39622,401,39604,0.6677,201.2,134.34124,酒店之家
2026W20,2026,20,2026-05-11,2026-05-17,东莞,全部,6116,229889,4230,217366,0.65,145.21,94.3865,酒店之家
2026W20,2026,20,2026-05-11,2026-05-17,东莞,经济型,5513,149546,3630,137050,0.646,113.41,73.26286,酒店之家
2026W20,2026,20,2026-05-11,2026-05-17,东莞,豪华型,37,11593,37,11593,0.6309,558.91,352.616319,酒店之家
2026W20,2026,20,2026-05-11,2026-05-17,东莞,高档型,163,29128,162,29119,,289.51,,酒店之家
2026W20,2026,20,2026-05-11,2026-05-17,佛山,中档型,432,36882,395,36585,0.6212,211.57,131.427284,酒店之家
2026W20,2026,20,2026-05-11,2026-05-17,佛山,全部,6358,180452,3273,165268,0.6066,171.78,104.201748,酒店之家
2026W20,2026,20,2026-05-11,2026-05-17,佛山,经济型,5701,106512,2656,91651,0.6097,121.91,74.328527,酒店之家
2026W20,2026,20,2026-05-11,2026-05-17,佛山,豪华型,42,11155,42,11155,0.2348,546.24,128.257152,酒店之家
2026W20,2026,20,2026-05-11,2026-05-17,佛山,高档型,183,25903,180,25877,0.3029,322.25,97.609525,酒店之家
2026W20,2026,20,2026-05-11,2026-05-17,全国,中档型,74095,4616063,59219,4480236,0.5885,225.31,132.594935,酒店之家
2026W20,2026,20,2026-05-11,2026-05-17,全国,全部,954174,22931388,419205,20432572,0.5815,199.4,115.9511,酒店之家
2026W20,2026,20,2026-05-11,2026-05-17,全国,经济型,844739,13542260,327371,11206743,0.5828,140.47,81.865916,酒店之家
2026W20,2026,20,2026-05-11,2026-05-17,全国,豪华型,6540,1525790,6351,1523784,0.4576,672.98,307.955648,酒店之家
2026W20,2026,20,2026-05-11,2026-05-17,全国,高档型,28800,3247275,26264,3221809,0.5254,331.73,174.290942,酒店之家
2026W20,2026,20,2026-05-11,2026-05-17,北京,中档型,2352,158050,1751,153559,0.774,385.97,298.74078,酒店之家
2026W20,2026,20,2026-05-11,2026-05-17,北京,全部,18454,590286,7243,546446,0.7396,353.91,261.751836,酒店之家
2026W20,2026,20,2026-05-11,2026-05-17,北京,经济型,15174,261354,4606,222357,0.716,245.77,175.97132,酒店之家
2026W20,2026,20,2026-05-11,2026-05-17,北京,豪华型,194,58191,190,58147,0.3325,1091.94,363.07005,酒店之家
2026W20,2026,20,2026-05-11,2026-05-17,北京,高档型,734,112691,696,112383,0.7798,548.16,427.455168,酒店之家
2026W20,2026,20,2026-05-11,2026-05-17,南京,中档型,775,59229,684,58375,0.657,254.9,167.4693,酒店之家
2026W20,2026,20,2026-05-11,2026-05-17,南京,全部,8972,262849,4229,243953,0.6238,229.23,142.993674,酒店之家
2026W20,2026,20,2026-05-11,2026-05-17,南京,经济型,7713,130902,3084,113086,0.5874,157.4,92.45676,酒店之家
2026W20,2026,20,2026-05-11,2026-05-17,南京,豪华型,117,28664,115,28643,0.4962,662.54,328.752348,酒店之家
2026W20,2026,20,2026-05-11,2026-05-17,南京,高档型,367,44054,346,43849,,370.12,,酒店之家
2026W20,2026,20,2026-05-11,2026-05-17,合肥,中档型,459,40787,451,40709,0.4125,219.76,90.651,酒店之家
2026W20,2026,20,2026-05-11,2026-05-17,合肥,全部,5548,187481,3249,173552,0.6786,186.9,126.83034,酒店之家
2026W20,2026,20,2026-05-11,2026-05-17,合肥,经济型,4859,104965,2571,91140,0.6963,135.93,94.648059,酒店之家
2026W20,2026,20,2026-05-11,2026-05-17,合肥,豪华型,60,17512,60,17512,0.5149,488.18,251.363882,酒店之家
2026W20,2026,20,2026-05-11,2026-05-17,合肥,高档型,170,24217,167,24191,,316.77,,酒店之家
2026W20,2026,20,2026-05-11,2026-05-17,天津,中档型,605,45949,509,45159,0.6007,232.67,139.764869,酒店之家
2026W20,2026,20,2026-05-11,2026-05-17,天津,全部,9602,194367,2948,169301,0.6051,200.16,121.116816,酒店之家
2026W20,2026,20,2026-05-11,2026-05-17,天津,经济型,8778,113022,2221,88760,0.6136,145.87,89.505832,酒店之家
2026W20,2026,20,2026-05-11,2026-05-17,天津,豪华型,43,12101,43,12101,0.0481,714.66,34.375146,酒店之家
2026W20,2026,20,2026-05-11,2026-05-17,天津,高档型,176,23295,175,23281,,340.89,,酒店之家
2026W20,2026,20,2026-05-11,2026-05-17,广州,中档型,1090,93420,1012,92713,0.6521,264.3,172.35003,酒店之家
2026W20,2026,20,2026-05-11,2026-05-17,广州,全部,14980,491133,8303,463585,0.6742,233.86,157.668412,酒店之家
2026W20,2026,20,2026-05-11,2026-05-17,广州,经济型,13116,267447,6528,240719,0.6917,157.9,109.21943,酒店之家
2026W20,2026,20,2026-05-11,2026-05-17,广州,豪华型,144,44437,144,44437,0.5251,838.99,440.553649,酒店之家
2026W20,2026,20,2026-05-11,2026-05-17,广州,高档型,630,85829,619,85716,0.6889,386.17,266.032513,酒店之家
2026W20,2026,20,2026-05-11,2026-05-17,成都,中档型,2149,125820,1808,122652,0.6339,223.9,141.93021,酒店之家
2026W20,2026,20,2026-05-11,2026-05-17,成都,全部,24726,571414,10567,512304,0.6407,196.7,126.02569,酒店之家
2026W20,2026,20,2026-05-11,2026-05-17,成都,经济型,21377,288106,7627,232832,0.6564,130.31,85.535484,酒店之家
2026W20,2026,20,2026-05-11,2026-05-17,成都,豪华型,234,51371,224,51248,0.5644,598.87,338.002228,酒店之家
2026W20,2026,20,2026-05-11,2026-05-17,成都,高档型,966,106117,908,105572,0.3992,314.42,125.516464,酒店之家
2026W20,2026,20,2026-05-11,2026-05-17,昆明,中档型,743,53362,653,52558,0.6226,205.11,127.701486,酒店之家
2026W20,2026,20,2026-05-11,2026-05-17,昆明,全部,14489,290422,6006,260915,0.6243,171.22,106.892646,酒店之家
2026W20,2026,20,2026-05-11,2026-05-17,昆明,经济型,13360,177229,4982,148683,0.6291,125.52,78.964632,酒店之家
2026W20,2026,20,2026-05-11,2026-05-17,昆明,豪华型,70,17922,66,17882,0.6227,591.91,368.582357,酒店之家
2026W20,2026,20,2026-05-11,2026-05-17,昆明,高档型,316,41909,305,41792,0.5055,296.36,149.80998,酒店之家
2026W20,2026,20,2026-05-11,2026-05-17,杭州,中档型,1772,86878,1028,80748,0.7229,291.34,210.609686,酒店之家
2026W20,2026,20,2026-05-11,2026-05-17,杭州,全部,14538,419539,6221,377944,0.7286,273.05,198.94423,酒店之家
2026W20,2026,20,2026-05-11,2026-05-17,杭州,经济型,11749,192836,4272,158245,0.7389,169.56,125.287884,酒店之家
2026W20,2026,20,2026-05-11,2026-05-17,杭州,豪华型,255,51530,249,51465,0.49,848.04,415.5396,酒店之家
2026W20,2026,20,2026-05-11,2026-05-17,杭州,高档型,762,88295,672,87486,0.6712,400.56,268.855872,酒店之家
2026W20,2026,20,2026-05-11,2026-05-17,武汉,中档型,810,67095,771,66739,0.6628,226.7,150.25676,酒店之家
2026W20,2026,20,2026-05-11,2026-05-17,武汉,全部,10598,299647,5123,272249,0.6108,203.37,124.218396,酒店之家
2026W20,2026,20,2026-05-11,2026-05-17,武汉,经济型,9343,159033,3913,132046,0.5873,142.6,83.74898,酒店之家
2026W20,2026,20,2026-05-11,2026-05-17,武汉,豪华型,78,21048,78,21048,0.7504,566.3,424.95152,酒店之家
2026W20,2026,20,2026-05-11,2026-05-17,武汉,高档型,367,52471,361,52416,0.2971,342.41,101.730011,酒店之家
2026W20,2026,20,2026-05-11,2026-05-17,沈阳,中档型,276,25204,271,25158,0.7069,230.76,163.124244,酒店之家
2026W20,2026,20,2026-05-11,2026-05-17,沈阳,全部,6693,136062,2323,118788,0.6667,194.06,129.379802,酒店之家
2026W20,2026,20,2026-05-11,2026-05-17,沈阳,经济型,6248,80370,1883,63142,0.6662,139.47,92.914914,酒店之家
2026W20,2026,20,2026-05-11,2026-05-17,沈阳,豪华型,31,9957,31,9957,0.412,664.34,273.70808,酒店之家
2026W20,2026,20,2026-05-11,2026-05-17,沈阳,高档型,138,20531,138,20531,,327.32,,酒店之家
2026W20,2026,20,2026-05-11,2026-05-17,深圳,中档型,1020,88500,907,87481,0.7088,288.13,204.226544,酒店之家
2026W20,2026,20,2026-05-11,2026-05-17,深圳,全部,11798,406017,6513,381708,0.7206,253.97,183.010782,酒店之家
2026W20,2026,20,2026-05-11,2026-05-17,深圳,经济型,10158,212307,5006,189219,0.7263,160.21,116.360523,酒店之家
2026W20,2026,20,2026-05-11,2026-05-17,深圳,豪华型,128,33304,126,33288,0.7143,1026.91,733.521813,酒店之家
2026W20,2026,20,2026-05-11,2026-05-17,深圳,高档型,492,71906,474,71720,0.3244,463.42,150.333448,酒店之家
2026W20,2026,20,2026-05-11,2026-05-17,苏州,中档型,915,49025,571,46172,0.6897,279.54,192.798738,酒店之家
2026W20,2026,20,2026-05-11,2026-05-17,苏州,全部,10637,285443,4412,257356,0.6835,244.56,167.15676,酒店之家
2026W20,2026,20,2026-05-11,2026-05-17,苏州,经济型,9128,149975,3302,125271,0.6813,161.48,110.016324,酒店之家
2026W20,2026,20,2026-05-11,2026-05-17,苏州,豪华型,163,38499,157,38433,0.5437,742.14,403.501518,酒店之家
2026W20,2026,20,2026-05-11,2026-05-17,苏州,高档型,431,47944,382,47480,0.7228,382.57,276.521596,酒店之家
2026W20,2026,20,2026-05-11,2026-05-17,西安,中档型,1051,81751,945,80805,0.7371,209.67,154.547757,酒店之家
2026W20,2026,20,2026-05-11,2026-05-17,西安,全部,15088,382514,6890,343849,0.7003,198.23,138.820469,酒店之家
2026W20,2026,20,2026-05-11,2026-05-17,西安,经济型,13425,209796,5344,172184,0.6775,134.3,90.98825,酒店之家
2026W20,2026,20,2026-05-11,2026-05-17,西安,豪华型,107,27207,107,27207,0.67,637.8,427.326,酒店之家
2026W20,2026,20,2026-05-11,2026-05-17,西安,高档型,505,63760,494,63653,0.1429,296.25,42.334125,酒店之家
2026W20,2026,20,2026-05-11,2026-05-17,郑州,中档型,666,55129,634,54835,0.6469,221.16,143.068404,酒店之家
2026W20,2026,20,2026-05-11,2026-05-17,郑州,全部,8549,270315,5315,253106,0.617,177.96,109.80132,酒店之家
2026W20,2026,20,2026-05-11,2026-05-17,郑州,经济型,7581,168215,4387,151379,0.602,126.7,76.2734,酒店之家
2026W20,2026,20,2026-05-11,2026-05-17,郑州,豪华型,42,12154,42,12154,0.301,574.13,172.81313,酒店之家
2026W20,2026,20,2026-05-11,2026-05-17,郑州,高档型,260,34817,252,34738,0.6429,314.88,202.436352,酒店之家
2026W20,2026,20,2026-05-11,2026-05-17,重庆,中档型,1645,96613,1475,95023,0.7121,208.29,148.323309,酒店之家
2026W20,2026,20,2026-05-11,2026-05-17,重庆,全部,23346,518262,11036,456892,0.6421,182.38,117.106198,酒店之家
2026W20,2026,20,2026-05-11,2026-05-17,重庆,经济型,20824,310106,8736,250818,0.6045,127.88,77.30346,酒店之家
2026W20,2026,20,2026-05-11,2026-05-17,重庆,豪华型,137,31432,137,31432,,569.83,,酒店之家
2026W20,2026,20,2026-05-11,2026-05-17,重庆,高档型,740,80111,688,79619,0.7667,310.46,238.029682,酒店之家
2026W20,2026,20,2026-05-11,2026-05-17,长沙,中档型,826,64227,795,63930,0.7173,212.89,152.705997,酒店之家
2026W20,2026,20,2026-05-11,2026-05-17,长沙,全部,12592,312943,6211,282801,0.6928,198.8,137.72864,酒店之家
2026W20,2026,20,2026-05-11,2026-05-17,长沙,经济型,11291,175092,4948,145329,0.6588,137.51,90.591588,酒店之家
2026W20,2026,20,2026-05-11,2026-05-17,长沙,豪华型,92,23524,91,23510,0.855,604.46,516.8133,酒店之家
2026W20,2026,20,2026-05-11,2026-05-17,长沙,高档型,383,50100,377,50032,0.8449,303.62,256.528538,酒店之家
2026W20,2026,20,2026-05-11,2026-05-17,青岛,中档型,692,48497,561,47369,0.7268,253.66,184.360088,酒店之家
2026W20,2026,20,2026-05-11,2026-05-17,青岛,全部,13977,256323,4234,225735,0.6484,232.8,150.94752,酒店之家
2026W20,2026,20,2026-05-11,2026-05-17,青岛,经济型,12947,151448,3351,122171,0.6303,161.17,101.585451,酒店之家
2026W20,2026,20,2026-05-11,2026-05-17,青岛,豪华型,77,22798,77,22798,,668.92,,酒店之家
2026W20,2026,20,2026-05-11,2026-05-17,青岛,高档型,261,33580,245,33397,0.8336,389.41,324.612176,酒店之家
2026W21,2026,21,2026-05-18,2026-05-24,上海,中档型,1555,125394,1243,122729,0.6895,334.94,230.94113,酒店之家
2026W21,2026,21,2026-05-18,2026-05-24,上海,全部,15127,549594,6926,519407,0.7341,331.85,243.611085,酒店之家
2026W21,2026,21,2026-05-18,2026-05-24,上海,经济型,12478,228725,4631,201585,0.7525,208.87,157.174675,酒店之家
2026W21,2026,21,2026-05-18,2026-05-24,上海,豪华型,300,83034,296,83006,0.5666,1034.92,586.385672,酒店之家
2026W21,2026,21,2026-05-18,2026-05-24,上海,高档型,794,112441,756,112087,0.7667,503.13,385.749771,酒店之家
2026W21,2026,21,2026-05-18,2026-05-24,东莞,中档型,403,39695,401,39677,0.6474,202.86,131.331564,酒店之家
2026W21,2026,21,2026-05-18,2026-05-24,东莞,全部,6167,230871,4258,218315,0.6558,146.86,96.310788,酒店之家
2026W21,2026,21,2026-05-18,2026-05-24,东莞,经济型,5565,150671,3659,138142,0.6567,114.72,75.336624,酒店之家
2026W21,2026,21,2026-05-18,2026-05-24,东莞,豪华型,37,11564,37,11564,0.6952,571.72,397.459744,酒店之家
2026W21,2026,21,2026-05-18,2026-05-24,东莞,高档型,162,28941,161,28932,0.744,289.72,215.55168,酒店之家
2026W21,2026,21,2026-05-18,2026-05-24,佛山,中档型,432,36810,395,36513,0.6317,212.42,134.185714,酒店之家
2026W21,2026,21,2026-05-18,2026-05-24,佛山,全部,6433,180742,3279,165480,0.6117,173.69,106.246173,酒店之家
2026W21,2026,21,2026-05-18,2026-05-24,佛山,经济型,5776,106874,2662,91935,0.6112,124.13,75.868256,酒店之家
2026W21,2026,21,2026-05-18,2026-05-24,佛山,豪华型,42,11155,42,11155,0.2385,535.79,127.785915,酒店之家
2026W21,2026,21,2026-05-18,2026-05-24,佛山,高档型,183,25903,180,25877,0.2883,323.24,93.190092,酒店之家
2026W21,2026,21,2026-05-18,2026-05-24,全国,中档型,74320,4625312,59397,4488976,0.5928,223.67,132.591576,酒店之家
2026W21,2026,21,2026-05-18,2026-05-24,全国,全部,967917,23017479,420895,20493199,0.5859,198.42,116.254278,酒店之家
2026W21,2026,21,2026-05-18,2026-05-24,全国,经济型,858164,13607400,328798,11247030,0.587,140.07,82.22109,酒店之家
2026W21,2026,21,2026-05-18,2026-05-24,全国,豪华型,6544,1525603,6352,1523565,0.4351,674.76,293.588076,酒店之家
2026W21,2026,21,2026-05-18,2026-05-24,全国,高档型,28889,3259164,26348,3233628,0.545,330.17,179.94265,酒店之家
2026W21,2026,21,2026-05-18,2026-05-24,北京,中档型,2360,158772,1759,154274,0.7386,367,271.0662,酒店之家
2026W21,2026,21,2026-05-18,2026-05-24,北京,全部,18612,592398,7270,548212,0.715,343.19,245.38085,酒店之家
2026W21,2026,21,2026-05-18,2026-05-24,北京,经济型,15320,262173,4621,222838,0.6998,239.24,167.420152,酒店之家
2026W21,2026,21,2026-05-18,2026-05-24,北京,豪华型,195,58232,191,58188,0.4067,1057.84,430.223528,酒店之家
2026W21,2026,21,2026-05-18,2026-05-24,北京,高档型,737,113221,699,112912,0.7275,541.19,393.715725,酒店之家
2026W21,2026,21,2026-05-18,2026-05-24,南京,中档型,775,59181,684,58330,0.6699,263.54,176.545446,酒店之家
2026W21,2026,21,2026-05-18,2026-05-24,南京,全部,9075,263265,4242,244189,0.6495,233.16,151.43742,酒店之家
2026W21,2026,21,2026-05-18,2026-05-24,南京,经济型,7815,131358,3097,113369,0.6338,160.03,101.427014,酒店之家
2026W21,2026,21,2026-05-18,2026-05-24,南京,豪华型,117,28663,115,28642,0.3689,655.69,241.884041,酒店之家
2026W21,2026,21,2026-05-18,2026-05-24,南京,高档型,368,44063,346,43848,,378.59,,酒店之家
2026W21,2026,21,2026-05-18,2026-05-24,合肥,中档型,458,40579,449,40492,0.5776,218.7,126.32112,酒店之家
2026W21,2026,21,2026-05-18,2026-05-24,合肥,全部,5591,187508,3257,173487,0.6966,185.66,129.330756,酒店之家
2026W21,2026,21,2026-05-18,2026-05-24,合肥,经济型,4903,105200,2581,91292,0.6944,135.36,93.993984,酒店之家
2026W21,2026,21,2026-05-18,2026-05-24,合肥,豪华型,60,17512,60,17512,0.7492,502.22,376.263224,酒店之家
2026W21,2026,21,2026-05-18,2026-05-24,合肥,高档型,170,24217,167,24191,,315.91,,酒店之家
2026W21,2026,21,2026-05-18,2026-05-24,天津,中档型,606,45918,509,45116,0.6663,248.35,165.475605,酒店之家
2026W21,2026,21,2026-05-18,2026-05-24,天津,全部,9715,195837,2957,170501,0.6617,215.01,142.272117,酒店之家
2026W21,2026,21,2026-05-18,2026-05-24,天津,经济型,8890,113363,2230,88843,0.6634,158.24,104.976416,酒店之家
2026W21,2026,21,2026-05-18,2026-05-24,天津,豪华型,43,12101,43,12101,0.0612,741.19,45.360828,酒店之家
2026W21,2026,21,2026-05-18,2026-05-24,天津,高档型,176,24455,175,24441,,356.92,,酒店之家
2026W21,2026,21,2026-05-18,2026-05-24,广州,中档型,1089,92788,1010,92067,0.639,264.8,169.2072,酒店之家
2026W21,2026,21,2026-05-18,2026-05-24,广州,全部,15183,492932,8318,464739,0.6677,236.71,158.051267,酒店之家
2026W21,2026,21,2026-05-18,2026-05-24,广州,经济型,13314,268766,6539,241407,0.6854,158.74,108.800396,酒店之家
2026W21,2026,21,2026-05-18,2026-05-24,广州,豪华型,144,44497,144,44497,0.5732,887.09,508.479988,酒店之家
2026W21,2026,21,2026-05-18,2026-05-24,广州,高档型,636,86881,625,86768,0.6959,390.46,271.721114,酒店之家
2026W21,2026,21,2026-05-18,2026-05-24,成都,中档型,2153,125823,1812,122655,0.6278,224.06,140.664868,酒店之家
2026W21,2026,21,2026-05-18,2026-05-24,成都,全部,25056,573254,10627,513492,0.6413,197.39,126.586207,酒店之家
2026W21,2026,21,2026-05-18,2026-05-24,成都,经济型,21701,290118,7683,234208,0.6591,130.1,85.74891,酒店之家
2026W21,2026,21,2026-05-18,2026-05-24,成都,豪华型,234,51371,224,51248,0.4362,613.92,267.791904,酒店之家
2026W21,2026,21,2026-05-18,2026-05-24,成都,高档型,968,105942,908,105381,0.3554,313.73,111.499642,酒店之家
2026W21,2026,21,2026-05-18,2026-05-24,昆明,中档型,746,53542,656,52739,0.634,201.94,128.02996,酒店之家
2026W21,2026,21,2026-05-18,2026-05-24,昆明,全部,14685,291714,6035,261937,0.624,171.69,107.13456,酒店之家
2026W21,2026,21,2026-05-18,2026-05-24,昆明,经济型,13555,178535,5010,149718,0.6248,125.77,78.581096,酒店之家
2026W21,2026,21,2026-05-18,2026-05-24,昆明,豪华型,70,17922,66,17882,0.5889,614.75,362.026275,酒店之家
2026W21,2026,21,2026-05-18,2026-05-24,昆明,高档型,314,41715,303,41598,0.4211,297.45,125.256195,酒店之家
2026W21,2026,21,2026-05-18,2026-05-24,杭州,中档型,1780,87600,1033,81433,0.6847,281.07,192.448629,酒店之家
2026W21,2026,21,2026-05-18,2026-05-24,杭州,全部,14757,421320,6245,379356,0.6893,259.83,179.100819,酒店之家
2026W21,2026,21,2026-05-18,2026-05-24,杭州,经济型,11958,193590,4289,158667,0.6979,163.49,114.099671,酒店之家
2026W21,2026,21,2026-05-18,2026-05-24,杭州,豪华型,255,51530,249,51465,0.3875,823.39,319.063625,酒店之家
2026W21,2026,21,2026-05-18,2026-05-24,杭州,高档型,764,88600,674,87791,0.6226,382.59,238.200534,酒店之家
2026W21,2026,21,2026-05-18,2026-05-24,武汉,中档型,812,67320,774,66971,0.6399,220.76,141.264324,酒店之家
2026W21,2026,21,2026-05-18,2026-05-24,武汉,全部,10695,300387,5138,272814,0.6026,201.04,121.146704,酒店之家
2026W21,2026,21,2026-05-18,2026-05-24,武汉,经济型,9438,159572,3925,132403,0.5909,142.22,84.037798,酒店之家
2026W21,2026,21,2026-05-18,2026-05-24,武汉,豪华型,78,21048,78,21048,0.6441,587.74,378.563334,酒店之家
2026W21,2026,21,2026-05-18,2026-05-24,武汉,高档型,367,52447,361,52392,0.1017,334.15,33.983055,酒店之家
2026W21,2026,21,2026-05-18,2026-05-24,沈阳,中档型,275,25047,270,25001,0.5663,225.5,127.70065,酒店之家
2026W21,2026,21,2026-05-18,2026-05-24,沈阳,全部,6837,136749,2331,119277,0.6613,192.38,127.220894,酒店之家
2026W21,2026,21,2026-05-18,2026-05-24,沈阳,经济型,6390,80850,1889,63424,0.6825,139.98,95.53635,酒店之家
2026W21,2026,21,2026-05-18,2026-05-24,沈阳,豪华型,31,9957,31,9957,0.5205,655.76,341.32308,酒店之家
2026W21,2026,21,2026-05-18,2026-05-24,沈阳,高档型,141,20895,141,20895,,327.85,,酒店之家
2026W21,2026,21,2026-05-18,2026-05-24,深圳,中档型,1020,88651,909,87655,0.7467,297.09,221.837103,酒店之家
2026W21,2026,21,2026-05-18,2026-05-24,深圳,全部,12113,408376,6556,383453,0.7531,265.32,199.812492,酒店之家
2026W21,2026,21,2026-05-18,2026-05-24,深圳,经济型,10470,213953,5045,190241,0.758,167.24,126.76792,酒店之家
2026W21,2026,21,2026-05-18,2026-05-24,深圳,豪华型,128,33279,126,33263,0.3188,1082.31,345.040428,酒店之家
2026W21,2026,21,2026-05-18,2026-05-24,深圳,高档型,495,72493,476,72294,0.5523,468.31,258.647613,酒店之家
2026W21,2026,21,2026-05-18,2026-05-24,苏州,中档型,917,49035,571,46170,0.6772,264.29,178.977188,酒店之家
2026W21,2026,21,2026-05-18,2026-05-24,苏州,全部,10819,286219,4421,257817,0.6679,230.53,153.970987,酒店之家
2026W21,2026,21,2026-05-18,2026-05-24,苏州,经济型,9306,150484,3309,125477,0.6683,156.8,104.78944,酒店之家
2026W21,2026,21,2026-05-18,2026-05-24,苏州,豪华型,163,38499,157,38433,0.4905,718.15,352.252575,酒店之家
2026W21,2026,21,2026-05-18,2026-05-24,苏州,高档型,433,48201,384,47737,0.6184,362.54,224.194736,酒店之家
2026W21,2026,21,2026-05-18,2026-05-24,西安,中档型,1052,81539,944,80578,0.7261,203.94,148.080834,酒店之家
2026W21,2026,21,2026-05-18,2026-05-24,西安,全部,15266,383771,6915,344752,0.6997,193.51,135.398947,酒店之家
2026W21,2026,21,2026-05-18,2026-05-24,西安,经济型,13597,210614,5366,172673,0.6802,130.62,88.847724,酒店之家
2026W21,2026,21,2026-05-18,2026-05-24,西安,豪华型,108,27217,107,27207,0.7397,638.83,472.542551,酒店之家
2026W21,2026,21,2026-05-18,2026-05-24,西安,高档型,509,64401,498,64294,0.873,288.52,251.87796,酒店之家
2026W21,2026,21,2026-05-18,2026-05-24,郑州,中档型,670,55309,638,55015,0.639,219.7,140.3883,酒店之家
2026W21,2026,21,2026-05-18,2026-05-24,郑州,全部,8640,271899,5348,254578,0.5984,178.63,106.892192,酒店之家
2026W21,2026,21,2026-05-18,2026-05-24,郑州,经济型,7666,169407,4414,152459,0.5799,127.01,73.653099,酒店之家
2026W21,2026,21,2026-05-18,2026-05-24,郑州,豪华型,42,12154,42,12154,0.3348,600.4,201.01392,酒店之家
2026W21,2026,21,2026-05-18,2026-05-24,郑州,高档型,262,35029,254,34950,0.412,310.64,127.98368,酒店之家
2026W21,2026,21,2026-05-18,2026-05-24,重庆,中档型,1645,96397,1474,94797,0.6912,204.54,141.378048,酒店之家
2026W21,2026,21,2026-05-18,2026-05-24,重庆,全部,23692,520334,11077,458307,0.6368,179.07,114.031776,酒店之家
2026W21,2026,21,2026-05-18,2026-05-24,重庆,经济型,21169,312056,8777,252120,0.612,127.7,78.1524,酒店之家
2026W21,2026,21,2026-05-18,2026-05-24,重庆,豪华型,136,31336,136,31336,0.3897,560.43,218.399571,酒店之家
2026W21,2026,21,2026-05-18,2026-05-24,重庆,高档型,742,80545,690,80054,0.7697,306.1,235.60517,酒店之家
2026W21,2026,21,2026-05-18,2026-05-24,长沙,中档型,831,64543,799,64239,0.748,212.72,159.11456,酒店之家
2026W21,2026,21,2026-05-18,2026-05-24,长沙,全部,12728,313755,6233,283390,0.7143,199.7,142.64571,酒店之家
2026W21,2026,21,2026-05-18,2026-05-24,长沙,经济型,11422,175608,4966,145629,0.6748,137.09,92.508332,酒店之家
2026W21,2026,21,2026-05-18,2026-05-24,长沙,豪华型,92,23524,91,23510,0.9598,598.61,574.545878,酒店之家
2026W21,2026,21,2026-05-18,2026-05-24,长沙,高档型,383,50080,377,50012,0.8747,306.4,268.00808,酒店之家
2026W21,2026,21,2026-05-18,2026-05-24,青岛,中档型,695,48588,564,47454,0.6522,232.45,151.60389,酒店之家
2026W21,2026,21,2026-05-18,2026-05-24,青岛,全部,14285,257532,4262,226481,0.5895,216.45,127.597275,酒店之家
2026W21,2026,21,2026-05-18,2026-05-24,青岛,经济型,13252,152566,3376,122832,0.5701,144.19,82.202719,酒店之家
2026W21,2026,21,2026-05-18,2026-05-24,青岛,豪华型,77,22798,77,22798,,665.72,,酒店之家
2026W21,2026,21,2026-05-18,2026-05-24,青岛,高档型,261,33580,245,33397,0.8132,369.02,300.087064,酒店之家
2026W22,2026,22,2026-05-25,2026-05-31,上海,中档型,1551,125320,1241,122673,0.688,323.52,222.58176,酒店之家
2026W22,2026,22,2026-05-25,2026-05-31,上海,全部,15434,550598,6927,519969,0.6931,325.89,225.874359,酒店之家
2026W22,2026,22,2026-05-25,2026-05-31,上海,经济型,12790,229744,4636,202148,0.6988,199.21,139.207948,酒店之家
2026W22,2026,22,2026-05-25,2026-05-31,上海,豪华型,300,82930,296,82902,0.4601,1028.82,473.360082,酒店之家
2026W22,2026,22,2026-05-25,2026-05-31,上海,高档型,793,112604,754,112246,0.7255,493.52,358.04876,酒店之家
2026W22,2026,22,2026-05-25,2026-05-31,东莞,中档型,402,39704,400,39686,0.6135,198.92,122.03742,酒店之家
2026W22,2026,22,2026-05-25,2026-05-31,东莞,全部,6182,230906,4255,218374,0.6404,146.04,93.524016,酒店之家
2026W22,2026,22,2026-05-25,2026-05-31,东莞,经济型,5581,150697,3657,138192,0.6457,114.66,74.035962,酒店之家
2026W22,2026,22,2026-05-25,2026-05-31,东莞,豪华型,37,11564,37,11564,0.6984,602.47,420.765048,酒店之家
2026W22,2026,22,2026-05-25,2026-05-31,东莞,高档型,162,28941,161,28932,0.6167,288.45,177.887115,酒店之家
2026W22,2026,22,2026-05-25,2026-05-31,佛山,中档型,432,36734,394,36430,0.5892,211.2,124.43904,酒店之家
2026W22,2026,22,2026-05-25,2026-05-31,佛山,全部,6437,180833,3276,165618,0.5859,170.37,99.819783,酒店之家
2026W22,2026,22,2026-05-25,2026-05-31,佛山,经济型,5778,106745,2658,91860,0.5916,122.66,72.565656,酒店之家
2026W22,2026,22,2026-05-25,2026-05-31,佛山,豪华型,42,11155,42,11155,0.2831,530.24,150.110944,酒店之家
2026W22,2026,22,2026-05-25,2026-05-31,佛山,高档型,185,26199,182,26173,0.3606,317.96,114.656376,酒店之家
2026W22,2026,22,2026-05-25,2026-05-31,全国,中档型,74463,4631243,59509,4494668,0.5721,223.23,127.709883,酒店之家
2026W22,2026,22,2026-05-25,2026-05-31,全国,全部,977200,23030114,420653,20493761,0.5669,198.69,112.637361,酒店之家
2026W22,2026,22,2026-05-25,2026-05-31,全国,经济型,867199,13603908,328351,11231853,0.5689,139.66,79.452574,酒店之家
2026W22,2026,22,2026-05-25,2026-05-31,全国,豪华型,6555,1526772,6360,1524711,0.4249,675.18,286.883982,酒店之家
2026W22,2026,22,2026-05-25,2026-05-31,全国,高档型,28983,3268191,26433,3242529,0.5145,329.08,169.31166,酒店之家
2026W22,2026,22,2026-05-25,2026-05-31,北京,中档型,2362,159123,1760,154620,0.7448,367.36,273.609728,酒店之家
2026W22,2026,22,2026-05-25,2026-05-31,北京,全部,18777,591518,7236,547013,0.7037,342.65,241.122805,酒店之家
2026W22,2026,22,2026-05-25,2026-05-31,北京,经济型,15481,260970,4585,221334,0.6811,237.79,161.958769,酒店之家
2026W22,2026,22,2026-05-25,2026-05-31,北京,豪华型,194,57934,190,57890,0.2015,1036.3,208.81445,酒店之家
2026W22,2026,22,2026-05-25,2026-05-31,北京,高档型,740,113491,701,113169,0.7394,529.06,391.186964,酒店之家
2026W22,2026,22,2026-05-25,2026-05-31,南京,中档型,770,58674,678,57817,0.6599,261.41,172.504459,酒店之家
2026W22,2026,22,2026-05-25,2026-05-31,南京,全部,9080,262424,4228,243341,0.6326,230.34,145.713084,酒店之家
2026W22,2026,22,2026-05-25,2026-05-31,南京,经济型,7826,131199,3090,113209,0.6122,159.02,97.352044,酒店之家
2026W22,2026,22,2026-05-25,2026-05-31,南京,豪华型,117,28663,115,28642,0.2427,658.74,159.876198,酒店之家
2026W22,2026,22,2026-05-25,2026-05-31,南京,高档型,367,43888,345,43673,0.902,373.78,337.14956,酒店之家
2026W22,2026,22,2026-05-25,2026-05-31,合肥,中档型,459,40615,450,40528,0.4686,216.78,101.583108,酒店之家
2026W22,2026,22,2026-05-25,2026-05-31,合肥,全部,5607,187752,3263,173797,0.6641,188.46,125.156286,酒店之家
2026W22,2026,22,2026-05-25,2026-05-31,合肥,经济型,4917,105337,2585,91495,0.6767,135.19,91.483073,酒店之家
2026W22,2026,22,2026-05-25,2026-05-31,合肥,豪华型,60,17512,60,17512,0.5819,551.28,320.789832,酒店之家
2026W22,2026,22,2026-05-25,2026-05-31,合肥,高档型,171,24288,168,24262,,321.71,,酒店之家
2026W22,2026,22,2026-05-25,2026-05-31,天津,中档型,609,46097,511,45287,0.5996,238.62,143.076552,酒店之家
2026W22,2026,22,2026-05-25,2026-05-31,天津,全部,9775,196261,2960,170954,0.6199,204.84,126.980316,酒店之家
2026W22,2026,22,2026-05-25,2026-05-31,天津,经济型,8946,113289,2230,88806,0.6312,147.79,93.285048,酒店之家
2026W22,2026,22,2026-05-25,2026-05-31,天津,豪华型,43,12101,43,12101,0.1296,715.83,92.771568,酒店之家
2026W22,2026,22,2026-05-25,2026-05-31,天津,高档型,177,24774,176,24760,,349.21,,酒店之家
2026W22,2026,22,2026-05-25,2026-05-31,广州,中档型,1088,92671,1009,91950,0.638,259.85,165.7843,酒店之家
2026W22,2026,22,2026-05-25,2026-05-31,广州,全部,15407,492921,8302,464320,0.6553,234.72,153.812016,酒店之家
2026W22,2026,22,2026-05-25,2026-05-31,广州,经济型,13537,268578,6522,240811,0.6696,156.93,105.080328,酒店之家
2026W22,2026,22,2026-05-25,2026-05-31,广州,豪华型,144,44497,144,44497,0.5178,885.13,458.320314,酒店之家
2026W22,2026,22,2026-05-25,2026-05-31,广州,高档型,638,87175,627,87062,0.6722,388.73,261.304306,酒店之家
2026W22,2026,22,2026-05-25,2026-05-31,成都,中档型,2151,125935,1811,122778,0.6063,223.89,135.744507,酒店之家
2026W22,2026,22,2026-05-25,2026-05-31,成都,全部,25149,571823,10571,511944,0.6039,198.07,119.614473,酒店之家
2026W22,2026,22,2026-05-25,2026-05-31,成都,经济型,21797,288525,7628,232478,0.614,129.17,79.31038,酒店之家
2026W22,2026,22,2026-05-25,2026-05-31,成都,豪华型,234,51371,224,51248,0.2775,607.63,168.617325,酒店之家
2026W22,2026,22,2026-05-25,2026-05-31,成都,高档型,967,105992,908,105440,0.3704,312.74,115.838896,酒店之家
2026W22,2026,22,2026-05-25,2026-05-31,昆明,中档型,745,53468,655,52665,0.6251,199.33,124.601183,酒店之家
2026W22,2026,22,2026-05-25,2026-05-31,昆明,全部,14807,290924,6003,261045,0.5868,166.6,97.76088,酒店之家
2026W22,2026,22,2026-05-25,2026-05-31,昆明,经济型,13677,177613,4978,148694,0.5699,123.5,70.38265,酒店之家
2026W22,2026,22,2026-05-25,2026-05-31,昆明,豪华型,70,17922,66,17882,0.411,608.73,250.18803,酒店之家
2026W22,2026,22,2026-05-25,2026-05-31,昆明,高档型,315,41921,304,41804,0.6625,290.93,192.741125,酒店之家
2026W22,2026,22,2026-05-25,2026-05-31,杭州,中档型,1786,87703,1033,81516,0.6707,281.51,188.808757,酒店之家
2026W22,2026,22,2026-05-25,2026-05-31,杭州,全部,14960,421595,6242,379453,0.6775,267.28,181.0822,酒店之家
2026W22,2026,22,2026-05-25,2026-05-31,杭州,经济型,12154,193538,4284,158453,0.694,166.15,115.3081,酒店之家
2026W22,2026,22,2026-05-25,2026-05-31,杭州,豪华型,255,51530,249,51465,0.4434,830.58,368.279172,酒店之家
2026W22,2026,22,2026-05-25,2026-05-31,杭州,高档型,765,88824,676,88019,0.4901,393,192.6093,酒店之家
2026W22,2026,22,2026-05-25,2026-05-31,武汉,中档型,812,67221,774,66872,0.6375,223.96,142.7745,酒店之家
2026W22,2026,22,2026-05-25,2026-05-31,武汉,全部,10712,300599,5127,273043,0.5962,203.91,121.571142,酒店之家
2026W22,2026,22,2026-05-25,2026-05-31,武汉,经济型,9452,159176,3911,132024,0.5796,140.4,81.37584,酒店之家
2026W22,2026,22,2026-05-25,2026-05-31,武汉,豪华型,80,21674,80,21674,0.7256,596.66,432.936496,酒店之家
2026W22,2026,22,2026-05-25,2026-05-31,武汉,高档型,368,52528,362,52473,0.192,336.82,64.66944,酒店之家
2026W22,2026,22,2026-05-25,2026-05-31,沈阳,中档型,276,25107,271,25061,0.6073,232.65,141.288345,酒店之家
2026W22,2026,22,2026-05-25,2026-05-31,沈阳,全部,6888,136942,2331,119470,0.6426,199.65,128.29509,酒店之家
2026W22,2026,22,2026-05-25,2026-05-31,沈阳,经济型,6439,80803,1887,63377,0.6598,143.12,94.430576,酒店之家
2026W22,2026,22,2026-05-25,2026-05-31,沈阳,豪华型,31,9957,31,9957,0.5201,665.22,345.980922,酒店之家
2026W22,2026,22,2026-05-25,2026-05-31,沈阳,高档型,142,21075,142,21075,0.0058,337.35,1.95663,酒店之家
2026W22,2026,22,2026-05-25,2026-05-31,深圳,中档型,1015,88317,905,87327,0.6226,272.76,169.820376,酒店之家
2026W22,2026,22,2026-05-25,2026-05-31,深圳,全部,12231,409065,6554,383966,0.6907,248.23,171.452461,酒店之家
2026W22,2026,22,2026-05-25,2026-05-31,深圳,经济型,10590,214536,5044,190639,0.713,159.06,113.40978,酒店之家
2026W22,2026,22,2026-05-25,2026-05-31,深圳,豪华型,128,33280,126,33267,0.3188,1053.74,335.932312,酒店之家
2026W22,2026,22,2026-05-25,2026-05-31,深圳,高档型,498,72932,479,72733,0.5973,444.32,265.392336,酒店之家
2026W22,2026,22,2026-05-25,2026-05-31,苏州,中档型,915,49224,571,46365,0.6232,256.68,159.962976,酒店之家
2026W22,2026,22,2026-05-25,2026-05-31,苏州,全部,10858,285635,4404,257229,0.6231,226.15,140.914065,酒店之家
2026W22,2026,22,2026-05-25,2026-05-31,苏州,经济型,9348,149811,3293,124794,0.6245,153.73,96.004385,酒店之家
2026W22,2026,22,2026-05-25,2026-05-31,苏州,豪华型,163,38500,157,38434,0.5004,703.46,352.011384,酒店之家
2026W22,2026,22,2026-05-25,2026-05-31,苏州,高档型,432,48100,383,47636,0.654,356.85,233.3799,酒店之家
2026W22,2026,22,2026-05-25,2026-05-31,西安,中档型,1054,81622,944,80641,0.7279,210.34,153.106486,酒店之家
2026W22,2026,22,2026-05-25,2026-05-31,西安,全部,15351,383428,6894,344366,0.7005,199.37,139.658685,酒店之家
2026W22,2026,22,2026-05-25,2026-05-31,西安,经济型,13680,210210,5345,172246,0.6833,132.96,90.851568,酒店之家
2026W22,2026,22,2026-05-25,2026-05-31,西安,豪华型,108,27217,107,27207,0.8111,657.32,533.152252,酒店之家
2026W22,2026,22,2026-05-25,2026-05-31,西安,高档型,509,64379,498,64272,0.7903,297.39,235.027317,酒店之家
2026W22,2026,22,2026-05-25,2026-05-31,郑州,中档型,671,55321,639,55027,0.6266,221.62,138.867092,酒店之家
2026W22,2026,22,2026-05-25,2026-05-31,郑州,全部,8703,271800,5332,254406,0.6136,183,112.2888,酒店之家
2026W22,2026,22,2026-05-25,2026-05-31,郑州,经济型,7725,168811,4394,151790,0.6088,127.93,77.883784,酒店之家
2026W22,2026,22,2026-05-25,2026-05-31,郑州,豪华型,42,12154,42,12154,0.4232,606.71,256.759672,酒店之家
2026W22,2026,22,2026-05-25,2026-05-31,郑州,高档型,265,35514,257,35435,0.4691,316.07,148.268437,酒店之家
2026W22,2026,22,2026-05-25,2026-05-31,重庆,中档型,1643,96307,1473,94723,0.6609,209.07,138.174363,酒店之家
2026W22,2026,22,2026-05-25,2026-05-31,重庆,全部,23903,518892,11017,456812,0.6204,182.2,113.03688,酒店之家
2026W22,2026,22,2026-05-25,2026-05-31,重庆,经济型,21380,310385,8716,250380,0.6036,127.49,76.952964,酒店之家
2026W22,2026,22,2026-05-25,2026-05-31,重庆,豪华型,136,31336,136,31336,0.0897,554.08,49.700976,酒店之家
2026W22,2026,22,2026-05-25,2026-05-31,重庆,高档型,744,80864,692,80373,0.772,308.23,237.95356,酒店之家
2026W22,2026,22,2026-05-25,2026-05-31,长沙,中档型,829,64526,797,64222,0.7138,212.43,151.632534,酒店之家
2026W22,2026,22,2026-05-25,2026-05-31,长沙,全部,12731,312612,6197,282297,0.6695,199.83,133.786185,酒店之家
2026W22,2026,22,2026-05-25,2026-05-31,长沙,经济型,11426,174380,4931,144451,0.6263,135.65,84.957595,酒店之家
2026W22,2026,22,2026-05-25,2026-05-31,长沙,豪华型,93,23704,92,23690,0.1228,611.01,75.032028,酒店之家
2026W22,2026,22,2026-05-25,2026-05-31,长沙,高档型,383,50002,377,49934,0.8487,304.16,258.140592,酒店之家
2026W22,2026,22,2026-05-25,2026-05-31,青岛,中档型,698,48763,567,47629,0.7124,242.17,172.521908,酒店之家
2026W22,2026,22,2026-05-25,2026-05-31,青岛,全部,14580,258102,4256,226616,0.6089,223.77,136.253553,酒店之家
2026W22,2026,22,2026-05-25,2026-05-31,青岛,经济型,13544,152961,3367,122792,0.5827,150.71,87.818717,酒店之家
2026W22,2026,22,2026-05-25,2026-05-31,青岛,豪华型,77,22798,77,22798,,667.3,,酒店之家
2026W22,2026,22,2026-05-25,2026-05-31,青岛,高档型,261,33580,245,33397,0.834,376.23,313.77582,酒店之家
2026W23,2026,23,2026-06-01,2026-06-07,上海,中档型,1557,125898,1247,123258,0.684,329.42,225.32328,酒店之家
2026W23,2026,23,2026-06-01,2026-06-07,上海,全部,15729,552093,6944,521121,0.7051,330.12,232.767612,酒店之家
2026W23,2026,23,2026-06-01,2026-06-07,上海,经济型,13081,230641,4649,202695,0.7168,202.13,144.886784,酒店之家
2026W23,2026,23,2026-06-01,2026-06-07,上海,豪华型,300,83064,296,83036,0.4706,994.41,467.969346,酒店之家
2026W23,2026,23,2026-06-01,2026-06-07,上海,高档型,791,112490,752,112132,0.7194,496.48,357.167712,酒店之家
2026W23,2026,23,2026-06-01,2026-06-07,东莞,中档型,402,39677,400,39659,0.592,196.62,116.39904,酒店之家
2026W23,2026,23,2026-06-01,2026-06-07,东莞,全部,6210,231256,4263,218686,0.6328,142.48,90.161344,酒店之家
2026W23,2026,23,2026-06-01,2026-06-07,东莞,经济型,5608,150976,3664,138433,0.6413,113.07,72.511791,酒店之家
2026W23,2026,23,2026-06-01,2026-06-07,东莞,豪华型,37,11564,37,11564,0.6656,554.05,368.77568,酒店之家
2026W23,2026,23,2026-06-01,2026-06-07,东莞,高档型,163,29039,162,29030,0.5744,278.21,159.803824,酒店之家
2026W23,2026,23,2026-06-01,2026-06-07,佛山,中档型,433,36845,395,36541,0.5652,207.41,117.228132,酒店之家
2026W23,2026,23,2026-06-01,2026-06-07,佛山,全部,6478,181390,3286,166199,0.5683,168.2,95.58806,酒店之家
2026W23,2026,23,2026-06-01,2026-06-07,佛山,经济型,5818,107160,2667,92299,0.5751,120.88,69.518088,酒店之家
2026W23,2026,23,2026-06-01,2026-06-07,佛山,豪华型,42,11155,42,11155,,521.78,,酒店之家
2026W23,2026,23,2026-06-01,2026-06-07,佛山,高档型,185,26230,182,26204,0.3189,314.83,100.399287,酒店之家
2026W23,2026,23,2026-06-01,2026-06-07,全国,中档型,73817,4611108,59007,4475892,0.5458,222.66,121.527828,酒店之家
2026W23,2026,23,2026-06-01,2026-06-07,全国,全部,985868,23075602,421301,20529397,0.5493,195.89,107.602377,酒店之家
2026W23,2026,23,2026-06-01,2026-06-07,全国,经济型,876706,13682106,329680,11298699,0.5559,138.98,77.258982,酒店之家
2026W23,2026,23,2026-06-01,2026-06-07,全国,豪华型,6531,1523387,6337,1521337,0.3947,660.41,260.663827,酒店之家
2026W23,2026,23,2026-06-01,2026-06-07,全国,高档型,28814,3259001,26277,3233469,0.4695,326.73,153.399735,酒店之家
2026W23,2026,23,2026-06-01,2026-06-07,北京,中档型,2348,157818,1750,153353,0.7096,357.39,253.603944,酒店之家
2026W23,2026,23,2026-06-01,2026-06-07,北京,全部,18832,592150,7239,547580,0.6722,333.67,224.292974,酒店之家
2026W23,2026,23,2026-06-01,2026-06-07,北京,经济型,15545,261465,4593,221726,0.6483,234.17,151.812411,酒店之家
2026W23,2026,23,2026-06-01,2026-06-07,北京,豪华型,194,57934,190,57890,0.2392,1047.42,250.542864,酒店之家
2026W23,2026,23,2026-06-01,2026-06-07,北京,高档型,745,114933,706,114611,0.6824,520.29,355.045896,酒店之家
2026W23,2026,23,2026-06-01,2026-06-07,南京,中档型,777,59374,685,58517,0.6159,248.91,153.303669,酒店之家
2026W23,2026,23,2026-06-01,2026-06-07,南京,全部,9183,263330,4248,244114,0.583,220.87,128.76721,酒店之家
2026W23,2026,23,2026-06-01,2026-06-07,南京,经济型,7925,131690,3106,113567,0.5517,151.37,83.510829,酒店之家
2026W23,2026,23,2026-06-01,2026-06-07,南京,豪华型,116,28610,114,28589,0.2917,627.6,183.07092,酒店之家
2026W23,2026,23,2026-06-01,2026-06-07,南京,高档型,365,43656,343,43441,0.5518,361.39,199.415002,酒店之家
2026W23,2026,23,2026-06-01,2026-06-07,合肥,中档型,446,40409,436,40313,0.427,220.55,94.17485,酒店之家
2026W23,2026,23,2026-06-01,2026-06-07,合肥,全部,5658,188025,3273,174007,0.6521,184.24,120.142904,酒店之家
2026W23,2026,23,2026-06-01,2026-06-07,合肥,经济型,4989,107291,2616,93386,0.6692,137.26,91.854392,酒店之家
2026W23,2026,23,2026-06-01,2026-06-07,合肥,豪华型,57,17121,57,17121,0.5287,479.16,253.331892,酒店之家
2026W23,2026,23,2026-06-01,2026-06-07,合肥,高档型,166,23204,164,23187,,307.19,,酒店之家
2026W23,2026,23,2026-06-01,2026-06-07,天津,中档型,607,46290,512,45514,0.5854,243.81,142.726374,酒店之家
2026W23,2026,23,2026-06-01,2026-06-07,天津,全部,9827,196483,2960,171333,0.6068,206.59,125.358812,酒店之家
2026W23,2026,23,2026-06-01,2026-06-07,天津,经济型,9001,113415,2230,89055,0.6177,151.43,93.538311,酒店之家
2026W23,2026,23,2026-06-01,2026-06-07,天津,豪华型,43,12101,43,12101,0.1244,651.53,81.050332,酒店之家
2026W23,2026,23,2026-06-01,2026-06-07,天津,高档型,176,24677,175,24663,,351.19,,酒店之家
2026W23,2026,23,2026-06-01,2026-06-07,广州,中档型,1081,92720,1004,92023,0.5704,254.35,145.08124,酒店之家
2026W23,2026,23,2026-06-01,2026-06-07,广州,全部,15502,492868,8299,464128,0.6141,226.04,138.811164,酒店之家
2026W23,2026,23,2026-06-01,2026-06-07,广州,经济型,13642,269090,6527,241160,0.6467,151.89,98.227263,酒店之家
2026W23,2026,23,2026-06-01,2026-06-07,广州,豪华型,144,44497,144,44497,0.4467,840.19,375.312873,酒店之家
2026W23,2026,23,2026-06-01,2026-06-07,广州,高档型,635,86561,624,86448,0.534,374.31,199.88154,酒店之家
2026W23,2026,23,2026-06-01,2026-06-07,成都,中档型,2083,124994,1760,122005,0.5533,222.53,123.125849,酒店之家
2026W23,2026,23,2026-06-01,2026-06-07,成都,全部,25283,572307,10579,512220,0.5841,195.29,114.068889,酒店之家
2026W23,2026,23,2026-06-01,2026-06-07,成都,经济型,22022,292288,7712,235886,0.6089,128.65,78.334985,酒店之家
2026W23,2026,23,2026-06-01,2026-06-07,成都,豪华型,235,51483,225,51360,0.4167,581.51,242.315217,酒店之家
2026W23,2026,23,2026-06-01,2026-06-07,成都,高档型,943,103542,882,102969,0.2942,310.04,91.213768,酒店之家
2026W23,2026,23,2026-06-01,2026-06-07,昆明,中档型,735,52953,645,52149,0.5582,201.27,112.348914,酒店之家
2026W23,2026,23,2026-06-01,2026-06-07,昆明,全部,14877,291361,6022,261434,0.5528,169.58,93.743824,酒店之家
2026W23,2026,23,2026-06-01,2026-06-07,昆明,经济型,13759,178780,5009,149814,0.5524,124.75,68.9119,酒店之家
2026W23,2026,23,2026-06-01,2026-06-07,昆明,豪华型,70,17922,66,17882,0.5831,583.88,340.460428,酒店之家
2026W23,2026,23,2026-06-01,2026-06-07,昆明,高档型,313,41706,302,41589,0.4757,300.15,142.781355,酒店之家
2026W23,2026,23,2026-06-01,2026-06-07,杭州,中档型,1786,86914,1029,80697,0.6203,268.07,166.283821,酒店之家
2026W23,2026,23,2026-06-01,2026-06-07,杭州,全部,15214,423198,6263,380580,0.6314,249.82,157.736348,酒店之家
2026W23,2026,23,2026-06-01,2026-06-07,杭州,经济型,12405,195179,4305,159641,0.6459,156.37,100.999383,酒店之家
2026W23,2026,23,2026-06-01,2026-06-07,杭州,豪华型,256,51636,250,51571,0.3302,789.13,260.570726,酒店之家
2026W23,2026,23,2026-06-01,2026-06-07,杭州,高档型,767,89469,679,88671,0.5198,364.91,189.680218,酒店之家
2026W23,2026,23,2026-06-01,2026-06-07,武汉,中档型,814,67439,776,67090,0.6068,227.32,137.937776,酒店之家
2026W23,2026,23,2026-06-01,2026-06-07,武汉,全部,10774,300660,5132,273025,0.5895,207.65,122.409675,酒店之家
2026W23,2026,23,2026-06-01,2026-06-07,武汉,经济型,9513,159240,3915,132009,0.5823,145.23,84.567429,酒店之家
2026W23,2026,23,2026-06-01,2026-06-07,武汉,豪华型,79,21396,79,21396,0.766,577.44,442.31904,酒店之家
2026W23,2026,23,2026-06-01,2026-06-07,武汉,高档型,368,52585,362,52530,0.1391,346.31,48.171721,酒店之家
2026W23,2026,23,2026-06-01,2026-06-07,沈阳,中档型,276,25257,271,25211,0.605,236.63,143.16115,酒店之家
2026W23,2026,23,2026-06-01,2026-06-07,沈阳,全部,6957,137086,2328,119578,0.6562,202.68,132.998616,酒店之家
2026W23,2026,23,2026-06-01,2026-06-07,沈阳,经济型,6508,80787,1884,63325,0.6707,149.14,100.028198,酒店之家
2026W23,2026,23,2026-06-01,2026-06-07,沈阳,豪华型,31,9957,31,9957,0.6337,650.51,412.228187,酒店之家
2026W23,2026,23,2026-06-01,2026-06-07,沈阳,高档型,142,21085,142,21085,0.2348,332.72,78.122656,酒店之家
2026W23,2026,23,2026-06-01,2026-06-07,深圳,中档型,1019,88833,909,87841,0.5664,269.37,152.571168,酒店之家
2026W23,2026,23,2026-06-01,2026-06-07,深圳,全部,12282,408820,6565,383595,0.6467,242.46,156.798882,酒店之家
2026W23,2026,23,2026-06-01,2026-06-07,深圳,经济型,10641,215020,5055,190999,0.6724,153.67,103.327708,酒店之家
2026W23,2026,23,2026-06-01,2026-06-07,深圳,豪华型,128,33165,126,33152,0.3188,981.08,312.768304,酒店之家
2026W23,2026,23,2026-06-01,2026-06-07,深圳,高档型,494,71802,475,71603,0.5112,431.18,220.419216,酒店之家
2026W23,2026,23,2026-06-01,2026-06-07,苏州,中档型,915,49263,571,46407,0.5961,249.23,148.566003,酒店之家
2026W23,2026,23,2026-06-01,2026-06-07,苏州,全部,10970,286218,4416,257540,0.6164,221.15,136.31686,酒店之家
2026W23,2026,23,2026-06-01,2026-06-07,苏州,经济型,9461,150511,3306,125219,0.6329,151.23,95.713467,酒店之家
2026W23,2026,23,2026-06-01,2026-06-07,苏州,豪华型,162,38421,156,38355,0.4634,679.13,314.708842,酒店之家
2026W23,2026,23,2026-06-01,2026-06-07,苏州,高档型,432,48023,383,47559,0.5346,351.81,188.077626,酒店之家
2026W23,2026,23,2026-06-01,2026-06-07,西安,中档型,1053,82165,943,81189,0.6793,218.4,148.35912,酒店之家
2026W23,2026,23,2026-06-01,2026-06-07,西安,全部,15442,383963,6904,344770,0.6617,200.73,132.823041,酒店之家
2026W23,2026,23,2026-06-01,2026-06-07,西安,经济型,13794,212204,5378,174104,0.6521,137.2,89.46812,酒店之家
2026W23,2026,23,2026-06-01,2026-06-07,西安,豪华型,108,27206,107,27196,0.7329,611.77,448.366233,酒店之家
2026W23,2026,23,2026-06-01,2026-06-07,西安,高档型,487,62388,476,62281,0.6397,299.57,191.634929,酒店之家
2026W23,2026,23,2026-06-01,2026-06-07,郑州,中档型,675,55819,643,55525,0.6122,224.54,137.463388,酒店之家
2026W23,2026,23,2026-06-01,2026-06-07,郑州,全部,8771,272441,5341,254898,0.5897,186.11,109.749067,酒店之家
2026W23,2026,23,2026-06-01,2026-06-07,郑州,经济型,7793,169547,4403,152377,0.5791,128.52,74.425932,酒店之家
2026W23,2026,23,2026-06-01,2026-06-07,郑州,豪华型,41,11928,41,11928,0.5553,598.71,332.463663,酒店之家
2026W23,2026,23,2026-06-01,2026-06-07,郑州,高档型,262,35147,254,35068,0.4429,327.37,144.992173,酒店之家
2026W23,2026,23,2026-06-01,2026-06-07,重庆,中档型,1641,97944,1473,96384,0.6271,204.13,128.009923,酒店之家
2026W23,2026,23,2026-06-01,2026-06-07,重庆,全部,24150,519994,11030,457565,0.5803,176.42,102.376526,酒店之家
2026W23,2026,23,2026-06-01,2026-06-07,重庆,经济型,21658,312444,8758,252066,0.5591,126.14,70.524874,酒店之家
2026W23,2026,23,2026-06-01,2026-06-07,重庆,豪华型,136,31336,136,31336,0.3224,549.11,177.033064,酒店之家
2026W23,2026,23,2026-06-01,2026-06-07,重庆,高档型,715,78270,663,77779,0.6595,301.29,198.700755,酒店之家
2026W23,2026,23,2026-06-01,2026-06-07,长沙,中档型,782,61949,755,61691,0.6663,212.04,141.282252,酒店之家
2026W23,2026,23,2026-06-01,2026-06-07,长沙,全部,12906,313255,6208,282688,0.6308,196.4,123.88912,酒店之家
2026W23,2026,23,2026-06-01,2026-06-07,长沙,经济型,11646,177416,4982,147189,0.5938,137.1,81.40998,酒店之家
2026W23,2026,23,2026-06-01,2026-06-07,长沙,豪华型,91,23363,90,23349,,597.74,,酒店之家
2026W23,2026,23,2026-06-01,2026-06-07,长沙,高档型,387,50527,381,50459,0.7427,299.84,222.691168,酒店之家
2026W23,2026,23,2026-06-01,2026-06-07,青岛,中档型,699,48823,567,47666,0.6698,250.47,167.764806,酒店之家
2026W23,2026,23,2026-06-01,2026-06-07,青岛,全部,14870,258412,4253,226712,0.5964,228.93,136.533852,酒店之家
2026W23,2026,23,2026-06-01,2026-06-07,青岛,经济型,13831,153032,3362,122672,0.5764,157.19,90.604316,酒店之家
2026W23,2026,23,2026-06-01,2026-06-07,青岛,豪华型,76,22600,76,22600,0.1364,688.09,93.855476,酒店之家
2026W23,2026,23,2026-06-01,2026-06-07,青岛,高档型,264,33957,248,33774,0.8772,393.5,345.1782,酒店之家
2026W24,2026,24,2026-06-08,2026-06-14,上海,中档型,1557,125904,1249,123286,0.6514,310.56,202.298784,酒店之家
2026W24,2026,24,2026-06-08,2026-06-14,上海,全部,15885,553239,6976,521980,0.6877,312.92,215.195084,酒店之家
2026W24,2026,24,2026-06-08,2026-06-14,上海,经济型,13237,231769,4679,203514,0.7075,196.16,138.7832,酒店之家
2026W24,2026,24,2026-06-08,2026-06-14,上海,豪华型,300,83060,296,83032,0.3758,941.47,353.804426,酒店之家
2026W24,2026,24,2026-06-08,2026-06-14,上海,高档型,791,112506,752,112148,0.6631,468.65,310.761815,酒店之家
2026W24,2026,24,2026-06-08,2026-06-14,东莞,中档型,401,39722,399,39704,0.6191,202.79,125.547289,酒店之家
2026W24,2026,24,2026-06-08,2026-06-14,东莞,全部,6239,231664,4277,218996,0.6349,146.96,93.304904,酒店之家
2026W24,2026,24,2026-06-08,2026-06-14,东莞,经济型,5639,151587,3680,138946,0.6378,113.06,72.109668,酒店之家
2026W24,2026,24,2026-06-08,2026-06-14,东莞,豪华型,37,11564,37,11564,0.567,547.99,310.71033,酒店之家
2026W24,2026,24,2026-06-08,2026-06-14,东莞,高档型,162,28791,161,28782,0.6991,308.02,215.336782,酒店之家
2026W24,2026,24,2026-06-08,2026-06-14,佛山,中档型,436,37010,397,36697,0.6156,203.63,125.354628,酒店之家
2026W24,2026,24,2026-06-08,2026-06-14,佛山,全部,6523,181581,3286,166306,0.5778,167.52,96.793056,酒店之家
2026W24,2026,24,2026-06-08,2026-06-14,佛山,经济型,5860,107115,2665,92179,0.5685,120.42,68.45877,酒店之家
2026W24,2026,24,2026-06-08,2026-06-14,佛山,豪华型,43,11389,43,11389,0.1,521.04,52.104,酒店之家
2026W24,2026,24,2026-06-08,2026-06-14,佛山,高档型,184,26067,181,26041,0.5426,311.68,169.117568,酒店之家
2026W24,2026,24,2026-06-08,2026-06-14,全国,中档型,74116,4624522,59240,4488692,0.5754,222.55,128.05527,酒店之家
2026W24,2026,24,2026-06-08,2026-06-14,全国,全部,996387,23163975,423107,20595781,0.5725,195.86,112.12985,酒店之家
2026W24,2026,24,2026-06-08,2026-06-14,全国,经济型,886780,13743039,331123,11338428,0.5767,138.99,80.155533,酒店之家
2026W24,2026,24,2026-06-08,2026-06-14,全国,豪华型,6550,1526431,6355,1524371,0.4028,657.1,264.67988,酒店之家
2026W24,2026,24,2026-06-08,2026-06-14,全国,高档型,28941,3269983,26389,3244290,0.496,328.12,162.74752,酒店之家
2026W24,2026,24,2026-06-08,2026-06-14,北京,中档型,2358,158607,1759,154137,0.7274,362.38,263.595212,酒店之家
2026W24,2026,24,2026-06-08,2026-06-14,北京,全部,19032,594054,7267,549137,0.6844,335.43,229.568292,酒店之家
2026W24,2026,24,2026-06-08,2026-06-14,北京,经济型,15732,262220,4609,222139,0.6576,234.11,153.950736,酒店之家
2026W24,2026,24,2026-06-08,2026-06-14,北京,豪华型,195,58190,191,58146,0.394,1050.34,413.83396,酒店之家
2026W24,2026,24,2026-06-08,2026-06-14,北京,高档型,747,115037,708,114715,0.6063,527.23,319.659549,酒店之家
2026W24,2026,24,2026-06-08,2026-06-14,南京,中档型,778,59408,686,58544,0.6673,277.01,184.848773,酒店之家
2026W24,2026,24,2026-06-08,2026-06-14,南京,全部,9262,263655,4253,244318,0.6627,245.21,162.500667,酒店之家
2026W24,2026,24,2026-06-08,2026-06-14,南京,经济型,8003,131981,3110,113744,0.6537,166.4,108.77568,酒店之家
2026W24,2026,24,2026-06-08,2026-06-14,南京,豪华型,116,28610,114,28589,0.5141,674.05,346.529105,酒店之家
2026W24,2026,24,2026-06-08,2026-06-14,南京,高档型,365,43656,343,43441,0.8294,400.39,332.083466,酒店之家
2026W24,2026,24,2026-06-08,2026-06-14,合肥,中档型,445,40397,435,40301,0.5926,223.97,132.724622,酒店之家
2026W24,2026,24,2026-06-08,2026-06-14,合肥,全部,5682,188230,3279,174171,0.6822,186.92,127.516824,酒店之家
2026W24,2026,24,2026-06-08,2026-06-14,合肥,经济型,5014,107508,2623,93562,0.6877,138.42,95.191434,酒店之家
2026W24,2026,24,2026-06-08,2026-06-14,合肥,豪华型,57,17121,57,17121,0.6431,485.05,311.935655,酒店之家
2026W24,2026,24,2026-06-08,2026-06-14,合肥,高档型,166,23204,164,23187,,312.05,,酒店之家
2026W24,2026,24,2026-06-08,2026-06-14,天津,中档型,608,46558,513,45781,0.5921,235.23,139.279683,酒店之家
2026W24,2026,24,2026-06-08,2026-06-14,天津,全部,9881,197322,2969,172012,0.6169,199.54,123.096226,酒店之家
2026W24,2026,24,2026-06-08,2026-06-14,天津,经济型,9051,113742,2235,89223,0.6314,146.26,92.348564,酒店之家
2026W24,2026,24,2026-06-08,2026-06-14,天津,豪华型,43,12101,43,12101,0.0909,647.27,58.836843,酒店之家
2026W24,2026,24,2026-06-08,2026-06-14,天津,高档型,179,24921,178,24907,0.2576,338.79,87.272304,酒店之家
2026W24,2026,24,2026-06-08,2026-06-14,广州,中档型,1077,92412,1002,91733,0.6415,260.08,166.84132,酒店之家
2026W24,2026,24,2026-06-08,2026-06-14,广州,全部,15684,493496,8317,464448,0.6557,234.2,153.56494,酒店之家
2026W24,2026,24,2026-06-08,2026-06-14,广州,经济型,13825,269721,6545,241471,0.6713,155.19,104.179047,酒店之家
2026W24,2026,24,2026-06-08,2026-06-14,广州,豪华型,144,44497,144,44497,0.5055,859.28,434.36604,酒店之家
2026W24,2026,24,2026-06-08,2026-06-14,广州,高档型,638,86866,626,86747,0.5924,382.95,226.85958,酒店之家
2026W24,2026,24,2026-06-08,2026-06-14,成都,中档型,2093,125319,1770,122327,0.5992,222.01,133.028392,酒店之家
2026W24,2026,24,2026-06-08,2026-06-14,成都,全部,25424,574002,10619,513653,0.615,194.65,119.70975,酒店之家
2026W24,2026,24,2026-06-08,2026-06-14,成都,经济型,22151,293454,7740,236793,0.6314,128.74,81.286436,酒店之家
2026W24,2026,24,2026-06-08,2026-06-14,成都,豪华型,236,51592,226,51469,0.3893,589.07,229.324951,酒店之家
2026W24,2026,24,2026-06-08,2026-06-14,成都,高档型,944,103637,883,103064,0.4387,311.24,136.540988,酒店之家
2026W24,2026,24,2026-06-08,2026-06-14,昆明,中档型,737,53068,647,52262,0.5953,201.16,119.750548,酒店之家
2026W24,2026,24,2026-06-08,2026-06-14,昆明,全部,15032,292627,6044,262569,0.5794,169.41,98.156154,酒店之家
2026W24,2026,24,2026-06-08,2026-06-14,昆明,经济型,13911,179556,5028,150461,0.5709,125.35,71.562315,酒店之家
2026W24,2026,24,2026-06-08,2026-06-14,昆明,豪华型,70,17922,66,17882,0.6867,619.31,425.280177,酒店之家
2026W24,2026,24,2026-06-08,2026-06-14,昆明,高档型,314,42081,303,41964,0.5749,296.29,170.337121,酒店之家
2026W24,2026,24,2026-06-08,2026-06-14,杭州,中档型,1795,87287,1034,81039,0.6467,269.4,174.22098,酒店之家
2026W24,2026,24,2026-06-08,2026-06-14,杭州,全部,15338,424242,6286,381322,0.6543,252.41,165.151863,酒店之家
2026W24,2026,24,2026-06-08,2026-06-14,杭州,经济型,12520,195895,4323,160087,0.67,160.59,107.5953,酒店之家
2026W24,2026,24,2026-06-08,2026-06-14,杭州,豪华型,256,51636,250,51571,0.265,785.4,208.131,酒店之家
2026W24,2026,24,2026-06-08,2026-06-14,杭州,高档型,767,89424,679,88625,0.5353,364.27,194.993731,酒店之家
2026W24,2026,24,2026-06-08,2026-06-14,武汉,中档型,817,67684,779,67335,0.6743,224.47,151.360121,酒店之家
2026W24,2026,24,2026-06-08,2026-06-14,武汉,全部,10846,301598,5146,273952,0.6271,200.99,126.040829,酒店之家
2026W24,2026,24,2026-06-08,2026-06-14,武汉,经济型,9579,159468,3923,132226,0.608,139.99,85.11392,酒店之家
2026W24,2026,24,2026-06-08,2026-06-14,武汉,豪华型,81,21728,81,21728,0.6822,578.4,394.58448,酒店之家
2026W24,2026,24,2026-06-08,2026-06-14,武汉,高档型,369,52718,363,52663,0.1522,331.69,50.483218,酒店之家
2026W24,2026,24,2026-06-08,2026-06-14,沈阳,中档型,277,25311,272,25265,0.6288,228.93,143.951184,酒店之家
2026W24,2026,24,2026-06-08,2026-06-14,沈阳,全部,6999,137611,2334,120055,0.6558,195.58,128.261364,酒店之家
2026W24,2026,24,2026-06-08,2026-06-14,沈阳,经济型,6548,81145,1888,63635,0.6671,141.27,94.241217,酒店之家
2026W24,2026,24,2026-06-08,2026-06-14,沈阳,豪华型,31,9957,31,9957,0.5792,669.85,387.97712,酒店之家
2026W24,2026,24,2026-06-08,2026-06-14,沈阳,高档型,143,21198,143,21198,0.1939,328.75,63.744625,酒店之家
2026W24,2026,24,2026-06-08,2026-06-14,深圳,中档型,1017,88555,908,87577,0.6191,265.31,164.253421,酒店之家
2026W24,2026,24,2026-06-08,2026-06-14,深圳,全部,12388,410218,6595,384705,0.6716,243.58,163.588328,酒店之家
2026W24,2026,24,2026-06-08,2026-06-14,深圳,经济型,10748,216291,5085,191968,0.6877,154.65,106.352805,酒店之家
2026W24,2026,24,2026-06-08,2026-06-14,深圳,豪华型,128,33426,126,33413,,960.83,,酒店之家
2026W24,2026,24,2026-06-08,2026-06-14,深圳,高档型,495,71946,476,71747,0.6029,429.25,258.794825,酒店之家
2026W24,2026,24,2026-06-08,2026-06-14,苏州,中档型,918,49595,573,46728,0.6271,249.32,156.348572,酒店之家
2026W24,2026,24,2026-06-08,2026-06-14,苏州,全部,11050,286728,4422,257850,0.6375,222.1,141.58875,酒店之家
2026W24,2026,24,2026-06-08,2026-06-14,苏州,经济型,9539,150703,3310,125218,0.6468,151.91,98.255388,酒店之家
2026W24,2026,24,2026-06-08,2026-06-14,苏州,豪华型,162,38421,156,38355,0.5073,689.59,349.829007,酒店之家
2026W24,2026,24,2026-06-08,2026-06-14,苏州,高档型,431,48009,383,47549,0.5641,347.91,196.256031,酒店之家
2026W24,2026,24,2026-06-08,2026-06-14,西安,中档型,1058,82447,948,81471,0.6961,204.55,142.387255,酒店之家
2026W24,2026,24,2026-06-08,2026-06-14,西安,全部,15494,384492,6933,345299,0.6652,191.32,127.266064,酒店之家
2026W24,2026,24,2026-06-08,2026-06-14,西安,经济型,13842,212621,5403,174521,0.6491,131.3,85.22683,酒店之家
2026W24,2026,24,2026-06-08,2026-06-14,西安,豪华型,108,27121,107,27111,0.6039,589.43,355.956777,酒店之家
2026W24,2026,24,2026-06-08,2026-06-14,西安,高档型,486,62303,475,62196,0.7065,291.03,205.612695,酒店之家
2026W24,2026,24,2026-06-08,2026-06-14,郑州,中档型,681,56281,649,55987,0.659,215.49,142.00791,酒店之家
2026W24,2026,24,2026-06-08,2026-06-14,郑州,全部,8838,272825,5349,255196,0.6204,178.23,110.573892,酒店之家
2026W24,2026,24,2026-06-08,2026-06-14,郑州,经济型,7853,169391,4404,152135,0.6023,124.97,75.269431,酒店之家
2026W24,2026,24,2026-06-08,2026-06-14,郑州,豪华型,41,11928,41,11928,0.3492,607.59,212.170428,酒店之家
2026W24,2026,24,2026-06-08,2026-06-14,郑州,高档型,263,35225,255,35146,0.5041,315.75,159.169575,酒店之家
2026W24,2026,24,2026-06-08,2026-06-14,重庆,中档型,1652,98419,1484,96858,0.6497,203.39,132.142483,酒店之家
2026W24,2026,24,2026-06-08,2026-06-14,重庆,全部,24382,522718,11098,459838,0.6146,177.85,109.30661,酒店之家
2026W24,2026,24,2026-06-08,2026-06-14,重庆,经济型,21876,314409,8813,253595,0.592,127.16,75.27872,酒店之家
2026W24,2026,24,2026-06-08,2026-06-14,重庆,豪华型,136,31336,136,31336,0.0435,539.95,23.487825,酒店之家
2026W24,2026,24,2026-06-08,2026-06-14,重庆,高档型,718,78554,665,78049,0.7919,303.83,240.602977,酒店之家
2026W24,2026,24,2026-06-08,2026-06-14,长沙,中档型,780,61858,753,61600,0.7131,210.07,149.800917,酒店之家
2026W24,2026,24,2026-06-08,2026-06-14,长沙,全部,12988,314237,6223,283437,0.681,193.59,131.83479,酒店之家
2026W24,2026,24,2026-06-08,2026-06-14,长沙,经济型,11729,178287,4998,147827,0.6498,137.7,89.47746,酒店之家
2026W24,2026,24,2026-06-08,2026-06-14,长沙,豪华型,91,23333,90,23319,0.0111,602.65,6.689415,酒店之家
2026W24,2026,24,2026-06-08,2026-06-14,长沙,高档型,388,50759,382,50691,0.8614,300.1,258.50614,酒店之家
2026W24,2026,24,2026-06-08,2026-06-14,青岛,中档型,705,49120,571,47950,0.7477,265.31,198.372287,酒店之家
2026W24,2026,24,2026-06-08,2026-06-14,青岛,全部,15209,260560,4293,228393,0.6413,238.98,153.257874,酒店之家
2026W24,2026,24,2026-06-08,2026-06-14,青岛,经济型,14161,154394,3395,123580,0.6196,168.28,104.266288,酒店之家
2026W24,2026,24,2026-06-08,2026-06-14,青岛,豪华型,76,22600,76,22600,0.2167,688.79,149.260793,酒店之家
2026W24,2026,24,2026-06-08,2026-06-14,青岛,高档型,267,34446,251,34263,0.7975,402.79,321.225025,酒店之家
2026W25,2026,25,2026-06-15,2026-06-21,上海,中档型,1563,126264,1256,123651,0.6938,319.3,221.53034,酒店之家
2026W25,2026,25,2026-06-15,2026-06-21,上海,全部,16043,554961,6995,523555,0.7079,321.1,227.30669,酒店之家
2026W25,2026,25,2026-06-15,2026-06-21,上海,经济型,13387,232345,4688,203926,0.716,204.62,146.50792,酒店之家
2026W25,2026,25,2026-06-15,2026-06-21,上海,豪华型,301,83251,297,83223,0.5644,1000.95,564.93618,酒店之家
2026W25,2026,25,2026-06-15,2026-06-21,上海,高档型,792,113101,754,112755,0.6947,476.93,331.323271,酒店之家
2026W25,2026,25,2026-06-15,2026-06-21,东莞,中档型,400,39650,398,39632,0.5554,200.43,111.318822,酒店之家
2026W25,2026,25,2026-06-15,2026-06-21,东莞,全部,6237,231168,4273,218522,0.6545,149.67,97.959015,酒店之家
2026W25,2026,25,2026-06-15,2026-06-21,东莞,经济型,5639,151450,3678,138831,0.6738,118.21,79.649898,酒店之家
2026W25,2026,25,2026-06-15,2026-06-21,东莞,豪华型,37,11564,37,11564,0.7205,673.01,484.903705,酒店之家
2026W25,2026,25,2026-06-15,2026-06-21,东莞,高档型,161,28504,160,28495,0.5684,286.2,162.67608,酒店之家
2026W25,2026,25,2026-06-15,2026-06-21,佛山,中档型,436,37083,397,36770,0.6134,222.16,136.272944,酒店之家
2026W25,2026,25,2026-06-15,2026-06-21,佛山,全部,6541,182056,3292,166809,0.5943,183.24,108.899532,酒店之家
2026W25,2026,25,2026-06-15,2026-06-21,佛山,经济型,5875,107052,2668,92144,0.5984,132.89,79.521376,酒店之家
2026W25,2026,25,2026-06-15,2026-06-21,佛山,豪华型,43,11389,43,11389,0.2667,564.04,150.429468,酒店之家
2026W25,2026,25,2026-06-15,2026-06-21,佛山,高档型,187,26532,184,26506,0.4056,336.67,136.553352,酒店之家
2026W25,2026,25,2026-06-15,2026-06-21,全国,中档型,74290,4634515,59405,4498531,0.5637,233.93,131.866341,酒店之家
2026W25,2026,25,2026-06-15,2026-06-21,全国,全部,1000626,23194660,423424,20624333,0.5789,208.15,120.498035,酒店之家
2026W25,2026,25,2026-06-15,2026-06-21,全国,经济型,890722,13748168,331151,11341553,0.5906,148.91,87.946246,酒店之家
2026W25,2026,25,2026-06-15,2026-06-21,全国,豪华型,6572,1530276,6377,1528216,0.4378,703.48,307.983544,酒店之家
2026W25,2026,25,2026-06-15,2026-06-21,全国,高档型,29042,3281701,26491,3256033,0.4871,343.05,167.099655,酒店之家
2026W25,2026,25,2026-06-15,2026-06-21,北京,中档型,2362,158753,1762,154279,0.7092,358.74,254.418408,酒店之家
2026W25,2026,25,2026-06-15,2026-06-21,北京,全部,19200,595406,7273,550156,0.6881,336.76,231.724556,酒店之家
2026W25,2026,25,2026-06-15,2026-06-21,北京,经济型,15892,262908,4608,222498,0.6819,239.57,163.362783,酒店之家
2026W25,2026,25,2026-06-15,2026-06-21,北京,豪华型,195,58190,191,58146,0.3524,1039.96,366.481904,酒店之家
2026W25,2026,25,2026-06-15,2026-06-21,北京,高档型,751,115555,712,115233,0.5708,523.57,298.853756,酒店之家
2026W25,2026,25,2026-06-15,2026-06-21,南京,中档型,781,59626,690,58768,0.6636,279.82,185.688552,酒店之家
2026W25,2026,25,2026-06-15,2026-06-21,南京,全部,9348,264375,4257,244789,0.6598,245.01,161.657598,酒店之家
2026W25,2026,25,2026-06-15,2026-06-21,南京,经济型,8085,132211,3109,113719,0.6795,180.42,122.59539,酒店之家
2026W25,2026,25,2026-06-15,2026-06-21,南京,豪华型,116,28813,114,28792,0.1331,647.6,86.19556,酒店之家
2026W25,2026,25,2026-06-15,2026-06-21,南京,高档型,366,43725,344,43510,0.4958,379.7,188.25526,酒店之家
2026W25,2026,25,2026-06-15,2026-06-21,合肥,中档型,446,40442,436,40346,0.5015,224.71,112.692065,酒店之家
2026W25,2026,25,2026-06-15,2026-06-21,合肥,全部,5703,188129,3273,174050,0.6687,188.29,125.909523,酒店之家
2026W25,2026,25,2026-06-15,2026-06-21,合肥,经济型,5034,107350,2616,93384,0.6922,142.6,98.70772,酒店之家
2026W25,2026,25,2026-06-15,2026-06-21,合肥,豪华型,57,17142,57,17142,0.4611,483.19,222.798909,酒店之家
2026W25,2026,25,2026-06-15,2026-06-21,合肥,高档型,166,23195,164,23178,,313.38,,酒店之家
2026W25,2026,25,2026-06-15,2026-06-21,天津,中档型,611,46625,515,45841,0.6372,269.02,171.419544,酒店之家
2026W25,2026,25,2026-06-15,2026-06-21,天津,全部,9924,197147,2961,171919,0.6612,236.19,156.168828,酒店之家
2026W25,2026,25,2026-06-15,2026-06-21,天津,经济型,9090,113320,2224,88890,0.6777,178.44,120.928788,酒店之家
2026W25,2026,25,2026-06-15,2026-06-21,天津,豪华型,43,12101,43,12101,0.2153,748.24,161.096072,酒店之家
2026W25,2026,25,2026-06-15,2026-06-21,天津,高档型,180,25101,179,25087,0.4053,384.29,155.752737,酒店之家
2026W25,2026,25,2026-06-15,2026-06-21,广州,中档型,1077,92214,1002,91535,0.5806,258.02,149.806412,酒店之家
2026W25,2026,25,2026-06-15,2026-06-21,广州,全部,15769,493704,8318,464570,0.6337,238.31,151.017047,酒店之家
2026W25,2026,25,2026-06-15,2026-06-21,广州,经济型,13910,270046,6546,241710,0.6706,159.93,107.249058,酒店之家
2026W25,2026,25,2026-06-15,2026-06-21,广州,豪华型,145,44524,145,44524,0.5103,900.49,459.520047,酒店之家
2026W25,2026,25,2026-06-15,2026-06-21,广州,高档型,637,86920,625,86801,0.4821,385.11,185.661531,酒店之家
2026W25,2026,25,2026-06-15,2026-06-21,成都,中档型,2091,124946,1768,121948,0.5815,238.24,138.53656,酒店之家
2026W25,2026,25,2026-06-15,2026-06-21,成都,全部,25515,574217,10615,513729,0.6204,206.94,128.385576,酒店之家
2026W25,2026,25,2026-06-15,2026-06-21,成都,经济型,22243,293747,7737,236953,0.6527,140.83,91.919741,酒店之家
2026W25,2026,25,2026-06-15,2026-06-21,成都,豪华型,236,51636,226,51513,0.4631,611.66,283.259746,酒店之家
2026W25,2026,25,2026-06-15,2026-06-21,成都,高档型,945,103888,884,103315,0.3533,325.71,115.073343,酒店之家
2026W25,2026,25,2026-06-15,2026-06-21,昆明,中档型,741,53387,650,52568,0.533,201.78,107.54874,酒店之家
2026W25,2026,25,2026-06-15,2026-06-21,昆明,全部,15114,292993,6038,262891,0.5736,168.01,96.370536,酒店之家
2026W25,2026,25,2026-06-15,2026-06-21,昆明,经济型,13987,179406,5017,150280,0.5917,129.89,76.855913,酒店之家
2026W25,2026,25,2026-06-15,2026-06-21,昆明,豪华型,70,17922,66,17882,0.5994,620.78,372.095532,酒店之家
2026W25,2026,25,2026-06-15,2026-06-21,昆明,高档型,316,42278,305,42161,0.5809,294.63,171.150567,酒店之家
2026W25,2026,25,2026-06-15,2026-06-21,杭州,中档型,1793,87302,1034,81052,0.6469,285.01,184.372969,酒店之家
2026W25,2026,25,2026-06-15,2026-06-21,杭州,全部,15410,425633,6288,382676,0.6726,266.7,179.38242,酒店之家
2026W25,2026,25,2026-06-15,2026-06-21,杭州,经济型,12592,196009,4323,160166,0.7019,173.2,121.56908,酒店之家
2026W25,2026,25,2026-06-15,2026-06-21,杭州,豪华型,257,52889,251,52824,0.334,822.25,274.6315,酒店之家
2026W25,2026,25,2026-06-15,2026-06-21,杭州,高档型,768,89433,680,88634,0.5056,371.44,187.800064,酒店之家
2026W25,2026,25,2026-06-15,2026-06-21,武汉,中档型,820,67805,782,67456,0.6499,237.52,154.364248,酒店之家
2026W25,2026,25,2026-06-15,2026-06-21,武汉,全部,10922,301905,5142,274212,0.6479,213.34,138.222986,酒店之家
2026W25,2026,25,2026-06-15,2026-06-21,武汉,经济型,9648,159221,3912,131932,0.6471,153.84,99.549864,酒店之家
2026W25,2026,25,2026-06-15,2026-06-21,武汉,豪华型,82,22006,82,22006,0.8414,584.72,491.983408,酒店之家
2026W25,2026,25,2026-06-15,2026-06-21,武汉,高档型,372,52873,366,52818,0.1087,340.8,37.04496,酒店之家
2026W25,2026,25,2026-06-15,2026-06-21,沈阳,中档型,278,25304,273,25258,0.6201,245.62,152.308962,酒店之家
2026W25,2026,25,2026-06-15,2026-06-21,沈阳,全部,7059,137566,2337,119945,0.6549,214.74,140.633226,酒店之家
2026W25,2026,25,2026-06-15,2026-06-21,沈阳,经济型,6605,80837,1888,63262,0.6659,160.42,106.823678,酒店之家
2026W25,2026,25,2026-06-15,2026-06-21,沈阳,豪华型,31,9957,31,9957,0.6286,704.17,442.641262,酒店之家
2026W25,2026,25,2026-06-15,2026-06-21,沈阳,高档型,145,21468,145,21468,0.3333,351.79,117.251607,酒店之家
2026W25,2026,25,2026-06-15,2026-06-21,深圳,中档型,1015,88415,905,87423,0.5739,273.12,156.743568,酒店之家
2026W25,2026,25,2026-06-15,2026-06-21,深圳,全部,12511,410428,6603,384607,0.6681,254.09,169.757529,酒店之家
2026W25,2026,25,2026-06-15,2026-06-21,深圳,经济型,10869,216314,5092,191697,0.6967,164.72,114.760424,酒店之家
2026W25,2026,25,2026-06-15,2026-06-21,深圳,豪华型,128,33406,126,33393,0.3188,1016.59,324.088892,酒店之家
2026W25,2026,25,2026-06-15,2026-06-21,深圳,高档型,499,72293,480,72094,0.6092,435.62,265.379704,酒店之家
2026W25,2026,25,2026-06-15,2026-06-21,苏州,中档型,922,49630,575,46739,0.6557,278.27,182.461639,酒店之家
2026W25,2026,25,2026-06-15,2026-06-21,苏州,全部,11062,286629,4413,257852,0.6728,247.9,166.78712,酒店之家
2026W25,2026,25,2026-06-15,2026-06-21,苏州,经济型,9545,150250,3296,124878,0.6835,171.76,117.39796,酒店之家
2026W25,2026,25,2026-06-15,2026-06-21,苏州,豪华型,163,38516,157,38450,0.5044,770.72,388.751168,酒店之家
2026W25,2026,25,2026-06-15,2026-06-21,苏州,高档型,432,48233,385,47785,0.7107,369.03,262.269621,酒店之家
2026W25,2026,25,2026-06-15,2026-06-21,西安,中档型,1056,82328,946,81352,0.6862,224.96,154.367552,酒店之家
2026W25,2026,25,2026-06-15,2026-06-21,西安,全部,15580,384454,6919,345093,0.6863,206.7,141.85821,酒店之家
2026W25,2026,25,2026-06-15,2026-06-21,西安,经济型,13929,212616,5390,174348,0.6883,145.61,100.223363,酒店之家
2026W25,2026,25,2026-06-15,2026-06-21,西安,豪华型,108,27121,107,27111,0.7786,614.95,478.80007,酒店之家
2026W25,2026,25,2026-06-15,2026-06-21,西安,高档型,487,62389,476,62282,0.537,307.39,165.06843,酒店之家
2026W25,2026,25,2026-06-15,2026-06-21,郑州,中档型,686,56945,654,56651,0.6362,227.52,144.748224,酒店之家
2026W25,2026,25,2026-06-15,2026-06-21,郑州,全部,8875,273350,5352,255764,0.6208,187.89,116.642112,酒店之家
2026W25,2026,25,2026-06-15,2026-06-21,郑州,经济型,7884,169180,4401,151967,0.6154,136.69,84.119026,酒店之家
2026W25,2026,25,2026-06-15,2026-06-21,郑州,豪华型,41,11928,41,11928,0.4179,611.08,255.370332,酒店之家
2026W25,2026,25,2026-06-15,2026-06-21,郑州,高档型,264,35297,256,35218,0.494,322.73,159.42862,酒店之家
2026W25,2026,25,2026-06-15,2026-06-21,重庆,中档型,1651,98385,1482,96823,0.6421,216.84,139.232964,酒店之家
2026W25,2026,25,2026-06-15,2026-06-21,重庆,全部,24456,522237,11077,459449,0.6191,188.13,116.471283,酒店之家
2026W25,2026,25,2026-06-15,2026-06-21,重庆,经济型,21947,313474,8790,252753,0.6024,138.57,83.474568,酒店之家
2026W25,2026,25,2026-06-15,2026-06-21,重庆,豪华型,137,31546,137,31546,0.25,548.56,137.14,酒店之家
2026W25,2026,25,2026-06-15,2026-06-21,重庆,高档型,721,78832,668,78327,0.8097,315.15,255.176955,酒店之家
2026W25,2026,25,2026-06-15,2026-06-21,长沙,中档型,783,62065,756,61807,0.6934,228.23,158.254682,酒店之家
2026W25,2026,25,2026-06-15,2026-06-21,长沙,全部,13056,313863,6218,283034,0.6627,208.64,138.265728,酒店之家
2026W25,2026,25,2026-06-15,2026-06-21,长沙,经济型,11795,177939,4991,147450,0.6311,151.73,95.756803,酒店之家
2026W25,2026,25,2026-06-15,2026-06-21,长沙,豪华型,91,23363,90,23349,0.1,634.61,63.461,酒店之家
2026W25,2026,25,2026-06-15,2026-06-21,长沙,高档型,387,50496,381,50428,0.8326,310.3,258.35578,酒店之家
2026W25,2026,25,2026-06-15,2026-06-21,青岛,中档型,709,49666,577,48521,0.7854,306.03,240.355962,酒店之家
2026W25,2026,25,2026-06-15,2026-06-21,青岛,全部,15421,262013,4310,229632,0.6987,275.33,192.373071,酒店之家
2026W25,2026,25,2026-06-15,2026-06-21,青岛,经济型,14366,154938,3403,123885,0.6753,204.37,138.011061,酒店之家
2026W25,2026,25,2026-06-15,2026-06-21,青岛,豪华型,76,22600,76,22600,,730.32,,酒店之家
2026W25,2026,25,2026-06-15,2026-06-21,青岛,高档型,270,34809,254,34626,0.8895,443.76,394.72452,酒店之家
2026W26,2026,26,2026-06-22,2026-06-28,上海,中档型,1562,126199,1257,123602,0.6882,315.23,216.941286,酒店之家
2026W26,2026,26,2026-06-22,2026-06-28,上海,全部,16292,554318,6992,522378,0.7075,324.56,229.6262,酒店之家
2026W26,2026,26,2026-06-22,2026-06-28,上海,经济型,13634,231727,4681,202758,0.7207,196.48,141.603136,酒店之家
2026W26,2026,26,2026-06-22,2026-06-28,上海,豪华型,302,83590,298,83562,0.4271,1015.8,433.84818,酒店之家
2026W26,2026,26,2026-06-22,2026-06-28,上海,高档型,794,112802,756,112456,0.7097,484.25,343.672225,酒店之家
2026W26,2026,26,2026-06-22,2026-06-28,东莞,中档型,401,39715,399,39697,0.5889,194.54,114.564606,酒店之家
2026W26,2026,26,2026-06-22,2026-06-28,东莞,全部,6253,231389,4272,218740,0.6225,143.14,89.10465,酒店之家
2026W26,2026,26,2026-06-22,2026-06-28,东莞,经济型,5654,151608,3676,138986,0.6295,111.25,70.031875,酒店之家
2026W26,2026,26,2026-06-22,2026-06-28,东莞,豪华型,37,11562,37,11562,0.5571,588.28,327.730788,酒店之家
2026W26,2026,26,2026-06-22,2026-06-28,东莞,高档型,161,28504,160,28495,0.6187,293.69,181.706003,酒店之家
2026W26,2026,26,2026-06-22,2026-06-28,佛山,中档型,434,36944,396,36638,0.5872,205.71,120.792912,酒店之家
2026W26,2026,26,2026-06-22,2026-06-28,佛山,全部,6551,181918,3292,166726,0.572,171.14,97.89208,酒店之家
2026W26,2026,26,2026-06-22,2026-06-28,佛山,经济型,5886,106959,2668,92099,0.5765,119.44,68.85716,酒店之家
2026W26,2026,26,2026-06-22,2026-06-28,佛山,豪华型,42,11155,42,11155,,558.24,,酒店之家
2026W26,2026,26,2026-06-22,2026-06-28,佛山,高档型,189,26860,186,26834,0.3167,315.4,99.88718,酒店之家
2026W26,2026,26,2026-06-22,2026-06-28,全国,中档型,74440,4643015,59550,4506940,0.5832,224.36,130.846752,酒店之家
2026W26,2026,26,2026-06-22,2026-06-28,全国,全部,1006728,23198448,423359,20623311,0.5765,199.47,114.994455,酒店之家
2026W26,2026,26,2026-06-22,2026-06-28,全国,经济型,896585,13737218,330857,11325962,0.5781,138.97,80.338557,酒店之家
2026W26,2026,26,2026-06-22,2026-06-28,全国,豪华型,6576,1530735,6381,1528675,0.4438,696.42,309.071196,酒店之家
2026W26,2026,26,2026-06-22,2026-06-28,全国,高档型,29127,3287480,26571,3261734,0.5122,336.58,172.396276,酒店之家
2026W26,2026,26,2026-06-22,2026-06-28,北京,中档型,2353,158020,1756,153573,0.7751,381.51,295.708401,酒店之家
2026W26,2026,26,2026-06-22,2026-06-28,北京,全部,19096,594950,7274,549999,0.7303,358.92,262.119276,酒店之家
2026W26,2026,26,2026-06-22,2026-06-28,北京,经济型,15794,262864,4612,222726,0.7049,247,174.1103,酒店之家
2026W26,2026,26,2026-06-22,2026-06-28,北京,豪华型,195,58130,191,58086,0.3209,1119.84,359.356656,酒店之家
2026W26,2026,26,2026-06-22,2026-06-28,北京,高档型,754,115936,715,115614,0.6303,555.95,350.415285,酒店之家
2026W26,2026,26,2026-06-22,2026-06-28,南京,中档型,781,59631,690,58773,0.6421,257.12,165.096752,酒店之家
2026W26,2026,26,2026-06-22,2026-06-28,南京,全部,9372,263942,4243,244311,0.6199,227.17,140.822683,酒店之家
2026W26,2026,26,2026-06-22,2026-06-28,南京,经济型,8109,131819,3095,113282,0.6113,156.29,95.540077,酒店之家
2026W26,2026,26,2026-06-22,2026-06-28,南京,豪华型,116,28813,114,28792,0.1129,638.28,72.061812,酒店之家
2026W26,2026,26,2026-06-22,2026-06-28,南京,高档型,366,43679,344,43464,0.5706,372.95,212.80527,酒店之家
2026W26,2026,26,2026-06-22,2026-06-28,合肥,中档型,446,40442,436,40346,0.572,218.23,124.82756,酒店之家
2026W26,2026,26,2026-06-22,2026-06-28,合肥,全部,5722,188121,3274,174050,0.6878,180.71,124.292338,酒店之家
2026W26,2026,26,2026-06-22,2026-06-28,合肥,经济型,5053,107342,2617,93384,0.6808,133.21,90.689368,酒店之家
2026W26,2026,26,2026-06-22,2026-06-28,合肥,豪华型,57,17142,57,17142,0.8149,495.95,404.149655,酒店之家
2026W26,2026,26,2026-06-22,2026-06-28,合肥,高档型,166,23195,164,23178,,313.39,,酒店之家
2026W26,2026,26,2026-06-22,2026-06-28,天津,中档型,610,46768,515,45991,0.5877,225.18,132.338286,酒店之家
2026W26,2026,26,2026-06-22,2026-06-28,天津,全部,9905,197357,2962,172221,0.6083,192.55,117.128165,酒店之家
2026W26,2026,26,2026-06-22,2026-06-28,天津,经济型,9072,113397,2225,89052,0.6216,143.47,89.180952,酒店之家
2026W26,2026,26,2026-06-22,2026-06-28,天津,豪华型,43,12101,43,12101,0.1271,643.15,81.744365,酒店之家
2026W26,2026,26,2026-06-22,2026-06-28,天津,高档型,180,25091,179,25077,0.441,330.4,145.7064,酒店之家
2026W26,2026,26,2026-06-22,2026-06-28,广州,中档型,1080,92468,1005,91789,0.6163,255.99,157.766637,酒店之家
2026W26,2026,26,2026-06-22,2026-06-28,广州,全部,15829,493408,8309,464127,0.652,235.28,153.40256,酒店之家
2026W26,2026,26,2026-06-22,2026-06-28,广州,经济型,13966,269394,6533,240911,0.6745,151.57,102.233965,酒店之家
2026W26,2026,26,2026-06-22,2026-06-28,广州,豪华型,146,44695,146,44695,0.5042,881.04,444.220368,酒店之家
2026W26,2026,26,2026-06-22,2026-06-28,广州,高档型,637,86851,625,86732,0.6456,378,244.0368,酒店之家
2026W26,2026,26,2026-06-22,2026-06-28,成都,中档型,2088,124762,1766,121774,0.6074,227.19,137.995206,酒店之家
2026W26,2026,26,2026-06-22,2026-06-28,成都,全部,25680,573466,10592,512775,0.6381,196.91,125.648271,酒店之家
2026W26,2026,26,2026-06-22,2026-06-28,成都,经济型,22410,292963,7713,235940,0.6591,128.76,84.865716,酒店之家
2026W26,2026,26,2026-06-22,2026-06-28,成都,豪华型,235,51525,225,51402,0.2673,624.3,166.87539,酒店之家
2026W26,2026,26,2026-06-22,2026-06-28,成都,高档型,947,104216,888,103659,0.4686,316.99,148.541514,酒店之家
2026W26,2026,26,2026-06-22,2026-06-28,昆明,中档型,744,53603,653,52784,0.6008,200.67,120.562536,酒店之家
2026W26,2026,26,2026-06-22,2026-06-28,昆明,全部,15199,293031,6039,262898,0.6071,165.33,100.371843,酒店之家
2026W26,2026,26,2026-06-22,2026-06-28,昆明,经济型,14069,179244,5015,150087,0.61,121.59,74.1699,酒店之家
2026W26,2026,26,2026-06-22,2026-06-28,昆明,豪华型,70,17886,66,17846,0.7895,591.35,466.870825,酒店之家
2026W26,2026,26,2026-06-22,2026-06-28,昆明,高档型,316,42298,305,42181,0.5044,294.38,148.485272,酒店之家
2026W26,2026,26,2026-06-22,2026-06-28,杭州,中档型,1795,87329,1036,81092,0.7201,275.63,198.481163,酒店之家
2026W26,2026,26,2026-06-22,2026-06-28,杭州,全部,15387,425472,6285,382642,0.7036,260.54,183.315944,酒店之家
2026W26,2026,26,2026-06-22,2026-06-28,杭州,经济型,12566,195727,4317,159999,0.7067,161.42,114.075514,酒店之家
2026W26,2026,26,2026-06-22,2026-06-28,杭州,豪华型,257,52889,251,52824,0.355,801.23,284.43665,酒店之家
2026W26,2026,26,2026-06-22,2026-06-28,杭州,高档型,769,89527,681,88727,0.5469,376.53,205.924257,酒店之家
2026W26,2026,26,2026-06-22,2026-06-28,武汉,中档型,819,67801,781,67452,0.6437,217.51,140.011187,酒店之家
2026W26,2026,26,2026-06-22,2026-06-28,武汉,全部,10909,301591,5140,273994,0.6043,198.43,119.911249,酒店之家
2026W26,2026,26,2026-06-22,2026-06-28,武汉,经济型,9634,158714,3909,131521,0.5894,136.27,80.317538,酒店之家
2026W26,2026,26,2026-06-22,2026-06-28,武汉,豪华型,83,22151,83,22151,0.688,579.9,398.9712,酒店之家
2026W26,2026,26,2026-06-22,2026-06-28,武汉,高档型,373,52925,367,52870,0.1232,326.79,40.260528,酒店之家
2026W26,2026,26,2026-06-22,2026-06-28,沈阳,中档型,277,25150,272,25104,0.737,226.78,167.13686,酒店之家
2026W26,2026,26,2026-06-22,2026-06-28,沈阳,全部,7079,137360,2335,119741,0.6802,192.56,130.979312,酒店之家
2026W26,2026,26,2026-06-22,2026-06-28,沈阳,经济型,6626,80794,1887,63221,0.6861,139.17,95.484537,酒店之家
2026W26,2026,26,2026-06-22,2026-06-28,沈阳,豪华型,31,9957,31,9957,0.3208,693.92,222.609536,酒店之家
2026W26,2026,26,2026-06-22,2026-06-28,沈阳,高档型,145,21459,145,21459,0.2331,332.98,77.617638,酒店之家
2026W26,2026,26,2026-06-22,2026-06-28,深圳,中档型,1016,88550,906,87558,0.6628,269.96,178.929488,酒店之家
2026W26,2026,26,2026-06-22,2026-06-28,深圳,全部,12513,409333,6572,383521,0.6818,252.09,171.874962,酒店之家
2026W26,2026,26,2026-06-22,2026-06-28,深圳,经济型,10870,215143,5060,190535,0.6888,154.28,106.268064,酒店之家
2026W26,2026,26,2026-06-22,2026-06-28,深圳,豪华型,128,33415,126,33402,0.4125,994.87,410.383875,酒店之家
2026W26,2026,26,2026-06-22,2026-06-28,深圳,高档型,499,72225,480,72026,0.5824,443.72,258.422528,酒店之家
2026W26,2026,26,2026-06-22,2026-06-28,苏州,中档型,924,49809,577,46916,0.6419,258.82,166.136558,酒店之家
2026W26,2026,26,2026-06-22,2026-06-28,苏州,全部,11067,286471,4409,257704,0.6496,229.33,148.972768,酒店之家
2026W26,2026,26,2026-06-22,2026-06-28,苏州,经济型,9547,149741,3289,124381,0.659,154.75,101.98025,酒店之家
2026W26,2026,26,2026-06-22,2026-06-28,苏州,豪华型,164,38548,158,38482,0.442,704.06,311.19452,酒店之家
2026W26,2026,26,2026-06-22,2026-06-28,苏州,高档型,432,48373,385,47925,0.5735,363.06,208.21491,酒店之家
2026W26,2026,26,2026-06-22,2026-06-28,西安,中档型,1057,82409,947,81433,0.7579,211.53,160.318587,酒店之家
2026W26,2026,26,2026-06-22,2026-06-28,西安,全部,15672,384390,6908,344983,0.7047,198.64,139.981608,酒店之家
2026W26,2026,26,2026-06-22,2026-06-28,西安,经济型,14021,212470,5379,174156,0.674,133,89.642,酒店之家
2026W26,2026,26,2026-06-22,2026-06-28,西安,豪华型,108,27121,107,27111,0.7205,637.07,459.008935,酒店之家
2026W26,2026,26,2026-06-22,2026-06-28,西安,高档型,486,62390,475,62283,0.7252,299.44,217.153888,酒店之家
2026W26,2026,26,2026-06-22,2026-06-28,郑州,中档型,689,57330,657,57036,0.7214,220.31,158.931634,酒店之家
2026W26,2026,26,2026-06-22,2026-06-28,郑州,全部,8966,273061,5338,255458,0.6522,184.47,120.311334,酒店之家
2026W26,2026,26,2026-06-22,2026-06-28,郑州,经济型,7972,168624,4384,151394,0.6186,126.92,78.512712,酒店之家
2026W26,2026,26,2026-06-22,2026-06-28,郑州,豪华型,41,11928,41,11928,0.5505,626.83,345.069915,酒店之家
2026W26,2026,26,2026-06-22,2026-06-28,郑州,高档型,264,35179,256,35100,0.4796,322.6,154.71896,酒店之家
2026W26,2026,26,2026-06-22,2026-06-28,重庆,中档型,1659,98821,1488,97234,0.6688,210.14,140.541632,酒店之家
2026W26,2026,26,2026-06-22,2026-06-28,重庆,全部,24546,522450,11085,459723,0.6383,182.15,116.266345,酒店之家
2026W26,2026,26,2026-06-22,2026-06-28,重庆,经济型,22026,312878,8788,252236,0.6186,130.25,80.57265,酒店之家
2026W26,2026,26,2026-06-22,2026-06-28,重庆,豪华型,137,31546,137,31546,0.1304,562.57,73.359128,酒店之家
2026W26,2026,26,2026-06-22,2026-06-28,重庆,高档型,724,79205,672,78707,0.8062,312.71,252.106802,酒店之家
2026W26,2026,26,2026-06-22,2026-06-28,长沙,中档型,787,62356,760,62098,0.7351,210.39,154.657689,酒店之家
2026W26,2026,26,2026-06-22,2026-06-28,长沙,全部,13094,313633,6216,282820,0.6868,193.86,133.143048,酒店之家
2026W26,2026,26,2026-06-22,2026-06-28,长沙,经济型,11829,177544,4985,147071,0.6394,135.63,86.721822,酒店之家
2026W26,2026,26,2026-06-22,2026-06-28,长沙,豪华型,90,23102,89,23088,0.08,605.15,48.412,酒店之家
2026W26,2026,26,2026-06-22,2026-06-28,长沙,高档型,388,50631,382,50563,0.8853,304.27,269.370231,酒店之家
2026W26,2026,26,2026-06-22,2026-06-28,青岛,中档型,711,49597,579,48448,0.7738,287.6,222.54488,酒店之家
2026W26,2026,26,2026-06-22,2026-06-28,青岛,全部,15639,263037,4328,230342,0.683,261.03,178.28349,酒店之家
2026W26,2026,26,2026-06-22,2026-06-28,青岛,经济型,14579,155694,3416,124331,0.6453,179.73,115.979769,酒店之家
2026W26,2026,26,2026-06-22,2026-06-28,青岛,豪华型,77,22656,77,22656,,746,,酒店之家
2026W26,2026,26,2026-06-22,2026-06-28,青岛,高档型,272,35090,256,34907,0.9242,439.29,405.991818,酒店之家
2026W27,2026,27,2026-06-29,2026-07-05,上海,中档型,1564,126829,1261,124246,0.6716,319.76,214.750816,酒店之家
2026W27,2026,27,2026-06-29,2026-07-05,上海,全部,16373,555556,7001,523503,0.725,318.22,230.7095,酒店之家
2026W27,2026,27,2026-06-29,2026-07-05,上海,经济型,13710,231747,4683,202651,0.7507,204.58,153.578206,酒店之家
2026W27,2026,27,2026-06-29,2026-07-05,上海,豪华型,303,83874,299,83846,0.4219,976.81,412.116139,酒店之家
2026W27,2026,27,2026-06-29,2026-07-05,上海,高档型,796,113106,758,112760,0.6712,481.05,322.88076,酒店之家
2026W27,2026,27,2026-06-29,2026-07-05,东莞,中档型,404,39944,402,39926,0.6239,195.83,122.178337,酒店之家
2026W27,2026,27,2026-06-29,2026-07-05,东莞,全部,6270,231893,4279,219202,0.6578,141.94,93.368132,酒店之家
2026W27,2026,27,2026-06-29,2026-07-05,东莞,经济型,5669,151903,3681,139239,0.6641,111.96,74.352636,酒店之家
2026W27,2026,27,2026-06-29,2026-07-05,东莞,豪华型,38,11688,38,11688,0.7385,583.25,430.730125,酒店之家
2026W27,2026,27,2026-06-29,2026-07-05,东莞,高档型,159,28358,158,28349,0.6308,283.06,178.554248,酒店之家
2026W27,2026,27,2026-06-29,2026-07-05,佛山,中档型,436,36896,398,36590,0.5831,204.31,119.133161,酒店之家
2026W27,2026,27,2026-06-29,2026-07-05,佛山,全部,6544,181897,3290,166704,0.5796,167.54,97.106184,酒店之家
2026W27,2026,27,2026-06-29,2026-07-05,佛山,经济型,5878,106934,2664,92067,0.5838,119.04,69.495552,酒店之家
2026W27,2026,27,2026-06-29,2026-07-05,佛山,豪华型,42,11155,42,11155,0.1333,541.1,72.12863,酒店之家
2026W27,2026,27,2026-06-29,2026-07-05,佛山,高档型,188,26912,186,26892,0.46,312.26,143.6396,酒店之家
2026W27,2026,27,2026-06-29,2026-07-05,全国,中档型,74587,4652434,59684,4516225,0.5677,230.38,130.786726,酒店之家
2026W27,2026,27,2026-06-29,2026-07-05,全国,全部,1009537,23232852,423876,20659131,0.5763,203.16,117.081108,酒店之家
2026W27,2026,27,2026-06-29,2026-07-05,全国,经济型,899082,13745087,331096,11335612,0.5848,143.53,83.936344,酒店之家
2026W27,2026,27,2026-06-29,2026-07-05,全国,豪华型,6602,1536383,6406,1534314,0.4325,709.93,307.044725,酒店之家
2026W27,2026,27,2026-06-29,2026-07-05,全国,高档型,29266,3298948,26690,3272980,0.5087,344.08,175.033496,酒店之家
2026W27,2026,27,2026-06-29,2026-07-05,北京,中档型,2355,158232,1758,153795,0.7576,382.8,290.00928,酒店之家
2026W27,2026,27,2026-06-29,2026-07-05,北京,全部,19114,596596,7298,551749,0.7345,358.86,263.58267,酒店之家
2026W27,2026,27,2026-06-29,2026-07-05,北京,经济型,15806,263726,4630,223682,0.7225,258.82,186.99745,酒店之家
2026W27,2026,27,2026-06-29,2026-07-05,北京,豪华型,196,58402,192,58358,0.3344,1058.13,353.838672,酒店之家
2026W27,2026,27,2026-06-29,2026-07-05,北京,高档型,757,116236,718,115914,0.7066,551.74,389.859484,酒店之家
2026W27,2026,27,2026-06-29,2026-07-05,南京,中档型,785,59918,695,59073,0.6335,272.19,172.432365,酒店之家
2026W27,2026,27,2026-06-29,2026-07-05,南京,全部,9347,263849,4242,244325,0.64,237.31,151.8784,酒店之家
2026W27,2026,27,2026-06-29,2026-07-05,南京,经济型,8079,131452,3088,113009,0.656,164.59,107.97104,酒店之家
2026W27,2026,27,2026-06-29,2026-07-05,南京,豪华型,116,28813,114,28792,0.2706,661.44,178.985664,酒店之家
2026W27,2026,27,2026-06-29,2026-07-05,南京,高档型,367,43666,345,43451,0.6611,386.42,255.462262,酒店之家
2026W27,2026,27,2026-06-29,2026-07-05,合肥,中档型,446,40442,436,40346,0.4796,217.58,104.351368,酒店之家
2026W27,2026,27,2026-06-29,2026-07-05,合肥,全部,5725,188417,3276,174321,0.6438,180.19,116.006322,酒店之家
2026W27,2026,27,2026-06-29,2026-07-05,合肥,经济型,5055,107423,2618,93440,0.6603,132.7,87.62181,酒店之家
2026W27,2026,27,2026-06-29,2026-07-05,合肥,豪华型,57,17142,57,17142,0.4972,491.64,244.443408,酒店之家
2026W27,2026,27,2026-06-29,2026-07-05,合肥,高档型,167,23410,165,23393,,314.35,,酒店之家
2026W27,2026,27,2026-06-29,2026-07-05,天津,中档型,611,46974,516,46197,0.6083,232.35,141.338505,酒店之家
2026W27,2026,27,2026-06-29,2026-07-05,天津,全部,9927,197379,2959,172285,0.6262,199.72,125.064664,酒店之家
2026W27,2026,27,2026-06-29,2026-07-05,天津,经济型,9093,113145,2221,88842,0.6361,146.75,93.347675,酒店之家
2026W27,2026,27,2026-06-29,2026-07-05,天津,豪华型,43,12168,43,12168,0.2177,660.8,143.85616,酒店之家
2026W27,2026,27,2026-06-29,2026-07-05,天津,高档型,180,25092,179,25078,,350.33,,酒店之家
2026W27,2026,27,2026-06-29,2026-07-05,广州,中档型,1084,92680,1008,91991,0.6349,253.26,160.794774,酒店之家
2026W27,2026,27,2026-06-29,2026-07-05,广州,全部,15911,494487,8317,465236,0.6589,229.56,151.257084,酒店之家
2026W27,2026,27,2026-06-29,2026-07-05,广州,经济型,14041,269735,6535,241292,0.6778,151.22,102.496916,酒店之家
2026W27,2026,27,2026-06-29,2026-07-05,广州,豪华型,146,44688,146,44688,0.5473,881.83,482.625559,酒店之家
2026W27,2026,27,2026-06-29,2026-07-05,广州,高档型,640,87384,628,87265,0.574,376.31,216.00194,酒店之家
2026W27,2026,27,2026-06-29,2026-07-05,成都,中档型,2086,124781,1765,121805,0.5835,234.26,136.69071,酒店之家
2026W27,2026,27,2026-06-29,2026-07-05,成都,全部,25784,574049,10599,513175,0.6336,202.05,128.01888,酒店之家
2026W27,2026,27,2026-06-29,2026-07-05,成都,经济型,22514,293444,7720,236240,0.6583,134.22,88.357026,酒店之家
2026W27,2026,27,2026-06-29,2026-07-05,成都,豪华型,235,51373,224,51237,0.3168,628.36,199.064448,酒店之家
2026W27,2026,27,2026-06-29,2026-07-05,成都,高档型,949,104451,890,103893,0.5762,329.56,189.892472,酒店之家
2026W27,2026,27,2026-06-29,2026-07-05,昆明,中档型,745,53610,653,52784,0.6099,205.26,125.188074,酒店之家
2026W27,2026,27,2026-06-29,2026-07-05,昆明,全部,15239,293467,6050,263278,0.6096,171.01,104.247696,酒店之家
2026W27,2026,27,2026-06-29,2026-07-05,昆明,经济型,14107,179495,5025,150289,0.6096,125.79,76.681584,酒店之家
2026W27,2026,27,2026-06-29,2026-07-05,昆明,豪华型,70,17886,66,17846,0.6338,666.39,422.357982,酒店之家
2026W27,2026,27,2026-06-29,2026-07-05,昆明,高档型,317,42476,306,42359,0.5881,300.86,176.935766,酒店之家
2026W27,2026,27,2026-06-29,2026-07-05,杭州,中档型,1801,87648,1040,81395,0.6751,278.26,187.853326,酒店之家
2026W27,2026,27,2026-06-29,2026-07-05,杭州,全部,15397,426613,6299,383653,0.688,257.82,177.38016,酒店之家
2026W27,2026,27,2026-06-29,2026-07-05,杭州,经济型,12567,195911,4324,160065,0.7114,164.36,116.925704,酒店之家
2026W27,2026,27,2026-06-29,2026-07-05,杭州,豪华型,259,53395,253,53334,0.2951,826.03,243.761453,酒店之家
2026W27,2026,27,2026-06-29,2026-07-05,杭州,高档型,770,89659,682,88859,0.5048,369.52,186.533696,酒店之家
2026W27,2026,27,2026-06-29,2026-07-05,武汉,中档型,820,67723,781,67369,0.6322,220.13,139.166186,酒店之家
2026W27,2026,27,2026-06-29,2026-07-05,武汉,全部,10900,301280,5140,273678,0.6327,196.72,124.464744,酒店之家
2026W27,2026,27,2026-06-29,2026-07-05,武汉,经济型,9624,158481,3909,131288,0.633,137.55,87.06915,酒店之家
2026W27,2026,27,2026-06-29,2026-07-05,武汉,豪华型,83,22151,83,22151,0.7256,558.27,405.080712,酒店之家
2026W27,2026,27,2026-06-29,2026-07-05,武汉,高档型,373,52925,367,52870,0.1159,329.44,38.182096,酒店之家
2026W27,2026,27,2026-06-29,2026-07-05,沈阳,中档型,277,25170,272,25124,0.7153,249.89,178.746317,酒店之家
2026W27,2026,27,2026-06-29,2026-07-05,沈阳,全部,7093,137633,2336,119989,0.6682,210.12,140.402184,酒店之家
2026W27,2026,27,2026-06-29,2026-07-05,沈阳,经济型,6639,80954,1887,63356,0.6757,152.43,102.996951,酒店之家
2026W27,2026,27,2026-06-29,2026-07-05,沈阳,豪华型,31,9957,31,9957,0.5583,711.74,397.364442,酒店之家
2026W27,2026,27,2026-06-29,2026-07-05,沈阳,高档型,146,21552,146,21552,0.1889,361,68.1929,酒店之家
2026W27,2026,27,2026-06-29,2026-07-05,深圳,中档型,1016,88544,906,87552,0.663,272.62,180.74706,酒店之家
2026W27,2026,27,2026-06-29,2026-07-05,深圳,全部,12496,409691,6573,383950,0.7168,249.46,178.812928,酒店之家
2026W27,2026,27,2026-06-29,2026-07-05,深圳,经济型,10850,215069,5058,190532,0.734,155.33,114.01222,酒店之家
2026W27,2026,27,2026-06-29,2026-07-05,深圳,豪华型,128,33414,126,33401,0.608,1022.69,621.79552,酒店之家
2026W27,2026,27,2026-06-29,2026-07-05,深圳,高档型,502,72664,483,72465,,441.66,,酒店之家
2026W27,2026,27,2026-06-29,2026-07-05,苏州,中档型,924,49769,576,46866,0.6252,256.76,160.526352,酒店之家
2026W27,2026,27,2026-06-29,2026-07-05,苏州,全部,11080,286474,4419,257741,0.6762,224.8,152.00976,酒店之家
2026W27,2026,27,2026-06-29,2026-07-05,苏州,经济型,9561,150155,3301,124839,0.707,155.11,109.66277,酒店之家
2026W27,2026,27,2026-06-29,2026-07-05,苏州,豪华型,162,38066,156,38000,0.5558,722.82,401.743356,酒店之家
2026W27,2026,27,2026-06-29,2026-07-05,苏州,高档型,433,48484,386,48036,0.6238,354.88,221.374144,酒店之家
2026W27,2026,27,2026-06-29,2026-07-05,西安,中档型,1066,83292,956,82307,0.7017,218.32,153.195144,酒店之家
2026W27,2026,27,2026-06-29,2026-07-05,西安,全部,15680,385401,6922,346099,0.6871,200.04,137.447484,酒店之家
2026W27,2026,27,2026-06-29,2026-07-05,西安,经济型,14018,212222,5382,174022,0.6778,137.59,93.258502,酒店之家
2026W27,2026,27,2026-06-29,2026-07-05,西安,豪华型,109,27259,108,27249,0.6704,629.56,422.057024,酒店之家
2026W27,2026,27,2026-06-29,2026-07-05,西安,高档型,487,62628,476,62521,0.7633,307.59,234.783447,酒店之家
2026W27,2026,27,2026-06-29,2026-07-05,郑州,中档型,689,57312,657,57018,0.6612,217.05,143.51346,酒店之家
2026W27,2026,27,2026-06-29,2026-07-05,郑州,全部,9040,273822,5342,256129,0.647,179.59,116.19473,酒店之家
2026W27,2026,27,2026-06-29,2026-07-05,郑州,经济型,8044,169059,4386,151739,0.6461,127.6,82.44236,酒店之家
2026W27,2026,27,2026-06-29,2026-07-05,郑州,豪华型,41,11928,41,11928,0.1,600.53,60.053,酒店之家
2026W27,2026,27,2026-06-29,2026-07-05,郑州,高档型,266,35523,258,35444,0.4993,321.52,160.534936,酒店之家
2026W27,2026,27,2026-06-29,2026-07-05,重庆,中档型,1657,98394,1486,96807,0.6672,214.46,143.087712,酒店之家
2026W27,2026,27,2026-06-29,2026-07-05,重庆,全部,24569,522503,11099,459864,0.6392,184.24,117.766208,酒店之家
2026W27,2026,27,2026-06-29,2026-07-05,重庆,经济型,22044,312450,8797,251904,0.6228,133.22,82.969416,酒店之家
2026W27,2026,27,2026-06-29,2026-07-05,重庆,豪华型,137,31546,137,31546,,561.43,,酒店之家
2026W27,2026,27,2026-06-29,2026-07-05,重庆,高档型,731,80113,679,79607,0.7501,318.45,238.869345,酒店之家
2026W27,2026,27,2026-06-29,2026-07-05,长沙,中档型,786,62218,759,61960,0.7212,220.63,159.118356,酒店之家
2026W27,2026,27,2026-06-29,2026-07-05,长沙,全部,13098,313108,6211,282490,0.6898,199.62,137.697876,酒店之家
2026W27,2026,27,2026-06-29,2026-07-05,长沙,经济型,11835,177364,4982,147086,0.6597,143.27,94.515219,酒店之家
2026W27,2026,27,2026-06-29,2026-07-05,长沙,豪华型,90,23101,89,23087,0.0313,614.47,19.232911,酒店之家
2026W27,2026,27,2026-06-29,2026-07-05,长沙,高档型,387,50425,381,50357,0.8178,310.48,253.910544,酒店之家
2026W27,2026,27,2026-06-29,2026-07-05,青岛,中档型,715,49926,583,48767,0.7116,325.86,231.881976,酒店之家
2026W27,2026,27,2026-06-29,2026-07-05,青岛,全部,15919,265327,4344,232312,0.6607,290.8,192.13156,酒店之家
2026W27,2026,27,2026-06-29,2026-07-05,青岛,经济型,14850,156610,3423,124937,0.6379,209.04,133.346616,酒店之家
2026W27,2026,27,2026-06-29,2026-07-05,青岛,豪华型,78,22889,78,22889,0.093,836.01,77.74893,酒店之家
2026W27,2026,27,2026-06-29,2026-07-05,青岛,高档型,276,35902,260,35719,0.8494,492.64,418.448416,酒店之家
2026W28,2026,28,2026-07-06,2026-07-12,上海,中档型,1566,126982,1263,124399,0.7594,342.18,259.851492,酒店之家
2026W28,2026,28,2026-07-06,2026-07-12,上海,全部,16374,556359,7001,524307,0.7974,334.75,266.92965,酒店之家
2026W28,2026,28,2026-07-06,2026-07-12,上海,经济型,13705,232030,4677,202935,0.8208,227.52,186.748416,酒店之家
2026W28,2026,28,2026-07-06,2026-07-12,上海,豪华型,305,84065,301,84037,0.4127,976.52,403.009804,酒店之家
2026W28,2026,28,2026-07-06,2026-07-12,上海,高档型,798,113282,760,112936,0.7435,491.52,365.44512,酒店之家
2026W28,2026,28,2026-07-06,2026-07-12,东莞,中档型,405,39994,403,39976,0.6617,195.32,129.243244,酒店之家
2026W28,2026,28,2026-07-06,2026-07-12,东莞,全部,6282,232384,4295,219783,0.6883,142.99,98.420017,酒店之家
2026W28,2026,28,2026-07-06,2026-07-12,东莞,经济型,5680,152344,3696,139770,0.6942,112.45,78.06279,酒店之家
2026W28,2026,28,2026-07-06,2026-07-12,东莞,豪华型,38,11688,38,11688,0.7681,611.24,469.493444,酒店之家
2026W28,2026,28,2026-07-06,2026-07-12,东莞,高档型,159,28358,158,28349,0.5594,288.81,161.560314,酒店之家
2026W28,2026,28,2026-07-06,2026-07-12,佛山,中档型,436,36893,398,36587,0.6637,215.74,143.186638,酒店之家
2026W28,2026,28,2026-07-06,2026-07-12,佛山,全部,6567,182326,3302,167114,0.6423,174.09,111.818007,酒店之家
2026W28,2026,28,2026-07-06,2026-07-12,佛山,经济型,5900,107245,2675,92359,0.6398,124.43,79.610314,酒店之家
2026W28,2026,28,2026-07-06,2026-07-12,佛山,豪华型,42,11155,42,11155,0.2667,547.42,145.996914,酒店之家
2026W28,2026,28,2026-07-06,2026-07-12,佛山,高档型,189,27033,187,27013,0.5407,330.38,178.636466,酒店之家
2026W28,2026,28,2026-07-06,2026-07-12,全国,中档型,74963,4671124,60000,4534310,0.6166,240.43,148.249138,酒店之家
2026W28,2026,28,2026-07-06,2026-07-12,全国,全部,1017447,23313569,425371,20723604,0.6234,209.64,130.689576,酒店之家
2026W28,2026,28,2026-07-06,2026-07-12,全国,经济型,906444,13792323,332123,11367418,0.6317,150.27,94.925559,酒店之家
2026W28,2026,28,2026-07-06,2026-07-12,全国,豪华型,6626,1539534,6429,1537456,0.4678,722.9,338.17262,酒店之家
2026W28,2026,28,2026-07-06,2026-07-12,全国,高档型,29414,3310588,26819,3284420,0.5503,356.97,196.440591,酒店之家
2026W28,2026,28,2026-07-06,2026-07-12,北京,中档型,2363,159141,1764,154687,0.7972,395.26,315.101272,酒店之家
2026W28,2026,28,2026-07-06,2026-07-12,北京,全部,19212,598672,7320,553724,0.7806,368.44,287.604264,酒店之家
2026W28,2026,28,2026-07-06,2026-07-12,北京,经济型,15895,264609,4645,224481,0.7742,271.92,210.520464,酒店之家
2026W28,2026,28,2026-07-06,2026-07-12,北京,豪华型,196,58406,192,58362,0.3928,1075.14,422.314992,酒店之家
2026W28,2026,28,2026-07-06,2026-07-12,北京,高档型,758,116516,719,116194,0.7054,555,391.497,酒店之家
2026W28,2026,28,2026-07-06,2026-07-12,南京,中档型,789,60076,698,59218,0.6504,270.96,176.232384,酒店之家
2026W28,2026,28,2026-07-06,2026-07-12,南京,全部,9337,264012,4247,244568,0.6631,236.36,156.730316,酒店之家
2026W28,2026,28,2026-07-06,2026-07-12,南京,经济型,8064,131275,3089,112925,0.6945,172.99,120.141555,酒店之家
2026W28,2026,28,2026-07-06,2026-07-12,南京,豪华型,116,28813,114,28792,0.1884,640.51,120.672084,酒店之家
2026W28,2026,28,2026-07-06,2026-07-12,南京,高档型,368,43848,346,43633,0.5806,379.44,220.302864,酒店之家
2026W28,2026,28,2026-07-06,2026-07-12,合肥,中档型,446,40460,437,40374,0.5375,216.43,116.331125,酒店之家
2026W28,2026,28,2026-07-06,2026-07-12,合肥,全部,5753,188781,3288,174658,0.7118,178.4,126.98512,酒店之家
2026W28,2026,28,2026-07-06,2026-07-12,合肥,经济型,5083,107773,2629,93753,0.7159,130.28,93.267452,酒店之家
2026W28,2026,28,2026-07-06,2026-07-12,合肥,豪华型,57,17142,57,17142,0.727,478.9,348.1603,酒店之家
2026W28,2026,28,2026-07-06,2026-07-12,合肥,高档型,167,23406,165,23389,,313.21,,酒店之家
2026W28,2026,28,2026-07-06,2026-07-12,天津,中档型,613,46974,517,46192,0.6751,238.35,160.910085,酒店之家
2026W28,2026,28,2026-07-06,2026-07-12,天津,全部,9936,197662,2966,172564,0.6771,205.08,138.859668,酒店之家
2026W28,2026,28,2026-07-06,2026-07-12,天津,经济型,9098,113292,2225,88990,0.6831,154.51,105.545781,酒店之家
2026W28,2026,28,2026-07-06,2026-07-12,天津,豪华型,43,12168,43,12168,0.0615,655.06,40.28619,酒店之家
2026W28,2026,28,2026-07-06,2026-07-12,天津,高档型,182,25228,181,25214,0.5057,353.33,178.678981,酒店之家
2026W28,2026,28,2026-07-06,2026-07-12,广州,中档型,1086,92729,1010,92040,0.7146,264.52,189.025992,酒店之家
2026W28,2026,28,2026-07-06,2026-07-12,广州,全部,15861,493474,8310,464310,0.7296,240.53,175.490688,酒店之家
2026W28,2026,28,2026-07-06,2026-07-12,广州,经济型,13986,268614,6523,240258,0.7432,160.77,119.484264,酒店之家
2026W28,2026,28,2026-07-06,2026-07-12,广州,豪华型,146,44685,146,44685,0.5796,897.58,520.237368,酒店之家
2026W28,2026,28,2026-07-06,2026-07-12,广州,高档型,643,87446,631,87327,0.7188,390.77,280.885476,酒店之家
2026W28,2026,28,2026-07-06,2026-07-12,成都,中档型,2091,124963,1771,121993,0.641,245.03,157.06423,酒店之家
2026W28,2026,28,2026-07-06,2026-07-12,成都,全部,25913,576058,10632,514895,0.6782,207.91,141.004562,酒店之家
2026W28,2026,28,2026-07-06,2026-07-12,成都,经济型,22631,294760,7742,237280,0.696,141.59,98.54664,酒店之家
2026W28,2026,28,2026-07-06,2026-07-12,成都,豪华型,236,51553,225,51417,0.675,635.66,429.0705,酒店之家
2026W28,2026,28,2026-07-06,2026-07-12,成都,高档型,955,104782,894,104205,0.6398,336.4,215.22872,酒店之家
2026W28,2026,28,2026-07-06,2026-07-12,昆明,中档型,747,53884,655,53058,0.7502,228.67,171.548234,酒店之家
2026W28,2026,28,2026-07-06,2026-07-12,昆明,全部,15276,293982,6056,263703,0.7342,183.55,134.76241,酒店之家
2026W28,2026,28,2026-07-06,2026-07-12,昆明,经济型,14141,179727,5028,150431,0.729,139.02,101.34558,酒店之家
2026W28,2026,28,2026-07-06,2026-07-12,昆明,豪华型,70,17886,66,17846,0.7457,677.66,505.331062,酒店之家
2026W28,2026,28,2026-07-06,2026-07-12,昆明,高档型,318,42485,307,42368,0.6071,327.46,198.800966,酒店之家
2026W28,2026,28,2026-07-06,2026-07-12,杭州,中档型,1804,87339,1038,81046,0.6697,281.98,188.842006,酒店之家
2026W28,2026,28,2026-07-06,2026-07-12,杭州,全部,15414,427125,6312,384027,0.7001,252.88,177.041288,酒店之家
2026W28,2026,28,2026-07-06,2026-07-12,杭州,经济型,12577,196526,4337,160598,0.7327,168.37,123.364699,酒店之家
2026W28,2026,28,2026-07-06,2026-07-12,杭州,豪华型,259,53395,253,53334,0.2233,815.06,182.002898,酒店之家
2026W28,2026,28,2026-07-06,2026-07-12,杭州,高档型,774,89865,684,89049,0.4604,372.77,171.623308,酒店之家
2026W28,2026,28,2026-07-06,2026-07-12,武汉,中档型,821,67754,782,67400,0.6758,223.79,151.237282,酒店之家
2026W28,2026,28,2026-07-06,2026-07-12,武汉,全部,10901,301308,5154,273725,0.6598,198.65,131.06927,酒店之家
2026W28,2026,28,2026-07-06,2026-07-12,武汉,经济型,9624,158844,3922,131670,0.6523,137.83,89.906509,酒店之家
2026W28,2026,28,2026-07-06,2026-07-12,武汉,豪华型,83,21790,83,21790,0.8876,582.53,517.053628,酒店之家
2026W28,2026,28,2026-07-06,2026-07-12,武汉,高档型,373,52920,367,52865,0.0761,333.11,25.349671,酒店之家
2026W28,2026,28,2026-07-06,2026-07-12,沈阳,中档型,278,25203,273,25157,0.8212,263.3,216.22196,酒店之家
2026W28,2026,28,2026-07-06,2026-07-12,沈阳,全部,7146,138171,2351,120442,0.7503,219.87,164.968461,酒店之家
2026W28,2026,28,2026-07-06,2026-07-12,沈阳,经济型,6690,81342,1900,63659,0.7467,163.12,121.801704,酒店之家
2026W28,2026,28,2026-07-06,2026-07-12,沈阳,豪华型,31,9957,31,9957,0.3836,747.84,286.871424,酒店之家
2026W28,2026,28,2026-07-06,2026-07-12,沈阳,高档型,147,21669,147,21669,0.6848,382.02,261.607296,酒店之家
2026W28,2026,28,2026-07-06,2026-07-12,深圳,中档型,1018,88725,906,87706,0.7187,285.56,205.231972,酒店之家
2026W28,2026,28,2026-07-06,2026-07-12,深圳,全部,12556,410325,6586,384366,0.7556,256.76,194.007856,酒店之家
2026W28,2026,28,2026-07-06,2026-07-12,深圳,经济型,10906,215331,5069,190603,0.7651,164.45,125.820695,酒店之家
2026W28,2026,28,2026-07-06,2026-07-12,深圳,豪华型,128,33404,126,33391,0.8105,1038.08,841.36384,酒店之家
2026W28,2026,28,2026-07-06,2026-07-12,深圳,高档型,504,72865,485,72666,0.875,440.37,385.32375,酒店之家
2026W28,2026,28,2026-07-06,2026-07-12,苏州,中档型,928,49930,579,47017,0.6507,254.12,165.355884,酒店之家
2026W28,2026,28,2026-07-06,2026-07-12,苏州,全部,11097,287207,4431,258451,0.6998,219.67,153.725066,酒店之家
2026W28,2026,28,2026-07-06,2026-07-12,苏州,经济型,9573,150372,3309,125043,0.729,157.44,114.77376,酒店之家
2026W28,2026,28,2026-07-06,2026-07-12,苏州,豪华型,163,38377,157,38311,0.5492,681.91,374.504972,酒店之家
2026W28,2026,28,2026-07-06,2026-07-12,苏州,高档型,433,48528,386,48080,0.6131,347.5,213.05225,酒店之家
2026W28,2026,28,2026-07-06,2026-07-12,西安,中档型,1067,83447,957,82473,0.7687,225.81,173.580147,酒店之家
2026W28,2026,28,2026-07-06,2026-07-12,西安,全部,15722,386119,6944,346867,0.7398,202.46,149.779908,酒店之家
2026W28,2026,28,2026-07-06,2026-07-12,西安,经济型,14057,212664,5401,174503,0.7241,142.81,103.408721,酒店之家
2026W28,2026,28,2026-07-06,2026-07-12,西安,豪华型,108,27229,107,27219,0.6686,613.01,409.858486,酒店之家
2026W28,2026,28,2026-07-06,2026-07-12,西安,高档型,490,62779,479,62672,0.7744,313.22,242.557568,酒店之家
2026W28,2026,28,2026-07-06,2026-07-12,郑州,中档型,691,57484,659,57190,0.689,220.97,152.24833,酒店之家
2026W28,2026,28,2026-07-06,2026-07-12,郑州,全部,9128,274061,5345,256146,0.6691,184.65,123.549315,酒店之家
2026W28,2026,28,2026-07-06,2026-07-12,郑州,经济型,8130,169100,4387,151558,0.6617,127.8,84.56526,酒店之家
2026W28,2026,28,2026-07-06,2026-07-12,郑州,豪华型,41,11940,41,11940,0.2667,650.17,173.400339,酒店之家
2026W28,2026,28,2026-07-06,2026-07-12,郑州,高档型,266,35537,258,35458,0.5857,325.62,190.715634,酒店之家
2026W28,2026,28,2026-07-06,2026-07-12,重庆,中档型,1670,98751,1500,97174,0.7242,220.3,159.54126,酒店之家
2026W28,2026,28,2026-07-06,2026-07-12,重庆,全部,24739,525946,11180,463094,0.6863,187.56,128.722428,酒店之家
2026W28,2026,28,2026-07-06,2026-07-12,重庆,经济型,22197,314978,8860,254209,0.6656,137.16,91.293696,酒店之家
2026W28,2026,28,2026-07-06,2026-07-12,重庆,豪华型,138,31687,138,31687,,547.8,,酒店之家
2026W28,2026,28,2026-07-06,2026-07-12,重庆,高档型,734,80530,682,80024,0.7878,327.17,257.744526,酒店之家
2026W28,2026,28,2026-07-06,2026-07-12,长沙,中档型,787,62239,760,61981,0.7804,230.77,180.092908,酒店之家
2026W28,2026,28,2026-07-06,2026-07-12,长沙,全部,13119,313417,6217,282746,0.7702,207.54,159.847308,酒店之家
2026W28,2026,28,2026-07-06,2026-07-12,长沙,经济型,11855,177624,4987,147293,0.7567,154.71,117.069057,酒店之家
2026W28,2026,28,2026-07-06,2026-07-12,长沙,豪华型,87,22800,86,22786,0.7432,629.88,468.126816,酒店之家
2026W28,2026,28,2026-07-06,2026-07-12,长沙,高档型,390,50754,384,50686,0.9111,319.13,290.759343,酒店之家
2026W28,2026,28,2026-07-06,2026-07-12,青岛,中档型,721,50204,588,49031,0.7445,339.33,252.631185,酒店之家
2026W28,2026,28,2026-07-06,2026-07-12,青岛,全部,16209,266960,4372,233529,0.7174,309.07,221.726818,酒店之家
2026W28,2026,28,2026-07-06,2026-07-12,青岛,经济型,15132,157781,3444,125706,0.6963,233.27,162.425901,酒店之家
2026W28,2026,28,2026-07-06,2026-07-12,青岛,豪华型,78,22889,78,22889,0.8435,862.8,727.7718,酒店之家
2026W28,2026,28,2026-07-06,2026-07-12,青岛,高档型,278,36086,262,35903,0.8826,517.88,457.080888,酒店之家
2026W29,2026,29,2026-07-13,2026-07-19,上海,中档型,1564,126670,1262,124109,0.786,360.89,283.65954,酒店之家
2026W29,2026,29,2026-07-13,2026-07-19,上海,全部,16301,555526,6996,523636,0.7967,358.85,285.895795,酒店之家
2026W29,2026,29,2026-07-13,2026-07-19,上海,经济型,13635,231594,4674,202639,0.8194,232.19,190.256486,酒店之家
2026W29,2026,29,2026-07-13,2026-07-19,上海,豪华型,305,84064,301,84036,0.4853,1045.95,507.599535,酒店之家
2026W29,2026,29,2026-07-13,2026-07-19,上海,高档型,797,113198,759,112852,0.6049,530.23,320.736127,酒店之家
2026W29,2026,29,2026-07-13,2026-07-19,东莞,中档型,407,40190,405,40172,0.6883,200.75,138.176225,酒店之家
2026W29,2026,29,2026-07-13,2026-07-19,东莞,全部,6290,232432,4296,219787,0.7045,143.92,101.39164,酒店之家
2026W29,2026,29,2026-07-13,2026-07-19,东莞,经济型,5686,152220,3695,139602,0.7077,113.07,80.019639,酒店之家
2026W29,2026,29,2026-07-13,2026-07-19,东莞,豪华型,38,11688,38,11688,0.7311,571.87,418.094157,酒店之家
2026W29,2026,29,2026-07-13,2026-07-19,东莞,高档型,159,28334,158,28325,0.6764,289.16,195.587824,酒店之家
2026W29,2026,29,2026-07-13,2026-07-19,佛山,中档型,436,36871,398,36569,0.6404,213.28,136.584512,酒店之家
2026W29,2026,29,2026-07-13,2026-07-19,佛山,全部,6573,182286,3303,167064,0.6653,172.2,114.56466,酒店之家
2026W29,2026,29,2026-07-13,2026-07-19,佛山,经济型,5905,107222,2675,92322,0.6748,124.77,84.194796,酒店之家
2026W29,2026,29,2026-07-13,2026-07-19,佛山,豪华型,42,11155,42,11155,0.3,543.01,162.903,酒店之家
2026W29,2026,29,2026-07-13,2026-07-19,佛山,高档型,190,27038,188,27018,0.6509,320.33,208.502797,酒店之家
2026W29,2026,29,2026-07-13,2026-07-19,全国,中档型,75210,4682806,60179,4545380,0.6516,253.74,165.336984,酒店之家
2026W29,2026,29,2026-07-13,2026-07-19,全国,全部,1020894,23336660,425578,20740397,0.6483,221.65,143.695695,酒店之家
2026W29,2026,29,2026-07-13,2026-07-19,全国,经济型,909512,13792845,332038,11362474,0.6537,158.53,103.631061,酒店之家
2026W29,2026,29,2026-07-13,2026-07-19,全国,豪华型,6644,1542176,6447,1540102,0.4797,740.02,354.987594,酒店之家
2026W29,2026,29,2026-07-13,2026-07-19,全国,高档型,29528,3318833,26914,3292441,0.5597,371.57,207.967729,酒店之家
2026W29,2026,29,2026-07-13,2026-07-19,北京,中档型,2364,159976,1769,155559,0.8194,410.41,336.289954,酒店之家
2026W29,2026,29,2026-07-13,2026-07-19,北京,全部,19256,599612,7326,554539,0.7995,380.61,304.297695,酒店之家
2026W29,2026,29,2026-07-13,2026-07-19,北京,经济型,15935,264475,4644,224193,0.796,285,226.86,酒店之家
2026W29,2026,29,2026-07-13,2026-07-19,北京,豪华型,196,58497,192,58453,0.3739,1049.95,392.576305,酒店之家
2026W29,2026,29,2026-07-13,2026-07-19,北京,高档型,761,116664,721,116334,0.6751,567.78,383.308278,酒店之家
2026W29,2026,29,2026-07-13,2026-07-19,南京,中档型,789,60144,697,59277,0.6883,276.81,190.528323,酒店之家
2026W29,2026,29,2026-07-13,2026-07-19,南京,全部,9314,264205,4240,244766,0.6659,243.26,161.986834,酒店之家
2026W29,2026,29,2026-07-13,2026-07-19,南京,经济型,8041,131340,3083,113004,0.6525,174.74,114.01785,酒店之家
2026W29,2026,29,2026-07-13,2026-07-19,南京,豪华型,116,28864,114,28843,0.1738,650.86,113.119468,酒店之家
2026W29,2026,29,2026-07-13,2026-07-19,南京,高档型,368,43857,346,43642,0.7157,387.78,277.534146,酒店之家
2026W29,2026,29,2026-07-13,2026-07-19,合肥,中档型,445,40346,437,40269,0.4592,217.32,99.793344,酒店之家
2026W29,2026,29,2026-07-13,2026-07-19,合肥,全部,5748,188185,3276,174103,0.6978,181.51,126.657678,酒店之家
2026W29,2026,29,2026-07-13,2026-07-19,合肥,经济型,5079,107291,2617,93303,0.7135,129.93,92.705055,酒店之家
2026W29,2026,29,2026-07-13,2026-07-19,合肥,豪华型,57,17142,57,17142,0.5136,472.12,242.480832,酒店之家
2026W29,2026,29,2026-07-13,2026-07-19,合肥,高档型,167,23406,165,23389,,311.47,,酒店之家
2026W29,2026,29,2026-07-13,2026-07-19,天津,中档型,614,47052,518,46270,0.7002,247.58,173.355516,酒店之家
2026W29,2026,29,2026-07-13,2026-07-19,天津,全部,9953,197907,2968,172787,0.6922,211.8,146.60796,酒店之家
2026W29,2026,29,2026-07-13,2026-07-19,天津,经济型,9114,113459,2226,89135,0.6998,159.26,111.450148,酒店之家
2026W29,2026,29,2026-07-13,2026-07-19,天津,豪华型,43,12168,43,12168,0.0788,682.2,53.75736,酒店之家
2026W29,2026,29,2026-07-13,2026-07-19,天津,高档型,182,25228,181,25214,0.3682,371.01,136.605882,酒店之家
2026W29,2026,29,2026-07-13,2026-07-19,广州,中档型,1084,92658,1008,91969,0.7037,266.3,187.39531,酒店之家
2026W29,2026,29,2026-07-13,2026-07-19,广州,全部,15855,493694,8306,464570,0.7356,241.96,177.985776,酒店之家
2026W29,2026,29,2026-07-13,2026-07-19,广州,经济型,13982,268721,6521,240405,0.7652,167.24,127.972048,酒店之家
2026W29,2026,29,2026-07-13,2026-07-19,广州,豪华型,147,44933,147,44933,0.4626,887.96,410.770296,酒店之家
2026W29,2026,29,2026-07-13,2026-07-19,广州,高档型,642,87382,630,87263,0.6362,388.07,246.890134,酒店之家
2026W29,2026,29,2026-07-13,2026-07-19,成都,中档型,2091,125360,1774,122418,0.6596,256.25,169.0225,酒店之家
2026W29,2026,29,2026-07-13,2026-07-19,成都,全部,25928,575206,10609,514105,0.7001,218.25,152.796825,酒店之家
2026W29,2026,29,2026-07-13,2026-07-19,成都,经济型,22648,293598,7717,236142,0.7187,150.02,107.819374,酒店之家
2026W29,2026,29,2026-07-13,2026-07-19,成都,豪华型,237,51660,226,51524,0.8125,623.42,506.52875,酒店之家
2026W29,2026,29,2026-07-13,2026-07-19,成都,高档型,952,104588,892,104021,0.7023,343.89,241.513947,酒店之家
2026W29,2026,29,2026-07-13,2026-07-19,昆明,中档型,749,53968,656,53133,0.7804,253.31,197.683124,酒店之家
2026W29,2026,29,2026-07-13,2026-07-19,昆明,全部,15197,293949,6047,263793,0.7566,205.04,155.133264,酒店之家
2026W29,2026,29,2026-07-13,2026-07-19,昆明,经济型,14059,179490,5017,150326,0.7482,155.32,116.210424,酒店之家
2026W29,2026,29,2026-07-13,2026-07-19,昆明,豪华型,71,18004,67,17964,0.7235,709.42,513.26537,酒店之家
2026W29,2026,29,2026-07-13,2026-07-19,昆明,高档型,318,42487,307,42370,0.5386,348.32,187.605152,酒店之家
2026W29,2026,29,2026-07-13,2026-07-19,杭州,中档型,1812,87553,1039,81220,0.7649,299.75,229.278775,酒店之家
2026W29,2026,29,2026-07-13,2026-07-19,杭州,全部,15482,427248,6308,384074,0.7611,276.65,210.558315,酒店之家
2026W29,2026,29,2026-07-13,2026-07-19,杭州,经济型,12635,196327,4332,160386,0.7706,181.36,139.756016,酒店之家
2026W29,2026,29,2026-07-13,2026-07-19,杭州,豪华型,259,53275,253,53214,0.4966,827.3,410.83718,酒店之家
2026W29,2026,29,2026-07-13,2026-07-19,杭州,高档型,776,90093,684,89254,0.6021,388.8,234.09648,酒店之家
2026W29,2026,29,2026-07-13,2026-07-19,武汉,中档型,821,67713,782,67359,0.6506,229.55,149.34523,酒店之家
2026W29,2026,29,2026-07-13,2026-07-19,武汉,全部,10897,300957,5139,273457,0.6644,206.43,137.152092,酒店之家
2026W29,2026,29,2026-07-13,2026-07-19,武汉,经济型,9619,158381,3906,131290,0.6735,143.03,96.330705,酒店之家
2026W29,2026,29,2026-07-13,2026-07-19,武汉,豪华型,83,21810,83,21810,0.9487,593.62,563.167294,酒店之家
2026W29,2026,29,2026-07-13,2026-07-19,武汉,高档型,374,53053,368,52998,0.1339,342.88,45.911632,酒店之家
2026W29,2026,29,2026-07-13,2026-07-19,沈阳,中档型,279,25325,274,25279,0.7889,270.62,213.492118,酒店之家
2026W29,2026,29,2026-07-13,2026-07-19,沈阳,全部,7110,138252,2348,120584,0.7427,226.02,167.865054,酒店之家
2026W29,2026,29,2026-07-13,2026-07-19,沈阳,经济型,6653,81301,1896,63679,0.744,164.76,122.58144,酒店之家
2026W29,2026,29,2026-07-13,2026-07-19,沈阳,豪华型,31,9957,31,9957,0.247,714.66,176.52102,酒店之家
2026W29,2026,29,2026-07-13,2026-07-19,沈阳,高档型,147,21669,147,21669,0.4545,387.02,175.90059,酒店之家
2026W29,2026,29,2026-07-13,2026-07-19,深圳,中档型,1022,89182,912,88185,0.7336,296.4,217.43904,酒店之家
2026W29,2026,29,2026-07-13,2026-07-19,深圳,全部,12569,410715,6582,384813,0.7819,262.89,205.553691,酒店之家
2026W29,2026,29,2026-07-13,2026-07-19,深圳,经济型,10913,215079,5058,190397,0.7986,171.24,136.752264,酒店之家
2026W29,2026,29,2026-07-13,2026-07-19,深圳,豪华型,128,33405,126,33392,0.3188,1031.45,328.82626,酒店之家
2026W29,2026,29,2026-07-13,2026-07-19,深圳,高档型,506,73049,486,72839,0.5654,451.27,255.148058,酒店之家
2026W29,2026,29,2026-07-13,2026-07-19,苏州,中档型,926,49859,579,46969,0.6751,262.76,177.389276,酒店之家
2026W29,2026,29,2026-07-13,2026-07-19,苏州,全部,11100,287537,4429,258751,0.7068,226.09,159.800412,酒店之家
2026W29,2026,29,2026-07-13,2026-07-19,苏州,经济型,9576,150645,3306,125272,0.7268,159.14,115.662952,酒店之家
2026W29,2026,29,2026-07-13,2026-07-19,苏州,豪华型,163,38377,157,38311,0.5478,698.15,382.44657,酒店之家
2026W29,2026,29,2026-07-13,2026-07-19,苏州,高档型,435,48656,387,48199,0.6473,356.53,230.781869,酒店之家
2026W29,2026,29,2026-07-13,2026-07-19,西安,中档型,1068,83498,958,82524,0.7808,230.53,179.997824,酒店之家
2026W29,2026,29,2026-07-13,2026-07-19,西安,全部,15695,385267,6922,346057,0.7468,208.89,155.999052,酒店之家
2026W29,2026,29,2026-07-13,2026-07-19,西安,经济型,14030,211939,5379,173820,0.7255,145.67,105.683585,酒店之家
2026W29,2026,29,2026-07-13,2026-07-19,西安,豪华型,109,27487,108,27477,0.7915,630.64,499.15156,酒店之家
2026W29,2026,29,2026-07-13,2026-07-19,西安,高档型,488,62343,477,62236,0.7748,317.9,246.30892,酒店之家
2026W29,2026,29,2026-07-13,2026-07-19,郑州,中档型,694,57797,662,57503,0.6878,220.88,151.921264,酒店之家
2026W29,2026,29,2026-07-13,2026-07-19,郑州,全部,9157,274778,5350,256791,0.6607,183.38,121.159166,酒店之家
2026W29,2026,29,2026-07-13,2026-07-19,郑州,经济型,8155,169431,4388,151817,0.6483,127.56,82.697148,酒店之家
2026W29,2026,29,2026-07-13,2026-07-19,郑州,豪华型,41,11940,41,11940,0.5917,602.33,356.398661,酒店之家
2026W29,2026,29,2026-07-13,2026-07-19,郑州,高档型,267,35610,259,35531,0.5568,322.04,179.311872,酒店之家
2026W29,2026,29,2026-07-13,2026-07-19,重庆,中档型,1667,98534,1496,96941,0.7374,225.09,165.981366,酒店之家
2026W29,2026,29,2026-07-13,2026-07-19,重庆,全部,24726,524574,11140,461672,0.7008,193.31,135.471648,酒店之家
2026W29,2026,29,2026-07-13,2026-07-19,重庆,经济型,22185,313419,8822,252611,0.6804,140.96,95.909184,酒店之家
2026W29,2026,29,2026-07-13,2026-07-19,重庆,豪华型,138,31687,138,31687,0.9304,562.06,522.940624,酒店之家
2026W29,2026,29,2026-07-13,2026-07-19,重庆,高档型,736,80934,684,80433,0.7622,326.52,248.873544,酒店之家
2026W29,2026,29,2026-07-13,2026-07-19,长沙,中档型,793,62609,766,62351,0.8372,256.95,215.11854,酒店之家
2026W29,2026,29,2026-07-13,2026-07-19,长沙,全部,13024,312306,6201,281908,0.8138,231.26,188.199388,酒店之家
2026W29,2026,29,2026-07-13,2026-07-19,长沙,经济型,11754,176201,4964,146129,0.7907,169.68,134.165976,酒店之家
2026W29,2026,29,2026-07-13,2026-07-19,长沙,豪华型,87,22819,87,22819,0.9168,702.55,644.09784,酒店之家
2026W29,2026,29,2026-07-13,2026-07-19,长沙,高档型,390,50677,384,50609,0.9416,352.11,331.546776,酒店之家
2026W29,2026,29,2026-07-13,2026-07-19,青岛,中档型,727,50494,593,49308,0.7096,361.08,256.222368,酒店之家
2026W29,2026,29,2026-07-13,2026-07-19,青岛,全部,16483,268508,4393,234612,0.687,320.48,220.16976,酒店之家
2026W29,2026,29,2026-07-13,2026-07-19,青岛,经济型,15395,158582,3455,126055,0.6652,241.38,160.565976,酒店之家
2026W29,2026,29,2026-07-13,2026-07-19,青岛,豪华型,78,22889,78,22889,0.924,884.07,816.88068,酒店之家
2026W29,2026,29,2026-07-13,2026-07-19,青岛,高档型,283,36543,267,36360,0.8604,531.75,457.5177,酒店之家
2026W30,2026,30,2026-07-20,2026-07-26,上海,中档型,1570,127134,1268,124579,0.7771,346.28,269.094188,酒店之家
2026W30,2026,30,2026-07-20,2026-07-26,上海,全部,16305,555655,6998,523780,0.7992,347.87,278.017704,酒店之家
2026W30,2026,30,2026-07-20,2026-07-26,上海,经济型,13634,231554,4671,202608,0.8238,231.05,190.33899,酒店之家
2026W30,2026,30,2026-07-20,2026-07-26,上海,豪华型,305,83947,301,83919,0.4422,971.2,429.46464,酒店之家
2026W30,2026,30,2026-07-20,2026-07-26,上海,高档型,796,113020,758,112674,0.6795,503.26,341.96517,酒店之家
2026W30,2026,30,2026-07-20,2026-07-26,东莞,中档型,407,40190,405,40172,0.6572,198.7,130.58564,酒店之家
2026W30,2026,30,2026-07-20,2026-07-26,东莞,全部,6309,233104,4307,220428,0.6974,144.56,100.816144,酒店之家
2026W30,2026,30,2026-07-20,2026-07-26,东莞,经济型,5704,152603,3705,139954,0.7055,113.54,80.10247,酒店之家
2026W30,2026,30,2026-07-20,2026-07-26,东莞,豪华型,38,11688,38,11688,0.7283,595.88,433.979404,酒店之家
2026W30,2026,30,2026-07-20,2026-07-26,东莞,高档型,160,28623,159,28614,0.6138,289.23,177.529374,酒店之家
2026W30,2026,30,2026-07-20,2026-07-26,佛山,中档型,437,37020,399,36724,0.6267,212.59,133.230153,酒店之家
2026W30,2026,30,2026-07-20,2026-07-26,佛山,全部,6580,182469,3305,167235,0.6368,172.29,109.714272,酒店之家
2026W30,2026,30,2026-07-20,2026-07-26,佛山,经济型,5911,107329,2676,92411,0.6514,124.35,81.00159,酒店之家
2026W30,2026,30,2026-07-20,2026-07-26,佛山,豪华型,42,11155,42,11155,,525.28,,酒店之家
2026W30,2026,30,2026-07-20,2026-07-26,佛山,高档型,190,26965,188,26945,0.371,324.17,120.26707,酒店之家
2026W30,2026,30,2026-07-20,2026-07-26,全国,中档型,75488,4695015,60391,4556947,0.6651,260.98,173.577798,酒店之家
2026W30,2026,30,2026-07-20,2026-07-26,全国,全部,1025179,23372008,426039,20768997,0.6584,229.42,151.050128,酒店之家
2026W30,2026,30,2026-07-20,2026-07-26,全国,经济型,913342,13801664,332134,11365492,0.6614,164.59,108.859826,酒店之家
2026W30,2026,30,2026-07-20,2026-07-26,全国,豪华型,6672,1544228,6472,1542125,0.4982,741.46,369.395372,酒店之家
2026W30,2026,30,2026-07-20,2026-07-26,全国,高档型,29677,3331101,27042,3304433,0.5942,379.88,225.724696,酒店之家
2026W30,2026,30,2026-07-20,2026-07-26,北京,中档型,2368,160053,1770,155609,0.7955,402.19,319.942145,酒店之家
2026W30,2026,30,2026-07-20,2026-07-26,北京,全部,19285,600865,7338,555842,0.7818,381.01,297.873618,酒店之家
2026W30,2026,30,2026-07-20,2026-07-26,北京,经济型,15958,265436,4653,225231,0.7819,284.47,222.427093,酒店之家
2026W30,2026,30,2026-07-20,2026-07-26,北京,豪华型,197,58504,192,58453,0.3881,1022.89,396.983609,酒店之家
2026W30,2026,30,2026-07-20,2026-07-26,北京,高档型,762,116872,723,116549,0.698,564.18,393.79764,酒店之家
2026W30,2026,30,2026-07-20,2026-07-26,南京,中档型,792,60344,700,59477,0.6938,293.13,203.373594,酒店之家
2026W30,2026,30,2026-07-20,2026-07-26,南京,全部,9327,264441,4237,244915,0.6887,259.68,178.841616,酒店之家
2026W30,2026,30,2026-07-20,2026-07-26,南京,经济型,8050,131214,3076,112791,0.6898,186.93,128.944314,酒店之家
2026W30,2026,30,2026-07-20,2026-07-26,南京,豪华型,116,28867,114,28846,0.3979,669.86,266.537294,酒店之家
2026W30,2026,30,2026-07-20,2026-07-26,南京,高档型,369,44016,347,43801,0.732,408.42,298.96344,酒店之家
2026W30,2026,30,2026-07-20,2026-07-26,合肥,中档型,446,40267,437,40180,0.5607,219.2,122.90544,酒店之家
2026W30,2026,30,2026-07-20,2026-07-26,合肥,全部,5758,188096,3278,174063,0.692,184.95,127.9854,酒店之家
2026W30,2026,30,2026-07-20,2026-07-26,合肥,经济型,5087,107158,2618,93229,0.6893,132.68,91.456324,酒店之家
2026W30,2026,30,2026-07-20,2026-07-26,合肥,豪华型,57,17142,57,17142,0.7718,467.73,360.994014,酒店之家
2026W30,2026,30,2026-07-20,2026-07-26,合肥,高档型,168,23529,166,23512,,320.1,,酒店之家
2026W30,2026,30,2026-07-20,2026-07-26,天津,中档型,614,47014,518,46232,0.7744,278.96,216.026624,酒店之家
2026W30,2026,30,2026-07-20,2026-07-26,天津,全部,9974,197842,2963,172653,0.763,236.32,180.31216,酒店之家
2026W30,2026,30,2026-07-20,2026-07-26,天津,经济型,9134,113302,2220,88909,0.7661,177.29,135.821869,酒店之家
2026W30,2026,30,2026-07-20,2026-07-26,天津,豪华型,43,12168,43,12168,0.0919,735,67.5465,酒店之家
2026W30,2026,30,2026-07-20,2026-07-26,天津,高档型,183,25358,182,25344,0.6699,404.44,270.934356,酒店之家
2026W30,2026,30,2026-07-20,2026-07-26,广州,中档型,1084,92762,1009,92082,0.6849,261.92,179.389008,酒店之家
2026W30,2026,30,2026-07-20,2026-07-26,广州,全部,15902,493448,8301,464412,0.7215,239.9,173.08785,酒店之家
2026W30,2026,30,2026-07-20,2026-07-26,广州,经济型,14028,268300,6514,240063,0.748,165,123.42,酒店之家
2026W30,2026,30,2026-07-20,2026-07-26,广州,豪华型,147,44937,147,44937,0.4748,871.77,413.916396,酒店之家
2026W30,2026,30,2026-07-20,2026-07-26,广州,高档型,643,87449,631,87330,0.6387,383.59,244.998933,酒店之家
2026W30,2026,30,2026-07-20,2026-07-26,成都,中档型,2095,125700,1779,122768,0.6563,253.92,166.647696,酒店之家
2026W30,2026,30,2026-07-20,2026-07-26,成都,全部,26014,575752,10607,514509,0.6816,220.65,150.39504,酒店之家
2026W30,2026,30,2026-07-20,2026-07-26,成都,经济型,22723,293481,7703,235873,0.6936,148.56,103.041216,酒店之家
2026W30,2026,30,2026-07-20,2026-07-26,成都,豪华型,237,51706,226,51570,0.7222,634.02,457.889244,酒店之家
2026W30,2026,30,2026-07-20,2026-07-26,成都,高档型,959,104865,899,104298,0.6524,348.24,227.191776,酒店之家
2026W30,2026,30,2026-07-20,2026-07-26,昆明,中档型,751,54075,658,53240,0.8454,265.1,224.11554,酒店之家
2026W30,2026,30,2026-07-20,2026-07-26,昆明,全部,15259,294506,6050,264336,0.7877,219.74,173.089198,酒店之家
2026W30,2026,30,2026-07-20,2026-07-26,昆明,经济型,14117,179678,5016,150500,0.7566,163.67,123.832722,酒店之家
2026W30,2026,30,2026-07-20,2026-07-26,昆明,豪华型,71,18004,67,17964,0.8833,740.25,653.862825,酒店之家
2026W30,2026,30,2026-07-20,2026-07-26,昆明,高档型,320,42749,309,42632,0.6617,370.05,244.862085,酒店之家
2026W30,2026,30,2026-07-20,2026-07-26,杭州,中档型,1815,87497,1041,81148,0.8132,324.24,263.671968,酒店之家
2026W30,2026,30,2026-07-20,2026-07-26,杭州,全部,15494,427804,6317,384616,0.8118,297.44,241.461792,酒店之家
2026W30,2026,30,2026-07-20,2026-07-26,杭州,经济型,12638,196301,4333,160366,0.8222,195.82,161.003204,酒店之家
2026W30,2026,30,2026-07-20,2026-07-26,杭州,豪华型,259,53275,253,53214,0.484,865.96,419.12464,酒店之家
2026W30,2026,30,2026-07-20,2026-07-26,杭州,高档型,782,90731,690,89888,0.6665,409.84,273.15836,酒店之家
2026W30,2026,30,2026-07-20,2026-07-26,武汉,中档型,822,67672,783,67318,0.689,227.03,156.42367,酒店之家
2026W30,2026,30,2026-07-20,2026-07-26,武汉,全部,10909,300844,5136,273435,0.6495,207.51,134.777745,酒店之家
2026W30,2026,30,2026-07-20,2026-07-26,武汉,经济型,9629,158151,3901,131151,0.6458,143.34,92.568972,酒店之家
2026W30,2026,30,2026-07-20,2026-07-26,武汉,豪华型,83,21809,83,21809,0.6535,576.07,376.461745,酒店之家
2026W30,2026,30,2026-07-20,2026-07-26,武汉,高档型,375,53212,369,53157,0.1598,340.95,54.48381,酒店之家
2026W30,2026,30,2026-07-20,2026-07-26,沈阳,中档型,280,25381,275,25336,0.8727,298.41,260.422407,酒店之家
2026W30,2026,30,2026-07-20,2026-07-26,沈阳,全部,7117,138377,2355,120739,0.814,253.17,206.08038,酒店之家
2026W30,2026,30,2026-07-20,2026-07-26,沈阳,经济型,6659,81390,1902,63797,0.8052,186.12,149.863824,酒店之家
2026W30,2026,30,2026-07-20,2026-07-26,沈阳,豪华型,31,9957,31,9957,0.6875,781.38,537.19875,酒店之家
2026W30,2026,30,2026-07-20,2026-07-26,沈阳,高档型,147,21649,147,21649,0.5859,432.35,253.313865,酒店之家
2026W30,2026,30,2026-07-20,2026-07-26,深圳,中档型,1024,89318,914,88321,0.7038,293.79,206.769402,酒店之家
2026W30,2026,30,2026-07-20,2026-07-26,深圳,全部,12607,410546,6577,384556,0.7605,261.21,198.650205,酒店之家
2026W30,2026,30,2026-07-20,2026-07-26,深圳,经济型,10949,214812,5051,190042,0.7788,171.16,133.299408,酒店之家
2026W30,2026,30,2026-07-20,2026-07-26,深圳,豪华型,128,33395,126,33382,0.3188,977.59,311.655692,酒店之家
2026W30,2026,30,2026-07-20,2026-07-26,深圳,高档型,506,73021,486,72811,,453.17,,酒店之家
2026W30,2026,30,2026-07-20,2026-07-26,苏州,中档型,923,49736,576,46847,0.72,281.06,202.3632,酒店之家
2026W30,2026,30,2026-07-20,2026-07-26,苏州,全部,11053,287274,4418,258616,0.7364,243.11,179.026204,酒店之家
2026W30,2026,30,2026-07-20,2026-07-26,苏州,经济型,9532,150552,3298,125305,0.7476,168.46,125.940696,酒店之家
2026W30,2026,30,2026-07-20,2026-07-26,苏州,豪华型,165,38664,159,38598,0.6138,716.6,439.84908,酒店之家
2026W30,2026,30,2026-07-20,2026-07-26,苏州,高档型,433,48322,385,47866,0.6801,374.47,254.677047,酒店之家
2026W30,2026,30,2026-07-20,2026-07-26,西安,中档型,1074,83930,964,82956,0.78,228.35,178.113,酒店之家
2026W30,2026,30,2026-07-20,2026-07-26,西安,全部,15762,386078,6935,346814,0.7426,208.54,154.861804,酒店之家
2026W30,2026,30,2026-07-20,2026-07-26,西安,经济型,14086,212077,5381,173904,0.7217,145.87,105.274379,酒店之家
2026W30,2026,30,2026-07-20,2026-07-26,西安,豪华型,111,27574,110,27564,0.7083,624.85,442.581255,酒店之家
2026W30,2026,30,2026-07-20,2026-07-26,西安,高档型,491,62497,480,62390,0.7216,315.38,227.578208,酒店之家
2026W30,2026,30,2026-07-20,2026-07-26,郑州,中档型,695,57947,663,57653,0.6658,223.02,148.486716,酒店之家
2026W30,2026,30,2026-07-20,2026-07-26,郑州,全部,9155,274376,5341,256353,0.6514,183.71,119.668694,酒店之家
2026W30,2026,30,2026-07-20,2026-07-26,郑州,经济型,8151,168906,4377,151256,0.6475,127.24,82.3879,酒店之家
2026W30,2026,30,2026-07-20,2026-07-26,郑州,豪华型,41,11935,41,11935,0.419,595.38,249.46422,酒店之家
2026W30,2026,30,2026-07-20,2026-07-26,郑州,高档型,268,35588,260,35509,0.5538,320.32,177.393216,酒店之家
2026W30,2026,30,2026-07-20,2026-07-26,重庆,中档型,1675,98953,1505,97382,0.6838,220.29,150.634302,酒店之家
2026W30,2026,30,2026-07-20,2026-07-26,重庆,全部,24808,526375,11169,463353,0.6501,191.84,124.715184,酒店之家
2026W30,2026,30,2026-07-20,2026-07-26,重庆,经济型,22252,314143,8835,253193,0.6288,137.86,86.686368,酒店之家
2026W30,2026,30,2026-07-20,2026-07-26,重庆,豪华型,139,31846,139,31846,0.9371,547.73,513.277783,酒店之家
2026W30,2026,30,2026-07-20,2026-07-26,重庆,高档型,742,81433,690,80932,0.719,321.68,231.28792,酒店之家
2026W30,2026,30,2026-07-20,2026-07-26,长沙,中档型,803,63295,777,63045,0.8296,246.17,204.222632,酒店之家
2026W30,2026,30,2026-07-20,2026-07-26,长沙,全部,13058,313233,6211,282779,0.7963,225.3,179.40639,酒店之家
2026W30,2026,30,2026-07-20,2026-07-26,长沙,经济型,11777,176378,4962,146242,0.7639,169.45,129.442855,酒店之家
2026W30,2026,30,2026-07-20,2026-07-26,长沙,豪华型,87,22819,87,22819,0.8883,631.88,561.299004,酒店之家
2026W30,2026,30,2026-07-20,2026-07-26,长沙,高档型,391,50741,385,50673,0.9461,335.24,317.170564,酒店之家
2026W30,2026,30,2026-07-20,2026-07-26,青岛,中档型,731,50715,596,49515,0.785,411.75,323.22375,酒店之家
2026W30,2026,30,2026-07-20,2026-07-26,青岛,全部,16780,269634,4413,235316,0.7537,364.8,274.94976,酒店之家
2026W30,2026,30,2026-07-20,2026-07-26,青岛,经济型,15687,159468,3471,126533,0.7298,279.2,203.76016,酒店之家
2026W30,2026,30,2026-07-20,2026-07-26,青岛,豪华型,78,22889,78,22889,0.8578,952.04,816.659912,酒店之家
2026W30,2026,30,2026-07-20,2026-07-26,青岛,高档型,284,36562,268,36379,0.9117,584.93,533.280681,酒店之家
2026W31,2026,31,2026-07-27,2026-08-02,上海,中档型,1568,126744,1266,124183,0.7993,361.38,288.851034,酒店之家
2026W31,2026,31,2026-07-27,2026-08-02,上海,全部,16411,556380,7014,524380,0.8102,364.55,295.35841,酒店之家
2026W31,2026,31,2026-07-27,2026-08-02,上海,经济型,13737,231991,4684,202926,0.8257,243.35,200.934095,酒店之家
2026W31,2026,31,2026-07-27,2026-08-02,上海,豪华型,306,84134,302,84106,0.4152,1006.17,417.761784,酒店之家
2026W31,2026,31,2026-07-27,2026-08-02,上海,高档型,800,113511,762,113165,0.817,520.44,425.19948,酒店之家
2026W31,2026,31,2026-07-27,2026-08-02,东莞,中档型,407,40205,405,40187,0.6294,198.23,124.765962,酒店之家
2026W31,2026,31,2026-07-27,2026-08-02,东莞,全部,6314,233346,4315,220678,0.6794,144.36,98.078184,酒店之家
2026W31,2026,31,2026-07-27,2026-08-02,东莞,经济型,5709,152892,3713,140251,0.6892,113.27,78.065684,酒店之家
2026W31,2026,31,2026-07-27,2026-08-02,东莞,豪华型,38,11688,38,11688,0.6742,606.18,408.686556,酒店之家
2026W31,2026,31,2026-07-27,2026-08-02,东莞,高档型,160,28561,159,28552,0.6571,288.48,189.560208,酒店之家
2026W31,2026,31,2026-07-27,2026-08-02,佛山,中档型,436,37033,398,36737,0.6292,216.78,136.397976,酒店之家
2026W31,2026,31,2026-07-27,2026-08-02,佛山,全部,6632,182886,3313,167584,0.6359,174.52,110.977268,酒店之家
2026W31,2026,31,2026-07-27,2026-08-02,佛山,经济型,5961,107408,2682,92422,0.6513,126.22,82.207086,酒店之家
2026W31,2026,31,2026-07-27,2026-08-02,佛山,豪华型,42,11155,42,11155,,531.08,,酒店之家
2026W31,2026,31,2026-07-27,2026-08-02,佛山,高档型,193,27290,191,27270,0.3311,324.87,107.564457,酒店之家
2026W31,2026,31,2026-07-27,2026-08-02,全国,中档型,75689,4703112,60553,4564609,0.6694,268.63,179.820922,酒店之家
2026W31,2026,31,2026-07-27,2026-08-02,全国,全部,1036230,23411844,426558,20791974,0.6616,238.2,157.59312,酒店之家
2026W31,2026,31,2026-07-27,2026-08-02,全国,经济型,924051,13823010,332371,11370614,0.6633,170.63,113.178879,酒店之家
2026W31,2026,31,2026-07-27,2026-08-02,全国,豪华型,6703,1547206,6499,1545061,0.5162,756.15,390.32463,酒店之家
2026W31,2026,31,2026-07-27,2026-08-02,全国,高档型,29787,3338516,27135,3311690,0.6101,390.68,238.353868,酒店之家
2026W31,2026,31,2026-07-27,2026-08-02,北京,中档型,2367,159852,1771,155424,0.8031,407.54,327.295374,酒店之家
2026W31,2026,31,2026-07-27,2026-08-02,北京,全部,19429,601676,7358,556474,0.776,386.79,300.14904,酒店之家
2026W31,2026,31,2026-07-27,2026-08-02,北京,经济型,16099,266128,4668,225728,0.7661,286.07,219.158227,酒店之家
2026W31,2026,31,2026-07-27,2026-08-02,北京,豪华型,197,58504,192,58453,0.3654,1023.21,373.880934,酒店之家
2026W31,2026,31,2026-07-27,2026-08-02,北京,高档型,766,117192,727,116869,0.6988,568.69,397.400572,酒店之家
2026W31,2026,31,2026-07-27,2026-08-02,南京,中档型,794,60529,702,59662,0.7265,286.78,208.34567,酒店之家
2026W31,2026,31,2026-07-27,2026-08-02,南京,全部,9372,264834,4240,245297,0.7073,254.76,180.191748,酒店之家
2026W31,2026,31,2026-07-27,2026-08-02,南京,经济型,8089,131135,3073,112701,0.6889,188.01,129.520089,酒店之家
2026W31,2026,31,2026-07-27,2026-08-02,南京,豪华型,117,28897,115,28876,0.7234,656.91,475.208694,酒店之家
2026W31,2026,31,2026-07-27,2026-08-02,南京,高档型,372,44273,350,44058,0.7039,400.08,281.616312,酒店之家
2026W31,2026,31,2026-07-27,2026-08-02,合肥,中档型,444,40117,436,40039,0.5318,223.23,118.713714,酒店之家
2026W31,2026,31,2026-07-27,2026-08-02,合肥,全部,5770,187944,3274,173949,0.6981,188.81,131.808261,酒店之家
2026W31,2026,31,2026-07-27,2026-08-02,合肥,经济型,5100,107015,2614,93115,0.717,133.21,95.51157,酒店之家
2026W31,2026,31,2026-07-27,2026-08-02,合肥,豪华型,57,17142,57,17142,0.5366,489.55,262.69253,酒店之家
2026W31,2026,31,2026-07-27,2026-08-02,合肥,高档型,169,23670,167,23653,,324.37,,酒店之家
2026W31,2026,31,2026-07-27,2026-08-02,天津,中档型,616,47412,520,46628,0.7484,276.41,206.865244,酒店之家
2026W31,2026,31,2026-07-27,2026-08-02,天津,全部,10071,198181,2965,172916,0.7491,239.47,179.386977,酒店之家
2026W31,2026,31,2026-07-27,2026-08-02,天津,经济型,9229,113243,2220,88776,0.7541,180.34,135.994394,酒店之家
2026W31,2026,31,2026-07-27,2026-08-02,天津,豪华型,43,12168,43,12168,0.0994,699.6,69.54024,酒店之家
2026W31,2026,31,2026-07-27,2026-08-02,天津,高档型,183,25358,182,25344,0.8441,409.27,345.464807,酒店之家
2026W31,2026,31,2026-07-27,2026-08-02,广州,中档型,1084,92909,1009,92229,0.6538,264.41,172.871258,酒店之家
2026W31,2026,31,2026-07-27,2026-08-02,广州,全部,16053,492931,8294,463694,0.7081,242.39,171.636359,酒店之家
2026W31,2026,31,2026-07-27,2026-08-02,广州,经济型,14179,268090,6507,239652,0.7387,164.27,121.346249,酒店之家
2026W31,2026,31,2026-07-27,2026-08-02,广州,豪华型,147,44937,147,44937,0.4967,878.36,436.281412,酒店之家
2026W31,2026,31,2026-07-27,2026-08-02,广州,高档型,643,86995,631,86876,0.6504,382.06,248.491824,酒店之家
2026W31,2026,31,2026-07-27,2026-08-02,成都,中档型,2107,126142,1788,123173,0.6439,253.46,163.202894,酒店之家
2026W31,2026,31,2026-07-27,2026-08-02,成都,全部,26185,577422,10633,515913,0.666,220.95,147.1527,酒店之家
2026W31,2026,31,2026-07-27,2026-08-02,成都,经济型,22879,294257,7718,236430,0.6759,147.98,100.019682,酒店之家
2026W31,2026,31,2026-07-27,2026-08-02,成都,豪华型,236,51505,225,51369,0.6771,634.62,429.701202,酒店之家
2026W31,2026,31,2026-07-27,2026-08-02,成都,高档型,963,105518,902,104941,0.6852,344.68,236.174736,酒店之家
2026W31,2026,31,2026-07-27,2026-08-02,昆明,中档型,754,54333,661,53493,0.8482,276.47,234.501854,酒店之家
2026W31,2026,31,2026-07-27,2026-08-02,昆明,全部,15416,295122,6051,264708,0.7895,232.58,183.62191,酒店之家
2026W31,2026,31,2026-07-27,2026-08-02,昆明,经济型,14269,179844,5012,150427,0.7593,168.91,128.253363,酒店之家
2026W31,2026,31,2026-07-27,2026-08-02,昆明,豪华型,71,18004,67,17964,0.6916,752.89,520.698724,酒店之家
2026W31,2026,31,2026-07-27,2026-08-02,昆明,高档型,322,42941,311,42824,0.6565,388.95,255.345675,酒店之家
2026W31,2026,31,2026-07-27,2026-08-02,杭州,中档型,1814,87601,1040,81236,0.7709,316.56,244.036104,酒店之家
2026W31,2026,31,2026-07-27,2026-08-02,杭州,全部,15577,428956,6324,385575,0.7747,291.41,225.755327,酒店之家
2026W31,2026,31,2026-07-27,2026-08-02,杭州,经济型,12714,196817,4336,160737,0.7923,193.58,153.373434,酒店之家
2026W31,2026,31,2026-07-27,2026-08-02,杭州,豪华型,262,53550,255,53478,0.5586,834.46,466.129356,酒店之家
2026W31,2026,31,2026-07-27,2026-08-02,杭州,高档型,787,90988,693,90124,0.5772,398.98,230.291256,酒店之家
2026W31,2026,31,2026-07-27,2026-08-02,武汉,中档型,825,67833,786,67479,0.6818,235.68,160.686624,酒店之家
2026W31,2026,31,2026-07-27,2026-08-02,武汉,全部,10973,300954,5141,273486,0.663,214.2,142.0146,酒店之家
2026W31,2026,31,2026-07-27,2026-08-02,武汉,经济型,9688,158109,3901,131050,0.6607,147.53,97.473071,酒店之家
2026W31,2026,31,2026-07-27,2026-08-02,武汉,豪华型,84,21869,84,21869,0.836,563.9,471.4204,酒店之家
2026W31,2026,31,2026-07-27,2026-08-02,武汉,高档型,376,53143,370,53088,0.2201,350.2,77.07902,酒店之家
2026W31,2026,31,2026-07-27,2026-08-02,沈阳,中档型,280,25273,275,25228,0.8308,309.79,257.373532,酒店之家
2026W31,2026,31,2026-07-27,2026-08-02,沈阳,全部,7191,138784,2357,121045,0.8395,254.86,213.95497,酒店之家
2026W31,2026,31,2026-07-27,2026-08-02,沈阳,经济型,6732,81660,1903,63966,0.8533,191.35,163.278955,酒店之家
2026W31,2026,31,2026-07-27,2026-08-02,沈阳,豪华型,31,9957,31,9957,0.2112,784.71,165.730752,酒店之家
2026W31,2026,31,2026-07-27,2026-08-02,沈阳,高档型,148,21894,148,21894,0.8081,421.8,340.85658,酒店之家
2026W31,2026,31,2026-07-27,2026-08-02,深圳,中档型,1026,89518,916,88516,0.7124,293.78,209.288872,酒店之家
2026W31,2026,31,2026-07-27,2026-08-02,深圳,全部,12807,412310,6596,386072,0.7592,266.22,202.114224,酒店之家
2026W31,2026,31,2026-07-27,2026-08-02,深圳,经济型,11145,215973,5066,190960,0.774,172.41,133.44534,酒店之家
2026W31,2026,31,2026-07-27,2026-08-02,深圳,豪华型,128,33414,126,33401,0.3188,992.34,316.357992,酒店之家
2026W31,2026,31,2026-07-27,2026-08-02,深圳,高档型,508,73405,488,73195,,450.7,,酒店之家
2026W31,2026,31,2026-07-27,2026-08-02,苏州,中档型,927,49939,578,47030,0.6896,303.31,209.162576,酒店之家
2026W31,2026,31,2026-07-27,2026-08-02,苏州,全部,11143,287498,4422,258661,0.7325,262.14,192.01755,酒店之家
2026W31,2026,31,2026-07-27,2026-08-02,苏州,经济型,9615,150437,3298,125043,0.7564,177.29,134.102156,酒店之家
2026W31,2026,31,2026-07-27,2026-08-02,苏州,豪华型,165,38664,159,38598,0.5993,730.32,437.680776,酒店之家
2026W31,2026,31,2026-07-27,2026-08-02,苏州,高档型,436,48458,387,47990,0.6404,385.4,246.81016,酒店之家
2026W31,2026,31,2026-07-27,2026-08-02,西安,中档型,1078,84254,968,83280,0.8058,230.34,185.607972,酒店之家
2026W31,2026,31,2026-07-27,2026-08-02,西安,全部,15838,386750,6946,347428,0.7527,212.79,160.167033,酒店之家
2026W31,2026,31,2026-07-27,2026-08-02,西安,经济型,14158,212374,5388,174143,0.724,146.94,106.38456,酒店之家
2026W31,2026,31,2026-07-27,2026-08-02,西安,豪华型,111,27644,110,27634,0.824,635.58,523.71792,酒店之家
2026W31,2026,31,2026-07-27,2026-08-02,西安,高档型,491,62478,480,62371,0.6986,320.74,224.068964,酒店之家
2026W31,2026,31,2026-07-27,2026-08-02,郑州,中档型,695,57891,663,57587,0.6787,221.73,150.488151,酒店之家
2026W31,2026,31,2026-07-27,2026-08-02,郑州,全部,9307,274750,5348,256502,0.6368,186.55,118.79504,酒店之家
2026W31,2026,31,2026-07-27,2026-08-02,郑州,经济型,8301,169070,4382,151205,0.6157,129.22,79.560754,酒店之家
2026W31,2026,31,2026-07-27,2026-08-02,郑州,豪华型,41,11935,41,11935,0.5504,643.75,354.32,酒店之家
2026W31,2026,31,2026-07-27,2026-08-02,郑州,高档型,270,35854,262,35775,0.5486,318.74,174.860764,酒店之家
2026W31,2026,31,2026-07-27,2026-08-02,重庆,中档型,1678,99325,1508,97748,0.6714,218.18,146.486052,酒店之家
2026W31,2026,31,2026-07-27,2026-08-02,重庆,全部,25004,527127,11180,463815,0.6383,191.63,122.317429,酒店之家
2026W31,2026,31,2026-07-27,2026-08-02,重庆,经济型,22446,314551,8843,253303,0.6165,137.5,84.76875,酒店之家
2026W31,2026,31,2026-07-27,2026-08-02,重庆,豪华型,140,31979,140,31979,0.8771,551.09,483.361039,酒店之家
2026W31,2026,31,2026-07-27,2026-08-02,重庆,高档型,740,81272,689,80785,0.7799,318.17,248.140783,酒店之家
2026W31,2026,31,2026-07-27,2026-08-02,长沙,中档型,803,63349,777,63099,0.8197,246.5,202.05605,酒店之家
2026W31,2026,31,2026-07-27,2026-08-02,长沙,全部,13118,313566,6211,283073,0.7865,231.61,182.161265,酒店之家
2026W31,2026,31,2026-07-27,2026-08-02,长沙,经济型,11834,176380,4959,146205,0.7561,173.1,130.88091,酒店之家
2026W31,2026,31,2026-07-27,2026-08-02,长沙,豪华型,88,22852,88,22852,0.933,641.35,598.37955,酒店之家
2026W31,2026,31,2026-07-27,2026-08-02,长沙,高档型,393,50985,387,50917,0.9017,341.15,307.614955,酒店之家
2026W31,2026,31,2026-07-27,2026-08-02,青岛,中档型,736,51112,601,49912,0.8187,434.85,356.011695,酒店之家
2026W31,2026,31,2026-07-27,2026-08-02,青岛,全部,17117,269728,4415,234958,0.813,389.49,316.65537,酒店之家
2026W31,2026,31,2026-07-27,2026-08-02,青岛,经济型,16021,159811,3470,126424,0.7999,302.96,242.337704,酒店之家
2026W31,2026,31,2026-07-27,2026-08-02,青岛,豪华型,78,22889,78,22889,0.9294,976.49,907.549806,酒店之家
2026W31,2026,31,2026-07-27,2026-08-02,青岛,高档型,282,35916,266,35733,0.9286,615.9,571.92474,酒店之家
2026W32,2026,32,2026-08-03,2026-08-09,上海,中档型,1562,126390,1260,123830,0.7585,366.26,277.80821,酒店之家
2026W32,2026,32,2026-08-03,2026-08-09,上海,全部,16369,556125,7016,524208,0.8005,361.87,289.676935,酒店之家
2026W32,2026,32,2026-08-03,2026-08-09,上海,经济型,13700,232003,4691,203019,0.8235,245.14,201.87279,酒店之家
2026W32,2026,32,2026-08-03,2026-08-09,上海,豪华型,306,84143,302,84115,0.4804,1003.19,481.932476,酒店之家
2026W32,2026,32,2026-08-03,2026-08-09,上海,高档型,801,113589,763,113244,0.7825,517.29,404.779425,酒店之家
2026W32,2026,32,2026-08-03,2026-08-09,东莞,中档型,407,40315,405,40297,0.6705,200.77,134.616285,酒店之家
2026W32,2026,32,2026-08-03,2026-08-09,东莞,全部,6335,233453,4320,220768,0.6918,146.38,101.265684,酒店之家
2026W32,2026,32,2026-08-03,2026-08-09,东莞,经济型,5729,152809,3717,140151,0.6965,114.21,79.547265,酒店之家
2026W32,2026,32,2026-08-03,2026-08-09,东莞,豪华型,38,11688,38,11688,0.6316,620.22,391.730952,酒店之家
2026W32,2026,32,2026-08-03,2026-08-09,东莞,高档型,161,28641,160,28632,0.6781,290.39,196.913459,酒店之家
2026W32,2026,32,2026-08-03,2026-08-09,佛山,中档型,437,37104,399,36808,0.6384,221.12,141.163008,酒店之家
2026W32,2026,32,2026-08-03,2026-08-09,佛山,全部,6640,182737,3311,167388,0.6551,179.74,117.747674,酒店之家
2026W32,2026,32,2026-08-03,2026-08-09,佛山,经济型,5968,107188,2679,92155,0.677,127.88,86.57476,酒店之家
2026W32,2026,32,2026-08-03,2026-08-09,佛山,豪华型,42,11155,42,11155,,532.2,,酒店之家
2026W32,2026,32,2026-08-03,2026-08-09,佛山,高档型,193,27290,191,27270,0.3264,335.55,109.52352,酒店之家
2026W32,2026,32,2026-08-03,2026-08-09,全国,中档型,75928,4715187,60756,4576327,0.7028,287.25,201.8793,酒店之家
2026W32,2026,32,2026-08-03,2026-08-09,全国,全部,1036501,23433276,426864,20813189,0.6922,253.59,175.534998,酒店之家
2026W32,2026,32,2026-08-03,2026-08-09,全国,经济型,924034,13825393,332432,11373203,0.6912,184.52,127.540224,酒店之家
2026W32,2026,32,2026-08-03,2026-08-09,全国,豪华型,6703,1547395,6499,1545249,0.5679,785.2,445.91508,酒店之家
2026W32,2026,32,2026-08-03,2026-08-09,全国,高档型,29836,3345301,27177,3318410,0.6669,409.04,272.788776,酒店之家
2026W32,2026,32,2026-08-03,2026-08-09,北京,中档型,2369,159898,1773,155468,0.8337,418.47,348.878439,酒店之家
2026W32,2026,32,2026-08-03,2026-08-09,北京,全部,19478,602549,7369,557283,0.8063,394.67,318.222421,酒店之家
2026W32,2026,32,2026-08-03,2026-08-09,北京,经济型,16144,266760,4675,226298,0.7955,289.88,230.59954,酒店之家
2026W32,2026,32,2026-08-03,2026-08-09,北京,豪华型,197,58504,192,58453,0.4306,1047.95,451.24727,酒店之家
2026W32,2026,32,2026-08-03,2026-08-09,北京,高档型,768,117387,729,117064,0.7165,570.36,408.66294,酒店之家
2026W32,2026,32,2026-08-03,2026-08-09,南京,中档型,795,60504,703,59637,0.6923,300.27,207.876921,酒店之家
2026W32,2026,32,2026-08-03,2026-08-09,南京,全部,9334,264961,4247,245488,0.7271,269.5,195.95345,酒店之家
2026W32,2026,32,2026-08-03,2026-08-09,南京,经济型,8050,131278,3078,112895,0.7534,198.37,149.451958,酒店之家
2026W32,2026,32,2026-08-03,2026-08-09,南京,豪华型,117,28897,115,28876,0.726,684.39,496.86714,酒店之家
2026W32,2026,32,2026-08-03,2026-08-09,南京,高档型,372,44282,351,44080,0.8873,412.15,365.700695,酒店之家
2026W32,2026,32,2026-08-03,2026-08-09,合肥,中档型,445,40126,436,40039,0.4641,221.52,102.807432,酒店之家
2026W32,2026,32,2026-08-03,2026-08-09,合肥,全部,5772,188119,3284,174156,0.6593,187.08,123.341844,酒店之家
2026W32,2026,32,2026-08-03,2026-08-09,合肥,经济型,5101,107093,2624,93234,0.6676,132.34,88.350184,酒店之家
2026W32,2026,32,2026-08-03,2026-08-09,合肥,豪华型,57,17143,57,17143,0.634,483.6,306.6024,酒店之家
2026W32,2026,32,2026-08-03,2026-08-09,合肥,高档型,169,23757,167,23740,,318.69,,酒店之家
2026W32,2026,32,2026-08-03,2026-08-09,天津,中档型,618,47574,521,46779,0.736,284.52,209.40672,酒店之家
2026W32,2026,32,2026-08-03,2026-08-09,天津,全部,10095,198494,2962,173259,0.7574,246.72,186.865728,酒店之家
2026W32,2026,32,2026-08-03,2026-08-09,天津,经济型,9252,113494,2217,89068,0.771,187.03,144.20013,酒店之家
2026W32,2026,32,2026-08-03,2026-08-09,天津,豪华型,43,12168,43,12168,0.2251,725.64,163.341564,酒店之家
2026W32,2026,32,2026-08-03,2026-08-09,天津,高档型,182,25258,181,25244,0.7829,413.69,323.877901,酒店之家
2026W32,2026,32,2026-08-03,2026-08-09,广州,中档型,1086,93040,1011,92360,0.6902,279.48,192.897096,酒店之家
2026W32,2026,32,2026-08-03,2026-08-09,广州,全部,16006,493046,8294,463797,0.7494,257.8,193.19532,酒店之家
2026W32,2026,32,2026-08-03,2026-08-09,广州,经济型,14128,267982,6503,239532,0.78,173.85,135.603,酒店之家
2026W32,2026,32,2026-08-03,2026-08-09,广州,豪华型,147,44937,147,44937,0.6078,930.04,565.278312,酒店之家
2026W32,2026,32,2026-08-03,2026-08-09,广州,高档型,645,87087,633,86968,0.7218,401.81,290.026458,酒店之家
2026W32,2026,32,2026-08-03,2026-08-09,成都,中档型,2113,126424,1791,123429,0.6802,268.57,182.681314,酒店之家
2026W32,2026,32,2026-08-03,2026-08-09,成都,全部,26155,577664,10640,516163,0.7033,233.26,164.051758,酒店之家
2026W32,2026,32,2026-08-03,2026-08-09,成都,经济型,22841,294091,7720,236298,0.7128,158.46,112.950288,酒店之家
2026W32,2026,32,2026-08-03,2026-08-09,成都,豪华型,235,51492,225,51369,0.7708,649.59,500.703972,酒店之家
2026W32,2026,32,2026-08-03,2026-08-09,成都,高档型,966,105657,904,105067,0.7316,358.64,262.381024,酒店之家
2026W32,2026,32,2026-08-03,2026-08-09,昆明,中档型,756,54632,663,53792,0.9154,307.76,281.723504,酒店之家
2026W32,2026,32,2026-08-03,2026-08-09,昆明,全部,15428,295420,6049,264900,0.8451,250.54,211.731354,酒店之家
2026W32,2026,32,2026-08-03,2026-08-09,昆明,经济型,14279,179843,5008,150320,0.8076,183.71,148.364196,酒店之家
2026W32,2026,32,2026-08-03,2026-08-09,昆明,豪华型,71,18004,67,17964,0.6854,779.85,534.50919,酒店之家
2026W32,2026,32,2026-08-03,2026-08-09,昆明,高档型,322,42941,311,42824,0.7186,411.02,295.358972,酒店之家
2026W32,2026,32,2026-08-03,2026-08-09,杭州,中档型,1819,87693,1045,81322,0.7819,324.92,254.054948,酒店之家
2026W32,2026,32,2026-08-03,2026-08-09,杭州,全部,15591,428923,6328,385532,0.8035,298.72,240.02152,酒店之家
2026W32,2026,32,2026-08-03,2026-08-09,杭州,经济型,12722,196706,4334,160622,0.8302,199.38,165.525276,酒店之家
2026W32,2026,32,2026-08-03,2026-08-09,杭州,豪华型,262,53550,255,53478,0.7638,852.76,651.338088,酒店之家
2026W32,2026,32,2026-08-03,2026-08-09,杭州,高档型,788,90974,694,90110,0.5859,406.71,238.291389,酒店之家
2026W32,2026,32,2026-08-03,2026-08-09,武汉,中档型,828,68243,789,67889,0.6575,233.68,153.6446,酒店之家
2026W32,2026,32,2026-08-03,2026-08-09,武汉,全部,10950,300781,5136,273290,0.6747,217.71,146.888937,酒店之家
2026W32,2026,32,2026-08-03,2026-08-09,武汉,经济型,9661,157576,3892,130494,0.6827,149.86,102.309422,酒店之家
2026W32,2026,32,2026-08-03,2026-08-09,武汉,豪华型,84,21869,84,21869,0.8247,602.14,496.584858,酒店之家
2026W32,2026,32,2026-08-03,2026-08-09,武汉,高档型,377,53093,371,53038,0.3436,353.49,121.459164,酒店之家
2026W32,2026,32,2026-08-03,2026-08-09,沈阳,中档型,283,25578,278,25533,0.913,340.15,310.55695,酒店之家
2026W32,2026,32,2026-08-03,2026-08-09,沈阳,全部,7216,139148,2362,121436,0.8959,283.73,254.193707,酒店之家
2026W32,2026,32,2026-08-03,2026-08-09,沈阳,经济型,6753,81532,1904,63865,0.9131,217.56,198.654036,酒店之家
2026W32,2026,32,2026-08-03,2026-08-09,沈阳,豪华型,31,9957,31,9957,0.3237,788.14,255.120918,酒店之家
2026W32,2026,32,2026-08-03,2026-08-09,沈阳,高档型,149,22081,149,22081,0.7652,466.33,356.835716,酒店之家
2026W32,2026,32,2026-08-03,2026-08-09,深圳,中档型,1027,89852,917,88850,0.7533,317.39,239.089887,酒店之家
2026W32,2026,32,2026-08-03,2026-08-09,深圳,全部,12777,412427,6589,386263,0.8023,286.02,229.473846,酒店之家
2026W32,2026,32,2026-08-03,2026-08-09,深圳,经济型,11114,215756,5058,190817,0.8186,187.75,153.69215,酒店之家
2026W32,2026,32,2026-08-03,2026-08-09,深圳,豪华型,128,33414,126,33401,0.3188,1042.38,332.310744,酒店之家
2026W32,2026,32,2026-08-03,2026-08-09,深圳,高档型,508,73405,488,73195,,477.6,,酒店之家
2026W32,2026,32,2026-08-03,2026-08-09,苏州,中档型,931,50171,581,47248,0.6963,310.78,216.396114,酒店之家
2026W32,2026,32,2026-08-03,2026-08-09,苏州,全部,11110,287246,4417,258498,0.7451,270.85,201.810335,酒店之家
2026W32,2026,32,2026-08-03,2026-08-09,苏州,经济型,9581,150159,3293,124868,0.7722,183.33,141.567426,酒店之家
2026W32,2026,32,2026-08-03,2026-08-09,苏州,豪华型,165,38664,159,38598,0.6242,744.23,464.548366,酒店之家
2026W32,2026,32,2026-08-03,2026-08-09,苏州,高档型,433,48252,384,47784,0.6587,391.85,258.111595,酒店之家
2026W32,2026,32,2026-08-03,2026-08-09,西安,中档型,1083,84377,971,83384,0.857,244.23,209.30511,酒店之家
2026W32,2026,32,2026-08-03,2026-08-09,西安,全部,15859,387207,6951,347860,0.7987,221.96,177.279452,酒店之家
2026W32,2026,32,2026-08-03,2026-08-09,西安,经济型,14173,212761,5390,174525,0.7649,155.75,119.133175,酒店之家
2026W32,2026,32,2026-08-03,2026-08-09,西安,豪华型,112,27674,111,27664,0.8338,641.23,534.657574,酒店之家
2026W32,2026,32,2026-08-03,2026-08-09,西安,高档型,491,62395,479,62287,0.8607,335.43,288.704601,酒店之家
2026W32,2026,32,2026-08-03,2026-08-09,郑州,中档型,696,58021,664,57717,0.7436,229.02,170.299272,酒店之家
2026W32,2026,32,2026-08-03,2026-08-09,郑州,全部,9336,275200,5352,256985,0.688,196.85,135.4328,酒店之家
2026W32,2026,32,2026-08-03,2026-08-09,郑州,经济型,8327,168997,4382,151157,0.6592,136.2,89.78304,酒店之家
2026W32,2026,32,2026-08-03,2026-08-09,郑州,豪华型,41,11935,41,11935,0.7,683.06,478.142,酒店之家
2026W32,2026,32,2026-08-03,2026-08-09,郑州,高档型,272,36247,265,36176,0.6548,334.94,219.318712,酒店之家
2026W32,2026,32,2026-08-03,2026-08-09,重庆,中档型,1674,99161,1504,97584,0.6942,228.1,158.34702,酒店之家
2026W32,2026,32,2026-08-03,2026-08-09,重庆,全部,25007,527363,11184,464027,0.6607,199.85,132.040895,酒店之家
2026W32,2026,32,2026-08-03,2026-08-09,重庆,经济型,22449,314593,8847,253321,0.6435,143.26,92.18781,酒店之家
2026W32,2026,32,2026-08-03,2026-08-09,重庆,豪华型,140,31979,140,31979,0.8148,558.12,454.756176,酒店之家
2026W32,2026,32,2026-08-03,2026-08-09,重庆,高档型,744,81630,693,81143,0.7802,330.37,257.754674,酒店之家
2026W32,2026,32,2026-08-03,2026-08-09,长沙,中档型,803,62956,777,62706,0.847,264.45,223.98915,酒店之家
2026W32,2026,32,2026-08-03,2026-08-09,长沙,全部,13101,313243,6218,282791,0.8196,246.34,201.900264,酒店之家
2026W32,2026,32,2026-08-03,2026-08-09,长沙,经济型,11818,176491,4967,146357,0.7972,186.11,148.366892,酒店之家
2026W32,2026,32,2026-08-03,2026-08-09,长沙,豪华型,89,22981,89,22981,0.8778,664.36,583.175208,酒店之家
2026W32,2026,32,2026-08-03,2026-08-09,长沙,高档型,391,50815,385,50747,0.9903,358.03,354.557109,酒店之家
2026W32,2026,32,2026-08-03,2026-08-09,青岛,中档型,738,51202,602,50001,0.8336,465.06,387.674016,酒店之家
2026W32,2026,32,2026-08-03,2026-08-09,青岛,全部,17177,270552,4421,235726,0.8335,418.7,348.98645,酒店之家
2026W32,2026,32,2026-08-03,2026-08-09,青岛,经济型,16076,159893,3473,126462,0.8313,330.01,274.337313,酒店之家
2026W32,2026,32,2026-08-03,2026-08-09,青岛,豪华型,78,22889,78,22889,0.7712,1018.28,785.297536,酒店之家
2026W32,2026,32,2026-08-03,2026-08-09,青岛,高档型,285,36568,268,36374,0.9191,661.42,607.911122,酒店之家
2026W33,2026,33,2026-08-10,2026-08-16,上海,中档型,1563,126535,1261,123971,0.7217,337.33,243.451061,酒店之家
2026W33,2026,33,2026-08-10,2026-08-16,上海,全部,15944,556399,7027,525144,0.7574,344.18,260.681932,酒店之家
2026W33,2026,33,2026-08-10,2026-08-16,上海,经济型,13272,231930,4699,203612,0.7787,224.55,174.857085,酒店之家
2026W33,2026,33,2026-08-10,2026-08-16,上海,豪华型,306,84143,302,84115,0.3443,971.07,334.339401,酒店之家
2026W33,2026,33,2026-08-10,2026-08-16,上海,高档型,803,113791,765,113446,0.757,497.91,376.91787,酒店之家
2026W33,2026,33,2026-08-10,2026-08-16,东莞,中档型,408,40233,406,40215,0.6452,199.67,128.827084,酒店之家
2026W33,2026,33,2026-08-10,2026-08-16,东莞,全部,6274,233305,4328,220712,0.6932,148.38,102.857016,酒店之家
2026W33,2026,33,2026-08-10,2026-08-16,东莞,经济型,5667,152743,3724,140177,0.7043,114.57,80.691651,酒店之家
2026W33,2026,33,2026-08-10,2026-08-16,东莞,豪华型,38,11688,38,11688,0.6204,607.31,376.775124,酒店之家
2026W33,2026,33,2026-08-10,2026-08-16,东莞,高档型,161,28641,160,28632,0.5563,294.58,163.874854,酒店之家
2026W33,2026,33,2026-08-10,2026-08-16,佛山,中档型,438,37289,400,36993,0.6578,222.82,146.570996,酒店之家
2026W33,2026,33,2026-08-10,2026-08-16,佛山,全部,6546,183287,3325,168085,0.665,183.72,122.1738,酒店之家
2026W33,2026,33,2026-08-10,2026-08-16,佛山,经济型,5872,107350,2691,92464,0.6793,130.03,88.329379,酒店之家
2026W33,2026,33,2026-08-10,2026-08-16,佛山,豪华型,42,11155,42,11155,,552.47,,酒店之家
2026W33,2026,33,2026-08-10,2026-08-16,佛山,高档型,194,27493,192,27473,0.3629,340.65,123.621885,酒店之家
2026W33,2026,33,2026-08-10,2026-08-16,全国,中档型,76131,4726412,60933,4587267,0.699,284.93,199.16607,酒店之家
2026W33,2026,33,2026-08-10,2026-08-16,全国,全部,1024692,23438909,427349,20837788,0.6879,252.75,173.866725,酒店之家
2026W33,2026,33,2026-08-10,2026-08-16,全国,经济型,911915,13811716,332651,11378949,0.6863,182.28,125.098764,酒店之家
2026W33,2026,33,2026-08-10,2026-08-16,全国,豪华型,6712,1548312,6506,1546139,0.5597,778.11,435.508167,酒店之家
2026W33,2026,33,2026-08-10,2026-08-16,全国,高档型,29934,3352469,27259,3325433,0.6743,408.21,275.256003,酒店之家
2026W33,2026,33,2026-08-10,2026-08-16,北京,中档型,2368,159701,1772,155265,0.8453,420.64,355.566992,酒店之家
2026W33,2026,33,2026-08-10,2026-08-16,北京,全部,19227,602975,7379,558134,0.8154,395.61,322.580394,酒店之家
2026W33,2026,33,2026-08-10,2026-08-16,北京,经济型,15892,267176,4684,227145,0.8011,292.26,234.129486,酒店之家
2026W33,2026,33,2026-08-10,2026-08-16,北京,豪华型,197,58504,192,58453,0.4378,1024.82,448.666196,酒店之家
2026W33,2026,33,2026-08-10,2026-08-16,北京,高档型,770,117594,731,117271,0.7567,568.47,430.161249,酒店之家
2026W33,2026,33,2026-08-10,2026-08-16,南京,中档型,798,60776,706,59909,0.6746,301.23,203.209758,酒店之家
2026W33,2026,33,2026-08-10,2026-08-16,南京,全部,8899,264805,4254,246003,0.7033,268.77,189.025941,酒店之家
2026W33,2026,33,2026-08-10,2026-08-16,南京,经济型,7611,130745,3081,113033,0.7348,198.06,145.534488,酒店之家
2026W33,2026,33,2026-08-10,2026-08-16,南京,豪华型,117,28931,115,28910,0.3325,665.24,221.1923,酒店之家
2026W33,2026,33,2026-08-10,2026-08-16,南京,高档型,373,44353,352,44151,0.7479,410.29,306.855891,酒店之家
2026W33,2026,33,2026-08-10,2026-08-16,合肥,中档型,449,40277,440,40190,0.4904,229.47,112.532088,酒店之家
2026W33,2026,33,2026-08-10,2026-08-16,合肥,全部,5729,189045,3303,175175,0.6607,194.52,128.519364,酒店之家
2026W33,2026,33,2026-08-10,2026-08-16,合肥,经济型,5051,107487,2636,93721,0.682,136.17,92.86794,酒店之家
2026W33,2026,33,2026-08-10,2026-08-16,合肥,豪华型,57,17143,57,17143,0.445,501.51,223.17195,酒店之家
2026W33,2026,33,2026-08-10,2026-08-16,合肥,高档型,172,24138,170,24121,,328.72,,酒店之家
2026W33,2026,33,2026-08-10,2026-08-16,天津,中档型,619,47691,522,46896,0.6933,283.92,196.841736,酒店之家
2026W33,2026,33,2026-08-10,2026-08-16,天津,全部,9884,197970,2964,173183,0.7346,248.28,182.386488,酒店之家
2026W33,2026,33,2026-08-10,2026-08-16,天津,经济型,9039,113010,2217,89032,0.7625,188.46,143.70075,酒店之家
2026W33,2026,33,2026-08-10,2026-08-16,天津,豪华型,43,11880,43,11880,0.1086,738.52,80.203272,酒店之家
2026W33,2026,33,2026-08-10,2026-08-16,天津,高档型,183,25389,182,25375,0.7825,409.69,320.582425,酒店之家
2026W33,2026,33,2026-08-10,2026-08-16,广州,中档型,1093,93502,1018,92822,0.7085,281.53,199.464005,酒店之家
2026W33,2026,33,2026-08-10,2026-08-16,广州,全部,15736,492315,8295,463870,0.7593,264.62,200.925966,酒店之家
2026W33,2026,33,2026-08-10,2026-08-16,广州,经济型,13850,266723,6496,239077,0.7862,176.99,139.149538,酒店之家
2026W33,2026,33,2026-08-10,2026-08-16,广州,豪华型,147,44937,147,44937,0.6185,913.83,565.203855,酒店之家
2026W33,2026,33,2026-08-10,2026-08-16,广州,高档型,646,87153,634,87034,0.7534,413.52,311.545968,酒店之家
2026W33,2026,33,2026-08-10,2026-08-16,成都,中档型,2117,126444,1794,123442,0.6879,266.11,183.057069,酒店之家
2026W33,2026,33,2026-08-10,2026-08-16,成都,全部,25820,576845,10644,515915,0.7053,231.43,163.227579,酒店之家
2026W33,2026,33,2026-08-10,2026-08-16,成都,经济型,22504,293490,7723,236275,0.7159,157.56,112.797204,酒店之家
2026W33,2026,33,2026-08-10,2026-08-16,成都,豪华型,235,51436,225,51313,0.5833,629.72,367.315676,酒店之家
2026W33,2026,33,2026-08-10,2026-08-16,成都,高档型,964,105475,902,104885,0.6673,354.4,236.49112,酒店之家
2026W33,2026,33,2026-08-10,2026-08-16,昆明,中档型,762,54919,667,54057,0.8848,299.26,264.785248,酒店之家
2026W33,2026,33,2026-08-10,2026-08-16,昆明,全部,15282,295183,6046,264872,0.8206,245.37,201.350622,酒店之家
2026W33,2026,33,2026-08-10,2026-08-16,昆明,经济型,14127,179319,5001,150027,0.7715,182.17,140.544155,酒店之家
2026W33,2026,33,2026-08-10,2026-08-16,昆明,豪华型,71,18004,67,17964,0.8386,766.01,642.375986,酒店之家
2026W33,2026,33,2026-08-10,2026-08-16,昆明,高档型,322,42941,311,42824,0.7442,406.29,302.361018,酒店之家
2026W33,2026,33,2026-08-10,2026-08-16,杭州,中档型,1826,87993,1051,81615,0.797,330.87,263.70339,酒店之家
2026W33,2026,33,2026-08-10,2026-08-16,杭州,全部,15169,429347,6329,386500,0.7899,305.85,241.590915,酒店之家
2026W33,2026,33,2026-08-10,2026-08-16,杭州,经济型,12289,196190,4327,160679,0.8005,203.76,163.10988,酒店之家
2026W33,2026,33,2026-08-10,2026-08-16,杭州,豪华型,263,53841,256,53769,0.8249,846.75,698.484075,酒店之家
2026W33,2026,33,2026-08-10,2026-08-16,杭州,高档型,791,91323,695,90437,0.5855,419.01,245.330355,酒店之家
2026W33,2026,33,2026-08-10,2026-08-16,武汉,中档型,827,68245,788,67891,0.6554,239.41,156.909314,酒店之家
2026W33,2026,33,2026-08-10,2026-08-16,武汉,全部,10777,301342,5149,274113,0.6755,219.26,148.11013,酒店之家
2026W33,2026,33,2026-08-10,2026-08-16,武汉,经济型,9485,157776,3902,130956,0.6846,152.14,104.155044,酒店之家
2026W33,2026,33,2026-08-10,2026-08-16,武汉,豪华型,84,21869,84,21869,0.8705,583.85,508.241425,酒店之家
2026W33,2026,33,2026-08-10,2026-08-16,武汉,高档型,381,53452,375,53397,0.2053,352.48,72.364144,酒店之家
2026W33,2026,33,2026-08-10,2026-08-16,沈阳,中档型,283,25501,278,25456,0.8888,332.78,295.774864,酒店之家
2026W33,2026,33,2026-08-10,2026-08-16,沈阳,全部,7087,139259,2367,121758,0.8664,275.81,238.961784,酒店之家
2026W33,2026,33,2026-08-10,2026-08-16,沈阳,经济型,6623,81585,1908,64129,0.8743,215.45,188.367935,酒店之家
2026W33,2026,33,2026-08-10,2026-08-16,沈阳,豪华型,31,9957,31,9957,0.4255,731.95,311.444725,酒店之家
2026W33,2026,33,2026-08-10,2026-08-16,沈阳,高档型,150,22216,150,22216,0.6364,446.22,283.974408,酒店之家
2026W33,2026,33,2026-08-10,2026-08-16,深圳,中档型,1028,89990,919,88998,0.7446,327.17,243.610782,酒店之家
2026W33,2026,33,2026-08-10,2026-08-16,深圳,全部,12517,412990,6605,387259,0.818,299.73,245.17914,酒店之家
2026W33,2026,33,2026-08-10,2026-08-16,深圳,经济型,10851,216004,5070,191487,0.8409,192.82,162.142338,酒店之家
2026W33,2026,33,2026-08-10,2026-08-16,深圳,豪华型,128,33325,126,33312,,1086.69,,酒店之家
2026W33,2026,33,2026-08-10,2026-08-16,深圳,高档型,510,73671,490,73462,,493.53,,酒店之家
2026W33,2026,33,2026-08-10,2026-08-16,苏州,中档型,933,50176,583,47253,0.7114,310.6,220.96084,酒店之家
2026W33,2026,33,2026-08-10,2026-08-16,苏州,全部,10849,287048,4425,258629,0.7524,273.51,205.788924,酒店之家
2026W33,2026,33,2026-08-10,2026-08-16,苏州,经济型,9317,150027,3299,125076,0.7746,179.14,138.761844,酒店之家
2026W33,2026,33,2026-08-10,2026-08-16,苏州,豪华型,166,38675,159,38598,0.6618,794.03,525.489054,酒店之家
2026W33,2026,33,2026-08-10,2026-08-16,苏州,高档型,433,48170,384,47702,0.6848,389.95,267.03776,酒店之家
2026W33,2026,33,2026-08-10,2026-08-16,西安,中档型,1087,84557,973,83545,0.9309,267.14,248.680626,酒店之家
2026W33,2026,33,2026-08-10,2026-08-16,西安,全部,15604,386790,6954,348012,0.8589,237.38,203.885682,酒店之家
2026W33,2026,33,2026-08-10,2026-08-16,西安,经济型,13913,212036,5390,174388,0.8188,167.8,137.39464,酒店之家
2026W33,2026,33,2026-08-10,2026-08-16,西安,豪华型,112,27674,111,27664,0.9128,656.27,599.043256,酒店之家
2026W33,2026,33,2026-08-10,2026-08-16,西安,高档型,492,62523,480,62415,0.8583,359.92,308.919336,酒店之家
2026W33,2026,33,2026-08-10,2026-08-16,郑州,中档型,698,58169,666,57865,0.7315,234.58,171.59527,酒店之家
2026W33,2026,33,2026-08-10,2026-08-16,郑州,全部,9258,275356,5354,257427,0.6779,201.63,136.684977,酒店之家
2026W33,2026,33,2026-08-10,2026-08-16,郑州,经济型,8247,168848,4382,151294,0.6509,138.51,90.156159,酒店之家
2026W33,2026,33,2026-08-10,2026-08-16,郑州,豪华型,41,11935,41,11935,0.5942,721.54,428.739068,酒店之家
2026W33,2026,33,2026-08-10,2026-08-16,郑州,高档型,272,36404,265,36333,0.7016,335,235.036,酒店之家
2026W33,2026,33,2026-08-10,2026-08-16,重庆,中档型,1682,99347,1512,97770,0.7272,233.52,169.815744,酒店之家
2026W33,2026,33,2026-08-10,2026-08-16,重庆,全部,24481,527141,11212,464885,0.6838,203.31,139.023378,酒店之家
2026W33,2026,33,2026-08-10,2026-08-16,重庆,经济型,21914,313926,8866,253734,0.6624,146.68,97.160832,酒店之家
2026W33,2026,33,2026-08-10,2026-08-16,重庆,豪华型,141,32259,141,32259,0.801,570.16,456.69816,酒店之家
2026W33,2026,33,2026-08-10,2026-08-16,重庆,高档型,744,81609,693,81122,0.8038,334.64,268.983632,酒店之家
2026W33,2026,33,2026-08-10,2026-08-16,长沙,中档型,804,63097,779,62856,0.8504,264.07,224.565128,酒店之家
2026W33,2026,33,2026-08-10,2026-08-16,长沙,全部,12866,313376,6225,283270,0.8155,245.18,199.94429,酒店之家
2026W33,2026,33,2026-08-10,2026-08-16,长沙,经济型,11580,176296,4971,146508,0.7863,185.88,146.157444,酒店之家
2026W33,2026,33,2026-08-10,2026-08-16,长沙,豪华型,89,22981,89,22981,0.9679,655.1,634.07129,酒店之家
2026W33,2026,33,2026-08-10,2026-08-16,长沙,高档型,393,51002,386,50925,0.9775,354.29,346.318475,酒店之家
2026W33,2026,33,2026-08-10,2026-08-16,青岛,中档型,737,50899,600,49694,0.8119,456.95,370.997705,酒店之家
2026W33,2026,33,2026-08-10,2026-08-16,青岛,全部,16778,270178,4432,236032,0.8009,405.52,324.780968,酒店之家
2026W33,2026,33,2026-08-10,2026-08-16,青岛,经济型,15676,159433,3484,126686,0.7826,314.47,246.104222,酒店之家
2026W33,2026,33,2026-08-10,2026-08-16,青岛,豪华型,78,22889,78,22889,0.9681,996.47,964.682607,酒店之家
2026W33,2026,33,2026-08-10,2026-08-16,青岛,高档型,287,36957,270,36763,0.9274,633.46,587.470804,酒店之家
2026W34,2026,34,2026-08-17,2026-08-23,上海,中档型,1567,126920,1265,124356,0.7943,361.05,286.782015,酒店之家
2026W34,2026,34,2026-08-17,2026-08-23,上海,全部,16128,557357,7038,525698,0.7945,361.61,287.299145,酒店之家
2026W34,2026,34,2026-08-17,2026-08-23,上海,经济型,13450,232416,4704,203694,0.8104,234.97,190.419688,酒店之家
2026W34,2026,34,2026-08-17,2026-08-23,上海,豪华型,307,84392,303,84364,0.3722,1012.75,376.94555,酒店之家
2026W34,2026,34,2026-08-17,2026-08-23,上海,高档型,804,113629,766,113284,0.7379,518.41,382.534739,酒店之家
2026W34,2026,34,2026-08-17,2026-08-23,东莞,中档型,408,40182,406,40164,0.6416,201.8,129.47488,酒店之家
2026W34,2026,34,2026-08-17,2026-08-23,东莞,全部,6298,233725,4336,221019,0.6818,149.13,101.676834,酒店之家
2026W34,2026,34,2026-08-17,2026-08-23,东莞,经济型,5690,153094,3731,140415,0.6878,114.6,78.82188,酒店之家
2026W34,2026,34,2026-08-17,2026-08-23,东莞,豪华型,38,11688,38,11688,0.6821,659.87,450.097327,酒店之家
2026W34,2026,34,2026-08-17,2026-08-23,东莞,高档型,162,28761,161,28752,0.9049,291.43,263.715007,酒店之家
2026W34,2026,34,2026-08-17,2026-08-23,佛山,中档型,439,37373,401,37077,0.7207,241.67,174.171569,酒店之家
2026W34,2026,34,2026-08-17,2026-08-23,佛山,全部,6544,183031,3319,167850,0.683,197.98,135.22034,酒店之家
2026W34,2026,34,2026-08-17,2026-08-23,佛山,经济型,5867,106939,2683,92080,0.6787,138.44,93.959228,酒店之家
2026W34,2026,34,2026-08-17,2026-08-23,佛山,豪华型,42,11155,42,11155,,550.28,,酒店之家
2026W34,2026,34,2026-08-17,2026-08-23,佛山,高档型,196,27564,193,27538,0.4836,363.64,175.856304,酒店之家
2026W34,2026,34,2026-08-17,2026-08-23,全国,中档型,76295,4736273,61077,4596915,0.6873,273.44,187.935312,酒店之家
2026W34,2026,34,2026-08-17,2026-08-23,全国,全部,1030311,23468969,427727,20858228,0.6781,242.71,164.581651,酒店之家
2026W34,2026,34,2026-08-17,2026-08-23,全国,经济型,917283,13825426,332807,11383316,0.6779,172.89,117.202131,酒店之家
2026W34,2026,34,2026-08-17,2026-08-23,全国,豪华型,6722,1549748,6514,1547550,0.545,771.91,420.69095,酒店之家
2026W34,2026,34,2026-08-17,2026-08-23,全国,高档型,30011,3357522,27329,3330447,0.655,395.79,259.24245,酒店之家
2026W34,2026,34,2026-08-17,2026-08-23,北京,中档型,2372,160016,1779,155614,0.8737,445.81,389.504197,酒店之家
2026W34,2026,34,2026-08-17,2026-08-23,北京,全部,20108,605759,7410,559475,0.8369,422.7,353.75763,酒店之家
2026W34,2026,34,2026-08-17,2026-08-23,北京,经济型,16769,269559,4708,228051,0.8193,310.61,254.482773,酒店之家
2026W34,2026,34,2026-08-17,2026-08-23,北京,豪华型,197,58504,192,58453,0.3959,1098.32,434.824888,酒店之家
2026W34,2026,34,2026-08-17,2026-08-23,北京,高档型,770,117680,731,117357,0.7564,597.27,451.775028,酒店之家
2026W34,2026,34,2026-08-17,2026-08-23,南京,中档型,799,60795,707,59928,0.7688,322.15,247.66892,酒店之家
2026W34,2026,34,2026-08-17,2026-08-23,南京,全部,8971,265173,4257,246188,0.8063,284.08,229.053704,酒店之家
2026W34,2026,34,2026-08-17,2026-08-23,南京,经济型,7682,131001,3083,113106,0.8492,210.89,179.087788,酒店之家
2026W34,2026,34,2026-08-17,2026-08-23,南京,豪华型,117,28931,115,28910,0.6024,701.77,422.746248,酒店之家
2026W34,2026,34,2026-08-17,2026-08-23,南京,高档型,373,44446,352,44244,0.9052,430.62,389.797224,酒店之家
2026W34,2026,34,2026-08-17,2026-08-23,合肥,中档型,449,40204,440,40117,0.4016,228.18,91.637088,酒店之家
2026W34,2026,34,2026-08-17,2026-08-23,合肥,全部,5764,189274,3310,175349,0.6497,189.65,123.215605,酒店之家
2026W34,2026,34,2026-08-17,2026-08-23,合肥,经济型,5086,107791,2643,93970,0.665,136.25,90.60625,酒店之家
2026W34,2026,34,2026-08-17,2026-08-23,合肥,豪华型,57,17143,57,17143,0.5706,504.23,287.713638,酒店之家
2026W34,2026,34,2026-08-17,2026-08-23,合肥,高档型,172,24136,170,24119,,318.02,,酒店之家
2026W34,2026,34,2026-08-17,2026-08-23,天津,中档型,621,47672,524,46871,0.7148,289.06,206.620088,酒店之家
2026W34,2026,34,2026-08-17,2026-08-23,天津,全部,9936,197857,2966,172988,0.7664,252.66,193.638624,酒店之家
2026W34,2026,34,2026-08-17,2026-08-23,天津,经济型,9089,112916,2217,88862,0.8019,194.01,155.576619,酒店之家
2026W34,2026,34,2026-08-17,2026-08-23,天津,豪华型,43,11880,43,11880,0.1912,737.03,140.920136,酒店之家
2026W34,2026,34,2026-08-17,2026-08-23,天津,高档型,183,25389,182,25375,0.7341,426.52,313.108332,酒店之家
2026W34,2026,34,2026-08-17,2026-08-23,广州,中档型,1089,93268,1015,92598,0.7184,277.95,199.67928,酒店之家
2026W34,2026,34,2026-08-17,2026-08-23,广州,全部,15762,492345,8299,463835,0.7494,259.4,194.39436,酒店之家
2026W34,2026,34,2026-08-17,2026-08-23,广州,经济型,13880,266971,6503,239250,0.7674,172.56,132.422544,酒店之家
2026W34,2026,34,2026-08-17,2026-08-23,广州,豪华型,147,44935,147,44935,0.6064,932.3,565.34672,酒店之家
2026W34,2026,34,2026-08-17,2026-08-23,广州,高档型,646,87171,634,87052,0.7453,403.08,300.415524,酒店之家
2026W34,2026,34,2026-08-17,2026-08-23,成都,中档型,2123,126791,1799,123787,0.6617,251.75,166.582975,酒店之家
2026W34,2026,34,2026-08-17,2026-08-23,成都,全部,25958,577179,10650,515969,0.6942,222.63,154.549746,酒店之家
2026W34,2026,34,2026-08-17,2026-08-23,成都,经济型,22637,293794,7725,236295,0.7074,149.95,106.07463,酒店之家
2026W34,2026,34,2026-08-17,2026-08-23,成都,豪华型,235,51436,225,51313,0.5167,651.34,336.547378,酒店之家
2026W34,2026,34,2026-08-17,2026-08-23,成都,高档型,963,105158,901,104574,0.7985,347.03,277.103455,酒店之家
2026W34,2026,34,2026-08-17,2026-08-23,昆明,中档型,766,55152,671,54290,0.8172,255.09,208.459548,酒店之家
2026W34,2026,34,2026-08-17,2026-08-23,昆明,全部,15403,295670,6048,265159,0.7386,215.16,158.917176,酒店之家
2026W34,2026,34,2026-08-17,2026-08-23,昆明,经济型,14242,179359,4997,149867,0.6809,160.12,109.025708,酒店之家
2026W34,2026,34,2026-08-17,2026-08-23,昆明,豪华型,71,18004,67,17964,0.7715,711.86,549.19999,酒店之家
2026W34,2026,34,2026-08-17,2026-08-23,昆明,高档型,324,43155,313,43038,0.7209,358.77,258.637293,酒店之家
2026W34,2026,34,2026-08-17,2026-08-23,杭州,中档型,1829,87880,1053,81487,0.8342,333.54,278.239068,酒店之家
2026W34,2026,34,2026-08-17,2026-08-23,杭州,全部,15228,429548,6339,386674,0.8114,309.22,250.901108,酒店之家
2026W34,2026,34,2026-08-17,2026-08-23,杭州,经济型,12343,196454,4334,160937,0.8177,201.97,165.150869,酒店之家
2026W34,2026,34,2026-08-17,2026-08-23,杭州,豪华型,263,53841,256,53769,0.509,865.11,440.34099,酒店之家
2026W34,2026,34,2026-08-17,2026-08-23,杭州,高档型,793,91373,696,90481,0.6035,416.93,251.617255,酒店之家
2026W34,2026,34,2026-08-17,2026-08-23,武汉,中档型,830,68626,791,68272,0.6782,239.3,162.29326,酒店之家
2026W34,2026,34,2026-08-17,2026-08-23,武汉,全部,10831,301489,5144,274114,0.6929,219.7,152.23013,酒店之家
2026W34,2026,34,2026-08-17,2026-08-23,武汉,经济型,9537,157586,3895,130620,0.704,150.37,105.86048,酒店之家
2026W34,2026,34,2026-08-17,2026-08-23,武汉,豪华型,84,22060,84,22060,0.0611,602.99,36.842689,酒店之家
2026W34,2026,34,2026-08-17,2026-08-23,武汉,高档型,380,53217,374,53162,0.1299,351.58,45.670242,酒店之家
2026W34,2026,34,2026-08-17,2026-08-23,沈阳,中档型,284,25636,279,25591,0.8711,315.94,275.215334,酒店之家
2026W34,2026,34,2026-08-17,2026-08-23,沈阳,全部,7148,139502,2370,121893,0.8371,258.44,216.340124,酒店之家
2026W34,2026,34,2026-08-17,2026-08-23,沈阳,经济型,6684,81828,1911,64264,0.8451,201.09,169.941159,酒店之家
2026W34,2026,34,2026-08-17,2026-08-23,沈阳,豪华型,31,9957,31,9957,0.431,765.44,329.90464,酒店之家
2026W34,2026,34,2026-08-17,2026-08-23,沈阳,高档型,149,22081,149,22081,,427.92,,酒店之家
2026W34,2026,34,2026-08-17,2026-08-23,深圳,中档型,1027,89769,918,88778,0.7347,323.93,237.991371,酒店之家
2026W34,2026,34,2026-08-17,2026-08-23,深圳,全部,12534,412667,6599,386873,0.7941,292.63,232.377483,酒店之家
2026W34,2026,34,2026-08-17,2026-08-23,深圳,经济型,10869,216034,5065,191453,0.8133,190.76,155.145108,酒店之家
2026W34,2026,34,2026-08-17,2026-08-23,深圳,豪华型,128,33325,126,33312,0.3188,1071.71,341.661148,酒店之家
2026W34,2026,34,2026-08-17,2026-08-23,深圳,高档型,510,73539,490,73330,0.525,482.05,253.07625,酒店之家
2026W34,2026,34,2026-08-17,2026-08-23,苏州,中档型,932,50084,579,47130,0.7317,306.29,224.112393,酒店之家
2026W34,2026,34,2026-08-17,2026-08-23,苏州,全部,10879,287629,4427,259179,0.7646,270.23,206.617858,酒店之家
2026W34,2026,34,2026-08-17,2026-08-23,苏州,经济型,9343,150216,3300,125265,0.784,179.4,140.6496,酒店之家
2026W34,2026,34,2026-08-17,2026-08-23,苏州,豪华型,166,38675,159,38598,0.6369,765.65,487.642485,酒店之家
2026W34,2026,34,2026-08-17,2026-08-23,苏州,高档型,438,48654,389,48186,0.6428,391.17,251.444076,酒店之家
2026W34,2026,34,2026-08-17,2026-08-23,西安,中档型,1087,84699,973,83687,0.8875,254.09,225.504875,酒店之家
2026W34,2026,34,2026-08-17,2026-08-23,西安,全部,15636,387158,6967,348380,0.8329,227.52,189.501408,酒店之家
2026W34,2026,34,2026-08-17,2026-08-23,西安,经济型,13942,212056,5400,174408,0.7956,160.62,127.789272,酒店之家
2026W34,2026,34,2026-08-17,2026-08-23,西安,豪华型,112,27672,111,27662,0.951,642.85,611.35035,酒店之家
2026W34,2026,34,2026-08-17,2026-08-23,西安,高档型,495,62731,483,62623,0.8927,343.49,306.633523,酒店之家
2026W34,2026,34,2026-08-17,2026-08-23,郑州,中档型,696,57946,664,57642,0.7673,235.13,180.415249,酒店之家
2026W34,2026,34,2026-08-17,2026-08-23,郑州,全部,9256,275241,5357,257327,0.7274,203.04,147.691296,酒店之家
2026W34,2026,34,2026-08-17,2026-08-23,郑州,经济型,8247,168937,4387,151398,0.7059,142.76,100.774284,酒店之家
2026W34,2026,34,2026-08-17,2026-08-23,郑州,豪华型,41,11935,41,11935,0.7197,731.39,526.381383,酒店之家
2026W34,2026,34,2026-08-17,2026-08-23,郑州,高档型,272,36423,265,36352,0.7311,337.66,246.863226,酒店之家
2026W34,2026,34,2026-08-17,2026-08-23,重庆,中档型,1683,99293,1513,97718,0.7276,230.02,167.362552,酒店之家
2026W34,2026,34,2026-08-17,2026-08-23,重庆,全部,24653,527632,11211,465012,0.6931,199.09,137.989279,酒店之家
2026W34,2026,34,2026-08-17,2026-08-23,重庆,经济型,22082,314242,8861,253684,0.6744,143.53,96.796632,酒店之家
2026W34,2026,34,2026-08-17,2026-08-23,重庆,豪华型,140,32163,140,32163,0.9612,556.92,535.311504,酒店之家
2026W34,2026,34,2026-08-17,2026-08-23,重庆,高档型,748,81934,697,81447,0.7872,327.34,257.682048,酒店之家
2026W34,2026,34,2026-08-17,2026-08-23,长沙,中档型,804,63022,778,62770,0.8415,260.94,219.58101,酒店之家
2026W34,2026,34,2026-08-17,2026-08-23,长沙,全部,12957,313349,6222,283097,0.7921,241,190.8961,酒店之家
2026W34,2026,34,2026-08-17,2026-08-23,长沙,经济型,11671,176397,4969,146474,0.7502,179.09,134.353318,酒店之家
2026W34,2026,34,2026-08-17,2026-08-23,长沙,豪华型,89,22981,89,22981,0.9946,670.94,667.316924,酒店之家
2026W34,2026,34,2026-08-17,2026-08-23,长沙,高档型,393,50949,386,50872,0.9592,357.02,342.453584,酒店之家
2026W34,2026,34,2026-08-17,2026-08-23,青岛,中档型,740,51004,602,49795,0.8155,421.68,343.88004,酒店之家
2026W34,2026,34,2026-08-17,2026-08-23,青岛,全部,16835,270796,4442,236483,0.7946,373.41,296.711586,酒店之家
2026W34,2026,34,2026-08-17,2026-08-23,青岛,经济型,15729,159835,3491,126925,0.7694,285.9,219.97146,酒店之家
2026W34,2026,34,2026-08-17,2026-08-23,青岛,豪华型,78,22889,78,22889,0.9881,946.61,935.345341,酒店之家
2026W34,2026,34,2026-08-17,2026-08-23,青岛,高档型,288,37068,271,36874,0.9402,577.47,542.937294,酒店之家
2026W35,2026,35,2026-08-24,2026-08-30,上海,中档型,1568,127178,1268,124630,0.7251,339.24,245.982924,酒店之家
2026W35,2026,35,2026-08-24,2026-08-30,上海,全部,16135,557946,7046,526336,0.7433,345.4,256.73582,酒店之家
2026W35,2026,35,2026-08-24,2026-08-30,上海,经济型,13454,232591,4708,203906,0.7598,217.56,165.302088,酒店之家
2026W35,2026,35,2026-08-24,2026-08-30,上海,豪华型,307,84392,303,84364,0.3276,1023.15,335.18394,酒店之家
2026W35,2026,35,2026-08-24,2026-08-30,上海,高档型,806,113785,767,113436,0.7464,498.38,371.990832,酒店之家
2026W35,2026,35,2026-08-24,2026-08-30,东莞,中档型,409,40247,407,40229,0.5683,195.8,111.27314,酒店之家
2026W35,2026,35,2026-08-24,2026-08-30,东莞,全部,6316,233737,4334,220984,0.6106,144.72,88.366032,酒店之家
2026W35,2026,35,2026-08-24,2026-08-30,东莞,经济型,5705,152869,3726,140143,0.6192,112.18,69.461856,酒店之家
2026W35,2026,35,2026-08-24,2026-08-30,东莞,豪华型,38,11688,38,11688,0.5383,603.07,324.632581,酒店之家
2026W35,2026,35,2026-08-24,2026-08-30,东莞,高档型,164,28933,163,28924,0.6246,286.15,178.72929,酒店之家
2026W35,2026,35,2026-08-24,2026-08-30,佛山,中档型,440,37425,402,37129,0.5538,209.76,116.165088,酒店之家
2026W35,2026,35,2026-08-24,2026-08-30,佛山,全部,6533,183014,3313,167918,0.5747,173.19,99.532293,酒店之家
2026W35,2026,35,2026-08-24,2026-08-30,佛山,经济型,5853,106631,2674,91857,0.5859,122.94,72.030546,酒店之家
2026W35,2026,35,2026-08-24,2026-08-30,佛山,豪华型,42,11155,42,11155,0.8,535.05,428.04,酒店之家
2026W35,2026,35,2026-08-24,2026-08-30,佛山,高档型,198,27803,195,27777,0.4518,317.04,143.238672,酒店之家
2026W35,2026,35,2026-08-24,2026-08-30,全国,中档型,76011,4736182,61047,4598647,0.5821,239.8,139.58758,酒店之家
2026W35,2026,35,2026-08-24,2026-08-30,全国,全部,1028160,23443250,426966,20846959,0.5857,213.38,124.976666,酒店之家
2026W35,2026,35,2026-08-24,2026-08-30,全国,经济型,915390,13795346,332035,11365742,0.592,152.2,90.1024,酒店之家
2026W35,2026,35,2026-08-24,2026-08-30,全国,豪华型,6729,1551016,6525,1548857,0.4553,714.34,325.239002,酒店之家
2026W35,2026,35,2026-08-24,2026-08-30,全国,高档型,30030,3360706,27359,3333713,0.5498,353.15,194.16187,酒店之家
2026W35,2026,35,2026-08-24,2026-08-30,北京,中档型,2066,156720,1705,153913,0.757,393.14,297.60698,酒店之家
2026W35,2026,35,2026-08-24,2026-08-30,北京,全部,18050,583790,6989,549416,0.7299,374.76,273.537324,酒店之家
2026W35,2026,35,2026-08-24,2026-08-30,北京,经济型,15039,251330,4369,220022,0.717,270.22,193.74774,酒店之家
2026W35,2026,35,2026-08-24,2026-08-30,北京,豪华型,195,58484,192,58453,0.3815,1026.18,391.48767,酒店之家
2026W35,2026,35,2026-08-24,2026-08-30,北京,高档型,750,117256,723,117028,0.6608,548.54,362.475232,酒店之家
2026W35,2026,35,2026-08-24,2026-08-30,南京,中档型,799,60671,707,59804,0.7087,280.67,198.910829,酒店之家
2026W35,2026,35,2026-08-24,2026-08-30,南京,全部,8826,264518,4252,245813,0.714,250.58,178.91412,酒店之家
2026W35,2026,35,2026-08-24,2026-08-30,南京,经济型,7538,130672,3079,113055,0.7233,184.17,133.210161,酒店之家
2026W35,2026,35,2026-08-24,2026-08-30,南京,豪华型,117,28931,115,28910,0.5931,646.79,383.611149,酒店之家
2026W35,2026,35,2026-08-24,2026-08-30,南京,高档型,372,44244,351,44044,,386.54,,酒店之家
2026W35,2026,35,2026-08-24,2026-08-30,合肥,中档型,449,40178,440,40091,0.363,219.44,79.65672,酒店之家
2026W35,2026,35,2026-08-24,2026-08-30,合肥,全部,5771,189516,3314,175610,0.6243,183.31,114.440433,酒店之家
2026W35,2026,35,2026-08-24,2026-08-30,合肥,经济型,5093,108055,2647,94253,0.6296,134.9,84.93304,酒店之家
2026W35,2026,35,2026-08-24,2026-08-30,合肥,豪华型,57,17143,57,17143,0.669,477.61,319.52109,酒店之家
2026W35,2026,35,2026-08-24,2026-08-30,合肥,高档型,172,24140,170,24123,,309.6,,酒店之家
2026W35,2026,35,2026-08-24,2026-08-30,天津,中档型,620,47638,523,46837,0.6766,285.17,192.946022,酒店之家
2026W35,2026,35,2026-08-24,2026-08-30,天津,全部,9969,198028,2963,173023,0.7317,244.05,178.571385,酒店之家
2026W35,2026,35,2026-08-24,2026-08-30,天津,经济型,9120,112829,2212,88639,0.7676,188.25,144.5007,酒店之家
2026W35,2026,35,2026-08-24,2026-08-30,天津,豪华型,43,11880,43,11880,0.0948,727.18,68.936664,酒店之家
2026W35,2026,35,2026-08-24,2026-08-30,天津,高档型,186,25681,185,25667,0.9156,401.71,367.805676,酒店之家
2026W35,2026,35,2026-08-24,2026-08-30,广州,中档型,1087,93333,1014,92677,0.6049,254.05,153.674845,酒店之家
2026W35,2026,35,2026-08-24,2026-08-30,广州,全部,15694,491868,8286,463610,0.6504,237.01,154.151304,酒店之家
2026W35,2026,35,2026-08-24,2026-08-30,广州,经济型,13817,266740,6494,239257,0.6761,157.33,106.370813,酒店之家
2026W35,2026,35,2026-08-24,2026-08-30,广州,豪华型,148,44972,148,44972,0.4373,886.18,387.526514,酒店之家
2026W35,2026,35,2026-08-24,2026-08-30,广州,高档型,642,86823,630,86704,0.6195,378.69,234.598455,酒店之家
2026W35,2026,35,2026-08-24,2026-08-30,成都,中档型,2123,126938,1800,123948,0.6194,233.28,144.493632,酒店之家
2026W35,2026,35,2026-08-24,2026-08-30,成都,全部,26056,578205,10657,516806,0.6559,201.73,132.314707,酒店之家
2026W35,2026,35,2026-08-24,2026-08-30,成都,经济型,22730,294196,7726,236492,0.6741,138.38,93.281958,酒店之家
2026W35,2026,35,2026-08-24,2026-08-30,成都,豪华型,236,51565,226,51442,0.5417,590.78,320.025526,酒店之家
2026W35,2026,35,2026-08-24,2026-08-30,成都,高档型,967,105506,905,104924,0.6977,319.52,222.929104,酒店之家
2026W35,2026,35,2026-08-24,2026-08-30,昆明,中档型,770,55403,675,54541,0.6694,221.75,148.43945,酒店之家
2026W35,2026,35,2026-08-24,2026-08-30,昆明,全部,15473,296221,6052,265619,0.6334,178.68,113.175912,酒店之家
2026W35,2026,35,2026-08-24,2026-08-30,昆明,经济型,14307,179498,4996,149915,0.6058,139.65,84.59997,酒店之家
2026W35,2026,35,2026-08-24,2026-08-30,昆明,豪华型,71,18006,67,17966,0.6268,647.68,405.965824,酒店之家
2026W35,2026,35,2026-08-24,2026-08-30,昆明,高档型,325,43314,314,43197,0.6965,313.28,218.19952,酒店之家
2026W35,2026,35,2026-08-24,2026-08-30,杭州,中档型,1826,88087,1053,81727,0.7082,287.11,203.331302,酒店之家
2026W35,2026,35,2026-08-24,2026-08-30,杭州,全部,15273,430162,6348,387254,0.6895,270.5,186.50975,酒店之家
2026W35,2026,35,2026-08-24,2026-08-30,杭州,经济型,12392,197042,4344,161458,0.6929,171.96,119.151084,酒店之家
2026W35,2026,35,2026-08-24,2026-08-30,杭州,豪华型,262,53785,255,53713,0.516,818.54,422.36664,酒店之家
2026W35,2026,35,2026-08-24,2026-08-30,杭州,高档型,793,91248,696,90356,0.4939,374.93,185.177927,酒店之家
2026W35,2026,35,2026-08-24,2026-08-30,武汉,中档型,829,68893,790,68539,0.6193,233.03,144.315479,酒店之家
2026W35,2026,35,2026-08-24,2026-08-30,武汉,全部,10862,301662,5141,274321,0.6417,211.61,135.790137,酒店之家
2026W35,2026,35,2026-08-24,2026-08-30,武汉,经济型,9569,157551,3893,130619,0.6467,149.83,96.895061,酒店之家
2026W35,2026,35,2026-08-24,2026-08-30,武汉,豪华型,84,22060,84,22060,0.8786,581.85,511.21341,酒店之家
2026W35,2026,35,2026-08-24,2026-08-30,武汉,高档型,380,53158,374,53103,0.1745,338.51,59.069995,酒店之家
2026W35,2026,35,2026-08-24,2026-08-30,沈阳,中档型,285,25700,280,25655,0.7452,275.2,205.07904,酒店之家
2026W35,2026,35,2026-08-24,2026-08-30,沈阳,全部,7165,139643,2372,122019,0.7454,227.24,169.384696,酒店之家
2026W35,2026,35,2026-08-24,2026-08-30,沈阳,经济型,6700,81905,1912,64326,0.7502,178.44,133.865688,酒店之家
2026W35,2026,35,2026-08-24,2026-08-30,沈阳,豪华型,31,9957,31,9957,0.5444,774.64,421.714016,酒店之家
2026W35,2026,35,2026-08-24,2026-08-30,沈阳,高档型,149,22081,149,22081,,378.83,,酒店之家
2026W35,2026,35,2026-08-24,2026-08-30,深圳,中档型,1026,89728,916,88729,0.6846,296.92,203.271432,酒店之家
2026W35,2026,35,2026-08-24,2026-08-30,深圳,全部,12554,413749,6614,387928,0.7164,269.09,192.776076,酒店之家
2026W35,2026,35,2026-08-24,2026-08-30,深圳,经济型,10886,216742,5079,192155,0.7276,170.53,124.077628,酒店之家
2026W35,2026,35,2026-08-24,2026-08-30,深圳,豪华型,129,33723,127,33710,0.3188,1049,334.4212,酒店之家
2026W35,2026,35,2026-08-24,2026-08-30,深圳,高档型,513,73556,492,73334,0.1786,460.89,82.314954,酒店之家
2026W35,2026,35,2026-08-24,2026-08-30,苏州,中档型,931,50185,580,47251,0.6126,275.1,168.52626,酒店之家
2026W35,2026,35,2026-08-24,2026-08-30,苏州,全部,10909,287963,4428,259479,0.6605,245.62,162.23201,酒店之家
2026W35,2026,35,2026-08-24,2026-08-30,苏州,经济型,9372,150276,3299,125280,0.6907,160.72,111.009304,酒店之家
2026W35,2026,35,2026-08-24,2026-08-30,苏州,豪华型,166,38675,159,38598,0.4747,713.85,338.864595,酒店之家
2026W35,2026,35,2026-08-24,2026-08-30,苏州,高档型,440,48827,390,48350,0.5271,368.67,194.325957,酒店之家
2026W35,2026,35,2026-08-24,2026-08-30,西安,中档型,1088,84673,975,83670,0.8093,230.26,186.349418,酒店之家
2026W35,2026,35,2026-08-24,2026-08-30,西安,全部,15637,387539,6968,348765,0.7582,207.41,157.258262,酒店之家
2026W35,2026,35,2026-08-24,2026-08-30,西安,经济型,13941,212187,5398,174534,0.723,150.49,108.80427,酒店之家
2026W35,2026,35,2026-08-24,2026-08-30,西安,豪华型,112,27672,111,27662,0.9148,618.26,565.584248,酒店之家
2026W35,2026,35,2026-08-24,2026-08-30,西安,高档型,496,63007,484,62899,0.6723,308.2,207.20286,酒店之家
2026W35,2026,35,2026-08-24,2026-08-30,郑州,中档型,695,57913,664,57617,0.6478,220.02,142.528956,酒店之家
2026W35,2026,35,2026-08-24,2026-08-30,郑州,全部,9287,275322,5354,257376,0.6221,188.04,116.979684,酒店之家
2026W35,2026,35,2026-08-24,2026-08-30,郑州,经济型,8279,169051,4384,151472,0.6077,130.43,79.262311,酒店之家
2026W35,2026,35,2026-08-24,2026-08-30,郑州,豪华型,41,11935,41,11935,0.5727,693.29,397.047183,酒店之家
2026W35,2026,35,2026-08-24,2026-08-30,郑州,高档型,272,36423,265,36352,0.6649,324.48,215.746752,酒店之家
2026W35,2026,35,2026-08-24,2026-08-30,重庆,中档型,1682,99213,1514,97660,0.6552,204.13,133.745976,酒店之家
2026W35,2026,35,2026-08-24,2026-08-30,重庆,全部,24608,526728,11187,464394,0.6111,176.1,107.61471,酒店之家
2026W35,2026,35,2026-08-24,2026-08-30,重庆,经济型,22039,313401,8834,253088,0.5893,128.04,75.453972,酒店之家
2026W35,2026,35,2026-08-24,2026-08-30,重庆,豪华型,140,32163,140,32163,0.8167,515.28,420.829176,酒店之家
2026W35,2026,35,2026-08-24,2026-08-30,重庆,高档型,747,81951,699,81483,0.6391,298.58,190.822478,酒店之家
2026W35,2026,35,2026-08-24,2026-08-30,长沙,中档型,803,62905,777,62653,0.6834,223.68,152.862912,酒店之家
2026W35,2026,35,2026-08-24,2026-08-30,长沙,全部,13012,313612,6226,283270,0.6643,206.88,137.430384,酒店之家
2026W35,2026,35,2026-08-24,2026-08-30,长沙,经济型,11725,176524,4972,146511,0.6372,149.99,95.573628,酒店之家
2026W35,2026,35,2026-08-24,2026-08-30,长沙,豪华型,89,22965,89,22965,0.877,602.28,528.19956,酒店之家
2026W35,2026,35,2026-08-24,2026-08-30,长沙,高档型,395,51218,388,51141,0.882,311.66,274.88412,酒店之家
2026W35,2026,35,2026-08-24,2026-08-30,青岛,中档型,744,51426,607,50220,0.6717,322.52,216.636684,酒店之家
2026W35,2026,35,2026-08-24,2026-08-30,青岛,全部,16655,271136,4442,237098,0.6597,292.74,193.120578,酒店之家
2026W35,2026,35,2026-08-24,2026-08-30,青岛,经济型,15544,159410,3485,126772,0.617,213.67,131.83439,酒店之家
2026W35,2026,35,2026-08-24,2026-08-30,青岛,豪华型,78,22889,78,22889,0.9267,801.41,742.666647,酒店之家
2026W35,2026,35,2026-08-24,2026-08-30,青岛,高档型,289,37411,272,37217,0.8711,476.83,415.366613,酒店之家
2026W36,2026,36,2026-08-31,2026-09-06,上海,中档型,1568,128056,1268,125503,0.6941,314.22,218.100102,酒店之家
2026W36,2026,36,2026-08-31,2026-09-06,上海,全部,16333,558730,7050,526824,0.7037,311.16,218.963292,酒店之家
2026W36,2026,36,2026-08-31,2026-09-06,上海,经济型,13662,233521,4722,204545,0.7188,198.94,142.998072,酒店之家
2026W36,2026,36,2026-08-31,2026-09-06,上海,豪华型,305,84189,301,84161,0.235,971.28,228.2508,酒店之家
2026W36,2026,36,2026-08-31,2026-09-06,上海,高档型,798,112964,759,112615,0.6773,470.12,318.412276,酒店之家
2026W36,2026,36,2026-08-31,2026-09-06,东莞,中档型,402,39554,400,39536,0.5604,196.01,109.844004,酒店之家
2026W36,2026,36,2026-08-31,2026-09-06,东莞,全部,6339,233991,4340,221239,0.6094,141.63,86.309322,酒店之家
2026W36,2026,36,2026-08-31,2026-09-06,东莞,经济型,5734,153731,3738,141006,0.62,111.66,69.2292,酒店之家
2026W36,2026,36,2026-08-31,2026-09-06,东莞,豪华型,38,11688,38,11688,0.5631,573.59,322.988529,酒店之家
2026W36,2026,36,2026-08-31,2026-09-06,东莞,高档型,165,29018,164,29009,0.4829,283.93,137.109797,酒店之家
2026W36,2026,36,2026-08-31,2026-09-06,佛山,中档型,436,37186,400,36912,0.5775,211.62,122.21055,酒店之家
2026W36,2026,36,2026-08-31,2026-09-06,佛山,全部,6565,182966,3296,167886,0.5722,169.02,96.713244,酒店之家
2026W36,2026,36,2026-08-31,2026-09-06,佛山,经济型,5891,106968,2661,92188,0.5748,120.99,69.545052,酒店之家
2026W36,2026,36,2026-08-31,2026-09-06,佛山,豪华型,42,11155,42,11155,,522.66,,酒店之家
2026W36,2026,36,2026-08-31,2026-09-06,佛山,高档型,196,27657,193,27631,0.4579,307.78,140.932462,酒店之家
2026W36,2026,36,2026-08-31,2026-09-06,全国,中档型,75617,4731828,60778,4595457,0.5434,222.29,120.792386,酒店之家
2026W36,2026,36,2026-08-31,2026-09-06,全国,全部,1032339,23395464,425561,20807590,0.5561,194.8,108.32828,酒店之家
2026W36,2026,36,2026-08-31,2026-09-06,全国,经济型,920291,13776778,331219,11354334,0.5673,141.82,80.454486,酒店之家
2026W36,2026,36,2026-08-31,2026-09-06,全国,豪华型,6688,1543613,6484,1541447,0.4049,651.37,263.739713,酒店之家
2026W36,2026,36,2026-08-31,2026-09-06,全国,高档型,29743,3343245,27080,3316352,0.5157,325.81,168.020217,酒店之家
2026W36,2026,36,2026-08-31,2026-09-06,北京,中档型,2059,157850,1707,155121,0.6937,363.79,252.361123,酒店之家
2026W36,2026,36,2026-08-31,2026-09-06,北京,全部,18481,584855,7011,549777,0.6761,342.75,231.733275,酒店之家
2026W36,2026,36,2026-08-31,2026-09-06,北京,经济型,15503,254174,4415,222083,0.6627,244.86,162.268722,酒店之家
2026W36,2026,36,2026-08-31,2026-09-06,北京,豪华型,193,58044,190,58013,0.4407,1004.33,442.608231,酒店之家
2026W36,2026,36,2026-08-31,2026-09-06,北京,高档型,726,114787,699,114560,0.673,530.73,357.18129,酒店之家
2026W36,2026,36,2026-08-31,2026-09-06,南京,中档型,793,60686,703,59841,0.6417,263.36,168.998112,酒店之家
2026W36,2026,36,2026-08-31,2026-09-06,南京,全部,8879,264151,4240,245753,0.6402,232.86,149.076972,酒店之家
2026W36,2026,36,2026-08-31,2026-09-06,南京,经济型,7600,130599,3074,113267,0.6494,168.89,109.677166,酒店之家
2026W36,2026,36,2026-08-31,2026-09-06,南京,豪华型,115,28593,113,28572,0.0493,634.05,31.258665,酒店之家
2026W36,2026,36,2026-08-31,2026-09-06,南京,高档型,371,44273,350,44073,,378.56,,酒店之家
2026W36,2026,36,2026-08-31,2026-09-06,合肥,中档型,446,39995,437,39908,0.5413,218.93,118.506809,酒店之家
2026W36,2026,36,2026-08-31,2026-09-06,合肥,全部,5763,189071,3305,175256,0.633,179.28,113.48424,酒店之家
2026W36,2026,36,2026-08-31,2026-09-06,合肥,经济型,5091,108026,2644,94315,0.6463,136.8,88.41384,酒店之家
2026W36,2026,36,2026-08-31,2026-09-06,合肥,豪华型,56,16935,56,16935,0.5021,473.29,237.638909,酒店之家
2026W36,2026,36,2026-08-31,2026-09-06,合肥,高档型,170,24115,168,24098,,301.17,,酒店之家
2026W36,2026,36,2026-08-31,2026-09-06,天津,中档型,615,47354,521,46582,0.5967,243.04,145.021968,酒店之家
2026W36,2026,36,2026-08-31,2026-09-06,天津,全部,10047,197710,2948,172698,0.6372,209.3,133.36596,酒店之家
2026W36,2026,36,2026-08-31,2026-09-06,天津,经济型,9204,112888,2200,88662,0.6633,160.41,106.399953,酒店之家
2026W36,2026,36,2026-08-31,2026-09-06,天津,豪华型,42,11652,42,11652,0.0513,712.52,36.552276,酒店之家
2026W36,2026,36,2026-08-31,2026-09-06,天津,高档型,186,25816,185,25802,0.6631,348.09,230.818479,酒店之家
2026W36,2026,36,2026-08-31,2026-09-06,广州,中档型,1077,92690,1005,92040,0.6251,260.11,162.594761,酒店之家
2026W36,2026,36,2026-08-31,2026-09-06,广州,全部,15719,489682,8234,461579,0.6695,230.07,154.031865,酒店之家
2026W36,2026,36,2026-08-31,2026-09-06,广州,经济型,13869,266938,6468,239604,0.6961,155.66,108.354926,酒店之家
2026W36,2026,36,2026-08-31,2026-09-06,广州,豪华型,147,44703,147,44703,0.4403,822.15,361.992645,酒店之家
2026W36,2026,36,2026-08-31,2026-09-06,广州,高档型,626,85351,614,85232,0.5765,379.46,218.75869,酒店之家
2026W36,2026,36,2026-08-31,2026-09-06,成都,中档型,2112,126617,1792,123667,0.5865,220.57,129.364305,酒店之家
2026W36,2026,36,2026-08-31,2026-09-06,成都,全部,26312,578568,10658,517160,0.6144,190.25,116.8896,酒店之家
2026W36,2026,36,2026-08-31,2026-09-06,成都,经济型,22995,294844,7734,237103,0.6277,132.54,83.195358,酒店之家
2026W36,2026,36,2026-08-31,2026-09-06,成都,豪华型,237,51589,227,51466,0.4861,577.66,280.800526,酒店之家
2026W36,2026,36,2026-08-31,2026-09-06,成都,高档型,968,105518,905,104924,0.646,310.26,200.42796,酒店之家
2026W36,2026,36,2026-08-31,2026-09-06,昆明,中档型,771,55439,676,54577,0.542,201.46,109.19132,酒店之家
2026W36,2026,36,2026-08-31,2026-09-06,昆明,全部,15626,296032,6039,265396,0.5287,168.4,89.03308,酒店之家
2026W36,2026,36,2026-08-31,2026-09-06,昆明,经济型,14459,179233,4982,149616,0.5057,125.53,63.480521,酒店之家
2026W36,2026,36,2026-08-31,2026-09-06,昆明,豪华型,70,17882,66,17842,0.6642,612.61,406.895562,酒店之家
2026W36,2026,36,2026-08-31,2026-09-06,昆明,高档型,326,43478,315,43361,0.7898,296.25,233.97825,酒店之家
2026W36,2026,36,2026-08-31,2026-09-06,杭州,中档型,1818,87779,1050,81439,0.5833,258.27,150.648891,酒店之家
2026W36,2026,36,2026-08-31,2026-09-06,杭州,全部,15418,430303,6342,387220,0.5974,242.36,144.785864,酒店之家
2026W36,2026,36,2026-08-31,2026-09-06,杭州,经济型,12547,197528,4343,161749,0.6291,156.33,98.347203,酒店之家
2026W36,2026,36,2026-08-31,2026-09-06,杭州,豪华型,264,54139,257,54067,0.2604,746.21,194.313084,酒店之家
2026W36,2026,36,2026-08-31,2026-09-06,杭州,高档型,789,90857,692,89965,0.3017,355.26,107.181942,酒店之家
2026W36,2026,36,2026-08-31,2026-09-06,武汉,中档型,821,68381,782,68027,0.569,224.86,127.94534,酒店之家
2026W36,2026,36,2026-08-31,2026-09-06,武汉,全部,10945,301602,5145,274355,0.6137,198.24,121.659888,酒店之家
2026W36,2026,36,2026-08-31,2026-09-06,武汉,经济型,9663,158297,3908,131459,0.6251,143.02,89.401802,酒店之家
2026W36,2026,36,2026-08-31,2026-09-06,武汉,豪华型,82,21842,82,21842,0.8293,545.06,452.018258,酒店之家
2026W36,2026,36,2026-08-31,2026-09-06,武汉,高档型,379,53082,373,53027,0.0761,327.42,24.916662,酒店之家
2026W36,2026,36,2026-08-31,2026-09-06,沈阳,中档型,285,25783,280,25738,0.5876,253.6,149.01536,酒店之家
2026W36,2026,36,2026-08-31,2026-09-06,沈阳,全部,7267,140261,2372,122526,0.6597,210.13,138.622761,酒店之家
2026W36,2026,36,2026-08-31,2026-09-06,沈阳,经济型,6800,82098,1910,64408,0.6973,161.91,112.899843,酒店之家
2026W36,2026,36,2026-08-31,2026-09-06,沈阳,豪华型,31,9957,31,9957,0.3515,691.59,243.093885,酒店之家
2026W36,2026,36,2026-08-31,2026-09-06,沈阳,高档型,151,22423,151,22423,,365.14,,酒店之家
2026W36,2026,36,2026-08-31,2026-09-06,深圳,中档型,1008,88980,899,87989,0.5805,271.31,157.495455,酒店之家
2026W36,2026,36,2026-08-31,2026-09-06,深圳,全部,12604,414847,6601,388964,0.6332,240.53,152.303596,酒店之家
2026W36,2026,36,2026-08-31,2026-09-06,深圳,经济型,10963,217915,5092,193258,0.6517,154.84,100.909228,酒店之家
2026W36,2026,36,2026-08-31,2026-09-06,深圳,豪华型,130,33491,127,33467,0.3188,985.98,314.330424,酒店之家
2026W36,2026,36,2026-08-31,2026-09-06,深圳,高档型,503,74461,483,74250,0.5625,428.75,241.171875,酒店之家
2026W36,2026,36,2026-08-31,2026-09-06,苏州,中档型,916,50046,566,47126,0.5875,254.01,149.230875,酒店之家
2026W36,2026,36,2026-08-31,2026-09-06,苏州,全部,10911,287423,4417,259075,0.6256,223.01,139.515056,酒店之家
2026W36,2026,36,2026-08-31,2026-09-06,苏州,经济型,9398,150572,3311,125698,0.6581,151.98,100.018038,酒店之家
2026W36,2026,36,2026-08-31,2026-09-06,苏州,豪华型,165,38624,158,38547,0.3234,665.36,215.177424,酒店之家
2026W36,2026,36,2026-08-31,2026-09-06,苏州,高档型,432,48181,382,47704,0.524,349.17,182.96508,酒店之家
2026W36,2026,36,2026-08-31,2026-09-06,西安,中档型,1085,84182,972,83164,0.6752,204.8,138.28096,酒店之家
2026W36,2026,36,2026-08-31,2026-09-06,西安,全部,15676,386127,6942,347437,0.6475,188.68,122.1703,酒店之家
2026W36,2026,36,2026-08-31,2026-09-06,西安,经济型,13983,211111,5375,173557,0.6286,134.28,84.408408,酒店之家
2026W36,2026,36,2026-08-31,2026-09-06,西安,豪华型,112,27672,111,27662,0.777,601.09,467.04693,酒店之家
2026W36,2026,36,2026-08-31,2026-09-06,西安,高档型,496,63162,484,63054,0.6582,287.11,188.975802,酒店之家
2026W36,2026,36,2026-08-31,2026-09-06,郑州,中档型,696,57985,665,57689,0.5782,215.14,124.393948,酒店之家
2026W36,2026,36,2026-08-31,2026-09-06,郑州,全部,9325,274874,5349,257001,0.5868,176.77,103.728636,酒店之家
2026W36,2026,36,2026-08-31,2026-09-06,郑州,经济型,8317,168585,4379,151079,0.5961,129.28,77.063808,酒店之家
2026W36,2026,36,2026-08-31,2026-09-06,郑州,豪华型,41,11935,41,11935,0.414,578.58,239.53212,酒店之家
2026W36,2026,36,2026-08-31,2026-09-06,郑州,高档型,271,36369,264,36298,0.5208,304.41,158.536728,酒店之家
2026W36,2026,36,2026-08-31,2026-09-06,重庆,中档型,1666,98656,1501,97140,0.5902,198.27,117.018954,酒店之家
2026W36,2026,36,2026-08-31,2026-09-06,重庆,全部,24768,525479,11141,463235,0.5853,170.04,99.524412,酒店之家
2026W36,2026,36,2026-08-31,2026-09-06,重庆,经济型,22220,313145,8806,252885,0.5794,126.15,73.09131,酒店之家
2026W36,2026,36,2026-08-31,2026-09-06,重庆,豪华型,140,32180,140,32180,0.7255,512.41,371.753455,酒店之家
2026W36,2026,36,2026-08-31,2026-09-06,重庆,高档型,742,81498,694,81030,0.6214,287.83,178.857562,酒店之家
2026W36,2026,36,2026-08-31,2026-09-06,长沙,中档型,801,64046,775,63794,0.6711,214.38,143.870418,酒店之家
2026W36,2026,36,2026-08-31,2026-09-06,长沙,全部,13217,313021,6193,282786,0.6461,191.8,123.92198,酒店之家
2026W36,2026,36,2026-08-31,2026-09-06,长沙,经济型,11951,176780,4960,146874,0.6155,139.29,85.732995,酒店之家
2026W36,2026,36,2026-08-31,2026-09-06,长沙,豪华型,88,22861,88,22861,0.8043,584.39,470.024877,酒店之家
2026W36,2026,36,2026-08-31,2026-09-06,长沙,高档型,377,49334,370,49257,0.77,301.88,232.4476,酒店之家
2026W36,2026,36,2026-08-31,2026-09-06,青岛,中档型,738,51291,603,50111,0.6464,269.77,174.379328,酒店之家
2026W36,2026,36,2026-08-31,2026-09-06,青岛,全部,16692,270320,4415,236458,0.6358,242.16,153.965328,酒店之家
2026W36,2026,36,2026-08-31,2026-09-06,青岛,经济型,15586,158638,3461,126150,0.5934,170.33,101.073822,酒店之家
2026W36,2026,36,2026-08-31,2026-09-06,青岛,豪华型,78,22889,78,22889,0.8534,700.3,597.63602,酒店之家
2026W36,2026,36,2026-08-31,2026-09-06,青岛,高档型,290,37502,273,37308,0.8687,406.25,352.909375,酒店之家
2026W37,2026,37,2026-09-07,2026-09-13,上海,中档型,1570,128339,1270,125790,0.6975,325.75,227.210625,酒店之家
2026W37,2026,37,2026-09-07,2026-09-13,上海,全部,16434,559758,7066,527703,0.7196,317.58,228.530568,酒店之家
2026W37,2026,37,2026-09-07,2026-09-13,上海,经济型,13759,234043,4734,204914,0.7361,201,147.9561,酒店之家
2026W37,2026,37,2026-09-07,2026-09-13,上海,豪华型,306,84349,302,84321,0.3123,986.15,307.974645,酒店之家
2026W37,2026,37,2026-09-07,2026-09-13,上海,高档型,799,113027,760,112678,0.7495,484.77,363.335115,酒店之家
2026W37,2026,37,2026-09-07,2026-09-13,东莞,中档型,403,39708,401,39690,0.6489,198.13,128.566557,酒店之家
2026W37,2026,37,2026-09-07,2026-09-13,东莞,全部,6352,233995,4342,221217,0.6394,143.5,91.7539,酒店之家
2026W37,2026,37,2026-09-07,2026-09-13,东莞,经济型,5747,153823,3740,141072,0.6378,111.76,71.280528,酒店之家
2026W37,2026,37,2026-09-07,2026-09-13,东莞,豪华型,38,11688,38,11688,0.4735,561.27,265.761345,酒店之家
2026W37,2026,37,2026-09-07,2026-09-13,东莞,高档型,164,28776,163,28767,0.7831,288.17,225.665927,酒店之家
2026W37,2026,37,2026-09-07,2026-09-13,佛山,中档型,436,37186,400,36906,0.6435,208.31,134.047485,酒店之家
2026W37,2026,37,2026-09-07,2026-09-13,佛山,全部,6556,182914,3300,167936,0.6128,167.92,102.901376,酒店之家
2026W37,2026,37,2026-09-07,2026-09-13,佛山,经济型,5882,106932,2665,92260,0.6059,120.26,72.865534,酒店之家
2026W37,2026,37,2026-09-07,2026-09-13,佛山,豪华型,42,11155,42,11155,,518.73,,酒店之家
2026W37,2026,37,2026-09-07,2026-09-13,佛山,高档型,196,27641,193,27615,0.2776,314.33,87.258008,酒店之家
2026W37,2026,37,2026-09-07,2026-09-13,全国,中档型,75764,4739409,60903,4602777,0.5977,225.37,134.703649,酒店之家
2026W37,2026,37,2026-09-07,2026-09-13,全国,全部,1035356,23422614,425957,20828863,0.5885,197.98,116.51123,酒店之家
2026W37,2026,37,2026-09-07,2026-09-13,全国,经济型,923092,13786721,331409,11358541,0.5885,140.98,82.96673,酒店之家
2026W37,2026,37,2026-09-07,2026-09-13,全国,豪华型,6703,1546766,6502,1544630,0.4331,668.93,289.713583,酒店之家
2026W37,2026,37,2026-09-07,2026-09-13,全国,高档型,29797,3349718,27143,3322915,0.5682,332.73,189.057186,酒店之家
2026W37,2026,37,2026-09-07,2026-09-13,北京,中档型,2065,158224,1714,155510,0.7662,379.65,290.88783,酒店之家
2026W37,2026,37,2026-09-07,2026-09-13,北京,全部,18861,586671,7037,550624,0.7333,356.31,261.282123,酒店之家
2026W37,2026,37,2026-09-07,2026-09-13,北京,经济型,15878,255180,4432,222068,0.7078,248.42,175.831676,酒店之家
2026W37,2026,37,2026-09-07,2026-09-13,北京,豪华型,193,58034,190,58003,0.4095,1055.25,432.124875,酒店之家
2026W37,2026,37,2026-09-07,2026-09-13,北京,高档型,725,115233,701,115043,0.7076,561.8,397.52968,酒店之家
2026W37,2026,37,2026-09-07,2026-09-13,南京,中档型,795,60909,705,60064,0.6647,251.86,167.411342,酒店之家
2026W37,2026,37,2026-09-07,2026-09-13,南京,全部,8959,265271,4262,246526,0.6561,223.15,146.408715,酒店之家
2026W37,2026,37,2026-09-07,2026-09-13,南京,经济型,7676,131309,3092,113630,0.6532,156.32,102.108224,酒店之家
2026W37,2026,37,2026-09-07,2026-09-13,南京,豪华型,115,28593,113,28572,0.3333,651.61,217.181613,酒店之家
2026W37,2026,37,2026-09-07,2026-09-13,南京,高档型,373,44460,352,44260,,362.85,,酒店之家
2026W37,2026,37,2026-09-07,2026-09-13,合肥,中档型,451,40503,442,40416,0.3797,218.94,83.131518,酒店之家
2026W37,2026,37,2026-09-07,2026-09-13,合肥,全部,5786,189740,3309,175865,0.6463,179.04,115.713552,酒店之家
2026W37,2026,37,2026-09-07,2026-09-13,合肥,经济型,5109,108187,2643,94416,0.6584,134.26,88.396784,酒店之家
2026W37,2026,37,2026-09-07,2026-09-13,合肥,豪华型,56,16935,56,16935,0.6169,468.92,289.276748,酒店之家
2026W37,2026,37,2026-09-07,2026-09-13,合肥,高档型,170,24115,168,24098,,304.98,,酒店之家
2026W37,2026,37,2026-09-07,2026-09-13,天津,中档型,618,47549,523,46768,0.6743,280.33,189.026519,酒店之家
2026W37,2026,37,2026-09-07,2026-09-13,天津,全部,10090,197775,2951,172629,0.7136,232.81,166.133216,酒店之家
2026W37,2026,37,2026-09-07,2026-09-13,天津,经济型,9244,112758,2201,88407,0.739,172.33,127.35187,酒店之家
2026W37,2026,37,2026-09-07,2026-09-13,天津,豪华型,42,11652,42,11652,0.0864,934.11,80.707104,酒店之家
2026W37,2026,37,2026-09-07,2026-09-13,天津,高档型,186,25816,185,25802,0.9579,413.94,396.513126,酒店之家
2026W37,2026,37,2026-09-07,2026-09-13,广州,中档型,1083,93045,1010,92381,0.6552,254.81,166.951512,酒店之家
2026W37,2026,37,2026-09-07,2026-09-13,广州,全部,15774,490190,8245,462022,0.6753,227.56,153.671268,酒店之家
2026W37,2026,37,2026-09-07,2026-09-13,广州,经济型,13918,267015,6474,239630,0.6911,152.51,105.399661,酒店之家
2026W37,2026,37,2026-09-07,2026-09-13,广州,豪华型,148,44852,148,44852,0.5068,842.25,426.8523,酒店之家
2026W37,2026,37,2026-09-07,2026-09-13,广州,高档型,625,85278,613,85159,0.5665,375.43,212.681095,酒店之家
2026W37,2026,37,2026-09-07,2026-09-13,成都,中档型,2124,127065,1799,124065,0.6223,221.81,138.032363,酒店之家
2026W37,2026,37,2026-09-07,2026-09-13,成都,全部,26382,578879,10662,517430,0.6285,192.44,120.94854,酒店之家
2026W37,2026,37,2026-09-07,2026-09-13,成都,经济型,23051,294535,7728,236795,0.6287,129.77,81.586399,酒店之家
2026W37,2026,37,2026-09-07,2026-09-13,成都,豪华型,237,51792,227,51669,,590.21,,酒店之家
2026W37,2026,37,2026-09-07,2026-09-13,成都,高档型,970,105487,908,104901,0.7264,310.54,225.576256,酒店之家
2026W37,2026,37,2026-09-07,2026-09-13,昆明,中档型,771,55355,676,54497,0.5653,200.35,113.257855,酒店之家
2026W37,2026,37,2026-09-07,2026-09-13,昆明,全部,15756,296457,6048,265700,0.555,169.06,93.8283,酒店之家
2026W37,2026,37,2026-09-07,2026-09-13,昆明,经济型,14587,179548,4989,149806,0.5452,122.12,66.579824,酒店之家
2026W37,2026,37,2026-09-07,2026-09-13,昆明,豪华型,70,17882,66,17842,0.6543,641.71,419.870853,酒店之家
2026W37,2026,37,2026-09-07,2026-09-13,昆明,高档型,328,43672,317,43555,0.5931,295.11,175.029741,酒店之家
2026W37,2026,37,2026-09-07,2026-09-13,杭州,中档型,1823,88002,1052,81621,0.6752,271.55,183.35056,酒店之家
2026W37,2026,37,2026-09-07,2026-09-13,杭州,全部,15479,431033,6357,387803,0.669,253.66,169.69854,酒店之家
2026W37,2026,37,2026-09-07,2026-09-13,杭州,经济型,12601,198032,4353,162136,0.6887,165.92,114.269104,酒店之家
2026W37,2026,37,2026-09-07,2026-09-13,杭州,豪华型,263,54128,257,54067,0.2517,782.72,197.010624,酒店之家
2026W37,2026,37,2026-09-07,2026-09-13,杭州,高档型,792,90871,695,89979,0.393,368.22,144.71046,酒店之家
2026W37,2026,37,2026-09-07,2026-09-13,武汉,中档型,819,68036,780,67682,0.6559,231.48,151.827732,酒店之家
2026W37,2026,37,2026-09-07,2026-09-13,武汉,全部,10993,301666,5145,274340,0.6583,202.71,133.443993,酒店之家
2026W37,2026,37,2026-09-07,2026-09-13,武汉,经济型,9711,158463,3908,131546,0.6581,147.48,97.056588,酒店之家
2026W37,2026,37,2026-09-07,2026-09-13,武汉,豪华型,82,21842,82,21842,0.7532,552.45,416.10534,酒店之家
2026W37,2026,37,2026-09-07,2026-09-13,武汉,高档型,381,53325,375,53270,0.1522,333.54,50.764788,酒店之家
2026W37,2026,37,2026-09-07,2026-09-13,沈阳,中档型,287,25922,282,25877,0.6055,237.95,144.078725,酒店之家
2026W37,2026,37,2026-09-07,2026-09-13,沈阳,全部,7307,140786,2387,122999,0.6357,197.47,125.531679,酒店之家
2026W37,2026,37,2026-09-07,2026-09-13,沈阳,经济型,6837,82245,1922,64503,0.6463,144.52,93.403276,酒店之家
2026W37,2026,37,2026-09-07,2026-09-13,沈阳,豪华型,31,9957,31,9957,0.6078,666.95,405.37221,酒店之家
2026W37,2026,37,2026-09-07,2026-09-13,沈阳,高档型,152,22662,152,22662,,346.14,,酒店之家
2026W37,2026,37,2026-09-07,2026-09-13,深圳,中档型,1007,89013,899,88030,0.6816,291.55,198.72048,酒店之家
2026W37,2026,37,2026-09-07,2026-09-13,深圳,全部,12668,416850,6619,390962,0.7131,260.36,185.662716,酒店之家
2026W37,2026,37,2026-09-07,2026-09-13,深圳,经济型,11021,218947,5104,194285,0.7238,161.39,116.814082,酒店之家
2026W37,2026,37,2026-09-07,2026-09-13,深圳,豪华型,131,33789,128,33765,,1095.04,,酒店之家
2026W37,2026,37,2026-09-07,2026-09-13,深圳,高档型,509,75101,488,74882,0.5714,472.2,269.81508,酒店之家
2026W37,2026,37,2026-09-07,2026-09-13,苏州,中档型,918,50007,566,47071,0.6399,266.16,170.315784,酒店之家
2026W37,2026,37,2026-09-07,2026-09-13,苏州,全部,10959,287362,4414,258960,0.661,230.7,152.4927,酒店之家
2026W37,2026,37,2026-09-07,2026-09-13,苏州,经济型,9446,150682,3310,125770,0.6833,154.82,105.788506,酒店之家
2026W37,2026,37,2026-09-07,2026-09-13,苏州,豪华型,166,38942,159,38865,0.4102,680.03,278.948306,酒店之家
2026W37,2026,37,2026-09-07,2026-09-13,苏州,高档型,429,47731,379,47254,0.5769,357.56,206.276364,酒店之家
2026W37,2026,37,2026-09-07,2026-09-13,西安,中档型,1087,84243,974,83225,0.7524,205.15,154.35486,酒店之家
2026W37,2026,37,2026-09-07,2026-09-13,西安,全部,15708,386292,6940,347542,0.687,192.87,132.50169,酒店之家
2026W37,2026,37,2026-09-07,2026-09-13,西安,经济型,14012,211011,5370,173397,0.6438,131.88,84.904344,酒店之家
2026W37,2026,37,2026-09-07,2026-09-13,西安,豪华型,112,27672,111,27662,0.8018,611.6,490.38088,酒店之家
2026W37,2026,37,2026-09-07,2026-09-13,西安,高档型,497,63366,485,63258,0.7416,296.96,220.225536,酒店之家
2026W37,2026,37,2026-09-07,2026-09-13,郑州,中档型,695,57691,664,57395,0.6376,214.83,136.975608,酒店之家
2026W37,2026,37,2026-09-07,2026-09-13,郑州,全部,9363,274857,5356,257000,0.607,175.74,106.67418,酒店之家
2026W37,2026,37,2026-09-07,2026-09-13,郑州,经济型,8355,168684,4386,151194,0.598,124.68,74.55864,酒店之家
2026W37,2026,37,2026-09-07,2026-09-13,郑州,豪华型,41,11935,41,11935,0.3384,600.25,203.1246,酒店之家
2026W37,2026,37,2026-09-07,2026-09-13,郑州,高档型,272,36547,265,36476,0.7654,306.37,234.495598,酒店之家
2026W37,2026,37,2026-09-07,2026-09-13,重庆,中档型,1669,98253,1502,96718,0.6651,202.09,134.410059,酒店之家
2026W37,2026,37,2026-09-07,2026-09-13,重庆,全部,24852,524963,11120,462522,0.6297,174.78,110.058966,酒店之家
2026W37,2026,37,2026-09-07,2026-09-13,重庆,经济型,22296,312590,8781,252170,0.6125,126.98,77.77525,酒店之家
2026W37,2026,37,2026-09-07,2026-09-13,重庆,豪华型,140,32180,140,32180,0.7511,515.64,387.297204,酒店之家
2026W37,2026,37,2026-09-07,2026-09-13,重庆,高档型,747,81940,697,81454,0.6462,299.73,193.685526,酒店之家
2026W37,2026,37,2026-09-07,2026-09-13,长沙,中档型,801,64096,775,63844,0.7802,230.3,179.68006,酒店之家
2026W37,2026,37,2026-09-07,2026-09-13,长沙,全部,13252,312687,6187,282471,0.7313,204.43,149.499659,酒店之家
2026W37,2026,37,2026-09-07,2026-09-13,长沙,经济型,11986,176610,4955,146732,0.6827,146.95,100.322765,酒店之家
2026W37,2026,37,2026-09-07,2026-09-13,长沙,豪华型,88,22861,88,22861,0.9211,633.62,583.627382,酒店之家
2026W37,2026,37,2026-09-07,2026-09-13,长沙,高档型,377,49120,369,49034,0.8491,325.89,276.713199,酒店之家
2026W37,2026,37,2026-09-07,2026-09-13,青岛,中档型,737,51250,602,50070,0.6575,263.23,173.073725,酒店之家
2026W37,2026,37,2026-09-07,2026-09-13,青岛,全部,16638,270391,4415,236505,0.6207,237.91,147.670737,酒店之家
2026W37,2026,37,2026-09-07,2026-09-13,青岛,经济型,15533,158725,3462,126213,0.5595,160.48,89.78856,酒店之家
2026W37,2026,37,2026-09-07,2026-09-13,青岛,豪华型,78,22889,78,22889,0.9221,716.71,660.878291,酒店之家
2026W37,2026,37,2026-09-07,2026-09-13,青岛,高档型,290,37527,273,37333,0.8699,405.66,352.883634,酒店之家
2026W38,2026,38,2026-09-14,2026-09-20,上海,中档型,1574,128420,1274,125871,0.7499,336.19,252.108881,酒店之家
2026W38,2026,38,2026-09-14,2026-09-20,上海,全部,16455,560224,7077,528136,0.7361,333.45,245.452545,酒店之家
2026W38,2026,38,2026-09-14,2026-09-20,上海,经济型,13774,233902,4739,204740,0.7447,201.89,150.347483,酒店之家
2026W38,2026,38,2026-09-14,2026-09-20,上海,豪华型,306,84349,302,84321,0.3366,1096.88,369.209808,酒店之家
2026W38,2026,38,2026-09-14,2026-09-20,上海,高档型,801,113553,762,113204,0.7043,507.66,357.544938,酒店之家
2026W38,2026,38,2026-09-14,2026-09-20,东莞,中档型,404,39837,402,39819,0.6325,194.06,122.74295,酒店之家
2026W38,2026,38,2026-09-14,2026-09-20,东莞,全部,6376,234608,4361,221807,0.6081,140.91,85.687371,酒店之家
2026W38,2026,38,2026-09-14,2026-09-20,东莞,经济型,5769,154223,3757,141449,0.6025,110.08,66.3232,酒店之家
2026W38,2026,38,2026-09-14,2026-09-20,东莞,豪华型,38,11688,38,11688,0.5327,549.22,292.569494,酒店之家
2026W38,2026,38,2026-09-14,2026-09-20,东莞,高档型,165,28860,164,28851,0.7546,284.79,214.902534,酒店之家
2026W38,2026,38,2026-09-14,2026-09-20,佛山,中档型,438,37256,402,36976,0.624,203.65,127.0776,酒店之家
2026W38,2026,38,2026-09-14,2026-09-20,佛山,全部,6573,182944,3306,167944,0.5933,165.26,98.048758,酒店之家
2026W38,2026,38,2026-09-14,2026-09-20,佛山,经济型,5897,106892,2669,92198,0.586,117.28,68.72608,酒店之家
2026W38,2026,38,2026-09-14,2026-09-20,佛山,豪华型,42,11155,42,11155,,536.95,,酒店之家
2026W38,2026,38,2026-09-14,2026-09-20,佛山,高档型,196,27641,193,27615,0.2897,308.12,89.262364,酒店之家
2026W38,2026,38,2026-09-14,2026-09-20,全国,中档型,76041,4752391,61108,4615122,0.5962,220.89,131.694618,酒店之家
2026W38,2026,38,2026-09-14,2026-09-20,全国,全部,1041446,23505664,427661,20893683,0.5769,196.69,113.470461,酒店之家
2026W38,2026,38,2026-09-14,2026-09-20,全国,经济型,928752,13842018,332780,11396497,0.57,137.27,78.2439,酒店之家
2026W38,2026,38,2026-09-14,2026-09-20,全国,豪华型,6729,1550004,6527,1547865,0.4696,667.87,313.631752,酒店之家
2026W38,2026,38,2026-09-14,2026-09-20,全国,高档型,29924,3361251,27246,3334199,0.5798,329.73,191.177454,酒店之家
2026W38,2026,38,2026-09-14,2026-09-20,北京,中档型,2084,159001,1720,156185,0.7894,376.62,297.303828,酒店之家
2026W38,2026,38,2026-09-14,2026-09-20,北京,全部,19323,591382,7110,553889,0.7584,351.86,266.850624,酒店之家
2026W38,2026,38,2026-09-14,2026-09-20,北京,经济型,16311,257870,4493,223461,0.733,246.6,180.7578,酒店之家
2026W38,2026,38,2026-09-14,2026-09-20,北京,豪华型,194,58705,191,58674,0.3675,1075.53,395.257275,酒店之家
2026W38,2026,38,2026-09-14,2026-09-20,北京,高档型,734,115806,706,115569,0.7685,553.23,425.157255,酒店之家
2026W38,2026,38,2026-09-14,2026-09-20,南京,中档型,798,61296,708,60451,0.6597,237.74,156.837078,酒店之家
2026W38,2026,38,2026-09-14,2026-09-20,南京,全部,9007,266457,4274,247572,0.6113,213.9,130.75707,酒店之家
2026W38,2026,38,2026-09-14,2026-09-20,南京,经济型,7718,131799,3098,113980,0.5675,141.97,80.567975,酒店之家
2026W38,2026,38,2026-09-14,2026-09-20,南京,豪华型,114,28513,112,28492,0.2544,645.14,164.123616,酒店之家
2026W38,2026,38,2026-09-14,2026-09-20,南京,高档型,377,44849,356,44649,,359.29,,酒店之家
2026W38,2026,38,2026-09-14,2026-09-20,合肥,中档型,454,40559,444,40458,0.4523,216.16,97.769168,酒店之家
2026W38,2026,38,2026-09-14,2026-09-20,合肥,全部,5801,190448,3314,176466,0.5783,182.03,105.267949,酒店之家
2026W38,2026,38,2026-09-14,2026-09-20,合肥,经济型,5119,108376,2644,94512,0.5737,128.66,73.812242,酒店之家
2026W38,2026,38,2026-09-14,2026-09-20,合肥,豪华型,56,16935,56,16935,0.7471,491.47,367.177237,酒店之家
2026W38,2026,38,2026-09-14,2026-09-20,合肥,高档型,172,24578,170,24561,,308.33,,酒店之家
2026W38,2026,38,2026-09-14,2026-09-20,天津,中档型,620,47658,523,46860,0.6069,237.91,144.387579,酒店之家
2026W38,2026,38,2026-09-14,2026-09-20,天津,全部,10141,198220,2960,172957,0.626,202.79,126.94654,酒店之家
2026W38,2026,38,2026-09-14,2026-09-20,天津,经济型,9293,113094,2210,88643,0.6381,145.06,92.562786,酒店之家
2026W38,2026,38,2026-09-14,2026-09-20,天津,豪华型,42,11652,42,11652,0.2884,745.84,215.100256,酒店之家
2026W38,2026,38,2026-09-14,2026-09-20,天津,高档型,186,25816,185,25802,0.8394,352.13,295.577922,酒店之家
2026W38,2026,38,2026-09-14,2026-09-20,广州,中档型,1086,93211,1014,92561,0.6959,251.8,175.22762,酒店之家
2026W38,2026,38,2026-09-14,2026-09-20,广州,全部,15825,490728,8260,462463,0.6837,225.71,154.317927,酒店之家
2026W38,2026,38,2026-09-14,2026-09-20,广州,经济型,13963,267009,6482,239513,0.6858,148.08,101.553264,酒店之家
2026W38,2026,38,2026-09-14,2026-09-20,广州,豪华型,149,45101,149,45101,0.4937,833.19,411.345903,酒店之家
2026W38,2026,38,2026-09-14,2026-09-20,广州,高档型,627,85407,615,85288,0.6327,373.21,236.129967,酒店之家
2026W38,2026,38,2026-09-14,2026-09-20,成都,中档型,2131,127104,1802,124078,0.6062,218.61,132.521382,酒店之家
2026W38,2026,38,2026-09-14,2026-09-20,成都,全部,26522,580039,10689,518178,0.6262,193.18,120.969316,酒店之家
2026W38,2026,38,2026-09-14,2026-09-20,成都,经济型,23181,295301,7750,237188,0.6314,126.62,79.947868,酒店之家
2026W38,2026,38,2026-09-14,2026-09-20,成都,豪华型,238,52005,228,51882,0.625,594.52,371.575,酒店之家
2026W38,2026,38,2026-09-14,2026-09-20,成都,高档型,972,105629,909,105030,0.7766,312.26,242.501116,酒店之家
2026W38,2026,38,2026-09-14,2026-09-20,昆明,中档型,774,55444,678,54582,0.5987,199.69,119.554403,酒店之家
2026W38,2026,38,2026-09-14,2026-09-20,昆明,全部,15877,298282,6090,267327,0.5644,169.46,95.643224,酒店之家
2026W38,2026,38,2026-09-14,2026-09-20,昆明,经济型,14703,181021,5027,151085,0.5389,119.73,64.522497,酒店之家
2026W38,2026,38,2026-09-14,2026-09-20,昆明,豪华型,70,17882,66,17842,0.6297,618.88,389.708736,酒店之家
2026W38,2026,38,2026-09-14,2026-09-20,昆明,高档型,330,43935,319,43818,0.611,297.91,182.02301,酒店之家
2026W38,2026,38,2026-09-14,2026-09-20,杭州,中档型,1824,88182,1053,81812,0.6796,261.04,177.402784,酒店之家
2026W38,2026,38,2026-09-14,2026-09-20,杭州,全部,15505,431654,6369,388228,0.6522,244.31,159.338982,酒店之家
2026W38,2026,38,2026-09-14,2026-09-20,杭州,经济型,12625,198449,4363,162346,0.6563,155.15,101.824945,酒店之家
2026W38,2026,38,2026-09-14,2026-09-20,杭州,豪华型,263,54056,257,53995,0.4149,761.37,315.892413,酒店之家
2026W38,2026,38,2026-09-14,2026-09-20,杭州,高档型,793,90967,696,90075,0.3575,366.91,131.170325,酒店之家
2026W38,2026,38,2026-09-14,2026-09-20,武汉,中档型,820,68111,781,67757,0.6341,221.15,140.231215,酒店之家
2026W38,2026,38,2026-09-14,2026-09-20,武汉,全部,11038,302413,5159,275078,0.6023,200.84,120.965932,酒店之家
2026W38,2026,38,2026-09-14,2026-09-20,武汉,经济型,9754,158988,3920,132062,0.5938,134.56,79.901728,酒店之家
2026W38,2026,38,2026-09-14,2026-09-20,武汉,豪华型,82,21842,82,21842,0.5814,578.45,336.31083,酒店之家
2026W38,2026,38,2026-09-14,2026-09-20,武汉,高档型,382,53472,376,53417,0.1522,330.18,50.253396,酒店之家
2026W38,2026,38,2026-09-14,2026-09-20,沈阳,中档型,288,25993,283,25948,0.5819,231.85,134.913515,酒店之家
2026W38,2026,38,2026-09-14,2026-09-20,沈阳,全部,7361,141239,2395,123342,0.6275,192.11,120.549025,酒店之家
2026W38,2026,38,2026-09-14,2026-09-20,沈阳,经济型,6889,82443,1928,64591,0.6422,137.49,88.296078,酒店之家
2026W38,2026,38,2026-09-14,2026-09-20,沈阳,豪华型,31,9957,31,9957,0.6173,657.32,405.763636,酒店之家
2026W38,2026,38,2026-09-14,2026-09-20,沈阳,高档型,153,22846,153,22846,,338.74,,酒店之家
2026W38,2026,38,2026-09-14,2026-09-20,深圳,中档型,1008,89113,899,88117,0.6486,271.65,176.19219,酒店之家
2026W38,2026,38,2026-09-14,2026-09-20,深圳,全部,12689,418091,6660,392287,0.6698,247.42,165.721916,酒店之家
2026W38,2026,38,2026-09-14,2026-09-20,深圳,经济型,11041,220132,5145,195567,0.6777,153.89,104.291253,酒店之家
2026W38,2026,38,2026-09-14,2026-09-20,深圳,豪华型,131,33789,128,33765,0.3188,1047.53,333.952564,酒店之家
2026W38,2026,38,2026-09-14,2026-09-20,深圳,高档型,509,75057,488,74838,0.5867,442.77,259.773159,酒店之家
2026W38,2026,38,2026-09-14,2026-09-20,苏州,中档型,920,50290,570,47357,0.6262,249.83,156.443546,酒店之家
2026W38,2026,38,2026-09-14,2026-09-20,苏州,全部,10984,288168,4425,259741,0.6431,218.31,140.395161,酒店之家
2026W38,2026,38,2026-09-14,2026-09-20,苏州,经济型,9468,150937,3316,125997,0.6628,147.65,97.86242,酒店之家
2026W38,2026,38,2026-09-14,2026-09-20,苏州,豪华型,166,38942,159,38865,0.4398,644.91,283.631418,酒店之家
2026W38,2026,38,2026-09-14,2026-09-20,苏州,高档型,430,47999,380,47522,0.521,345.76,180.14096,酒店之家
2026W38,2026,38,2026-09-14,2026-09-20,西安,中档型,1089,84191,976,83173,0.7583,202.86,153.828738,酒店之家
2026W38,2026,38,2026-09-14,2026-09-20,西安,全部,15832,387529,6964,348581,0.6791,191.93,130.339663,酒店之家
2026W38,2026,38,2026-09-14,2026-09-20,西安,经济型,14132,212142,5390,174330,0.6233,126.49,78.841217,酒店之家
2026W38,2026,38,2026-09-14,2026-09-20,西安,豪华型,112,27585,111,27575,0.8945,605.63,541.736035,酒店之家
2026W38,2026,38,2026-09-14,2026-09-20,西安,高档型,499,63611,487,63503,0.8633,295.34,254.967022,酒店之家
2026W38,2026,38,2026-09-14,2026-09-20,郑州,中档型,700,57889,667,57573,0.6204,211.41,131.158764,酒店之家
2026W38,2026,38,2026-09-14,2026-09-20,郑州,全部,9444,275963,5370,257944,0.5842,176.68,103.216456,酒店之家
2026W38,2026,38,2026-09-14,2026-09-20,郑州,经济型,8430,169477,4396,151845,0.5751,121.01,69.592851,酒店之家
2026W38,2026,38,2026-09-14,2026-09-20,郑州,豪华型,41,11935,41,11935,0.2901,602.82,174.878082,酒店之家
2026W38,2026,38,2026-09-14,2026-09-20,郑州,高档型,273,36662,266,36591,0.5833,307.44,179.329752,酒店之家
2026W38,2026,38,2026-09-14,2026-09-20,重庆,中档型,1673,98205,1503,96643,0.7087,203.65,144.326755,酒店之家
2026W38,2026,38,2026-09-14,2026-09-20,重庆,全部,25000,525365,11133,462504,0.6389,180.14,115.091446,酒店之家
2026W38,2026,38,2026-09-14,2026-09-20,重庆,经济型,22440,313128,8793,252310,0.6067,123.65,75.018455,酒店之家
2026W38,2026,38,2026-09-14,2026-09-20,重庆,豪华型,140,32171,140,32171,0.9254,555.56,514.115224,酒店之家
2026W38,2026,38,2026-09-14,2026-09-20,重庆,高档型,747,81861,697,81380,0.5127,307.01,157.404027,酒店之家
2026W38,2026,38,2026-09-14,2026-09-20,长沙,中档型,804,64059,777,63798,0.6959,209.4,145.72146,酒店之家
2026W38,2026,38,2026-09-14,2026-09-20,长沙,全部,13363,313536,6211,283010,0.6624,193.22,127.988928,酒店之家
2026W38,2026,38,2026-09-14,2026-09-20,长沙,经济型,12092,177411,4975,147232,0.6227,133.83,83.335941,酒店之家
2026W38,2026,38,2026-09-14,2026-09-20,长沙,豪华型,88,22861,88,22861,0.8807,604.35,532.251045,酒店之家
2026W38,2026,38,2026-09-14,2026-09-20,长沙,高档型,379,49205,371,49119,0.8376,305.11,255.560136,酒店之家
2026W38,2026,38,2026-09-14,2026-09-20,青岛,中档型,736,51046,602,49884,0.5895,242.8,143.1306,酒店之家
2026W38,2026,38,2026-09-14,2026-09-20,青岛,全部,16651,270712,4426,236756,0.5762,223.48,128.769176,酒店之家
2026W38,2026,38,2026-09-14,2026-09-20,青岛,经济型,15546,159140,3472,126540,0.5272,147.85,77.94652,酒店之家
2026W38,2026,38,2026-09-14,2026-09-20,青岛,豪华型,78,22889,78,22889,0.8774,695.98,610.652852,酒店之家
2026W38,2026,38,2026-09-14,2026-09-20,青岛,高档型,291,37637,274,37443,0.833,388.72,323.80376,酒店之家
2026W39,2026,39,2026-09-21,2026-09-27,上海,中档型,1574,128344,1273,125780,0.6463,308.89,199.635607,酒店之家
2026W39,2026,39,2026-09-21,2026-09-27,上海,全部,16487,561221,7094,529139,0.6627,312.32,206.974464,酒店之家
2026W39,2026,39,2026-09-21,2026-09-27,上海,经济型,13798,234252,4750,205123,0.6774,195.93,132.722982,酒店之家
2026W39,2026,39,2026-09-21,2026-09-27,上海,豪华型,308,84721,304,84693,0.2988,1009.22,301.554936,酒店之家
2026W39,2026,39,2026-09-21,2026-09-27,上海,高档型,807,113904,767,113543,0.6787,474.07,321.751309,酒店之家
2026W39,2026,39,2026-09-21,2026-09-27,东莞,中档型,406,39686,404,39668,0.5038,193.53,97.500414,酒店之家
2026W39,2026,39,2026-09-21,2026-09-27,东莞,全部,6396,234565,4368,221743,0.571,145.71,83.20041,酒店之家
2026W39,2026,39,2026-09-21,2026-09-27,东莞,经济型,5786,154332,3761,141537,0.5846,116.09,67.866214,酒店之家
2026W39,2026,39,2026-09-21,2026-09-27,东莞,豪华型,38,11688,38,11688,0.529,594.11,314.28419,酒店之家
2026W39,2026,39,2026-09-21,2026-09-27,东莞,高档型,166,28859,165,28850,0.5716,283.85,162.24866,酒店之家
2026W39,2026,39,2026-09-21,2026-09-27,佛山,中档型,439,37263,402,36976,0.5098,208.85,106.47173,酒店之家
2026W39,2026,39,2026-09-21,2026-09-27,佛山,全部,6611,183291,3315,168283,0.5476,173.9,95.22764,酒店之家
2026W39,2026,39,2026-09-21,2026-09-27,佛山,经济型,5934,107232,2678,92537,0.5616,124.16,69.728256,酒店之家
2026W39,2026,39,2026-09-21,2026-09-27,佛山,豪华型,42,11155,42,11155,,552.8,,酒店之家
2026W39,2026,39,2026-09-21,2026-09-27,佛山,高档型,196,27641,193,27615,0.3036,324.36,98.475696,酒店之家
2026W39,2026,39,2026-09-21,2026-09-27,全国,中档型,76266,4762356,61301,4624738,0.5189,227.69,118.148341,酒店之家
2026W39,2026,39,2026-09-21,2026-09-27,全国,全部,1049856,23549869,428457,20925698,0.5216,206.02,107.460032,酒店之家
2026W39,2026,39,2026-09-21,2026-09-27,全国,经济型,936800,13865878,333263,11408719,0.5257,144.12,75.763884,酒店之家
2026W39,2026,39,2026-09-21,2026-09-27,全国,豪华型,6751,1552751,6550,1550626,0.4359,705.22,307.405398,酒店之家
2026W39,2026,39,2026-09-21,2026-09-27,全国,高档型,30039,3368884,27343,3341615,0.4973,340.53,169.345569,酒店之家
2026W39,2026,39,2026-09-21,2026-09-27,北京,中档型,2091,158911,1720,156038,0.6658,360.88,240.273904,酒店之家
2026W39,2026,39,2026-09-21,2026-09-27,北京,全部,19642,593281,7127,555043,0.6393,343.61,219.669873,酒店之家
2026W39,2026,39,2026-09-21,2026-09-27,北京,经济型,16616,258475,4502,223373,0.6174,235.46,145.373004,酒店之家
2026W39,2026,39,2026-09-21,2026-09-27,北京,豪华型,194,58705,191,58674,0.336,1042.6,350.3136,酒店之家
2026W39,2026,39,2026-09-21,2026-09-27,北京,高档型,741,117190,714,116958,0.652,540.43,352.36036,酒店之家
2026W39,2026,39,2026-09-21,2026-09-27,南京,中档型,800,61257,709,60399,0.6723,290.98,195.625854,酒店之家
2026W39,2026,39,2026-09-21,2026-09-27,南京,全部,9074,266637,4277,247633,0.6477,270.3,175.07331,酒店之家
2026W39,2026,39,2026-09-21,2026-09-27,南京,经济型,7783,131981,3100,114056,0.6282,182.49,114.640218,酒店之家
2026W39,2026,39,2026-09-21,2026-09-27,南京,豪华型,114,28455,112,28434,0.5183,760.65,394.244895,酒店之家
2026W39,2026,39,2026-09-21,2026-09-27,南京,高档型,377,44944,356,44744,0.6373,424.74,270.686802,酒店之家
2026W39,2026,39,2026-09-21,2026-09-27,合肥,中档型,455,40686,445,40585,0.5064,207.87,105.265368,酒店之家
2026W39,2026,39,2026-09-21,2026-09-27,合肥,全部,5834,190718,3319,176724,0.5532,180.05,99.60366,酒店之家
2026W39,2026,39,2026-09-21,2026-09-27,合肥,经济型,5151,108587,2648,94711,0.5667,133.89,75.875463,酒店之家
2026W39,2026,39,2026-09-21,2026-09-27,合肥,豪华型,56,16935,56,16935,0.4358,478.2,208.39956,酒店之家
2026W39,2026,39,2026-09-21,2026-09-27,合肥,高档型,172,24510,170,24493,,301.73,,酒店之家
2026W39,2026,39,2026-09-21,2026-09-27,天津,中档型,625,47956,528,47158,0.5513,263.36,145.190368,酒店之家
2026W39,2026,39,2026-09-21,2026-09-27,天津,全部,10199,198694,2966,173391,0.5898,232.25,136.98105,酒店之家
2026W39,2026,39,2026-09-21,2026-09-27,天津,经济型,9345,113135,2210,88644,0.6144,173,106.2912,酒店之家
2026W39,2026,39,2026-09-21,2026-09-27,天津,豪华型,42,11652,42,11652,0.3493,783.24,273.585732,酒店之家
2026W39,2026,39,2026-09-21,2026-09-27,天津,高档型,187,25951,186,25937,0.8122,384.53,312.315266,酒店之家
2026W39,2026,39,2026-09-21,2026-09-27,广州,中档型,1087,93266,1015,92616,0.5375,249.17,133.928875,酒店之家
2026W39,2026,39,2026-09-21,2026-09-27,广州,全部,15929,491038,8272,462637,0.5994,231.87,138.982878,酒店之家
2026W39,2026,39,2026-09-21,2026-09-27,广州,经济型,14068,267515,6495,239883,0.6318,154.39,97.543602,酒店之家
2026W39,2026,39,2026-09-21,2026-09-27,广州,豪华型,149,45101,149,45101,0.4769,898.77,428.623413,酒店之家
2026W39,2026,39,2026-09-21,2026-09-27,广州,高档型,625,85156,613,85037,0.4796,370.92,177.893232,酒店之家
2026W39,2026,39,2026-09-21,2026-09-27,成都,中档型,2133,127186,1806,124180,0.557,223.11,124.27227,酒店之家
2026W39,2026,39,2026-09-21,2026-09-27,成都,全部,26655,580587,10691,518376,0.5804,196.59,114.100836,酒店之家
2026W39,2026,39,2026-09-21,2026-09-27,成都,经济型,23311,295646,7746,237151,0.5926,132.58,78.566908,酒店之家
2026W39,2026,39,2026-09-21,2026-09-27,成都,豪华型,240,52040,230,51917,0.625,588.4,367.75,酒店之家
2026W39,2026,39,2026-09-21,2026-09-27,成都,高档型,971,105715,909,105128,0.5639,309.35,174.442465,酒店之家
2026W39,2026,39,2026-09-21,2026-09-27,昆明,中档型,777,55518,681,54651,0.5323,197.94,105.363462,酒店之家
2026W39,2026,39,2026-09-21,2026-09-27,昆明,全部,16059,299395,6115,268270,0.5131,163.85,84.071435,酒店之家
2026W39,2026,39,2026-09-21,2026-09-27,昆明,经济型,14881,181732,5049,151640,0.5008,124.29,62.244432,酒店之家
2026W39,2026,39,2026-09-21,2026-09-27,昆明,豪华型,70,17882,66,17842,0.5444,614.37,334.463028,酒店之家
2026W39,2026,39,2026-09-21,2026-09-27,昆明,高档型,331,44263,319,44137,0.4407,292.97,129.111879,酒店之家
2026W39,2026,39,2026-09-21,2026-09-27,杭州,中档型,1827,88416,1056,82043,0.6056,277.89,168.290184,酒店之家
2026W39,2026,39,2026-09-21,2026-09-27,杭州,全部,15582,432577,6390,388976,0.6162,270.29,166.552698,酒店之家
2026W39,2026,39,2026-09-21,2026-09-27,杭州,经济型,12698,199199,4381,162938,0.6395,165.12,105.59424,酒店之家
2026W39,2026,39,2026-09-21,2026-09-27,杭州,豪华型,265,54254,259,54193,0.3134,839.86,263.212124,酒店之家
2026W39,2026,39,2026-09-21,2026-09-27,杭州,高档型,792,90708,694,89802,0.3849,391.37,150.638313,酒店之家
2026W39,2026,39,2026-09-21,2026-09-27,武汉,中档型,819,68047,780,67693,0.567,222.49,126.15183,酒店之家
2026W39,2026,39,2026-09-21,2026-09-27,武汉,全部,11104,302525,5163,275192,0.5646,202.61,114.393606,酒店之家
2026W39,2026,39,2026-09-21,2026-09-27,武汉,经济型,9821,159387,3925,132463,0.5643,141.41,79.797663,酒店之家
2026W39,2026,39,2026-09-21,2026-09-27,武汉,豪华型,82,21842,82,21842,0.6216,580.88,361.075008,酒店之家
2026W39,2026,39,2026-09-21,2026-09-27,武汉,高档型,382,53249,376,53194,0.1522,331.53,50.458866,酒店之家
2026W39,2026,39,2026-09-21,2026-09-27,沈阳,中档型,294,26500,289,26455,0.4502,241.24,108.606248,酒店之家
2026W39,2026,39,2026-09-21,2026-09-27,沈阳,全部,7447,142129,2408,124147,0.5523,203.19,112.221837,酒店之家
2026W39,2026,39,2026-09-21,2026-09-27,沈阳,经济型,6968,82675,1934,64738,0.5859,150.06,87.920154,酒店之家
2026W39,2026,39,2026-09-21,2026-09-27,沈阳,豪华型,31,9957,31,9957,0.4969,688.65,342.190185,酒店之家
2026W39,2026,39,2026-09-21,2026-09-27,沈阳,高档型,154,22997,154,22997,,349.38,,酒店之家
2026W39,2026,39,2026-09-21,2026-09-27,深圳,中档型,1010,89188,901,88190,0.4901,270.06,132.356406,酒店之家
2026W39,2026,39,2026-09-21,2026-09-27,深圳,全部,12688,418064,6667,392264,0.5883,251.18,147.769194,酒店之家
2026W39,2026,39,2026-09-21,2026-09-27,深圳,经济型,11036,220320,5147,195750,0.6205,162.66,100.93053,酒店之家
2026W39,2026,39,2026-09-21,2026-09-27,深圳,豪华型,130,33390,128,33377,0.3762,1029.66,387.358092,酒店之家
2026W39,2026,39,2026-09-21,2026-09-27,深圳,高档型,512,75166,491,74947,0.6276,432.56,271.474656,酒店之家
2026W39,2026,39,2026-09-21,2026-09-27,苏州,中档型,923,50342,571,47388,0.5843,274.46,160.366978,酒店之家
2026W39,2026,39,2026-09-21,2026-09-27,苏州,全部,11095,288366,4435,259676,0.5982,249.28,149.119296,酒店之家
2026W39,2026,39,2026-09-21,2026-09-27,苏州,经济型,9573,150883,3322,125702,0.6133,161.13,98.821029,酒店之家
2026W39,2026,39,2026-09-21,2026-09-27,苏州,豪华型,167,39148,160,39071,0.4402,760.36,334.710472,酒店之家
2026W39,2026,39,2026-09-21,2026-09-27,苏州,高档型,432,47993,382,47515,0.4898,361.96,177.288008,酒店之家
2026W39,2026,39,2026-09-21,2026-09-27,西安,中档型,1092,84444,979,83427,0.6697,206.9,138.56093,酒店之家
2026W39,2026,39,2026-09-21,2026-09-27,西安,全部,15946,386439,6960,347378,0.6318,195.34,123.415812,酒店之家
2026W39,2026,39,2026-09-21,2026-09-27,西安,经济型,14247,211333,5387,173407,0.6043,135.75,82.033725,酒店之家
2026W39,2026,39,2026-09-21,2026-09-27,西安,豪华型,112,27584,111,27574,0.8446,619.67,523.373282,酒店之家
2026W39,2026,39,2026-09-21,2026-09-27,西安,高档型,495,63078,483,62970,0.652,291.81,190.26012,酒店之家
2026W39,2026,39,2026-09-21,2026-09-27,郑州,中档型,702,58084,669,57768,0.516,211.38,109.07208,酒店之家
2026W39,2026,39,2026-09-21,2026-09-27,郑州,全部,9472,276873,5376,258895,0.5338,179.78,95.966564,酒店之家
2026W39,2026,39,2026-09-21,2026-09-27,郑州,经济型,8454,169810,4398,152219,0.5472,126.16,69.034752,酒店之家
2026W39,2026,39,2026-09-21,2026-09-27,郑州,豪华型,41,12112,41,12112,0.4033,649.59,261.979647,酒店之家
2026W39,2026,39,2026-09-21,2026-09-27,郑州,高档型,275,36867,268,36796,0.6693,309.36,207.054648,酒店之家
2026W39,2026,39,2026-09-21,2026-09-27,重庆,中档型,1679,98624,1509,97056,0.6532,207.52,135.552064,酒店之家
2026W39,2026,39,2026-09-21,2026-09-27,重庆,全部,25238,526791,11159,463733,0.6032,184.1,111.04912,酒店之家
2026W39,2026,39,2026-09-21,2026-09-27,重庆,经济型,22667,313998,8808,252989,0.579,131.45,76.10955,酒店之家
2026W39,2026,39,2026-09-21,2026-09-27,重庆,豪华型,141,32194,141,32194,0.9122,557.52,508.569744,酒店之家
2026W39,2026,39,2026-09-21,2026-09-27,重庆,高档型,751,81975,701,81494,0.5598,308.23,172.547154,酒店之家
2026W39,2026,39,2026-09-21,2026-09-27,长沙,中档型,801,63722,774,63461,0.6231,216.81,135.094311,酒店之家
2026W39,2026,39,2026-09-21,2026-09-27,长沙,全部,13497,313321,6199,282636,0.5962,201.15,119.92563,酒店之家
2026W39,2026,39,2026-09-21,2026-09-27,长沙,经济型,12229,177455,4966,147117,0.5648,143.3,80.93584,酒店之家
2026W39,2026,39,2026-09-21,2026-09-27,长沙,豪华型,88,22861,88,22861,0.8228,626.55,515.52534,酒店之家
2026W39,2026,39,2026-09-21,2026-09-27,长沙,高档型,379,49283,371,49197,0.6496,305.65,198.55024,酒店之家
2026W39,2026,39,2026-09-21,2026-09-27,青岛,中档型,741,51168,604,49976,0.492,252.39,124.17588,酒店之家
2026W39,2026,39,2026-09-21,2026-09-27,青岛,全部,16773,271200,4438,237053,0.5134,234.39,120.335826,酒店之家
2026W39,2026,39,2026-09-21,2026-09-27,青岛,经济型,15661,159505,3480,126744,0.4855,157.95,76.684725,酒店之家
2026W39,2026,39,2026-09-21,2026-09-27,青岛,豪华型,78,22889,78,22889,0.7812,708.93,553.816116,酒店之家
2026W39,2026,39,2026-09-21,2026-09-27,青岛,高档型,293,37638,276,37444,0.7478,389.06,290.939068,酒店之家
2026W40,2026,40,2026-09-28,2026-10-04,上海,中档型,1572,128254,1273,125696,0.6995,348.45,243.740775,酒店之家
2026W40,2026,40,2026-09-28,2026-10-04,上海,全部,16388,561242,7095,529468,0.7112,355.65,252.93828,酒店之家
2026W40,2026,40,2026-09-28,2026-10-04,上海,经济型,13697,233859,4747,205032,0.7278,232.79,169.424562,酒店之家
2026W40,2026,40,2026-09-28,2026-10-04,上海,豪华型,308,84721,304,84693,0.3128,1020.24,319.131072,酒店之家
2026W40,2026,40,2026-09-28,2026-10-04,上海,高档型,811,114408,771,114047,0.6814,497.55,339.03057,酒店之家
2026W40,2026,40,2026-09-28,2026-10-04,东莞,中档型,409,40022,407,40004,0.5168,208.58,107.794144,酒店之家
2026W40,2026,40,2026-09-28,2026-10-04,东莞,全部,6299,233365,4322,221114,0.6447,159.76,102.997272,酒店之家
2026W40,2026,40,2026-09-28,2026-10-04,东莞,经济型,5687,152939,3713,140715,0.6717,126.49,84.963333,酒店之家
2026W40,2026,40,2026-09-28,2026-10-04,东莞,豪华型,38,11688,38,11688,0.6369,672.25,428.156025,酒店之家
2026W40,2026,40,2026-09-28,2026-10-04,东莞,高档型,165,28716,164,28707,0.3786,294.08,111.338688,酒店之家
2026W40,2026,40,2026-09-28,2026-10-04,佛山,中档型,439,37027,402,36740,0.6661,291.36,194.074896,酒店之家
2026W40,2026,40,2026-09-28,2026-10-04,佛山,全部,6508,182487,3295,167865,0.6657,236.69,157.564533,酒店之家
2026W40,2026,40,2026-09-28,2026-10-04,佛山,经济型,5830,106537,2658,92233,0.6695,167.81,112.348795,酒店之家
2026W40,2026,40,2026-09-28,2026-10-04,佛山,豪华型,42,11155,42,11155,0.9,663.66,597.294,酒店之家
2026W40,2026,40,2026-09-28,2026-10-04,佛山,高档型,197,27768,193,27737,0.3357,428.96,144.001872,酒店之家
2026W40,2026,40,2026-09-28,2026-10-04,全国,中档型,76471,4776158,61522,4638763,0.6618,332.76,220.220568,酒店之家
2026W40,2026,40,2026-09-28,2026-10-04,全国,全部,1052356,23576680,428582,20961366,0.6682,292.34,195.341588,酒店之家
2026W40,2026,40,2026-09-28,2026-10-04,全国,经济型,938916,13861144,333005,11412783,0.6754,214.33,144.758482,酒店之家
2026W40,2026,40,2026-09-28,2026-10-04,全国,豪华型,6775,1554523,6572,1552370,0.5444,849.61,462.527684,酒店之家
2026W40,2026,40,2026-09-28,2026-10-04,全国,高档型,30194,3384855,27483,3357450,0.6344,463.42,293.993648,酒店之家
2026W40,2026,40,2026-09-28,2026-10-04,北京,中档型,2107,159339,1725,156372,0.6988,398.07,278.171316,酒店之家
2026W40,2026,40,2026-09-28,2026-10-04,北京,全部,19839,594587,7147,555618,0.6815,384.66,262.14579,酒店之家
2026W40,2026,40,2026-09-28,2026-10-04,北京,经济型,16798,259741,4517,223989,0.6709,274.11,183.900399,酒店之家
2026W40,2026,40,2026-09-28,2026-10-04,北京,豪华型,192,58215,189,58184,0.4141,1078.19,446.478479,酒店之家
2026W40,2026,40,2026-09-28,2026-10-04,北京,高档型,742,117292,716,117073,0.6761,561.95,379.934395,酒店之家
2026W40,2026,40,2026-09-28,2026-10-04,南京,中档型,801,61295,710,60437,0.7707,428.61,330.329727,酒店之家
2026W40,2026,40,2026-09-28,2026-10-04,南京,全部,9117,268142,4299,249151,0.7399,390.28,288.768172,酒店之家
2026W40,2026,40,2026-09-28,2026-10-04,南京,经济型,7819,132661,3115,114749,0.7276,302.06,219.778856,酒店之家
2026W40,2026,40,2026-09-28,2026-10-04,南京,豪华型,116,28784,114,28763,0.5084,902.56,458.861504,酒店之家
2026W40,2026,40,2026-09-28,2026-10-04,南京,高档型,381,45402,360,45202,0.4673,549.54,256.800042,酒店之家
2026W40,2026,40,2026-09-28,2026-10-04,合肥,中档型,455,40637,445,40536,0.6834,254.53,173.945802,酒店之家
2026W40,2026,40,2026-09-28,2026-10-04,合肥,全部,5816,190498,3317,176658,0.7235,219.42,158.75037,酒店之家
2026W40,2026,40,2026-09-28,2026-10-04,合肥,经济型,5132,108430,2645,94708,0.7317,152.58,111.642786,酒店之家
2026W40,2026,40,2026-09-28,2026-10-04,合肥,豪华型,56,16935,56,16935,0.6634,517.34,343.203356,酒店之家
2026W40,2026,40,2026-09-28,2026-10-04,合肥,高档型,173,24496,171,24479,,355.69,,酒店之家
2026W40,2026,40,2026-09-28,2026-10-04,天津,中档型,628,48460,531,47654,0.665,382.62,254.4423,酒店之家
2026W40,2026,40,2026-09-28,2026-10-04,天津,全部,10242,199841,2981,174645,0.7078,332.22,235.145316,酒店之家
2026W40,2026,40,2026-09-28,2026-10-04,天津,经济型,9382,113521,2219,89145,0.7336,259.41,190.303176,酒店之家
2026W40,2026,40,2026-09-28,2026-10-04,天津,豪华型,42,11652,42,11652,0.4644,931.52,432.597888,酒店之家
2026W40,2026,40,2026-09-28,2026-10-04,天津,高档型,190,26208,189,26194,0.8615,535.14,461.02311,酒店之家
2026W40,2026,40,2026-09-28,2026-10-04,广州,中档型,1088,93424,1017,92780,0.6441,317.97,204.804477,酒店之家
2026W40,2026,40,2026-09-28,2026-10-04,广州,全部,15853,491662,8261,463787,0.6886,299.47,206.215042,酒店之家
2026W40,2026,40,2026-09-28,2026-10-04,广州,经济型,13983,267063,6475,239957,0.711,203.23,144.49653,酒店之家
2026W40,2026,40,2026-09-28,2026-10-04,广州,豪华型,149,45038,149,45038,0.6451,1001.84,646.286984,酒店之家
2026W40,2026,40,2026-09-28,2026-10-04,广州,高档型,633,86137,620,86012,0.5916,459.31,271.727796,酒店之家
2026W40,2026,40,2026-09-28,2026-10-04,成都,中档型,2133,127083,1805,124070,0.6905,312.1,215.50505,酒店之家
2026W40,2026,40,2026-09-28,2026-10-04,成都,全部,26593,580603,10678,518898,0.7067,270.3,191.02101,酒店之家
2026W40,2026,40,2026-09-28,2026-10-04,成都,经济型,23244,295127,7732,237179,0.7168,193.52,138.715136,酒店之家
2026W40,2026,40,2026-09-28,2026-10-04,成都,豪华型,242,52328,232,52205,0.3696,712.17,263.218032,酒店之家
2026W40,2026,40,2026-09-28,2026-10-04,成都,高档型,974,106065,909,105444,0.7043,400.35,281.966505,酒店之家
2026W40,2026,40,2026-09-28,2026-10-04,昆明,中档型,779,55421,682,54545,0.7065,249.57,176.321205,酒店之家
2026W40,2026,40,2026-09-28,2026-10-04,昆明,全部,16195,300375,6128,269047,0.6578,206.81,136.039618,酒店之家
2026W40,2026,40,2026-09-28,2026-10-04,昆明,经济型,15010,182355,5056,152069,0.6261,157.74,98.761014,酒店之家
2026W40,2026,40,2026-09-28,2026-10-04,昆明,豪华型,70,17882,66,17842,0.6035,693.57,418.569495,酒店之家
2026W40,2026,40,2026-09-28,2026-10-04,昆明,高档型,336,44717,324,44591,0.4693,347.44,163.053592,酒店之家
2026W40,2026,40,2026-09-28,2026-10-04,杭州,中档型,1826,88372,1057,82021,0.6862,375.38,257.585756,酒店之家
2026W40,2026,40,2026-09-28,2026-10-04,杭州,全部,15618,432881,6393,389225,0.6965,353.39,246.136135,酒店之家
2026W40,2026,40,2026-09-28,2026-10-04,杭州,经济型,12733,199478,4382,163149,0.7145,236.44,168.93638,酒店之家
2026W40,2026,40,2026-09-28,2026-10-04,杭州,豪华型,266,54437,260,54376,0.382,995.49,380.27718,酒店之家
2026W40,2026,40,2026-09-28,2026-10-04,杭州,高档型,793,90594,694,89679,0.5752,462.19,265.851688,酒店之家
2026W40,2026,40,2026-09-28,2026-10-04,武汉,中档型,828,68817,789,68463,0.6939,316.36,219.522204,酒店之家
2026W40,2026,40,2026-09-28,2026-10-04,武汉,全部,11090,302796,5168,275834,0.701,288.13,201.97913,酒店之家
2026W40,2026,40,2026-09-28,2026-10-04,武汉,经济型,9797,158854,3920,132301,0.705,209.7,147.8385,酒店之家
2026W40,2026,40,2026-09-28,2026-10-04,武汉,豪华型,82,21842,82,21842,0.6877,713.14,490.426378,酒店之家
2026W40,2026,40,2026-09-28,2026-10-04,武汉,高档型,383,53283,377,53228,0.4857,448.79,217.977303,酒店之家
2026W40,2026,40,2026-09-28,2026-10-04,沈阳,中档型,295,26633,290,26588,0.7242,381.29,276.130218,酒店之家
2026W40,2026,40,2026-09-28,2026-10-04,沈阳,全部,7505,143154,2419,125144,0.7332,315.21,231.111972,酒店之家
2026W40,2026,40,2026-09-28,2026-10-04,沈阳,经济型,7023,83335,1942,65370,0.7463,248.92,185.768996,酒店之家
2026W40,2026,40,2026-09-28,2026-10-04,沈阳,豪华型,31,9960,31,9960,0.7076,771.48,545.899248,酒店之家
2026W40,2026,40,2026-09-28,2026-10-04,沈阳,高档型,156,23226,156,23226,0.0058,496.4,2.87912,酒店之家
2026W40,2026,40,2026-09-28,2026-10-04,深圳,中档型,1010,89210,902,88231,0.6136,337.81,207.280216,酒店之家
2026W40,2026,40,2026-09-28,2026-10-04,深圳,全部,12588,419332,6675,393949,0.6987,307.67,214.969029,酒店之家
2026W40,2026,40,2026-09-28,2026-10-04,深圳,经济型,10934,221118,5153,196952,0.7287,208.05,151.606035,酒店之家
2026W40,2026,40,2026-09-28,2026-10-04,深圳,豪华型,131,33793,129,33780,0.6433,1075.68,691.984944,酒店之家
2026W40,2026,40,2026-09-28,2026-10-04,深圳,高档型,513,75211,491,74986,0.4307,489.48,210.819036,酒店之家
2026W40,2026,40,2026-09-28,2026-10-04,苏州,中档型,926,50361,572,47396,0.677,398.43,269.73711,酒店之家
2026W40,2026,40,2026-09-28,2026-10-04,苏州,全部,11145,288706,4436,259953,0.6903,362.81,250.447743,酒店之家
2026W40,2026,40,2026-09-28,2026-10-04,苏州,经济型,9619,151158,3321,125925,0.7103,244.19,173.448157,酒店之家
2026W40,2026,40,2026-09-28,2026-10-04,苏州,豪华型,168,39189,161,39112,0.4928,931.91,459.245248,酒店之家
2026W40,2026,40,2026-09-28,2026-10-04,苏州,高档型,432,47998,382,47520,0.5256,495.94,260.666064,酒店之家
2026W40,2026,40,2026-09-28,2026-10-04,西安,中档型,1094,84694,982,83687,0.7799,321.28,250.566272,酒店之家
2026W40,2026,40,2026-09-28,2026-10-04,西安,全部,15953,386519,6937,347584,0.7479,286.33,214.146207,酒店之家
2026W40,2026,40,2026-09-28,2026-10-04,西安,经济型,14246,210271,5354,172460,0.7275,215.28,156.6162,酒店之家
2026W40,2026,40,2026-09-28,2026-10-04,西安,豪华型,113,27779,112,27769,0.8211,723.59,594.139749,酒店之家
2026W40,2026,40,2026-09-28,2026-10-04,西安,高档型,500,63775,489,63668,0.7373,411.67,303.524291,酒店之家
2026W40,2026,40,2026-09-28,2026-10-04,郑州,中档型,701,58051,668,57735,0.7264,276.81,201.074784,酒店之家
2026W40,2026,40,2026-09-28,2026-10-04,郑州,全部,9482,277208,5368,259385,0.7233,235.84,170.583072,酒店之家
2026W40,2026,40,2026-09-28,2026-10-04,郑州,经济型,8460,169453,4386,152017,0.7225,171.42,123.85095,酒店之家
2026W40,2026,40,2026-09-28,2026-10-04,郑州,豪华型,41,12112,41,12112,0.7023,774.64,544.029672,酒店之家
2026W40,2026,40,2026-09-28,2026-10-04,郑州,高档型,280,37592,273,37521,0.6634,375.06,248.814804,酒店之家
2026W40,2026,40,2026-09-28,2026-10-04,重庆,中档型,1681,98442,1511,96860,0.7424,322.6,239.49824,酒店之家
2026W40,2026,40,2026-09-28,2026-10-04,重庆,全部,25241,526531,11143,463917,0.7177,275.23,197.532571,酒店之家
2026W40,2026,40,2026-09-28,2026-10-04,重庆,经济型,22661,312955,8784,252418,0.7041,211.12,148.649592,酒店之家
2026W40,2026,40,2026-09-28,2026-10-04,重庆,豪华型,142,32412,142,32412,0.9881,687.44,679.259464,酒店之家
2026W40,2026,40,2026-09-28,2026-10-04,重庆,高档型,757,82722,706,82227,0.8526,430.74,367.248924,酒店之家
2026W40,2026,40,2026-09-28,2026-10-04,长沙,中档型,808,64512,781,64251,0.8209,327.65,268.967885,酒店之家
2026W40,2026,40,2026-09-28,2026-10-04,长沙,全部,13419,313731,6195,283539,0.7775,298.86,232.36365,酒店之家
2026W40,2026,40,2026-09-28,2026-10-04,长沙,经济型,12143,176850,4954,147005,0.7521,229.24,172.411404,酒店之家
2026W40,2026,40,2026-09-28,2026-10-04,长沙,豪华型,88,22861,88,22861,0.9731,735.28,715.500968,酒店之家
2026W40,2026,40,2026-09-28,2026-10-04,长沙,高档型,380,49508,372,49422,0.5526,427.99,236.507274,酒店之家
2026W40,2026,40,2026-09-28,2026-10-04,青岛,中档型,742,51373,606,50191,0.6753,441.66,298.252998,酒店之家
2026W40,2026,40,2026-09-28,2026-10-04,青岛,全部,16698,271517,4440,237627,0.6876,398.85,274.24926,酒店之家
2026W40,2026,40,2026-09-28,2026-10-04,青岛,经济型,15583,159635,3479,127133,0.6764,292.03,197.529092,酒店之家
2026W40,2026,40,2026-09-28,2026-10-04,青岛,豪华型,78,22889,78,22889,0.8785,990.41,870.075185,酒店之家
2026W40,2026,40,2026-09-28,2026-10-04,青岛,高档型,295,37620,277,37414,0.7718,621.98,480.044164,酒店之家
