period_id,year,week,start_date,end_date,region,room_band,hotel_count,room_count,chain_hotel_count,chain_room_count,source
2022W42,2022,42,2022-10-10,2022-10-16,全国,150间及以上,14041,3389153,5418,1353132,酒店之家
2022W42,2022,42,2022-10-10,2022-10-16,全国,30-69间,115699,5078712,15221,765884,酒店之家
2022W42,2022,42,2022-10-10,2022-10-16,全国,70-149间,54731,5290606,23198,2287690,酒店之家
2022W43,2022,43,2022-10-17,2022-10-23,全国,15-29间,127792,2611561,2344,52737,酒店之家
2022W43,2022,43,2022-10-17,2022-10-23,全国,150间及以上,14032,3387351,5434,1356903,酒店之家
2022W43,2022,43,2022-10-17,2022-10-23,全国,15间以下,118890,1027800,1077,9942,酒店之家
2022W43,2022,43,2022-10-17,2022-10-23,全国,30-69间,115552,5072135,15242,766539,酒店之家
2022W43,2022,43,2022-10-17,2022-10-23,全国,70-149间,54643,5282628,23200,2288569,酒店之家
2022W43,2022,43,2022-10-17,2022-10-23,全国,全部,430909,17381475,47297,4474690,酒店之家
2022W44,2022,44,2022-10-24,2022-10-30,全国,15-29间,127654,2607618,2291,51572,酒店之家
2022W44,2022,44,2022-10-24,2022-10-30,全国,150间及以上,14012,3382230,5424,1351218,酒店之家
2022W44,2022,44,2022-10-24,2022-10-30,全国,15间以下,131006,1055489,1063,9788,酒店之家
2022W44,2022,44,2022-10-24,2022-10-30,全国,30-69间,115205,5057029,15077,758846,酒店之家
2022W44,2022,44,2022-10-24,2022-10-30,全国,70-149间,54445,5263833,23101,2279703,酒店之家
2022W44,2022,44,2022-10-24,2022-10-30,全国,全部,442322,17366199,46956,4451127,酒店之家
2022W45,2022,45,2022-10-31,2022-11-06,全国,15-29间,127691,2608063,2294,51665,酒店之家
2022W45,2022,45,2022-10-31,2022-11-06,全国,150间及以上,13946,3368440,5418,1349618,酒店之家
2022W45,2022,45,2022-10-31,2022-11-06,全国,15间以下,134284,1063790,1062,9809,酒店之家
2022W45,2022,45,2022-10-31,2022-11-06,全国,30-69间,114880,5042182,15080,758530,酒店之家
2022W45,2022,45,2022-10-31,2022-11-06,全国,70-149间,54302,5250037,23112,2280996,酒店之家
2022W45,2022,45,2022-10-31,2022-11-06,全国,全部,445103,17332512,46966,4450618,酒店之家
2022W46,2022,46,2022-11-07,2022-11-13,全国,15-29间,127946,2612782,2290,51556,酒店之家
2022W46,2022,46,2022-11-07,2022-11-13,全国,150间及以上,13909,3361794,5404,1347549,酒店之家
2022W46,2022,46,2022-11-07,2022-11-13,全国,15间以下,134293,1067133,1060,9792,酒店之家
2022W46,2022,46,2022-11-07,2022-11-13,全国,30-69间,114798,5037644,15078,758324,酒店之家
2022W46,2022,46,2022-11-07,2022-11-13,全国,70-149间,54198,5240023,23073,2277124,酒店之家
2022W46,2022,46,2022-11-07,2022-11-13,全国,全部,445144,17319376,46905,4444345,酒店之家
2022W47,2022,47,2022-11-14,2022-11-20,全国,15-29间,128203,2617533,2291,51602,酒店之家
2022W47,2022,47,2022-11-14,2022-11-20,全国,150间及以上,13902,3359690,5402,1346167,酒店之家
2022W47,2022,47,2022-11-14,2022-11-20,全国,15间以下,136941,1075875,1062,9798,酒店之家
2022W47,2022,47,2022-11-14,2022-11-20,全国,30-69间,114708,5032891,15068,757771,酒店之家
2022W47,2022,47,2022-11-14,2022-11-20,全国,70-149间,54096,5231112,23059,2275842,酒店之家
2022W47,2022,47,2022-11-14,2022-11-20,全国,全部,447850,17317101,46882,4441180,酒店之家
2022W48,2022,48,2022-11-21,2022-11-27,全国,15-29间,128746,2628847,2287,51544,酒店之家
2022W48,2022,48,2022-11-21,2022-11-27,全国,150间及以上,13867,3352589,5401,1346685,酒店之家
2022W48,2022,48,2022-11-21,2022-11-27,全国,15间以下,136939,1079771,1070,9873,酒店之家
2022W48,2022,48,2022-11-21,2022-11-27,全国,30-69间,114845,5037758,15028,755853,酒店之家
2022W48,2022,48,2022-11-21,2022-11-27,全国,70-149间,53945,5215200,23001,2269839,酒店之家
2022W48,2022,48,2022-11-21,2022-11-27,全国,全部,448342,17314165,46787,4433794,酒店之家
2022W49,2022,49,2022-11-28,2022-12-04,全国,15-29间,128618,2625699,2166,48875,酒店之家
2022W49,2022,49,2022-11-28,2022-12-04,全国,150间及以上,13795,3335091,5379,1342723,酒店之家
2022W49,2022,49,2022-11-28,2022-12-04,全国,15间以下,137309,1080040,1050,9647,酒店之家
2022W49,2022,49,2022-11-28,2022-12-04,全国,30-69间,114525,5022603,14813,746193,酒店之家
2022W49,2022,49,2022-11-28,2022-12-04,全国,70-149间,53653,5186561,22812,2251144,酒店之家
2022W49,2022,49,2022-11-28,2022-12-04,全国,全部,447900,17249994,46220,4398582,酒店之家
2022W50,2022,50,2022-12-05,2022-12-11,全国,15-29间,128946,2632003,2177,49063,酒店之家
2022W50,2022,50,2022-12-05,2022-12-11,全国,150间及以上,13814,3339042,5387,1343690,酒店之家
2022W50,2022,50,2022-12-05,2022-12-11,全国,15间以下,137611,1084228,1042,9581,酒店之家
2022W50,2022,50,2022-12-05,2022-12-11,全国,30-69间,114683,5029385,14875,749216,酒店之家
2022W50,2022,50,2022-12-05,2022-12-11,全国,70-149间,53793,5199686,22892,2259240,酒店之家
2022W50,2022,50,2022-12-05,2022-12-11,全国,全部,448847,17284344,46373,4410790,酒店之家
2022W51,2022,51,2022-12-12,2022-12-18,全国,15-29间,129012,2633195,2180,49136,酒店之家
2022W51,2022,51,2022-12-12,2022-12-18,全国,150间及以上,13899,3358400,5425,1351200,酒店之家
2022W51,2022,51,2022-12-12,2022-12-18,全国,15间以下,139223,1089815,1045,9614,酒店之家
2022W51,2022,51,2022-12-12,2022-12-18,全国,30-69间,114913,5040383,14952,753237,酒店之家
2022W51,2022,51,2022-12-12,2022-12-18,全国,70-149间,54085,5229389,23075,2277939,酒店之家
2022W51,2022,51,2022-12-12,2022-12-18,全国,全部,451132,17351182,46677,4441126,酒店之家
2022W52,2022,52,2022-12-19,2022-12-25,全国,15-29间,129373,2640090,2199,49585,酒店之家
2022W52,2022,52,2022-12-19,2022-12-25,全国,150间及以上,13917,3363354,5441,1354976,酒店之家
2022W52,2022,52,2022-12-19,2022-12-25,全国,15间以下,153541,1121278,1045,9602,酒店之家
2022W52,2022,52,2022-12-19,2022-12-25,全国,30-69间,115007,5044077,14994,755117,酒店之家
2022W52,2022,52,2022-12-19,2022-12-25,全国,70-149间,54160,5236859,23089,2279352,酒店之家
2022W52,2022,52,2022-12-19,2022-12-25,全国,全部,465998,17405658,46768,4448632,酒店之家
2023W01,2023,1,2022-12-26,2023-01-01,全国,15-29间,129020,2633164,2190,49420,酒店之家
2023W01,2023,1,2022-12-26,2023-01-01,全国,150间及以上,13851,3344840,5451,1356408,酒店之家
2023W01,2023,1,2022-12-26,2023-01-01,全国,15间以下,152154,1115226,1050,9657,酒店之家
2023W01,2023,1,2022-12-26,2023-01-01,全国,30-69间,114966,5043041,15049,758048,酒店之家
2023W01,2023,1,2022-12-26,2023-01-01,全国,70-149间,54138,5233938,23213,2291969,酒店之家
2023W01,2023,1,2022-12-26,2023-01-01,全国,全部,464129,17370209,46953,4465502,酒店之家
2023W02,2023,2,2023-01-02,2023-01-08,全国,15-29间,129134,2635728,2205,49729,酒店之家
2023W02,2023,2,2023-01-02,2023-01-08,全国,150间及以上,13963,3371749,5503,1368657,酒店之家
2023W02,2023,2,2023-01-02,2023-01-08,全国,15间以下,152692,1115757,1048,9639,酒店之家
2023W02,2023,2,2023-01-02,2023-01-08,全国,30-69间,114982,5043804,15096,760405,酒店之家
2023W02,2023,2,2023-01-02,2023-01-08,全国,70-149间,54304,5251791,23333,2304839,酒店之家
2023W02,2023,2,2023-01-02,2023-01-08,全国,全部,465075,17418829,47185,4493269,酒店之家
2023W03,2023,3,2023-01-09,2023-01-15,全国,15-29间,130127,2655771,2222,50040,酒店之家
2023W03,2023,3,2023-01-09,2023-01-15,全国,150间及以上,14093,3405174,5553,1381963,酒店之家
2023W03,2023,3,2023-01-09,2023-01-15,全国,15间以下,154948,1125053,1054,9704,酒店之家
2023W03,2023,3,2023-01-09,2023-01-15,全国,30-69间,115423,5062246,15151,763237,酒店之家
2023W03,2023,3,2023-01-09,2023-01-15,全国,70-149间,54589,5280413,23492,2321523,酒店之家
2023W03,2023,3,2023-01-09,2023-01-15,全国,全部,469180,17528657,47472,4526467,酒店之家
2023W04,2023,4,2023-01-16,2023-01-22,全国,15-29间,130300,2658952,2350,52835,酒店之家
2023W04,2023,4,2023-01-16,2023-01-22,全国,150间及以上,14200,3431876,5605,1393541,酒店之家
2023W04,2023,4,2023-01-16,2023-01-22,全国,15间以下,154477,1126919,1079,9986,酒店之家
2023W04,2023,4,2023-01-16,2023-01-22,全国,30-69间,115604,5070564,15329,771321,酒店之家
2023W04,2023,4,2023-01-16,2023-01-22,全国,70-149间,54834,5304463,23678,2339868,酒店之家
2023W04,2023,4,2023-01-16,2023-01-22,全国,全部,469415,17592774,48041,4567551,酒店之家
2023W05,2023,5,2023-01-23,2023-01-29,全国,15-29间,129991,2653042,2355,52968,酒店之家
2023W05,2023,5,2023-01-23,2023-01-29,全国,150间及以上,14234,3437316,5628,1397767,酒店之家
2023W05,2023,5,2023-01-23,2023-01-29,全国,15间以下,153008,1121400,1081,10003,酒店之家
2023W05,2023,5,2023-01-23,2023-01-29,全国,30-69间,115576,5070022,15306,770432,酒店之家
2023W05,2023,5,2023-01-23,2023-01-29,全国,70-149间,54918,5312813,23704,2342381,酒店之家
2023W05,2023,5,2023-01-23,2023-01-29,全国,全部,467727,17594593,48074,4573551,酒店之家
2023W06,2023,6,2023-01-30,2023-02-05,全国,15-29间,130024,2653754,2361,53129,酒店之家
2023W06,2023,6,2023-01-30,2023-02-05,全国,150间及以上,14273,3444296,5643,1400929,酒店之家
2023W06,2023,6,2023-01-30,2023-02-05,全国,15间以下,152786,1119872,1082,10014,酒店之家
2023W06,2023,6,2023-01-30,2023-02-05,全国,30-69间,115632,5073748,15354,772922,酒店之家
2023W06,2023,6,2023-01-30,2023-02-05,全国,70-149间,55006,5320717,23758,2347589,酒店之家
2023W06,2023,6,2023-01-30,2023-02-05,全国,全部,467721,17612387,48198,4584583,酒店之家
2023W07,2023,7,2023-02-06,2023-02-12,全国,15-29间,131365,2680753,2369,53332,酒店之家
2023W07,2023,7,2023-02-06,2023-02-12,全国,150间及以上,14321,3453280,5633,1397291,酒店之家
2023W07,2023,7,2023-02-06,2023-02-12,全国,15间以下,153142,1129780,1082,10000,酒店之家
2023W07,2023,7,2023-02-06,2023-02-12,全国,30-69间,116435,5108112,15408,775819,酒店之家
2023W07,2023,7,2023-02-06,2023-02-12,全国,70-149间,55184,5338422,23787,2350283,酒店之家
2023W07,2023,7,2023-02-06,2023-02-12,全国,全部,470447,17710347,48279,4586725,酒店之家
2023W08,2023,8,2023-02-13,2023-02-19,全国,15-29间,130115,2655505,2353,53047,酒店之家
2023W08,2023,8,2023-02-13,2023-02-19,全国,150间及以上,14363,3463493,5653,1401174,酒店之家
2023W08,2023,8,2023-02-13,2023-02-19,全国,15间以下,171196,1159636,1075,9938,酒店之家
2023W08,2023,8,2023-02-13,2023-02-19,全国,30-69间,115698,5079227,15425,776569,酒店之家
2023W08,2023,8,2023-02-13,2023-02-19,全国,70-149间,55118,5332482,23790,2350706,酒店之家
2023W08,2023,8,2023-02-13,2023-02-19,全国,全部,486490,17690343,48296,4591434,酒店之家
2023W09,2023,9,2023-02-20,2023-02-26,全国,15-29间,130404,2661529,2395,53905,酒店之家
2023W09,2023,9,2023-02-20,2023-02-26,全国,150间及以上,14417,3473803,5689,1408865,酒店之家
2023W09,2023,9,2023-02-20,2023-02-26,全国,15间以下,171022,1163010,1139,10495,酒店之家
2023W09,2023,9,2023-02-20,2023-02-26,全国,30-69间,115870,5086521,15500,779916,酒店之家
2023W09,2023,9,2023-02-20,2023-02-26,全国,70-149间,55215,5342054,23891,2360246,酒店之家
2023W09,2023,9,2023-02-20,2023-02-26,全国,全部,486928,17726917,48614,4613427,酒店之家
2023W10,2023,10,2023-02-27,2023-03-05,全国,15-29间,130447,2662432,2593,58507,酒店之家
2023W10,2023,10,2023-02-27,2023-03-05,全国,150间及以上,14470,3489771,5713,1414370,酒店之家
2023W10,2023,10,2023-02-27,2023-03-05,全国,15间以下,170751,1164025,1163,10717,酒店之家
2023W10,2023,10,2023-02-27,2023-03-05,全国,30-69间,115873,5087680,16195,811422,酒店之家
2023W10,2023,10,2023-02-27,2023-03-05,全国,70-149间,55258,5348175,24062,2375657,酒店之家
2023W10,2023,10,2023-02-27,2023-03-05,全国,全部,486799,17752083,49726,4670673,酒店之家
2023W11,2023,11,2023-03-06,2023-03-12,全国,15-29间,131348,2680497,2438,54957,酒店之家
2023W11,2023,11,2023-03-06,2023-03-12,全国,150间及以上,14497,3492888,5730,1418851,酒店之家
2023W11,2023,11,2023-03-06,2023-03-12,全国,15间以下,170910,1171405,1143,10542,酒店之家
2023W11,2023,11,2023-03-06,2023-03-12,全国,30-69间,116355,5107674,15616,785481,酒店之家
2023W11,2023,11,2023-03-06,2023-03-12,全国,70-149间,55438,5364919,24042,2375469,酒店之家
2023W11,2023,11,2023-03-06,2023-03-12,全国,全部,488548,17817383,48969,4645300,酒店之家
2023W12,2023,12,2023-03-13,2023-03-19,全国,15-29间,132079,2695379,2444,55115,酒店之家
2023W12,2023,12,2023-03-13,2023-03-19,全国,150间及以上,14539,3503748,5747,1422372,酒店之家
2023W12,2023,12,2023-03-13,2023-03-19,全国,15间以下,170861,1180028,1144,10535,酒店之家
2023W12,2023,12,2023-03-13,2023-03-19,全国,30-69间,116958,5134443,15566,782907,酒店之家
2023W12,2023,12,2023-03-13,2023-03-19,全国,70-149间,55638,5383430,24066,2377727,酒店之家
2023W12,2023,12,2023-03-13,2023-03-19,全国,全部,490075,17897028,48967,4648656,酒店之家
2023W13,2023,13,2023-03-20,2023-03-26,全国,15-29间,132425,2702114,2454,55359,酒店之家
2023W13,2023,13,2023-03-20,2023-03-26,全国,150间及以上,14527,3499930,5742,1419866,酒店之家
2023W13,2023,13,2023-03-20,2023-03-26,全国,15间以下,176060,1197145,1149,10598,酒店之家
2023W13,2023,13,2023-03-20,2023-03-26,全国,30-69间,117228,5145004,15546,782172,酒店之家
2023W13,2023,13,2023-03-20,2023-03-26,全国,70-149间,55698,5388931,24074,2378738,酒店之家
2023W13,2023,13,2023-03-20,2023-03-26,全国,全部,495938,17933124,48965,4646733,酒店之家
2023W14,2023,14,2023-03-27,2023-04-02,全国,15-29间,132816,2710406,2489,56071,酒店之家
2023W14,2023,14,2023-03-27,2023-04-02,全国,150间及以上,14547,3503921,5836,1444962,酒店之家
2023W14,2023,14,2023-03-27,2023-04-02,全国,15间以下,174806,1200260,1188,11003,酒店之家
2023W14,2023,14,2023-03-27,2023-04-02,全国,30-69间,117470,5154779,15656,787673,酒店之家
2023W14,2023,14,2023-03-27,2023-04-02,全国,70-149间,55770,5395060,24193,2390892,酒店之家
2023W14,2023,14,2023-03-27,2023-04-02,全国,全部,495409,17964426,49362,4690601,酒店之家
2023W15,2023,15,2023-04-03,2023-04-09,全国,15-29间,133257,2719220,2521,56725,酒店之家
2023W15,2023,15,2023-04-03,2023-04-09,全国,150间及以上,14557,3504756,5837,1445495,酒店之家
2023W15,2023,15,2023-04-03,2023-04-09,全国,15间以下,176400,1207246,1208,11189,酒店之家
2023W15,2023,15,2023-04-03,2023-04-09,全国,30-69间,117846,5170844,15690,789244,酒店之家
2023W15,2023,15,2023-04-03,2023-04-09,全国,70-149间,55856,5403557,24228,2394251,酒店之家
2023W15,2023,15,2023-04-03,2023-04-09,全国,全部,497916,18005623,49484,4696904,酒店之家
2023W16,2023,16,2023-04-10,2023-04-16,全国,15-29间,134354,2741699,2554,57425,酒店之家
2023W16,2023,16,2023-04-10,2023-04-16,全国,150间及以上,14594,3513117,5833,1443944,酒店之家
2023W16,2023,16,2023-04-10,2023-04-16,全国,15间以下,174403,1210692,1214,11247,酒店之家
2023W16,2023,16,2023-04-10,2023-04-16,全国,30-69间,118408,5194205,15756,792459,酒店之家
2023W16,2023,16,2023-04-10,2023-04-16,全国,70-149间,55877,5405680,24264,2397316,酒店之家
2023W16,2023,16,2023-04-10,2023-04-16,全国,全部,497636,18065393,49621,4702391,酒店之家
2023W17,2023,17,2023-04-17,2023-04-23,全国,15-29间,135505,2764759,2593,58358,酒店之家
2023W17,2023,17,2023-04-17,2023-04-23,全国,150间及以上,14628,3521057,5895,1462654,酒店之家
2023W17,2023,17,2023-04-17,2023-04-23,全国,15间以下,174315,1220584,1233,11388,酒店之家
2023W17,2023,17,2023-04-17,2023-04-23,全国,30-69间,119032,5218882,15895,799003,酒店之家
2023W17,2023,17,2023-04-17,2023-04-23,全国,70-149间,56092,5424950,24349,2404646,酒店之家
2023W17,2023,17,2023-04-17,2023-04-23,全国,全部,499572,18150232,49965,4736049,酒店之家
2023W18,2023,18,2023-04-24,2023-04-30,全国,15-29间,136854,2791765,2557,57596,酒店之家
2023W18,2023,18,2023-04-24,2023-04-30,全国,150间及以上,14673,3530809,5873,1452978,酒店之家
2023W18,2023,18,2023-04-24,2023-04-30,全国,15间以下,174804,1234523,1249,11512,酒店之家
2023W18,2023,18,2023-04-24,2023-04-30,全国,30-69间,119626,5245972,15880,799260,酒店之家
2023W18,2023,18,2023-04-24,2023-04-30,全国,70-149间,56386,5451562,24495,2419000,酒店之家
2023W18,2023,18,2023-04-24,2023-04-30,全国,全部,502343,18254631,50054,4740346,酒店之家
2023W19,2023,19,2023-05-01,2023-05-07,全国,15-29间,137297,2800517,2567,57843,酒店之家
2023W19,2023,19,2023-05-01,2023-05-07,全国,150间及以上,14655,3523451,5858,1449448,酒店之家
2023W19,2023,19,2023-05-01,2023-05-07,全国,15间以下,175295,1240231,1248,11498,酒店之家
2023W19,2023,19,2023-05-01,2023-05-07,全国,30-69间,120002,5261736,15922,801115,酒店之家
2023W19,2023,19,2023-05-01,2023-05-07,全国,70-149间,56413,5453378,24488,2418521,酒店之家
2023W19,2023,19,2023-05-01,2023-05-07,全国,全部,503662,18279313,50083,4738425,酒店之家
2023W20,2023,20,2023-05-08,2023-05-14,全国,15-29间,138659,2827564,2578,58126,酒店之家
2023W20,2023,20,2023-05-08,2023-05-14,全国,150间及以上,14686,3529949,5852,1448270,酒店之家
2023W20,2023,20,2023-05-08,2023-05-14,全国,15间以下,175843,1253212,1256,11554,酒店之家
2023W20,2023,20,2023-05-08,2023-05-14,全国,30-69间,120651,5287006,15947,802653,酒店之家
2023W20,2023,20,2023-05-08,2023-05-14,全国,70-149间,56620,5472290,24547,2424247,酒店之家
2023W20,2023,20,2023-05-08,2023-05-14,全国,全部,506459,18370021,50180,4744850,酒店之家
2023W21,2023,21,2023-05-15,2023-05-21,全国,15-29间,139397,2842377,2589,58395,酒店之家
2023W21,2023,21,2023-05-15,2023-05-21,全国,150间及以上,14689,3530981,5855,1448623,酒店之家
2023W21,2023,21,2023-05-15,2023-05-21,全国,15间以下,176011,1261194,1269,11684,酒店之家
2023W21,2023,21,2023-05-15,2023-05-21,全国,30-69间,121050,5303089,15987,804340,酒店之家
2023W21,2023,21,2023-05-15,2023-05-21,全国,70-149间,56598,5469726,24564,2426124,酒店之家
2023W21,2023,21,2023-05-15,2023-05-21,全国,全部,507745,18407367,50264,4749166,酒店之家
2023W22,2023,22,2023-05-22,2023-05-28,全国,15-29间,139417,2843185,2607,58809,酒店之家
2023W22,2023,22,2023-05-22,2023-05-28,全国,150间及以上,14657,3525579,5853,1448975,酒店之家
2023W22,2023,22,2023-05-22,2023-05-28,全国,15间以下,173053,1258799,1275,11725,酒店之家
2023W22,2023,22,2023-05-22,2023-05-28,全国,30-69间,121022,5302943,16007,805222,酒店之家
2023W22,2023,22,2023-05-22,2023-05-28,全国,70-149间,56618,5471332,24594,2429103,酒店之家
2023W22,2023,22,2023-05-22,2023-05-28,全国,全部,504767,18401838,50336,4753834,酒店之家
2023W23,2023,23,2023-05-29,2023-06-04,全国,15-29间,140061,2855969,2598,58613,酒店之家
2023W23,2023,23,2023-05-29,2023-06-04,全国,150间及以上,14637,3520998,5854,1448826,酒店之家
2023W23,2023,23,2023-05-29,2023-06-04,全国,15间以下,185564,1293040,1289,11819,酒店之家
2023W23,2023,23,2023-05-29,2023-06-04,全国,30-69间,121191,5311248,16047,807253,酒店之家
2023W23,2023,23,2023-05-29,2023-06-04,全国,70-149间,56615,5469818,24622,2432583,酒店之家
2023W23,2023,23,2023-05-29,2023-06-04,全国,全部,518068,18451073,50410,4759094,酒店之家
2023W24,2023,24,2023-06-05,2023-06-11,全国,15-29间,140705,2868672,2615,58957,酒店之家
2023W24,2023,24,2023-06-05,2023-06-11,全国,150间及以上,14654,3523829,5859,1449399,酒店之家
2023W24,2023,24,2023-06-05,2023-06-11,全国,15间以下,185819,1301763,1297,11896,酒店之家
2023W24,2023,24,2023-06-05,2023-06-11,全国,30-69间,121440,5321490,16071,808138,酒店之家
2023W24,2023,24,2023-06-05,2023-06-11,全国,70-149间,56662,5473616,24641,2434245,酒店之家
2023W24,2023,24,2023-06-05,2023-06-11,全国,全部,519280,18489370,50483,4762635,酒店之家
2023W25,2023,25,2023-06-12,2023-06-18,全国,15-29间,142427,2909495,2713,61508,酒店之家
2023W25,2023,25,2023-06-12,2023-06-18,全国,150间及以上,14222,3413949,5790,1432448,酒店之家
2023W25,2023,25,2023-06-12,2023-06-18,全国,15间以下,183684,1302005,1295,11996,酒店之家
2023W25,2023,25,2023-06-12,2023-06-18,全国,30-69间,120922,5296717,16248,815847,酒店之家
2023W25,2023,25,2023-06-12,2023-06-18,全国,70-149间,55941,5395582,24479,2414920,酒店之家
2023W25,2023,25,2023-06-12,2023-06-18,全国,全部,517196,18317748,50525,4736719,酒店之家
2023W26,2023,26,2023-06-19,2023-06-25,全国,15-29间,143042,2921844,2312,51823,酒店之家
2023W26,2023,26,2023-06-19,2023-06-25,全国,150间及以上,14217,3412148,5790,1432182,酒店之家
2023W26,2023,26,2023-06-19,2023-06-25,全国,15间以下,183008,1310588,1286,11881,酒店之家
2023W26,2023,26,2023-06-19,2023-06-25,全国,30-69间,121279,5313076,13595,694972,酒店之家
2023W26,2023,26,2023-06-19,2023-06-25,全国,70-149间,56063,5406826,24005,2375676,酒店之家
2023W26,2023,26,2023-06-19,2023-06-25,全国,全部,517609,18364482,46988,4566534,酒店之家
2023W27,2023,27,2023-06-26,2023-07-02,全国,15-29间,143176,2924816,2708,61362,酒店之家
2023W27,2023,27,2023-06-26,2023-07-02,全国,150间及以上,14229,3417029,5818,1440297,酒店之家
2023W27,2023,27,2023-06-26,2023-07-02,全国,15间以下,182605,1314963,1297,12010,酒店之家
2023W27,2023,27,2023-06-26,2023-07-02,全国,30-69间,121387,5318285,16311,819506,酒店之家
2023W27,2023,27,2023-06-26,2023-07-02,全国,70-149间,56133,5413727,24573,2424704,酒店之家
2023W27,2023,27,2023-06-26,2023-07-02,全国,全部,517530,18388820,50707,4757879,酒店之家
2023W28,2023,28,2023-07-03,2023-07-09,全国,15-29间,144652,2954249,2720,61612,酒店之家
2023W28,2023,28,2023-07-03,2023-07-09,全国,150间及以上,14270,3426955,5836,1444153,酒店之家
2023W28,2023,28,2023-07-03,2023-07-09,全国,15间以下,183507,1329836,1298,12015,酒店之家
2023W28,2023,28,2023-07-03,2023-07-09,全国,30-69间,122254,5353558,16371,822513,酒店之家
2023W28,2023,28,2023-07-03,2023-07-09,全国,70-149间,56387,5437425,24648,2432157,酒店之家
2023W28,2023,28,2023-07-03,2023-07-09,全国,全部,521070,18502023,50873,4772450,酒店之家
2023W29,2023,29,2023-07-10,2023-07-16,全国,15-29间,145318,2967712,2735,61937,酒店之家
2023W29,2023,29,2023-07-10,2023-07-16,全国,150间及以上,14264,3424269,5822,1441275,酒店之家
2023W29,2023,29,2023-07-10,2023-07-16,全国,15间以下,183739,1339738,1310,12114,酒店之家
2023W29,2023,29,2023-07-10,2023-07-16,全国,30-69间,122621,5369333,16409,824437,酒店之家
2023W29,2023,29,2023-07-10,2023-07-16,全国,70-149间,56480,5446868,24692,2436621,酒店之家
2023W29,2023,29,2023-07-10,2023-07-16,全国,全部,522422,18547920,50968,4776384,酒店之家
2023W30,2023,30,2023-07-17,2023-07-23,全国,15-29间,145857,2978456,2737,61936,酒店之家
2023W30,2023,30,2023-07-17,2023-07-23,全国,150间及以上,14281,3430423,5831,1442339,酒店之家
2023W30,2023,30,2023-07-17,2023-07-23,全国,15间以下,183832,1346993,1320,12188,酒店之家
2023W30,2023,30,2023-07-17,2023-07-23,全国,30-69间,122863,5381625,16454,827112,酒店之家
2023W30,2023,30,2023-07-17,2023-07-23,全国,70-149间,56580,5455026,24739,2441260,酒店之家
2023W30,2023,30,2023-07-17,2023-07-23,全国,全部,523413,18592523,51081,4784835,酒店之家
2023W31,2023,31,2023-07-24,2023-07-30,全国,15-29间,146315,2987738,2747,62125,酒店之家
2023W31,2023,31,2023-07-24,2023-07-30,全国,150间及以上,14281,3430035,5839,1444002,酒店之家
2023W31,2023,31,2023-07-24,2023-07-30,全国,15间以下,184882,1356413,1322,12201,酒店之家
2023W31,2023,31,2023-07-24,2023-07-30,全国,30-69间,123088,5391363,16433,826200,酒店之家
2023W31,2023,31,2023-07-24,2023-07-30,全国,70-149间,56612,5458035,24760,2443550,酒店之家
2023W31,2023,31,2023-07-24,2023-07-30,全国,全部,525178,18623584,51101,4788078,酒店之家
2023W32,2023,32,2023-07-31,2023-08-06,全国,15-29间,147188,3004858,2747,62161,酒店之家
2023W32,2023,32,2023-07-31,2023-08-06,全国,150间及以上,14275,3431602,5841,1445100,酒店之家
2023W32,2023,32,2023-07-31,2023-08-06,全国,15间以下,205744,1396851,1330,12282,酒店之家
2023W32,2023,32,2023-07-31,2023-08-06,全国,30-69间,123351,5401504,16446,827191,酒店之家
2023W32,2023,32,2023-07-31,2023-08-06,全国,70-149间,56698,5466264,24812,2448950,酒店之家
2023W32,2023,32,2023-07-31,2023-08-06,全国,全部,547256,18701079,51176,4795684,酒店之家
2023W33,2023,33,2023-08-07,2023-08-13,全国,15-29间,147873,3018432,2747,62182,酒店之家
2023W33,2023,33,2023-08-07,2023-08-13,全国,150间及以上,14265,3430584,5851,1448836,酒店之家
2023W33,2023,33,2023-08-07,2023-08-13,全国,15间以下,219129,1426464,1335,12301,酒店之家
2023W33,2023,33,2023-08-07,2023-08-13,全国,30-69间,123564,5411291,16493,829757,酒店之家
2023W33,2023,33,2023-08-07,2023-08-13,全国,70-149间,56776,5473422,24857,2453286,酒店之家
2023W33,2023,33,2023-08-07,2023-08-13,全国,全部,561607,18760193,51283,4806362,酒店之家
2023W34,2023,34,2023-08-14,2023-08-20,全国,15-29间,148554,3032292,2774,62808,酒店之家
2023W34,2023,34,2023-08-14,2023-08-20,全国,150间及以上,14284,3433250,5903,1464340,酒店之家
2023W34,2023,34,2023-08-14,2023-08-20,全国,15间以下,219137,1436212,1341,12355,酒店之家
2023W34,2023,34,2023-08-14,2023-08-20,全国,30-69间,123750,5419527,16723,840714,酒店之家
2023W34,2023,34,2023-08-14,2023-08-20,全国,70-149间,56833,5479509,24969,2463668,酒店之家
2023W34,2023,34,2023-08-14,2023-08-20,全国,全部,562558,18800790,51710,4843885,酒店之家
2023W35,2023,35,2023-08-21,2023-08-27,全国,15-29间,148789,3036927,2747,62181,酒店之家
2023W35,2023,35,2023-08-21,2023-08-27,全国,150间及以上,14264,3430022,5803,1438214,酒店之家
2023W35,2023,35,2023-08-21,2023-08-27,全国,15间以下,219305,1443628,1322,12196,酒店之家
2023W35,2023,35,2023-08-21,2023-08-27,全国,30-69间,123593,5414181,16513,830880,酒店之家
2023W35,2023,35,2023-08-21,2023-08-27,全国,70-149间,56807,5477423,24776,2444219,酒店之家
2023W35,2023,35,2023-08-21,2023-08-27,全国,全部,562758,18802181,51161,4787690,酒店之家
2023W36,2023,36,2023-08-28,2023-09-03,全国,15-29间,149111,3042702,2777,62885,酒店之家
2023W36,2023,36,2023-08-28,2023-09-03,全国,150间及以上,14259,3427148,5852,1447769,酒店之家
2023W36,2023,36,2023-08-28,2023-09-03,全国,15间以下,237222,1491193,1334,12329,酒店之家
2023W36,2023,36,2023-08-28,2023-09-03,全国,30-69间,122742,5378144,16549,832700,酒店之家
2023W36,2023,36,2023-08-28,2023-09-03,全国,70-149间,56658,5465077,24901,2457609,酒店之家
2023W36,2023,36,2023-08-28,2023-09-03,全国,全部,579992,18804264,51413,4813292,酒店之家
2023W37,2023,37,2023-09-04,2023-09-10,全国,15-29间,149742,3054510,2799,63401,酒店之家
2023W37,2023,37,2023-09-04,2023-09-10,全国,150间及以上,14259,3428223,5870,1452032,酒店之家
2023W37,2023,37,2023-09-04,2023-09-10,全国,15间以下,308525,1632122,1346,12482,酒店之家
2023W37,2023,37,2023-09-04,2023-09-10,全国,30-69间,122837,5382864,16630,836641,酒店之家
2023W37,2023,37,2023-09-04,2023-09-10,全国,70-149间,56666,5465347,24982,2465185,酒店之家
2023W37,2023,37,2023-09-04,2023-09-10,全国,全部,652029,18963066,51627,4829741,酒店之家
2023W38,2023,38,2023-09-11,2023-09-17,全国,15-29间,150129,3062359,2833,64120,酒店之家
2023W38,2023,38,2023-09-11,2023-09-17,全国,150间及以上,14244,3424935,5881,1454330,酒店之家
2023W38,2023,38,2023-09-11,2023-09-17,全国,15间以下,309162,1647300,1356,12616,酒店之家
2023W38,2023,38,2023-09-11,2023-09-17,全国,30-69间,122418,5366454,16672,838503,酒店之家
2023W38,2023,38,2023-09-11,2023-09-17,全国,70-149间,56610,5460895,25015,2468505,酒店之家
2023W38,2023,38,2023-09-11,2023-09-17,全国,全部,652563,18961943,51757,4838074,酒店之家
2023W39,2023,39,2023-09-18,2023-09-24,全国,15-29间,150770,3074627,2874,65072,酒店之家
2023W39,2023,39,2023-09-18,2023-09-24,全国,150间及以上,14267,3431073,5892,1455836,酒店之家
2023W39,2023,39,2023-09-18,2023-09-24,全国,15间以下,366900,1759865,1380,12833,酒店之家
2023W39,2023,39,2023-09-18,2023-09-24,全国,30-69间,122657,5376662,16781,844013,酒店之家
2023W39,2023,39,2023-09-18,2023-09-24,全国,70-149间,56712,5470927,25121,2478287,酒店之家
2023W39,2023,39,2023-09-18,2023-09-24,全国,全部,711306,19113154,52048,4856041,酒店之家
2023W40,2023,40,2023-09-25,2023-10-01,全国,15-29间,151533,3090088,2901,65656,酒店之家
2023W40,2023,40,2023-09-25,2023-10-01,全国,150间及以上,14323,3442376,5916,1459832,酒店之家
2023W40,2023,40,2023-09-25,2023-10-01,全国,15间以下,375453,1789232,1410,13122,酒店之家
2023W40,2023,40,2023-09-25,2023-10-01,全国,30-69间,122960,5390837,16950,852577,酒店之家
2023W40,2023,40,2023-09-25,2023-10-01,全国,70-149间,57024,5501946,25369,2502129,酒店之家
2023W40,2023,40,2023-09-25,2023-10-01,全国,全部,721293,19214479,52546,4893316,酒店之家
2023W41,2023,41,2023-10-02,2023-10-08,全国,15-29间,151228,3083942,2901,65713,酒店之家
2023W41,2023,41,2023-10-02,2023-10-08,全国,150间及以上,14262,3427634,5903,1457064,酒店之家
2023W41,2023,41,2023-10-02,2023-10-08,全国,15间以下,372331,1784628,1407,13095,酒店之家
2023W41,2023,41,2023-10-02,2023-10-08,全国,30-69间,122620,5375581,16957,852856,酒店之家
2023W41,2023,41,2023-10-02,2023-10-08,全国,70-149间,56975,5496667,25407,2505771,酒店之家
2023W41,2023,41,2023-10-02,2023-10-08,全国,全部,717416,19168452,52575,4894499,酒店之家
2023W42,2023,42,2023-10-09,2023-10-15,全国,15-29间,150507,3069050,2909,65880,酒店之家
2023W42,2023,42,2023-10-09,2023-10-15,全国,150间及以上,14235,3424559,5897,1456351,酒店之家
2023W42,2023,42,2023-10-09,2023-10-15,全国,15间以下,370950,1781092,1407,13114,酒店之家
2023W42,2023,42,2023-10-09,2023-10-15,全国,30-69间,122122,5354993,16956,853029,酒店之家
2023W42,2023,42,2023-10-09,2023-10-15,全国,70-149间,56817,5481783,25427,2507610,酒店之家
2023W42,2023,42,2023-10-09,2023-10-15,全国,全部,714631,19111477,52596,4895984,酒店之家
2023W43,2023,43,2023-10-16,2023-10-22,全国,15-29间,150744,3073852,2902,65797,酒店之家
2023W43,2023,43,2023-10-16,2023-10-22,全国,150间及以上,14243,3426539,5901,1456913,酒店之家
2023W43,2023,43,2023-10-16,2023-10-22,全国,15间以下,364985,1774100,1414,13183,酒店之家
2023W43,2023,43,2023-10-16,2023-10-22,全国,30-69间,122238,5360115,16989,854511,酒店之家
2023W43,2023,43,2023-10-16,2023-10-22,全国,70-149间,56864,5486628,25471,2512303,酒店之家
2023W43,2023,43,2023-10-16,2023-10-22,全国,全部,709074,19121234,52677,4902707,酒店之家
2023W44,2023,44,2023-10-23,2023-10-29,全国,15-29间,150692,3072225,2894,65601,酒店之家
2023W44,2023,44,2023-10-23,2023-10-29,全国,150间及以上,14242,3426017,5901,1456910,酒店之家
2023W44,2023,44,2023-10-23,2023-10-29,全国,15间以下,358943,1765315,1417,13234,酒店之家
2023W44,2023,44,2023-10-23,2023-10-29,全国,30-69间,122133,5354819,16858,848401,酒店之家
2023W44,2023,44,2023-10-23,2023-10-29,全国,70-149间,56822,5482464,25453,2510908,酒店之家
2023W44,2023,44,2023-10-23,2023-10-29,全国,全部,702832,19100840,52523,4895054,酒店之家
2023W45,2023,45,2023-10-30,2023-11-05,全国,15-29间,150803,3074137,2910,65912,酒店之家
2023W45,2023,45,2023-10-30,2023-11-05,全国,150间及以上,14211,3418899,5902,1456491,酒店之家
2023W45,2023,45,2023-10-30,2023-11-05,全国,15间以下,353764,1759198,1440,13384,酒店之家
2023W45,2023,45,2023-10-30,2023-11-05,全国,30-69间,121873,5345052,16854,848543,酒店之家
2023W45,2023,45,2023-10-30,2023-11-05,全国,70-149间,56749,5475097,25486,2514564,酒店之家
2023W45,2023,45,2023-10-30,2023-11-05,全国,全部,697400,19072383,52592,4898894,酒店之家
2023W46,2023,46,2023-11-06,2023-11-12,全国,15-29间,151248,3082779,2917,66175,酒店之家
2023W46,2023,46,2023-11-06,2023-11-12,全国,150间及以上,14207,3419045,5898,1455314,酒店之家
2023W46,2023,46,2023-11-06,2023-11-12,全国,15间以下,349757,1756570,1448,13477,酒店之家
2023W46,2023,46,2023-11-06,2023-11-12,全国,30-69间,121836,5344848,16906,850832,酒店之家
2023W46,2023,46,2023-11-06,2023-11-12,全国,70-149间,56799,5479174,25536,2519007,酒店之家
2023W46,2023,46,2023-11-06,2023-11-12,全国,全部,693847,19082416,52705,4904805,酒店之家
2023W47,2023,47,2023-11-13,2023-11-19,全国,15-29间,150939,3076164,2901,65793,酒店之家
2023W47,2023,47,2023-11-13,2023-11-19,全国,150间及以上,14206,3418551,5905,1457218,酒店之家
2023W47,2023,47,2023-11-13,2023-11-19,全国,15间以下,344931,1747872,1437,13371,酒店之家
2023W47,2023,47,2023-11-13,2023-11-19,全国,30-69间,121645,5336389,16881,849723,酒店之家
2023W47,2023,47,2023-11-13,2023-11-19,全国,70-149间,56782,5477503,25554,2521032,酒店之家
2023W47,2023,47,2023-11-13,2023-11-19,全国,全部,688503,19056479,52678,4907137,酒店之家
2023W48,2023,48,2023-11-20,2023-11-26,全国,15-29间,149851,3054576,2902,65831,酒店之家
2023W48,2023,48,2023-11-20,2023-11-26,全国,150间及以上,14195,3414787,5906,1457451,酒店之家
2023W48,2023,48,2023-11-20,2023-11-26,全国,15间以下,330238,1705960,1425,13275,酒店之家
2023W48,2023,48,2023-11-20,2023-11-26,全国,30-69间,121212,5317848,16875,849773,酒店之家
2023W48,2023,48,2023-11-20,2023-11-26,全国,70-149间,56694,5469979,25560,2521502,酒店之家
2023W48,2023,48,2023-11-20,2023-11-26,全国,全部,672190,18963150,52668,4907832,酒店之家
2023W49,2023,49,2023-11-27,2023-12-03,全国,15-29间,149630,3050093,2937,66649,酒店之家
2023W49,2023,49,2023-11-27,2023-12-03,全国,150间及以上,14194,3413656,5927,1461960,酒店之家
2023W49,2023,49,2023-11-27,2023-12-03,全国,15间以下,327050,1698567,1414,13202,酒店之家
2023W49,2023,49,2023-11-27,2023-12-03,全国,30-69间,121033,5310740,16861,849030,酒店之家
2023W49,2023,49,2023-11-27,2023-12-03,全国,70-149间,56673,5467952,25587,2524081,酒店之家
2023W49,2023,49,2023-11-27,2023-12-03,全国,全部,668580,18941008,52726,4914922,酒店之家
2023W50,2023,50,2023-12-04,2023-12-10,全国,15-29间,150352,3064461,2924,66402,酒店之家
2023W50,2023,50,2023-12-04,2023-12-10,全国,150间及以上,14201,3416528,5923,1461227,酒店之家
2023W50,2023,50,2023-12-04,2023-12-10,全国,15间以下,325570,1703913,1411,13148,酒店之家
2023W50,2023,50,2023-12-04,2023-12-10,全国,30-69间,121430,5327476,16861,849000,酒店之家
2023W50,2023,50,2023-12-04,2023-12-10,全国,70-149间,56791,5479601,25596,2524885,酒店之家
2023W50,2023,50,2023-12-04,2023-12-10,全国,全部,668344,18991979,52715,4914662,酒店之家
2023W51,2023,51,2023-12-11,2023-12-17,全国,15-29间,150703,3071342,2939,66761,酒店之家
2023W51,2023,51,2023-12-11,2023-12-17,全国,150间及以上,14210,3419018,5929,1462951,酒店之家
2023W51,2023,51,2023-12-11,2023-12-17,全国,15间以下,315483,1681222,1412,13149,酒店之家
2023W51,2023,51,2023-12-11,2023-12-17,全国,30-69间,121597,5334406,16854,848414,酒店之家
2023W51,2023,51,2023-12-11,2023-12-17,全国,70-149间,56808,5481720,25625,2528099,酒店之家
2023W51,2023,51,2023-12-11,2023-12-17,全国,全部,658801,18987708,52759,4919374,酒店之家
2023W52,2023,52,2023-12-18,2023-12-24,全国,15-29间,150990,3076418,2951,67024,酒店之家
2023W52,2023,52,2023-12-18,2023-12-24,全国,150间及以上,14231,3427032,5937,1465686,酒店之家
2023W52,2023,52,2023-12-18,2023-12-24,全国,15间以下,320432,1702513,1418,13205,酒店之家
2023W52,2023,52,2023-12-18,2023-12-24,全国,30-69间,121669,5337530,16907,851045,酒店之家
2023W52,2023,52,2023-12-18,2023-12-24,全国,70-149间,56878,5487917,25703,2535572,酒店之家
2023W52,2023,52,2023-12-18,2023-12-24,全国,全部,664200,19031410,52916,4932532,酒店之家
2023W53,2023,53,2023-12-25,2023-12-31,全国,15-29间,150888,3073711,2955,67132,酒店之家
2023W53,2023,53,2023-12-25,2023-12-31,全国,150间及以上,14232,3425204,5955,1468462,酒店之家
2023W53,2023,53,2023-12-25,2023-12-31,全国,15间以下,339000,1728659,1419,13202,酒店之家
2023W53,2023,53,2023-12-25,2023-12-31,全国,30-69间,121520,5331448,16960,853958,酒店之家
2023W53,2023,53,2023-12-25,2023-12-31,全国,70-149间,56905,5491382,25816,2547466,酒店之家
2023W53,2023,53,2023-12-25,2023-12-31,全国,全部,682545,19050404,53105,4950220,酒店之家
2024W01,2024,1,2024-01-01,2024-01-07,全国,15-29间,150728,3070283,2962,67304,酒店之家
2024W01,2024,1,2024-01-01,2024-01-07,全国,150间及以上,14203,3419204,5973,1471825,酒店之家
2024W01,2024,1,2024-01-01,2024-01-07,全国,15间以下,336417,1719906,1414,13161,酒店之家
2024W01,2024,1,2024-01-01,2024-01-07,全国,30-69间,121440,5328346,16985,855057,酒店之家
2024W01,2024,1,2024-01-01,2024-01-07,全国,70-149间,56901,5489657,25911,2556707,酒店之家
2024W01,2024,1,2024-01-01,2024-01-07,全国,全部,679689,19027396,53245,4964054,酒店之家
2024W02,2024,2,2024-01-08,2024-01-14,全国,15-29间,151153,3079167,2967,67431,酒店之家
2024W02,2024,2,2024-01-08,2024-01-14,全国,150间及以上,14229,3426408,5988,1475507,酒店之家
2024W02,2024,2,2024-01-08,2024-01-14,全国,15间以下,334495,1722743,1411,13136,酒店之家
2024W02,2024,2,2024-01-08,2024-01-14,全国,30-69间,121630,5335738,17009,856315,酒店之家
2024W02,2024,2,2024-01-08,2024-01-14,全国,70-149间,57030,5501595,26008,2565912,酒店之家
2024W02,2024,2,2024-01-08,2024-01-14,全国,全部,678537,19065651,53383,4978301,酒店之家
2024W03,2024,3,2024-01-15,2024-01-21,全国,15-29间,151586,3087808,2978,67679,酒店之家
2024W03,2024,3,2024-01-15,2024-01-21,全国,150间及以上,14236,3429363,5995,1476494,酒店之家
2024W03,2024,3,2024-01-15,2024-01-21,全国,15间以下,333219,1725522,1409,13133,酒店之家
2024W03,2024,3,2024-01-15,2024-01-21,全国,30-69间,121923,5348479,17048,858280,酒店之家
2024W03,2024,3,2024-01-15,2024-01-21,全国,70-149间,57134,5511609,26060,2571039,酒店之家
2024W03,2024,3,2024-01-15,2024-01-21,全国,全部,678098,19102781,53490,4986625,酒店之家
2024W04,2024,4,2024-01-22,2024-01-28,全国,15-29间,152001,3095939,2994,68014,酒店之家
2024W04,2024,4,2024-01-22,2024-01-28,全国,150间及以上,14240,3427058,5989,1474930,酒店之家
2024W04,2024,4,2024-01-22,2024-01-28,全国,15间以下,331892,1728547,1421,13267,酒店之家
2024W04,2024,4,2024-01-22,2024-01-28,全国,30-69间,122272,5363979,17113,861657,酒店之家
2024W04,2024,4,2024-01-22,2024-01-28,全国,70-149间,57276,5525245,26152,2579539,酒店之家
2024W04,2024,4,2024-01-22,2024-01-28,全国,全部,677681,19140768,53669,4997407,酒店之家
2024W05,2024,5,2024-01-29,2024-02-04,全国,15-29间,152210,3100551,2986,67870,酒店之家
2024W05,2024,5,2024-01-29,2024-02-04,全国,150间及以上,14283,3434124,6013,1479600,酒店之家
2024W05,2024,5,2024-01-29,2024-02-04,全国,15间以下,336793,1738957,1419,13218,酒店之家
2024W05,2024,5,2024-01-29,2024-02-04,全国,30-69间,122452,5372617,17180,865078,酒店之家
2024W05,2024,5,2024-01-29,2024-02-04,全国,70-149间,57411,5538269,26270,2591324,酒店之家
2024W05,2024,5,2024-01-29,2024-02-04,全国,全部,683149,19184518,53868,5017090,酒店之家
2024W06,2024,6,2024-02-05,2024-02-11,全国,15-29间,152601,3108301,2992,67930,酒店之家
2024W06,2024,6,2024-02-05,2024-02-11,全国,150间及以上,14300,3437683,6034,1483752,酒店之家
2024W06,2024,6,2024-02-05,2024-02-11,全国,15间以下,333948,1745258,1422,13247,酒店之家
2024W06,2024,6,2024-02-05,2024-02-11,全国,30-69间,122819,5390000,17273,870060,酒店之家
2024W06,2024,6,2024-02-05,2024-02-11,全国,70-149间,57681,5564639,26483,2611721,酒店之家
2024W06,2024,6,2024-02-05,2024-02-11,全国,全部,681349,19245881,54204,5046710,酒店之家
2024W07,2024,7,2024-02-12,2024-02-18,全国,15-29间,152335,3103076,2992,67916,酒店之家
2024W07,2024,7,2024-02-12,2024-02-18,全国,150间及以上,14275,3430669,6020,1480541,酒店之家
2024W07,2024,7,2024-02-12,2024-02-18,全国,15间以下,331398,1737222,1441,13419,酒店之家
2024W07,2024,7,2024-02-12,2024-02-18,全国,30-69间,122895,5393823,17292,870845,酒店之家
2024W07,2024,7,2024-02-12,2024-02-18,全国,70-149间,57716,5567634,26514,2614574,酒店之家
2024W07,2024,7,2024-02-12,2024-02-18,全国,全部,678619,19232424,54259,5047295,酒店之家
2024W08,2024,8,2024-02-19,2024-02-25,全国,15-29间,152593,3107954,2996,68047,酒店之家
2024W08,2024,8,2024-02-19,2024-02-25,全国,150间及以上,14287,3432968,6029,1483395,酒店之家
2024W08,2024,8,2024-02-19,2024-02-25,全国,15间以下,331374,1742510,1445,13448,酒店之家
2024W08,2024,8,2024-02-19,2024-02-25,全国,30-69间,123091,5402489,17301,871384,酒店之家
2024W08,2024,8,2024-02-19,2024-02-25,全国,70-149间,57741,5569874,26533,2616284,酒店之家
2024W08,2024,8,2024-02-19,2024-02-25,全国,全部,679086,19255795,54304,5052558,酒店之家
2024W09,2024,9,2024-02-26,2024-03-03,全国,15-29间,153914,3135311,2998,68148,酒店之家
2024W09,2024,9,2024-02-26,2024-03-03,全国,150间及以上,14290,3432893,5988,1468507,酒店之家
2024W09,2024,9,2024-02-26,2024-03-03,全国,15间以下,333121,1751761,1446,13436,酒店之家
2024W09,2024,9,2024-02-26,2024-03-03,全国,30-69间,123818,5431569,17284,870427,酒店之家
2024W09,2024,9,2024-02-26,2024-03-03,全国,70-149间,57793,5574484,26538,2617109,酒店之家
2024W09,2024,9,2024-02-26,2024-03-03,全国,全部,682936,19326018,54254,5037627,酒店之家
2024W10,2024,10,2024-03-04,2024-03-10,全国,15-29间,154271,3142194,3006,68330,酒店之家
2024W10,2024,10,2024-03-04,2024-03-10,全国,150间及以上,14333,3441732,6004,1472206,酒店之家
2024W10,2024,10,2024-03-04,2024-03-10,全国,15间以下,331742,1756767,1453,13518,酒店之家
2024W10,2024,10,2024-03-04,2024-03-10,全国,30-69间,124151,5445460,17319,872432,酒店之家
2024W10,2024,10,2024-03-04,2024-03-10,全国,70-149间,57866,5581053,26561,2619435,酒店之家
2024W10,2024,10,2024-03-04,2024-03-10,全国,全部,682363,19367206,54343,5045921,酒店之家
2024W11,2024,11,2024-03-11,2024-03-17,全国,15-29间,154635,3148916,3009,68361,酒店之家
2024W11,2024,11,2024-03-11,2024-03-17,全国,150间及以上,14359,3447135,6012,1474694,酒店之家
2024W11,2024,11,2024-03-11,2024-03-17,全国,15间以下,330617,1761859,1464,13617,酒店之家
2024W11,2024,11,2024-03-11,2024-03-17,全国,30-69间,124154,5444403,17346,873571,酒店之家
2024W11,2024,11,2024-03-11,2024-03-17,全国,70-149间,57922,5585916,26550,2618531,酒店之家
2024W11,2024,11,2024-03-11,2024-03-17,全国,全部,681687,19388229,54381,5048774,酒店之家
2024W12,2024,12,2024-03-18,2024-03-24,全国,15-29间,154506,3146518,3016,68467,酒店之家
2024W12,2024,12,2024-03-18,2024-03-24,全国,150间及以上,14365,3448648,6020,1476259,酒店之家
2024W12,2024,12,2024-03-18,2024-03-24,全国,15间以下,327103,1754771,1464,13600,酒店之家
2024W12,2024,12,2024-03-18,2024-03-24,全国,30-69间,124203,5447200,17324,872355,酒店之家
2024W12,2024,12,2024-03-18,2024-03-24,全国,70-149间,57951,5588569,26541,2617839,酒店之家
2024W12,2024,12,2024-03-18,2024-03-24,全国,全部,678128,19385706,54365,5048520,酒店之家
2024W13,2024,13,2024-03-25,2024-03-31,全国,15-29间,155179,3158939,3033,68864,酒店之家
2024W13,2024,13,2024-03-25,2024-03-31,全国,150间及以上,14376,3449061,6057,1488626,酒店之家
2024W13,2024,13,2024-03-25,2024-03-31,全国,15间以下,333451,1766595,1479,13723,酒店之家
2024W13,2024,13,2024-03-25,2024-03-31,全国,30-69间,124423,5457602,17404,876448,酒店之家
2024W13,2024,13,2024-03-25,2024-03-31,全国,70-149间,58090,5602798,26658,2628715,酒店之家
2024W13,2024,13,2024-03-25,2024-03-31,全国,全部,685519,19434995,54631,5076376,酒店之家
2024W14,2024,14,2024-04-01,2024-04-07,全国,15-29间,155156,3158386,3036,68909,酒店之家
2024W14,2024,14,2024-04-01,2024-04-07,全国,150间及以上,14393,3451322,6066,1489776,酒店之家
2024W14,2024,14,2024-04-01,2024-04-07,全国,15间以下,333470,1770555,1485,13759,酒店之家
2024W14,2024,14,2024-04-01,2024-04-07,全国,30-69间,124455,5458440,17407,876581,酒店之家
2024W14,2024,14,2024-04-01,2024-04-07,全国,70-149间,58135,5607667,26684,2631576,酒店之家
2024W14,2024,14,2024-04-01,2024-04-07,全国,全部,685609,19446370,54678,5080601,酒店之家
2024W15,2024,15,2024-04-08,2024-04-14,全国,15-29间,155902,3173397,3038,68917,酒店之家
2024W15,2024,15,2024-04-08,2024-04-14,全国,150间及以上,14413,3455839,6071,1491146,酒店之家
2024W15,2024,15,2024-04-08,2024-04-14,全国,15间以下,353129,1820787,1495,13857,酒店之家
2024W15,2024,15,2024-04-08,2024-04-14,全国,30-69间,125021,5482831,17438,877717,酒店之家
2024W15,2024,15,2024-04-08,2024-04-14,全国,70-149间,58259,5618734,26722,2635371,酒店之家
2024W15,2024,15,2024-04-08,2024-04-14,全国,全部,706724,19551588,54764,5087008,酒店之家
2024W16,2024,16,2024-04-15,2024-04-21,全国,15-29间,156767,3190448,3050,69109,酒店之家
2024W16,2024,16,2024-04-15,2024-04-21,全国,150间及以上,14442,3461055,6088,1494135,酒店之家
2024W16,2024,16,2024-04-15,2024-04-21,全国,15间以下,350897,1826139,1509,13996,酒店之家
2024W16,2024,16,2024-04-15,2024-04-21,全国,30-69间,125555,5504784,17456,878320,酒店之家
2024W16,2024,16,2024-04-15,2024-04-21,全国,70-149间,58493,5642047,26775,2640723,酒店之家
2024W16,2024,16,2024-04-15,2024-04-21,全国,全部,706154,19624473,54878,5096283,酒店之家
2024W17,2024,17,2024-04-22,2024-04-28,全国,15-29间,158160,3218798,3065,69419,酒店之家
2024W17,2024,17,2024-04-22,2024-04-28,全国,150间及以上,14455,3465071,6083,1493601,酒店之家
2024W17,2024,17,2024-04-22,2024-04-28,全国,15间以下,357783,1854093,1550,14272,酒店之家
2024W17,2024,17,2024-04-22,2024-04-28,全国,30-69间,126414,5541443,17497,880272,酒店之家
2024W17,2024,17,2024-04-22,2024-04-28,全国,70-149间,58829,5675052,26910,2654329,酒店之家
2024W17,2024,17,2024-04-22,2024-04-28,全国,全部,715641,19754457,55105,5111893,酒店之家
2024W18,2024,18,2024-04-29,2024-05-05,全国,15-29间,158942,3235363,3083,69898,酒店之家
2024W18,2024,18,2024-04-29,2024-05-05,全国,150间及以上,14483,3466524,6104,1497364,酒店之家
2024W18,2024,18,2024-04-29,2024-05-05,全国,15间以下,358882,1867152,1554,14317,酒店之家
2024W18,2024,18,2024-04-29,2024-05-05,全国,30-69间,127100,5571103,17638,887721,酒店之家
2024W18,2024,18,2024-04-29,2024-05-05,全国,70-149间,59114,5701904,27099,2672829,酒店之家
2024W18,2024,18,2024-04-29,2024-05-05,全国,全部,718521,19842046,55478,5142129,酒店之家
2024W19,2024,19,2024-05-06,2024-05-12,全国,15-29间,158893,3233913,3077,69828,酒店之家
2024W19,2024,19,2024-05-06,2024-05-12,全国,150间及以上,14475,3466935,6099,1489842,酒店之家
2024W19,2024,19,2024-05-06,2024-05-12,全国,15间以下,356964,1865859,1544,14248,酒店之家
2024W19,2024,19,2024-05-06,2024-05-12,全国,30-69间,127171,5573598,17662,888760,酒店之家
2024W19,2024,19,2024-05-06,2024-05-12,全国,70-149间,59099,5699911,27125,2675174,酒店之家
2024W19,2024,19,2024-05-06,2024-05-12,全国,全部,716602,19840216,55507,5137852,酒店之家
2024W20,2024,20,2024-05-13,2024-05-19,全国,15-29间,159349,3242407,3093,70137,酒店之家
2024W20,2024,20,2024-05-13,2024-05-19,全国,150间及以上,14484,3469021,6112,1493568,酒店之家
2024W20,2024,20,2024-05-13,2024-05-19,全国,15间以下,353045,1867061,1558,14402,酒店之家
2024W20,2024,20,2024-05-13,2024-05-19,全国,30-69间,127445,5584351,17710,891038,酒店之家
2024W20,2024,20,2024-05-13,2024-05-19,全国,70-149间,59211,5712047,27135,2676726,酒店之家
2024W20,2024,20,2024-05-13,2024-05-19,全国,全部,713534,19874887,55608,5145871,酒店之家
2024W21,2024,21,2024-05-20,2024-05-26,全国,15-29间,159604,3247911,3105,70376,酒店之家
2024W21,2024,21,2024-05-20,2024-05-26,全国,150间及以上,14488,3471402,6108,1492486,酒店之家
2024W21,2024,21,2024-05-20,2024-05-26,全国,15间以下,356132,1878876,1566,14493,酒店之家
2024W21,2024,21,2024-05-20,2024-05-26,全国,30-69间,127613,5591427,17736,892234,酒店之家
2024W21,2024,21,2024-05-20,2024-05-26,全国,70-149间,59284,5719333,27163,2679578,酒店之家
2024W21,2024,21,2024-05-20,2024-05-26,全国,全部,717121,19908949,55678,5149167,酒店之家
2024W22,2024,22,2024-05-27,2024-06-02,全国,15-29间,159786,3251457,3105,70353,酒店之家
2024W22,2024,22,2024-05-27,2024-06-02,全国,150间及以上,14521,3478716,6129,1496929,酒店之家
2024W22,2024,22,2024-05-27,2024-06-02,全国,15间以下,356192,1883109,1573,14544,酒店之家
2024W22,2024,22,2024-05-27,2024-06-02,全国,30-69间,127734,5597589,17733,892555,酒店之家
2024W22,2024,22,2024-05-27,2024-06-02,全国,70-149间,59329,5723370,27205,2683046,酒店之家
2024W22,2024,22,2024-05-27,2024-06-02,全国,全部,717562,19934241,55745,5157427,酒店之家
2024W23,2024,23,2024-06-03,2024-06-09,全国,15-29间,160610,3267585,3138,71116,酒店之家
2024W23,2024,23,2024-06-03,2024-06-09,全国,150间及以上,14550,3484683,6138,1498325,酒店之家
2024W23,2024,23,2024-06-03,2024-06-09,全国,15间以下,361081,1904707,1576,14518,酒店之家
2024W23,2024,23,2024-06-03,2024-06-09,全国,30-69间,127923,5605492,17744,893270,酒店之家
2024W23,2024,23,2024-06-03,2024-06-09,全国,70-149间,59519,5741283,27297,2691788,酒店之家
2024W23,2024,23,2024-06-03,2024-06-09,全国,全部,723683,20003750,55893,5169017,酒店之家
2024W24,2024,24,2024-06-10,2024-06-16,全国,15-29间,159630,3247547,3129,70962,酒店之家
2024W24,2024,24,2024-06-10,2024-06-16,全国,150间及以上,14533,3482233,6143,1500061,酒店之家
2024W24,2024,24,2024-06-10,2024-06-16,全国,15间以下,357294,1895605,1576,14515,酒店之家
2024W24,2024,24,2024-06-10,2024-06-16,全国,30-69间,127294,5579543,17745,893524,酒店之家
2024W24,2024,24,2024-06-10,2024-06-16,全国,70-149间,59514,5743169,27343,2696609,酒店之家
2024W24,2024,24,2024-06-10,2024-06-16,全国,全部,718265,19948097,55936,5175671,酒店之家
2024W25,2024,25,2024-06-17,2024-06-23,全国,15-29间,160313,3260797,3136,71108,酒店之家
2024W25,2024,25,2024-06-17,2024-06-23,全国,150间及以上,14558,3489704,6152,1501906,酒店之家
2024W25,2024,25,2024-06-17,2024-06-23,全国,15间以下,363744,1915178,1591,14653,酒店之家
2024W25,2024,25,2024-06-17,2024-06-23,全国,30-69间,127604,5592652,17775,894814,酒店之家
2024W25,2024,25,2024-06-17,2024-06-23,全国,70-149间,59673,5758484,27426,2704640,酒店之家
2024W25,2024,25,2024-06-17,2024-06-23,全国,全部,725892,20016815,56080,5187121,酒店之家
2024W26,2024,26,2024-06-24,2024-06-30,全国,15-29间,162792,3311445,3113,70531,酒店之家
2024W26,2024,26,2024-06-24,2024-06-30,全国,150间及以上,14572,3492803,6159,1503573,酒店之家
2024W26,2024,26,2024-06-24,2024-06-30,全国,15间以下,360948,1932118,1601,14759,酒店之家
2024W26,2024,26,2024-06-24,2024-06-30,全国,30-69间,129292,5663372,17887,900301,酒店之家
2024W26,2024,26,2024-06-24,2024-06-30,全国,70-149间,59989,5787584,27516,2712796,酒店之家
2024W26,2024,26,2024-06-24,2024-06-30,全国,全部,727593,20187322,56276,5201960,酒店之家
2024W27,2024,27,2024-07-01,2024-07-07,全国,15-29间,163474,3325080,3154,71512,酒店之家
2024W27,2024,27,2024-07-01,2024-07-07,全国,150间及以上,14611,3499468,6191,1510414,酒店之家
2024W27,2024,27,2024-07-01,2024-07-07,全国,15间以下,361409,1941712,1621,14896,酒店之家
2024W27,2024,27,2024-07-01,2024-07-07,全国,30-69间,129719,5683563,17949,903579,酒店之家
2024W27,2024,27,2024-07-01,2024-07-07,全国,70-149间,60157,5802685,27623,2723229,酒店之家
2024W27,2024,27,2024-07-01,2024-07-07,全国,全部,729370,20252508,56538,5223630,酒店之家
2024W28,2024,28,2024-07-08,2024-07-14,全国,15-29间,164143,3338506,3166,71834,酒店之家
2024W28,2024,28,2024-07-08,2024-07-14,全国,150间及以上,14624,3502842,6198,1512453,酒店之家
2024W28,2024,28,2024-07-08,2024-07-14,全国,15间以下,362987,1955299,1629,14969,酒店之家
2024W28,2024,28,2024-07-08,2024-07-14,全国,30-69间,130029,5696994,17982,905414,酒店之家
2024W28,2024,28,2024-07-08,2024-07-14,全国,70-149间,60362,5822759,27723,2733077,酒店之家
2024W28,2024,28,2024-07-08,2024-07-14,全国,全部,732145,20316400,56698,5237747,酒店之家
2024W29,2024,29,2024-07-15,2024-07-21,全国,15-29间,164557,3346289,3188,72319,酒店之家
2024W29,2024,29,2024-07-15,2024-07-21,全国,150间及以上,14666,3513024,6214,1515612,酒店之家
2024W29,2024,29,2024-07-15,2024-07-21,全国,15间以下,367389,1972041,1632,15018,酒店之家
2024W29,2024,29,2024-07-15,2024-07-21,全国,30-69间,130256,5707686,18019,906770,酒店之家
2024W29,2024,29,2024-07-15,2024-07-21,全国,70-149间,60531,5839105,27835,2743876,酒店之家
2024W29,2024,29,2024-07-15,2024-07-21,全国,全部,737399,20378145,56888,5253595,酒店之家
2024W30,2024,30,2024-07-22,2024-07-28,全国,15-29间,165035,3355752,3186,72245,酒店之家
2024W30,2024,30,2024-07-22,2024-07-28,全国,150间及以上,14688,3516724,6224,1517731,酒店之家
2024W30,2024,30,2024-07-22,2024-07-28,全国,15间以下,366818,1977339,1640,15106,酒店之家
2024W30,2024,30,2024-07-22,2024-07-28,全国,30-69间,130468,5717397,17985,905806,酒店之家
2024W30,2024,30,2024-07-22,2024-07-28,全国,70-149间,60657,5852511,27840,2745369,酒店之家
2024W30,2024,30,2024-07-22,2024-07-28,全国,全部,737666,20419723,56875,5256257,酒店之家
2024W31,2024,31,2024-07-29,2024-08-04,全国,15-29间,165049,3356253,3215,72870,酒店之家
2024W31,2024,31,2024-07-29,2024-08-04,全国,150间及以上,14698,3517714,6247,1522124,酒店之家
2024W31,2024,31,2024-07-29,2024-08-04,全国,15间以下,368772,1983940,1670,15423,酒店之家
2024W31,2024,31,2024-07-29,2024-08-04,全国,30-69间,130480,5718003,18157,914341,酒店之家
2024W31,2024,31,2024-07-29,2024-08-04,全国,70-149间,60804,5866572,28007,2761314,酒店之家
2024W31,2024,31,2024-07-29,2024-08-04,全国,全部,739803,20442482,57296,5286072,酒店之家
2024W32,2024,32,2024-08-05,2024-08-11,全国,15-29间,165231,3359423,3233,73302,酒店之家
2024W32,2024,32,2024-08-05,2024-08-11,全国,150间及以上,14714,3519450,6261,1524904,酒店之家
2024W32,2024,32,2024-08-05,2024-08-11,全国,15间以下,367834,1987050,1677,15537,酒店之家
2024W32,2024,32,2024-08-05,2024-08-11,全国,30-69间,130663,5725873,18206,916530,酒店之家
2024W32,2024,32,2024-08-05,2024-08-11,全国,70-149间,60957,5881606,28092,2770944,酒店之家
2024W32,2024,32,2024-08-05,2024-08-11,全国,全部,739399,20473402,57469,5301217,酒店之家
2024W33,2024,33,2024-08-12,2024-08-18,全国,15-29间,165411,3363126,3253,73735,酒店之家
2024W33,2024,33,2024-08-12,2024-08-18,全国,150间及以上,14717,3518517,6261,1524475,酒店之家
2024W33,2024,33,2024-08-12,2024-08-18,全国,15间以下,367997,1993113,1689,15617,酒店之家
2024W33,2024,33,2024-08-12,2024-08-18,全国,30-69间,130804,5732647,18243,918512,酒店之家
2024W33,2024,33,2024-08-12,2024-08-18,全国,70-149间,61074,5891707,28161,2777375,酒店之家
2024W33,2024,33,2024-08-12,2024-08-18,全国,全部,740003,20499110,57607,5309714,酒店之家
2024W34,2024,34,2024-08-19,2024-08-25,全国,15-29间,165754,3369566,3254,73727,酒店之家
2024W34,2024,34,2024-08-19,2024-08-25,全国,150间及以上,14721,3519316,6266,1525356,酒店之家
2024W34,2024,34,2024-08-19,2024-08-25,全国,15间以下,364514,1994153,1682,15538,酒店之家
2024W34,2024,34,2024-08-19,2024-08-25,全国,30-69间,131053,5743459,18296,921026,酒店之家
2024W34,2024,34,2024-08-19,2024-08-25,全国,70-149间,61166,5900073,28241,2785399,酒店之家
2024W34,2024,34,2024-08-19,2024-08-25,全国,全部,737208,20526567,57739,5321046,酒店之家
2024W35,2024,35,2024-08-26,2024-09-01,全国,15-29间,163849,3330976,3240,73426,酒店之家
2024W35,2024,35,2024-08-26,2024-09-01,全国,150间及以上,14695,3513027,6281,1528212,酒店之家
2024W35,2024,35,2024-08-26,2024-09-01,全国,15间以下,359438,1972563,1678,15492,酒店之家
2024W35,2024,35,2024-08-26,2024-09-01,全国,30-69间,130015,5701408,18258,919257,酒店之家
2024W35,2024,35,2024-08-26,2024-09-01,全国,70-149间,61090,5893742,28292,2790898,酒店之家
2024W35,2024,35,2024-08-26,2024-09-01,全国,全部,729087,20411716,57749,5327285,酒店之家
2024W36,2024,36,2024-09-02,2024-09-08,全国,15-29间,164093,3335616,3252,73735,酒店之家
2024W36,2024,36,2024-09-02,2024-09-08,全国,150间及以上,14714,3516914,6287,1530001,酒店之家
2024W36,2024,36,2024-09-02,2024-09-08,全国,15间以下,359719,1978511,1675,15471,酒店之家
2024W36,2024,36,2024-09-02,2024-09-08,全国,30-69间,130184,5709521,18276,920559,酒店之家
2024W36,2024,36,2024-09-02,2024-09-08,全国,70-149间,61173,5901758,28332,2795306,酒店之家
2024W36,2024,36,2024-09-02,2024-09-08,全国,全部,729883,20442320,57822,5335072,酒店之家
2024W37,2024,37,2024-09-09,2024-09-15,全国,15-29间,164850,3350863,3247,73631,酒店之家
2024W37,2024,37,2024-09-09,2024-09-15,全国,150间及以上,14728,3522141,6297,1531950,酒店之家
2024W37,2024,37,2024-09-09,2024-09-15,全国,15间以下,358991,1986960,1685,15573,酒店之家
2024W37,2024,37,2024-09-09,2024-09-15,全国,30-69间,130593,5727001,18344,923763,酒店之家
2024W37,2024,37,2024-09-09,2024-09-15,全国,70-149间,61327,5917253,28429,2805230,酒店之家
2024W37,2024,37,2024-09-09,2024-09-15,全国,全部,730489,20504218,58002,5350147,酒店之家
2024W38,2024,38,2024-09-16,2024-09-22,全国,15-29间,165198,3357990,3283,74467,酒店之家
2024W38,2024,38,2024-09-16,2024-09-22,全国,150间及以上,14740,3524446,6312,1535794,酒店之家
2024W38,2024,38,2024-09-16,2024-09-22,全国,15间以下,358219,1990158,1689,15612,酒店之家
2024W38,2024,38,2024-09-16,2024-09-22,全国,30-69间,130831,5737501,18470,929794,酒店之家
2024W38,2024,38,2024-09-16,2024-09-22,全国,70-149间,61409,5925239,28514,2813652,酒店之家
2024W38,2024,38,2024-09-16,2024-09-22,全国,全部,730397,20535334,58268,5369319,酒店之家
2024W39,2024,39,2024-09-23,2024-09-29,全国,15-29间,165989,3374120,3259,73913,酒店之家
2024W39,2024,39,2024-09-23,2024-09-29,全国,150间及以上,14763,3529212,6334,1540564,酒店之家
2024W39,2024,39,2024-09-23,2024-09-29,全国,15间以下,351299,1991617,1684,15546,酒店之家
2024W39,2024,39,2024-09-23,2024-09-29,全国,30-69间,131473,5767398,18462,930308,酒店之家
2024W39,2024,39,2024-09-23,2024-09-29,全国,70-149间,61716,5954962,28660,2827889,酒店之家
2024W39,2024,39,2024-09-23,2024-09-29,全国,全部,725240,20617309,58399,5388220,酒店之家
2024W40,2024,40,2024-09-30,2024-10-06,全国,15-29间,165734,3368675,3266,74094,酒店之家
2024W40,2024,40,2024-09-30,2024-10-06,全国,150间及以上,14738,3523123,6349,1543195,酒店之家
2024W40,2024,40,2024-09-30,2024-10-06,全国,15间以下,350907,1991591,1685,15587,酒店之家
2024W40,2024,40,2024-09-30,2024-10-06,全国,30-69间,131449,5766314,18552,934781,酒店之家
2024W40,2024,40,2024-09-30,2024-10-06,全国,70-149间,61870,5969439,28851,2846878,酒店之家
2024W40,2024,40,2024-09-30,2024-10-06,全国,全部,724698,20619142,58703,5414535,酒店之家
2024W41,2024,41,2024-10-07,2024-10-13,全国,15-29间,163429,3322620,3252,73661,酒店之家
2024W41,2024,41,2024-10-07,2024-10-13,全国,150间及以上,14663,3506869,6265,1518040,酒店之家
2024W41,2024,41,2024-10-07,2024-10-13,全国,15间以下,343235,1952014,1651,15323,酒店之家
2024W41,2024,41,2024-10-07,2024-10-13,全国,30-69间,130232,5715528,18501,932469,酒店之家
2024W41,2024,41,2024-10-07,2024-10-13,全国,70-149间,61464,5932232,28790,2841388,酒店之家
2024W41,2024,41,2024-10-07,2024-10-13,全国,全部,713023,20429263,58459,5380881,酒店之家
2024W42,2024,42,2024-10-14,2024-10-20,全国,15-29间,163340,3320868,3251,73710,酒店之家
2024W42,2024,42,2024-10-14,2024-10-20,全国,150间及以上,14647,3502292,6273,1519865,酒店之家
2024W42,2024,42,2024-10-14,2024-10-20,全国,15间以下,341385,1949245,1642,15242,酒店之家
2024W42,2024,42,2024-10-14,2024-10-20,全国,30-69间,130135,5711419,18503,932533,酒店之家
2024W42,2024,42,2024-10-14,2024-10-20,全国,70-149间,61419,5928045,28791,2841526,酒店之家
2024W42,2024,42,2024-10-14,2024-10-20,全国,全部,710926,20411869,58460,5382876,酒店之家
2024W43,2024,43,2024-10-21,2024-10-27,全国,15-29间,163069,3315156,3234,73352,酒店之家
2024W43,2024,43,2024-10-21,2024-10-27,全国,150间及以上,14640,3499955,6277,1522329,酒店之家
2024W43,2024,43,2024-10-21,2024-10-27,全国,15间以下,339721,1945205,1642,15207,酒店之家
2024W43,2024,43,2024-10-21,2024-10-27,全国,30-69间,129958,5704253,18465,930584,酒店之家
2024W43,2024,43,2024-10-21,2024-10-27,全国,70-149间,61351,5921911,28805,2843681,酒店之家
2024W43,2024,43,2024-10-21,2024-10-27,全国,全部,708739,20386480,58423,5385153,酒店之家
2024W44,2024,44,2024-10-28,2024-11-03,全国,15-29间,162668,3306941,3236,73388,酒店之家
2024W44,2024,44,2024-10-28,2024-11-03,全国,150间及以上,14602,3489918,6281,1522783,酒店之家
2024W44,2024,44,2024-10-28,2024-11-03,全国,15间以下,346391,1941960,1631,15136,酒店之家
2024W44,2024,44,2024-10-28,2024-11-03,全国,30-69间,129561,5687275,18469,930607,酒店之家
2024W44,2024,44,2024-10-28,2024-11-03,全国,70-149间,61249,5912535,28822,2845485,酒店之家
2024W44,2024,44,2024-10-28,2024-11-03,全国,全部,714471,20338629,58439,5387399,酒店之家
2024W45,2024,45,2024-11-04,2024-11-10,全国,15-29间,162775,3308965,3239,73458,酒店之家
2024W45,2024,45,2024-11-04,2024-11-10,全国,150间及以上,14604,3490453,6356,1542766,酒店之家
2024W45,2024,45,2024-11-04,2024-11-10,全国,15间以下,343560,1940582,1638,15169,酒店之家
2024W45,2024,45,2024-11-04,2024-11-10,全国,30-69间,129587,5688192,18492,932037,酒店之家
2024W45,2024,45,2024-11-04,2024-11-10,全国,70-149间,61266,5914237,28853,2848766,酒店之家
2024W45,2024,45,2024-11-04,2024-11-10,全国,全部,711792,20342429,58578,5412196,酒店之家
2024W46,2024,46,2024-11-11,2024-11-17,全国,15-29间,162349,3300377,3244,73577,酒店之家
2024W46,2024,46,2024-11-11,2024-11-17,全国,150间及以上,14591,3486549,6354,1541963,酒店之家
2024W46,2024,46,2024-11-11,2024-11-17,全国,15间以下,341426,1937444,1647,15272,酒店之家
2024W46,2024,46,2024-11-11,2024-11-17,全国,30-69间,129153,5670100,18477,931256,酒店之家
2024W46,2024,46,2024-11-11,2024-11-17,全国,70-149间,61223,5911462,28872,2851380,酒店之家
2024W46,2024,46,2024-11-11,2024-11-17,全国,全部,708742,20305932,58594,5413448,酒店之家
2024W47,2024,47,2024-11-18,2024-11-24,全国,15-29间,162011,3293582,3254,73826,酒店之家
2024W47,2024,47,2024-11-18,2024-11-24,全国,150间及以上,14588,3486771,6363,1543858,酒店之家
2024W47,2024,47,2024-11-18,2024-11-24,全国,15间以下,339886,1934695,1653,15336,酒店之家
2024W47,2024,47,2024-11-18,2024-11-24,全国,30-69间,129038,5665759,18553,934963,酒店之家
2024W47,2024,47,2024-11-18,2024-11-24,全国,70-149间,61191,5908901,28908,2855171,酒店之家
2024W47,2024,47,2024-11-18,2024-11-24,全国,全部,706714,20289708,58731,5423154,酒店之家
2024W48,2024,48,2024-11-25,2024-12-01,全国,15-29间,161446,3282199,3267,74167,酒店之家
2024W48,2024,48,2024-11-25,2024-12-01,全国,150间及以上,14554,3479290,6373,1546514,酒店之家
2024W48,2024,48,2024-11-25,2024-12-01,全国,15间以下,337002,1923231,1651,15312,酒店之家
2024W48,2024,48,2024-11-25,2024-12-01,全国,30-69间,128570,5645999,18646,939349,酒店之家
2024W48,2024,48,2024-11-25,2024-12-01,全国,70-149间,61132,5904006,28989,2863223,酒店之家
2024W48,2024,48,2024-11-25,2024-12-01,全国,全部,702704,20234725,58926,5438565,酒店之家
2024W49,2024,49,2024-12-02,2024-12-08,全国,15-29间,162059,3294859,3264,74172,酒店之家
2024W49,2024,49,2024-12-02,2024-12-08,全国,150间及以上,14569,3482783,6405,1556882,酒店之家
2024W49,2024,49,2024-12-02,2024-12-08,全国,15间以下,337389,1930730,1660,15383,酒店之家
2024W49,2024,49,2024-12-02,2024-12-08,全国,30-69间,128913,5659734,18664,940135,酒店之家
2024W49,2024,49,2024-12-02,2024-12-08,全国,70-149间,61209,5911582,29042,2868843,酒店之家
2024W49,2024,49,2024-12-02,2024-12-08,全国,全部,704139,20279688,59035,5455415,酒店之家
2024W50,2024,50,2024-12-09,2024-12-15,全国,15-29间,162586,3305658,3272,74399,酒店之家
2024W50,2024,50,2024-12-09,2024-12-15,全国,150间及以上,14576,3488028,6418,1561159,酒店之家
2024W50,2024,50,2024-12-09,2024-12-15,全国,15间以下,336792,1934849,1656,15320,酒店之家
2024W50,2024,50,2024-12-09,2024-12-15,全国,30-69间,129312,5676862,18698,941972,酒店之家
2024W50,2024,50,2024-12-09,2024-12-15,全国,70-149间,61299,5920189,29088,2873630,酒店之家
2024W50,2024,50,2024-12-09,2024-12-15,全国,全部,704565,20325586,59132,5466480,酒店之家
2024W51,2024,51,2024-12-16,2024-12-22,全国,15-29间,162930,3312542,3301,74906,酒店之家
2024W51,2024,51,2024-12-16,2024-12-22,全国,150间及以上,14571,3487187,6419,1561197,酒店之家
2024W51,2024,51,2024-12-16,2024-12-22,全国,15间以下,334559,1934094,1667,15430,酒店之家
2024W51,2024,51,2024-12-16,2024-12-22,全国,30-69间,129504,5684029,18718,942810,酒店之家
2024W51,2024,51,2024-12-16,2024-12-22,全国,70-149间,61353,5925233,29121,2877556,酒店之家
2024W51,2024,51,2024-12-16,2024-12-22,全国,全部,702917,20343085,59226,5471899,酒店之家
2024W52,2024,52,2024-12-23,2024-12-29,全国,15-29间,163997,3334281,3322,75383,酒店之家
2024W52,2024,52,2024-12-23,2024-12-29,全国,150间及以上,14575,3489080,6428,1562878,酒店之家
2024W52,2024,52,2024-12-23,2024-12-29,全国,15间以下,341186,1955459,1669,15455,酒店之家
2024W52,2024,52,2024-12-23,2024-12-29,全国,30-69间,129983,5702915,18737,943544,酒店之家
2024W52,2024,52,2024-12-23,2024-12-29,全国,70-149间,61413,5930556,29149,2880344,酒店之家
2024W52,2024,52,2024-12-23,2024-12-29,全国,全部,711154,20412291,59305,5477604,酒店之家
2025W01,2025,1,2024-12-30,2025-01-05,全国,15-29间,163889,3333211,3325,75390,酒店之家
2025W01,2025,1,2024-12-30,2025-01-05,全国,150间及以上,14544,3483793,6442,1565582,酒店之家
2025W01,2025,1,2024-12-30,2025-01-05,全国,15间以下,336565,1946232,1674,15504,酒店之家
2025W01,2025,1,2024-12-30,2025-01-05,全国,30-69间,130029,5703401,18742,944011,酒店之家
2025W01,2025,1,2024-12-30,2025-01-05,全国,70-149间,61425,5931844,29260,2891512,酒店之家
2025W01,2025,1,2024-12-30,2025-01-05,全国,全部,706452,20398481,59443,5491999,酒店之家
2025W02,2025,2,2025-01-06,2025-01-12,全国,15-29间,164642,3348620,3333,75608,酒店之家
2025W02,2025,2,2025-01-06,2025-01-12,全国,150间及以上,14574,3492680,6463,1572631,酒店之家
2025W02,2025,2,2025-01-06,2025-01-12,全国,15间以下,335485,1953048,1683,15588,酒店之家
2025W02,2025,2,2025-01-06,2025-01-12,全国,30-69间,130609,5727420,18818,947647,酒店之家
2025W02,2025,2,2025-01-06,2025-01-12,全国,70-149间,61623,5951768,29344,2899982,酒店之家
2025W02,2025,2,2025-01-06,2025-01-12,全国,全部,706933,20473536,59641,5511456,酒店之家
2025W03,2025,3,2025-01-13,2025-01-19,全国,15-29间,164956,3355266,3361,76227,酒店之家
2025W03,2025,3,2025-01-13,2025-01-19,全国,150间及以上,14618,3500764,6475,1573624,酒店之家
2025W03,2025,3,2025-01-13,2025-01-19,全国,15间以下,335998,1958657,1678,15521,酒店之家
2025W03,2025,3,2025-01-13,2025-01-19,全国,30-69间,130937,5741230,18950,954188,酒店之家
2025W03,2025,3,2025-01-13,2025-01-19,全国,70-149间,61768,5966264,29486,2914167,酒店之家
2025W03,2025,3,2025-01-13,2025-01-19,全国,全部,708277,20522181,59950,5533727,酒店之家
2025W04,2025,4,2025-01-20,2025-01-26,全国,15-29间,165811,3372660,3396,77011,酒店之家
2025W04,2025,4,2025-01-20,2025-01-26,全国,150间及以上,14643,3507848,6496,1579983,酒店之家
2025W04,2025,4,2025-01-20,2025-01-26,全国,15间以下,337073,1971010,1683,15577,酒店之家
2025W04,2025,4,2025-01-20,2025-01-26,全国,30-69间,131622,5770954,19054,959412,酒店之家
2025W04,2025,4,2025-01-20,2025-01-26,全国,70-149间,62133,6000758,29720,2937317,酒店之家
2025W04,2025,4,2025-01-20,2025-01-26,全国,全部,711282,20623230,60349,5569300,酒店之家
2025W05,2025,5,2025-01-27,2025-02-02,全国,15-29间,165956,3375747,3396,77004,酒店之家
2025W05,2025,5,2025-01-27,2025-02-02,全国,150间及以上,14651,3505710,6507,1580875,酒店之家
2025W05,2025,5,2025-01-27,2025-02-02,全国,15间以下,336950,1973263,1686,15614,酒店之家
2025W05,2025,5,2025-01-27,2025-02-02,全国,30-69间,131837,5780819,19095,961601,酒店之家
2025W05,2025,5,2025-01-27,2025-02-02,全国,70-149间,62293,6016234,29836,2948659,酒店之家
2025W05,2025,5,2025-01-27,2025-02-02,全国,全部,711687,20651773,60520,5583753,酒店之家
2025W06,2025,6,2025-02-03,2025-02-09,全国,15-29间,166235,3381964,3424,77638,酒店之家
2025W06,2025,6,2025-02-03,2025-02-09,全国,150间及以上,14641,3504051,6507,1579732,酒店之家
2025W06,2025,6,2025-02-03,2025-02-09,全国,15间以下,336316,1971664,1700,15686,酒店之家
2025W06,2025,6,2025-02-03,2025-02-09,全国,30-69间,132300,5800425,19179,965335,酒店之家
2025W06,2025,6,2025-02-03,2025-02-09,全国,70-149间,62415,6026896,29876,2952375,酒店之家
2025W06,2025,6,2025-02-03,2025-02-09,全国,全部,711907,20685000,60686,5590766,酒店之家
2025W07,2025,7,2025-02-10,2025-02-16,全国,15-29间,167236,3402327,3445,78114,酒店之家
2025W07,2025,7,2025-02-10,2025-02-16,全国,150间及以上,14654,3503921,6517,1583004,酒店之家
2025W07,2025,7,2025-02-10,2025-02-16,全国,15间以下,336442,1979537,1697,15678,酒店之家
2025W07,2025,7,2025-02-10,2025-02-16,全国,30-69间,133050,5830962,19213,966951,酒店之家
2025W07,2025,7,2025-02-10,2025-02-16,全国,70-149间,62525,6036188,29892,2953970,酒店之家
2025W07,2025,7,2025-02-10,2025-02-16,全国,全部,713907,20752935,60764,5597717,酒店之家
2025W08,2025,8,2025-02-17,2025-02-23,全国,15-29间,167814,3414065,3449,78237,酒店之家
2025W08,2025,8,2025-02-17,2025-02-23,全国,150间及以上,14670,3506708,6522,1584516,酒店之家
2025W08,2025,8,2025-02-17,2025-02-23,全国,15间以下,336264,1985186,1698,15691,酒店之家
2025W08,2025,8,2025-02-17,2025-02-23,全国,30-69间,133343,5842412,19226,967571,酒店之家
2025W08,2025,8,2025-02-17,2025-02-23,全国,70-149间,62623,6045965,29922,2957160,酒店之家
2025W08,2025,8,2025-02-17,2025-02-23,全国,全部,714714,20794336,60817,5603175,酒店之家
2025W09,2025,9,2025-02-24,2025-03-02,全国,15-29间,167779,3413707,3432,77864,酒店之家
2025W09,2025,9,2025-02-24,2025-03-02,全国,150间及以上,14655,3504711,6524,1585305,酒店之家
2025W09,2025,9,2025-02-24,2025-03-02,全国,15间以下,341440,1988474,1696,15681,酒店之家
2025W09,2025,9,2025-02-24,2025-03-02,全国,30-69间,133271,5838445,19236,967884,酒店之家
2025W09,2025,9,2025-02-24,2025-03-02,全国,70-149间,62614,6044985,29944,2959310,酒店之家
2025W09,2025,9,2025-02-24,2025-03-02,全国,全部,719759,20790322,60832,5606044,酒店之家
2025W10,2025,10,2025-03-03,2025-03-09,全国,15-29间,168628,3430718,3437,77972,酒店之家
2025W10,2025,10,2025-03-03,2025-03-09,全国,150间及以上,14660,3505189,6522,1585045,酒店之家
2025W10,2025,10,2025-03-03,2025-03-09,全国,15间以下,353928,2014808,1697,15688,酒店之家
2025W10,2025,10,2025-03-03,2025-03-09,全国,30-69间,133845,5861591,19234,967512,酒店之家
2025W10,2025,10,2025-03-03,2025-03-09,全国,70-149间,62693,6052740,29979,2962747,酒店之家
2025W10,2025,10,2025-03-03,2025-03-09,全国,全部,733754,20865046,60869,5608964,酒店之家
2025W11,2025,11,2025-03-10,2025-03-16,全国,15-29间,169492,3448462,3446,78160,酒店之家
2025W11,2025,11,2025-03-10,2025-03-16,全国,150间及以上,14703,3516897,6524,1585345,酒店之家
2025W11,2025,11,2025-03-10,2025-03-16,全国,15间以下,359131,2028600,1701,15707,酒店之家
2025W11,2025,11,2025-03-10,2025-03-16,全国,30-69间,134557,5891106,19304,970612,酒店之家
2025W11,2025,11,2025-03-10,2025-03-16,全国,70-149间,62922,6073618,30046,2969480,酒店之家
2025W11,2025,11,2025-03-10,2025-03-16,全国,全部,740805,20958683,61021,5619304,酒店之家
2025W12,2025,12,2025-03-17,2025-03-23,全国,15-29间,170300,3464463,3469,78650,酒店之家
2025W12,2025,12,2025-03-17,2025-03-23,全国,150间及以上,14711,3518022,6575,1599122,酒店之家
2025W12,2025,12,2025-03-17,2025-03-23,全国,15间以下,354689,2035370,1721,15934,酒店之家
2025W12,2025,12,2025-03-17,2025-03-23,全国,30-69间,134997,5908748,19335,972136,酒店之家
2025W12,2025,12,2025-03-17,2025-03-23,全国,70-149间,63067,6087458,30114,2975985,酒店之家
2025W12,2025,12,2025-03-17,2025-03-23,全国,全部,737764,21014061,61214,5641827,酒店之家
2025W13,2025,13,2025-03-24,2025-03-30,全国,15-29间,171130,3481441,3483,78916,酒店之家
2025W13,2025,13,2025-03-24,2025-03-30,全国,150间及以上,14733,3524659,6610,1612280,酒店之家
2025W13,2025,13,2025-03-24,2025-03-30,全国,15间以下,358488,2049390,1738,16066,酒店之家
2025W13,2025,13,2025-03-24,2025-03-30,全国,30-69间,135619,5934597,19399,975172,酒店之家
2025W13,2025,13,2025-03-24,2025-03-30,全国,70-149间,63165,6096050,30194,2984113,酒店之家
2025W13,2025,13,2025-03-24,2025-03-30,全国,全部,743135,21086137,61424,5666547,酒店之家
2025W14,2025,14,2025-03-31,2025-04-06,全国,15-29间,172039,3499666,3633,82312,酒店之家
2025W14,2025,14,2025-03-31,2025-04-06,全国,150间及以上,14741,3525486,6623,1616305,酒店之家
2025W14,2025,14,2025-03-31,2025-04-06,全国,15间以下,362855,2064889,1765,16322,酒店之家
2025W14,2025,14,2025-03-31,2025-04-06,全国,30-69间,136176,5957321,19821,994227,酒店之家
2025W14,2025,14,2025-03-31,2025-04-06,全国,70-149间,63256,6105001,30298,2994347,酒店之家
2025W14,2025,14,2025-03-31,2025-04-06,全国,全部,749067,21152363,62140,5703513,酒店之家
2025W15,2025,15,2025-04-07,2025-04-13,全国,15-29间,171901,3496167,3603,81658,酒店之家
2025W15,2025,15,2025-04-07,2025-04-13,全国,150间及以上,14766,3532263,6639,1620478,酒店之家
2025W15,2025,15,2025-04-07,2025-04-13,全国,15间以下,366340,2076287,1761,16248,酒店之家
2025W15,2025,15,2025-04-07,2025-04-13,全国,30-69间,135904,5945930,19815,994238,酒店之家
2025W15,2025,15,2025-04-07,2025-04-13,全国,70-149间,63288,6109519,30352,2999233,酒店之家
2025W15,2025,15,2025-04-07,2025-04-13,全国,全部,752199,21160166,62170,5711855,酒店之家
2025W16,2025,16,2025-04-14,2025-04-20,全国,15-29间,173571,3530478,3451,78193,酒店之家
2025W16,2025,16,2025-04-14,2025-04-20,全国,150间及以上,14814,3543773,6651,1623241,酒店之家
2025W16,2025,16,2025-04-14,2025-04-20,全国,15间以下,371626,2097861,1754,16189,酒店之家
2025W16,2025,16,2025-04-14,2025-04-20,全国,30-69间,136950,5989714,19499,980575,酒店之家
2025W16,2025,16,2025-04-14,2025-04-20,全国,70-149间,63562,6134319,30366,3001151,酒店之家
2025W16,2025,16,2025-04-14,2025-04-20,全国,全部,760523,21296145,61721,5699349,酒店之家
2025W17,2025,17,2025-04-21,2025-04-27,全国,15-29间,174139,3541812,3474,78697,酒店之家
2025W17,2025,17,2025-04-21,2025-04-27,全国,150间及以上,14856,3551834,6681,1629302,酒店之家
2025W17,2025,17,2025-04-21,2025-04-27,全国,15间以下,375810,2111227,1788,16429,酒店之家
2025W17,2025,17,2025-04-21,2025-04-27,全国,30-69间,137558,6018250,19609,986142,酒店之家
2025W17,2025,17,2025-04-21,2025-04-27,全国,70-149间,63877,6164073,30508,3015326,酒店之家
2025W17,2025,17,2025-04-21,2025-04-27,全国,全部,766240,21387196,62060,5725896,酒店之家
2025W18,2025,18,2025-04-28,2025-05-04,全国,15-29间,174905,3557747,3487,79006,酒店之家
2025W18,2025,18,2025-04-28,2025-05-04,全国,150间及以上,14882,3553211,6692,1631273,酒店之家
2025W18,2025,18,2025-04-28,2025-05-04,全国,15间以下,363122,2102821,1809,16646,酒店之家
2025W18,2025,18,2025-04-28,2025-05-04,全国,30-69间,138222,6047962,19694,990902,酒店之家
2025W18,2025,18,2025-04-28,2025-05-04,全国,70-149间,64192,6192962,30697,3033678,酒店之家
2025W18,2025,18,2025-04-28,2025-05-04,全国,全部,755323,21454703,62379,5751505,酒店之家
2025W19,2025,19,2025-05-05,2025-05-11,全国,15-29间,174993,3559493,3469,78613,酒店之家
2025W19,2025,19,2025-05-05,2025-05-11,全国,150间及以上,14867,3550563,6694,1631493,酒店之家
2025W19,2025,19,2025-05-05,2025-05-11,全国,15间以下,367685,2107955,1801,16584,酒店之家
2025W19,2025,19,2025-05-05,2025-05-11,全国,30-69间,138286,6049858,19680,990134,酒店之家
2025W19,2025,19,2025-05-05,2025-05-11,全国,70-149间,64252,6198750,30740,3037982,酒店之家
2025W19,2025,19,2025-05-05,2025-05-11,全国,全部,760083,21466619,62384,5754806,酒店之家
2025W20,2025,20,2025-05-12,2025-05-18,全国,15-29间,175716,3573664,3487,79042,酒店之家
2025W20,2025,20,2025-05-12,2025-05-18,全国,150间及以上,14870,3551126,6700,1633377,酒店之家
2025W20,2025,20,2025-05-12,2025-05-18,全国,15间以下,372452,2124293,1805,16592,酒店之家
2025W20,2025,20,2025-05-12,2025-05-18,全国,30-69间,138688,6066869,19711,992007,酒店之家
2025W20,2025,20,2025-05-12,2025-05-18,全国,70-149间,64345,6208167,30758,3040179,酒店之家
2025W20,2025,20,2025-05-12,2025-05-18,全国,全部,766071,21524119,62461,5761197,酒店之家
2025W21,2025,21,2025-05-19,2025-05-25,全国,15-29间,176192,3582778,3490,79142,酒店之家
2025W21,2025,21,2025-05-19,2025-05-25,全国,150间及以上,14873,3552305,6698,1632921,酒店之家
2025W21,2025,21,2025-05-19,2025-05-25,全国,15间以下,377575,2138573,1809,16629,酒店之家
2025W21,2025,21,2025-05-19,2025-05-25,全国,30-69间,139027,6081307,19742,993442,酒店之家
2025W21,2025,21,2025-05-19,2025-05-25,全国,70-149间,64482,6221351,30814,3045925,酒店之家
2025W21,2025,21,2025-05-19,2025-05-25,全国,全部,772149,21576314,62553,5768059,酒店之家
2025W22,2025,22,2025-05-26,2025-06-01,全国,15-29间,176287,3584333,3505,79479,酒店之家
2025W22,2025,22,2025-05-26,2025-06-01,全国,150间及以上,14882,3554269,6723,1637212,酒店之家
2025W22,2025,22,2025-05-26,2025-06-01,全国,15间以下,378852,2140415,1802,16575,酒店之家
2025W22,2025,22,2025-05-26,2025-06-01,全国,30-69间,139303,6093899,19834,997560,酒店之家
2025W22,2025,22,2025-05-26,2025-06-01,全国,70-149间,64646,6238662,30906,3055645,酒店之家
2025W22,2025,22,2025-05-26,2025-06-01,全国,全部,773970,21611578,62770,5786471,酒店之家
2025W23,2025,23,2025-06-02,2025-06-08,全国,15-29间,177012,3598795,3514,79721,酒店之家
2025W23,2025,23,2025-06-02,2025-06-08,全国,150间及以上,14897,3558846,6730,1639045,酒店之家
2025W23,2025,23,2025-06-02,2025-06-08,全国,15间以下,382194,2153388,1811,16686,酒店之家
2025W23,2025,23,2025-06-02,2025-06-08,全国,30-69间,139718,6111149,19872,999407,酒店之家
2025W23,2025,23,2025-06-02,2025-06-08,全国,70-149间,64718,6245702,30951,3060129,酒店之家
2025W23,2025,23,2025-06-02,2025-06-08,全国,全部,778539,21667880,62878,5794988,酒店之家
2025W24,2025,24,2025-06-09,2025-06-15,全国,15-29间,177734,3612845,3519,79837,酒店之家
2025W24,2025,24,2025-06-09,2025-06-15,全国,150间及以上,14922,3565104,6744,1642845,酒店之家
2025W24,2025,24,2025-06-09,2025-06-15,全国,15间以下,385122,2167908,1812,16687,酒店之家
2025W24,2025,24,2025-06-09,2025-06-15,全国,30-69间,140084,6125949,19931,1002370,酒店之家
2025W24,2025,24,2025-06-09,2025-06-15,全国,70-149间,64841,6256465,30999,3064420,酒店之家
2025W24,2025,24,2025-06-09,2025-06-15,全国,全部,782703,21728271,63005,5806159,酒店之家
2025W25,2025,25,2025-06-16,2025-06-22,全国,15-29间,177551,3609567,3514,79753,酒店之家
2025W25,2025,25,2025-06-16,2025-06-22,全国,150间及以上,14917,3563993,6753,1644634,酒店之家
2025W25,2025,25,2025-06-16,2025-06-22,全国,15间以下,388548,2172373,1815,16709,酒店之家
2025W25,2025,25,2025-06-16,2025-06-22,全国,30-69间,140011,6123631,19960,1003669,酒店之家
2025W25,2025,25,2025-06-16,2025-06-22,全国,70-149间,64928,6265191,31065,3071112,酒店之家
2025W25,2025,25,2025-06-16,2025-06-22,全国,全部,785955,21734755,63107,5815877,酒店之家
2025W26,2025,26,2025-06-23,2025-06-29,全国,15-29间,178532,3628662,3535,80240,酒店之家
2025W26,2025,26,2025-06-23,2025-06-29,全国,150间及以上,14934,3567838,6766,1647446,酒店之家
2025W26,2025,26,2025-06-23,2025-06-29,全国,15间以下,390623,2187256,1827,16838,酒店之家
2025W26,2025,26,2025-06-23,2025-06-29,全国,30-69间,140510,6144280,19992,1005583,酒店之家
2025W26,2025,26,2025-06-23,2025-06-29,全国,70-149间,65133,6284507,31185,3082544,酒店之家
2025W26,2025,26,2025-06-23,2025-06-29,全国,全部,789732,21812543,63305,5832651,酒店之家
2025W27,2025,27,2025-06-30,2025-07-06,全国,15-29间,178907,3636127,3537,80304,酒店之家
2025W27,2025,27,2025-06-30,2025-07-06,全国,150间及以上,14960,3573310,6780,1650057,酒店之家
2025W27,2025,27,2025-06-30,2025-07-06,全国,15间以下,393107,2193744,1830,16902,酒店之家
2025W27,2025,27,2025-06-30,2025-07-06,全国,30-69间,140841,6158792,20004,1006412,酒店之家
2025W27,2025,27,2025-06-30,2025-07-06,全国,70-149间,65331,6304541,31298,3094255,酒店之家
2025W27,2025,27,2025-06-30,2025-07-06,全国,全部,793146,21866514,63449,5847930,酒店之家
2025W28,2025,28,2025-07-07,2025-07-13,全国,15-29间,179516,3648419,3556,80678,酒店之家
2025W28,2025,28,2025-07-07,2025-07-13,全国,150间及以上,14969,3572077,6783,1650763,酒店之家
2025W28,2025,28,2025-07-07,2025-07-13,全国,15间以下,399020,2212551,1829,16854,酒店之家
2025W28,2025,28,2025-07-07,2025-07-13,全国,30-69间,141176,6172955,20047,1008605,酒店之家
2025W28,2025,28,2025-07-07,2025-07-13,全国,70-149间,65505,6321484,31371,3101960,酒店之家
2025W28,2025,28,2025-07-07,2025-07-13,全国,全部,800186,21927486,63586,5858860,酒店之家
2025W29,2025,29,2025-07-14,2025-07-20,全国,15-29间,180557,3668959,3576,81086,酒店之家
2025W29,2025,29,2025-07-14,2025-07-20,全国,150间及以上,14993,3577157,6801,1654153,酒店之家
2025W29,2025,29,2025-07-14,2025-07-20,全国,15间以下,403068,2231867,1833,16878,酒店之家
2025W29,2025,29,2025-07-14,2025-07-20,全国,30-69间,141768,6198711,20097,1011032,酒店之家
2025W29,2025,29,2025-07-14,2025-07-20,全国,70-149间,65666,6336452,31495,3114242,酒店之家
2025W29,2025,29,2025-07-14,2025-07-20,全国,全部,806052,22013146,63802,5877391,酒店之家
2025W30,2025,30,2025-07-21,2025-07-27,全国,15-29间,181106,3680143,3586,81373,酒店之家
2025W30,2025,30,2025-07-21,2025-07-27,全国,150间及以上,14984,3575286,6809,1654947,酒店之家
2025W30,2025,30,2025-07-21,2025-07-27,全国,15间以下,405219,2242949,1845,16987,酒店之家
2025W30,2025,30,2025-07-21,2025-07-27,全国,30-69间,142041,6211027,20157,1014150,酒店之家
2025W30,2025,30,2025-07-21,2025-07-27,全国,70-149间,65765,6346508,31589,3123894,酒店之家
2025W30,2025,30,2025-07-21,2025-07-27,全国,全部,809115,22055913,63986,5891351,酒店之家
2025W31,2025,31,2025-07-28,2025-08-03,全国,15-29间,181631,3690291,3596,81579,酒店之家
2025W31,2025,31,2025-07-28,2025-08-03,全国,150间及以上,15005,3579423,6820,1656451,酒店之家
2025W31,2025,31,2025-07-28,2025-08-03,全国,15间以下,410443,2254237,1854,16998,酒店之家
2025W31,2025,31,2025-07-28,2025-08-03,全国,30-69间,142413,6225962,20196,1016052,酒店之家
2025W31,2025,31,2025-07-28,2025-08-03,全国,70-149间,65877,6357656,31655,3130246,酒店之家
2025W31,2025,31,2025-07-28,2025-08-03,全国,全部,815369,22107569,64121,5901326,酒店之家
2025W32,2025,32,2025-08-04,2025-08-10,全国,15-29间,182303,3703411,3605,81778,酒店之家
2025W32,2025,32,2025-08-04,2025-08-10,全国,150间及以上,15021,3581805,6831,1659216,酒店之家
2025W32,2025,32,2025-08-04,2025-08-10,全国,15间以下,412927,2264384,1859,17044,酒店之家
2025W32,2025,32,2025-08-04,2025-08-10,全国,30-69间,142739,6238743,20237,1018038,酒店之家
2025W32,2025,32,2025-08-04,2025-08-10,全国,70-149间,65992,6367523,31744,3139079,酒店之家
2025W32,2025,32,2025-08-04,2025-08-10,全国,全部,818982,22155866,64276,5915155,酒店之家
2025W33,2025,33,2025-08-11,2025-08-17,全国,15-29间,182418,3705355,3609,81838,酒店之家
2025W33,2025,33,2025-08-11,2025-08-17,全国,150间及以上,15036,3584644,6838,1660153,酒店之家
2025W33,2025,33,2025-08-11,2025-08-17,全国,15间以下,412156,2266167,1861,17068,酒店之家
2025W33,2025,33,2025-08-11,2025-08-17,全国,30-69间,142739,6239486,20266,1019545,酒店之家
2025W33,2025,33,2025-08-11,2025-08-17,全国,70-149间,66036,6372753,31829,3147561,酒店之家
2025W33,2025,33,2025-08-11,2025-08-17,全国,全部,818385,22168405,64403,5926165,酒店之家
2025W34,2025,34,2025-08-18,2025-08-24,全国,15-29间,182679,3710495,3630,82358,酒店之家
2025W34,2025,34,2025-08-18,2025-08-24,全国,150间及以上,15032,3585107,6839,1663676,酒店之家
2025W34,2025,34,2025-08-18,2025-08-24,全国,15间以下,414809,2274004,1863,17112,酒店之家
2025W34,2025,34,2025-08-18,2025-08-24,全国,30-69间,142864,6244525,20306,1021350,酒店之家
2025W34,2025,34,2025-08-18,2025-08-24,全国,70-149间,66073,6376311,31866,3151703,酒店之家
2025W34,2025,34,2025-08-18,2025-08-24,全国,全部,821457,22190442,64504,5936199,酒店之家
2025W35,2025,35,2025-08-25,2025-08-31,全国,15-29间,182917,3715197,3635,82525,酒店之家
2025W35,2025,35,2025-08-25,2025-08-31,全国,150间及以上,15023,3581812,6844,1664368,酒店之家
2025W35,2025,35,2025-08-25,2025-08-31,全国,15间以下,417281,2279268,1872,17185,酒店之家
2025W35,2025,35,2025-08-25,2025-08-31,全国,30-69间,142983,6250634,20326,1022426,酒店之家
2025W35,2025,35,2025-08-25,2025-08-31,全国,70-149间,66041,6373052,31878,3152861,酒店之家
2025W35,2025,35,2025-08-25,2025-08-31,全国,全部,824245,22199963,64555,5939365,酒店之家
2025W36,2025,36,2025-09-01,2025-09-07,全国,15-29间,183018,3717268,3639,82628,酒店之家
2025W36,2025,36,2025-09-01,2025-09-07,全国,150间及以上,15030,3583612,6854,1673908,酒店之家
2025W36,2025,36,2025-09-01,2025-09-07,全国,15间以下,416565,2277238,1866,17141,酒店之家
2025W36,2025,36,2025-09-01,2025-09-07,全国,30-69间,143073,6254226,20339,1023049,酒店之家
2025W36,2025,36,2025-09-01,2025-09-07,全国,70-149间,66055,6374454,31892,3154313,酒店之家
2025W36,2025,36,2025-09-01,2025-09-07,全国,全部,823741,22206798,64590,5951039,酒店之家
2025W37,2025,37,2025-09-08,2025-09-14,全国,15-29间,183288,3722635,3647,82807,酒店之家
2025W37,2025,37,2025-09-08,2025-09-14,全国,150间及以上,15045,3586963,6861,1674707,酒店之家
2025W37,2025,37,2025-09-08,2025-09-14,全国,15间以下,419123,2285924,1868,17176,酒店之家
2025W37,2025,37,2025-09-08,2025-09-14,全国,30-69间,143257,6261810,20341,1023114,酒店之家
2025W37,2025,37,2025-09-08,2025-09-14,全国,70-149间,66158,6384400,31953,3160042,酒店之家
2025W37,2025,37,2025-09-08,2025-09-14,全国,全部,826871,22241732,64670,5957846,酒店之家
2025W38,2025,38,2025-09-15,2025-09-21,全国,15-29间,183290,3722387,3639,82664,酒店之家
2025W38,2025,38,2025-09-15,2025-09-21,全国,150间及以上,15055,3590186,6870,1676261,酒店之家
2025W38,2025,38,2025-09-15,2025-09-21,全国,15间以下,420883,2291049,1878,17294,酒店之家
2025W38,2025,38,2025-09-15,2025-09-21,全国,30-69间,143047,6251811,20352,1023928,酒店之家
2025W38,2025,38,2025-09-15,2025-09-21,全国,70-149间,66167,6386114,31988,3163802,酒店之家
2025W38,2025,38,2025-09-15,2025-09-21,全国,全部,828442,22241547,64727,5963949,酒店之家
2025W39,2025,39,2025-09-22,2025-09-28,全国,15-29间,183821,3733239,3681,83603,酒店之家
2025W39,2025,39,2025-09-22,2025-09-28,全国,150间及以上,15091,3598981,6890,1681152,酒店之家
2025W39,2025,39,2025-09-22,2025-09-28,全国,15间以下,425394,2306157,1905,17561,酒店之家
2025W39,2025,39,2025-09-22,2025-09-28,全国,30-69间,143425,6268562,20515,1031356,酒店之家
2025W39,2025,39,2025-09-22,2025-09-28,全国,70-149间,66407,6408756,32133,3178050,酒店之家
2025W39,2025,39,2025-09-22,2025-09-28,全国,全部,834138,22315695,65124,5991722,酒店之家
2025W40,2025,40,2025-09-29,2025-10-05,全国,15-29间,184268,3742272,3701,84001,酒店之家
2025W40,2025,40,2025-09-29,2025-10-05,全国,150间及以上,15117,3604038,6923,1687411,酒店之家
2025W40,2025,40,2025-09-29,2025-10-05,全国,15间以下,431378,2321442,1916,17661,酒店之家
2025W40,2025,40,2025-09-29,2025-10-05,全国,30-69间,143747,6283035,20609,1036761,酒店之家
2025W40,2025,40,2025-09-29,2025-10-05,全国,70-149间,66597,6426398,32348,3198621,酒店之家
2025W40,2025,40,2025-09-29,2025-10-05,全国,全部,841107,22377185,65497,6024455,酒店之家
2025W41,2025,41,2025-10-06,2025-10-12,全国,15-29间,182239,3701812,3679,83586,酒店之家
2025W41,2025,41,2025-10-06,2025-10-12,全国,150间及以上,15023,3583373,6915,1686255,酒店之家
2025W41,2025,41,2025-10-06,2025-10-12,全国,15间以下,428412,2287199,1897,17489,酒店之家
2025W41,2025,41,2025-10-06,2025-10-12,全国,30-69间,142587,6232792,20585,1035526,酒店之家
2025W41,2025,41,2025-10-06,2025-10-12,全国,70-149间,66229,6391415,32329,3197025,酒店之家
2025W41,2025,41,2025-10-06,2025-10-12,全国,全部,834490,22196591,65405,6019881,酒店之家
2025W42,2025,42,2025-10-13,2025-10-19,全国,15-29间,181799,3692820,3682,83581,酒店之家
2025W42,2025,42,2025-10-13,2025-10-19,全国,150间及以上,14987,3575340,6913,1685176,酒店之家
2025W42,2025,42,2025-10-13,2025-10-19,全国,15间以下,427342,2281933,1891,17433,酒店之家
2025W42,2025,42,2025-10-13,2025-10-19,全国,30-69间,142265,6218438,20564,1034351,酒店之家
2025W42,2025,42,2025-10-13,2025-10-19,全国,70-149间,66153,6383239,32327,3196938,酒店之家
2025W42,2025,42,2025-10-13,2025-10-19,全国,全部,832546,22151770,65377,6017479,酒店之家
2025W43,2025,43,2025-10-20,2025-10-26,全国,15-29间,181597,3688713,3671,83390,酒店之家
2025W43,2025,43,2025-10-20,2025-10-26,全国,150间及以上,14972,3571370,6915,1685434,酒店之家
2025W43,2025,43,2025-10-20,2025-10-26,全国,15间以下,425518,2278383,1890,17392,酒店之家
2025W43,2025,43,2025-10-20,2025-10-26,全国,30-69间,142059,6208787,20567,1034588,酒店之家
2025W43,2025,43,2025-10-20,2025-10-26,全国,70-149间,66051,6373851,32339,3198552,酒店之家
2025W43,2025,43,2025-10-20,2025-10-26,全国,全部,830197,22121104,65382,6019356,酒店之家
2025W44,2025,44,2025-10-27,2025-11-02,全国,15-29间,180739,3671650,3663,83176,酒店之家
2025W44,2025,44,2025-10-27,2025-11-02,全国,150间及以上,14947,3566025,6914,1685769,酒店之家
2025W44,2025,44,2025-10-27,2025-11-02,全国,15间以下,424032,2260104,1885,17347,酒店之家
2025W44,2025,44,2025-10-27,2025-11-02,全国,30-69间,141544,6185868,20519,1032345,酒店之家
2025W44,2025,44,2025-10-27,2025-11-02,全国,70-149间,65861,6356477,32331,3198241,酒店之家
2025W44,2025,44,2025-10-27,2025-11-02,全国,全部,827123,22040124,65312,6016878,酒店之家
2025W45,2025,45,2025-11-03,2025-11-09,全国,15-29间,180680,3670732,3662,83256,酒店之家
2025W45,2025,45,2025-11-03,2025-11-09,全国,150间及以上,14943,3564725,6916,1685625,酒店之家
2025W45,2025,45,2025-11-03,2025-11-09,全国,15间以下,423761,2260051,1865,17181,酒店之家
2025W45,2025,45,2025-11-03,2025-11-09,全国,30-69间,141549,6184762,20500,1031688,酒店之家
2025W45,2025,45,2025-11-03,2025-11-09,全国,70-149间,65832,6353105,32308,3195963,酒店之家
2025W45,2025,45,2025-11-03,2025-11-09,全国,全部,826765,22033375,65251,6013713,酒店之家
2025W46,2025,46,2025-11-10,2025-11-16,全国,15-29间,180975,3676618,3675,83469,酒店之家
2025W46,2025,46,2025-11-10,2025-11-16,全国,150间及以上,14956,3568853,6924,1687453,酒店之家
2025W46,2025,46,2025-11-10,2025-11-16,全国,15间以下,424302,2264966,1866,17175,酒店之家
2025W46,2025,46,2025-11-10,2025-11-16,全国,30-69间,141588,6185549,20473,1030187,酒店之家
2025W46,2025,46,2025-11-10,2025-11-16,全国,70-149间,65777,6348052,32314,3197043,酒店之家
2025W46,2025,46,2025-11-10,2025-11-16,全国,全部,827598,22044038,65252,6015327,酒店之家
2025W47,2025,47,2025-11-17,2025-11-23,全国,15-29间,181250,3681990,3689,83754,酒店之家
2025W47,2025,47,2025-11-17,2025-11-23,全国,150间及以上,14962,3569245,6928,1688329,酒店之家
2025W47,2025,47,2025-11-17,2025-11-23,全国,15间以下,423337,2268559,1873,17223,酒店之家
2025W47,2025,47,2025-11-17,2025-11-23,全国,30-69间,141622,6186935,20488,1031205,酒店之家
2025W47,2025,47,2025-11-17,2025-11-23,全国,70-149间,65708,6340981,32311,3197077,酒店之家
2025W47,2025,47,2025-11-17,2025-11-23,全国,全部,826879,22047710,65289,6017588,酒店之家
2025W48,2025,48,2025-11-24,2025-11-30,全国,15-29间,181173,3680579,3688,83728,酒店之家
2025W48,2025,48,2025-11-24,2025-11-30,全国,150间及以上,14934,3565553,6928,1689655,酒店之家
2025W48,2025,48,2025-11-24,2025-11-30,全国,15间以下,422877,2269101,1876,17271,酒店之家
2025W48,2025,48,2025-11-24,2025-11-30,全国,30-69间,141494,6181058,20495,1031573,酒店之家
2025W48,2025,48,2025-11-24,2025-11-30,全国,70-149间,65633,6333231,32287,3194489,酒店之家
2025W48,2025,48,2025-11-24,2025-11-30,全国,全部,826111,22029522,65274,6016716,酒店之家
2025W49,2025,49,2025-12-01,2025-12-07,全国,15-29间,181317,3682939,3687,83655,酒店之家
2025W49,2025,49,2025-12-01,2025-12-07,全国,150间及以上,14932,3565665,6932,1690862,酒店之家
2025W49,2025,49,2025-12-01,2025-12-07,全国,15间以下,423602,2270323,1888,17391,酒店之家
2025W49,2025,49,2025-12-01,2025-12-07,全国,30-69间,141608,6185005,20478,1030832,酒店之家
2025W49,2025,49,2025-12-01,2025-12-07,全国,70-149间,65616,6331217,32267,3191955,酒店之家
2025W49,2025,49,2025-12-01,2025-12-07,全国,全部,827075,22035149,65252,6014695,酒店之家
2025W50,2025,50,2025-12-08,2025-12-14,全国,15-29间,181766,3691958,3681,83465,酒店之家
2025W50,2025,50,2025-12-08,2025-12-14,全国,150间及以上,14933,3566560,6938,1693325,酒店之家
2025W50,2025,50,2025-12-08,2025-12-14,全国,15间以下,427134,2277885,1887,17381,酒店之家
2025W50,2025,50,2025-12-08,2025-12-14,全国,30-69间,141824,6194536,20493,1031536,酒店之家
2025W50,2025,50,2025-12-08,2025-12-14,全国,70-149间,65677,6336212,32288,3193902,酒店之家
2025W50,2025,50,2025-12-08,2025-12-14,全国,全部,831334,22067151,65287,6019609,酒店之家
2025W51,2025,51,2025-12-15,2025-12-21,全国,15-29间,182125,3698940,3690,83624,酒店之家
2025W51,2025,51,2025-12-15,2025-12-21,全国,150间及以上,14941,3572112,6941,1693594,酒店之家
2025W51,2025,51,2025-12-15,2025-12-21,全国,15间以下,432578,2290363,1884,17344,酒店之家
2025W51,2025,51,2025-12-15,2025-12-21,全国,30-69间,142043,6203022,20506,1032218,酒店之家
2025W51,2025,51,2025-12-15,2025-12-21,全国,70-149间,65671,6335038,32292,3194302,酒店之家
2025W51,2025,51,2025-12-15,2025-12-21,全国,全部,837358,22099475,65313,6021082,酒店之家
2025W52,2025,52,2025-12-22,2025-12-28,全国,15-29间,182348,3703420,3696,83761,酒店之家
2025W52,2025,52,2025-12-22,2025-12-28,全国,150间及以上,14945,3569298,6945,1695393,酒店之家
2025W52,2025,52,2025-12-22,2025-12-28,全国,15间以下,435549,2297079,1887,17367,酒店之家
2025W52,2025,52,2025-12-22,2025-12-28,全国,30-69间,142165,6206914,20516,1032369,酒店之家
2025W52,2025,52,2025-12-22,2025-12-28,全国,70-149间,65682,6336685,32298,3195461,酒店之家
2025W52,2025,52,2025-12-22,2025-12-28,全国,全部,840689,22113396,65342,6024351,酒店之家
2026W01,2026,1,2025-12-29,2026-01-04,全国,15-29间,181779,3692674,3712,84146,酒店之家
2026W01,2026,1,2025-12-29,2026-01-04,全国,150间及以上,14935,3569533,6957,1699503,酒店之家
2026W01,2026,1,2025-12-29,2026-01-04,全国,15间以下,435900,2287115,1876,17245,酒店之家
2026W01,2026,1,2025-12-29,2026-01-04,全国,30-69间,141995,6199173,20521,1032471,酒店之家
2026W01,2026,1,2025-12-29,2026-01-04,全国,70-149间,65614,6328480,32356,3200763,酒店之家
2026W01,2026,1,2025-12-29,2026-01-04,全国,全部,840223,22076975,65422,6034128,酒店之家
2026W02,2026,2,2026-01-05,2026-01-11,全国,15-29间,182209,3701211,3711,84097,酒店之家
2026W02,2026,2,2026-01-05,2026-01-11,全国,150间及以上,14945,3568984,6968,1699392,酒店之家
2026W02,2026,2,2026-01-05,2026-01-11,全国,15间以下,441491,2301341,1885,17338,酒店之家
2026W02,2026,2,2026-01-05,2026-01-11,全国,30-69间,142258,6210181,20555,1034459,酒店之家
2026W02,2026,2,2026-01-05,2026-01-11,全国,70-149间,65690,6336065,32399,3205102,酒店之家
2026W02,2026,2,2026-01-05,2026-01-11,全国,全部,846593,22117782,65518,6040388,酒店之家
2026W03,2026,3,2026-01-12,2026-01-18,全国,15-29间,182417,3705406,3727,84403,酒店之家
2026W03,2026,3,2026-01-12,2026-01-18,全国,150间及以上,14952,3571761,6973,1700910,酒店之家
2026W03,2026,3,2026-01-12,2026-01-18,全国,15间以下,445059,2307176,1882,17311,酒店之家
2026W03,2026,3,2026-01-12,2026-01-18,全国,30-69间,142273,6211542,20543,1033371,酒店之家
2026W03,2026,3,2026-01-12,2026-01-18,全国,70-149间,65752,6342650,32412,3206697,酒店之家
2026W03,2026,3,2026-01-12,2026-01-18,全国,全部,850453,22138535,65537,6042692,酒店之家
2026W04,2026,4,2026-01-19,2026-01-25,全国,15-29间,182728,3711349,3762,85251,酒店之家
2026W04,2026,4,2026-01-19,2026-01-25,全国,150间及以上,14944,3569622,6974,1701668,酒店之家
2026W04,2026,4,2026-01-19,2026-01-25,全国,15间以下,449544,2316875,1889,17388,酒店之家
2026W04,2026,4,2026-01-19,2026-01-25,全国,30-69间,142498,6219867,20571,1034351,酒店之家
2026W04,2026,4,2026-01-19,2026-01-25,全国,70-149间,65794,6347065,32455,3210755,酒店之家
2026W04,2026,4,2026-01-19,2026-01-25,全国,全部,855508,22164778,65651,6049413,酒店之家
2026W05,2026,5,2026-01-26,2026-02-01,全国,15-29间,182637,3709858,3765,85320,酒店之家
2026W05,2026,5,2026-01-26,2026-02-01,全国,150间及以上,14943,3569111,6987,1704138,酒店之家
2026W05,2026,5,2026-01-26,2026-02-01,全国,15间以下,451375,2316915,1894,17426,酒店之家
2026W05,2026,5,2026-01-26,2026-02-01,全国,30-69间,142524,6221991,20578,1035201,酒店之家
2026W05,2026,5,2026-01-26,2026-02-01,全国,70-149间,65830,6350666,32508,3216270,酒店之家
2026W05,2026,5,2026-01-26,2026-02-01,全国,全部,857309,22168541,65732,6058355,酒店之家
2026W06,2026,6,2026-02-02,2026-02-08,全国,15-29间,182802,3713522,3771,85515,酒店之家
2026W06,2026,6,2026-02-02,2026-02-08,全国,150间及以上,14963,3572418,6997,1706490,酒店之家
2026W06,2026,6,2026-02-02,2026-02-08,全国,15间以下,460900,2332393,1904,17517,酒店之家
2026W06,2026,6,2026-02-02,2026-02-08,全国,30-69间,142800,6234612,20661,1039224,酒店之家
2026W06,2026,6,2026-02-02,2026-02-08,全国,70-149间,65968,6364169,32614,3227011,酒店之家
2026W06,2026,6,2026-02-02,2026-02-08,全国,全部,867433,22217114,65947,6075757,酒店之家
2026W07,2026,7,2026-02-09,2026-02-15,全国,15-29间,183292,3723007,3791,85969,酒店之家
2026W07,2026,7,2026-02-09,2026-02-15,全国,150间及以上,15017,3583769,7027,1712806,酒店之家
2026W07,2026,7,2026-02-09,2026-02-15,全国,15间以下,467834,2348533,1919,17671,酒店之家
2026W07,2026,7,2026-02-09,2026-02-15,全国,30-69间,143243,6255603,20786,1045541,酒店之家
2026W07,2026,7,2026-02-09,2026-02-15,全国,70-149间,66286,6394608,32866,3251960,酒店之家
2026W07,2026,7,2026-02-09,2026-02-15,全国,全部,875672,22305520,66389,6113947,酒店之家
2026W08,2026,8,2026-02-16,2026-02-22,全国,15-29间,183280,3722938,3789,85924,酒店之家
2026W08,2026,8,2026-02-16,2026-02-22,全国,150间及以上,14997,3577329,7029,1712778,酒店之家
2026W08,2026,8,2026-02-16,2026-02-22,全国,15间以下,470245,2352325,1918,17659,酒店之家
2026W08,2026,8,2026-02-16,2026-02-22,全国,30-69间,143266,6257033,20800,1046378,酒店之家
2026W08,2026,8,2026-02-16,2026-02-22,全国,70-149间,66331,6398607,32916,3256748,酒店之家
2026W08,2026,8,2026-02-16,2026-02-22,全国,全部,878119,22308232,66452,6119487,酒店之家
2026W09,2026,9,2026-02-23,2026-03-01,全国,15-29间,182702,3711813,3773,85654,酒店之家
2026W09,2026,9,2026-02-23,2026-03-01,全国,150间及以上,14971,3572666,7020,1709943,酒店之家
2026W09,2026,9,2026-02-23,2026-03-01,全国,15间以下,471690,2344584,1907,17544,酒店之家
2026W09,2026,9,2026-02-23,2026-03-01,全国,30-69间,143194,6254351,20818,1047140,酒店之家
2026W09,2026,9,2026-02-23,2026-03-01,全国,70-149间,66320,6396791,32922,3256875,酒店之家
2026W09,2026,9,2026-02-23,2026-03-01,全国,全部,878877,22280205,66440,6117156,酒店之家
2026W10,2026,10,2026-03-02,2026-03-08,全国,15-29间,183560,3729228,3797,86219,酒店之家
2026W10,2026,10,2026-03-02,2026-03-08,全国,150间及以上,14980,3575490,7022,1709999,酒店之家
2026W10,2026,10,2026-03-02,2026-03-08,全国,15间以下,472708,2357699,1918,17644,酒店之家
2026W10,2026,10,2026-03-02,2026-03-08,全国,30-69间,143665,6274619,20835,1047952,酒店之家
2026W10,2026,10,2026-03-02,2026-03-08,全国,70-149间,66402,6403684,32937,3258022,酒店之家
2026W10,2026,10,2026-03-02,2026-03-08,全国,全部,881315,22340720,66509,6119836,酒店之家
2026W11,2026,11,2026-03-09,2026-03-15,全国,15-29间,183923,3736745,3791,86097,酒店之家
2026W11,2026,11,2026-03-09,2026-03-15,全国,150间及以上,15007,3580843,7030,1711317,酒店之家
2026W11,2026,11,2026-03-09,2026-03-15,全国,15间以下,478229,2371326,1923,17684,酒店之家
2026W11,2026,11,2026-03-09,2026-03-15,全国,30-69间,143877,6283759,20861,1049104,酒店之家
2026W11,2026,11,2026-03-09,2026-03-15,全国,70-149间,66491,6412539,32954,3259694,酒店之家
2026W11,2026,11,2026-03-09,2026-03-15,全国,全部,887527,22385212,66559,6123896,酒店之家
2026W12,2026,12,2026-03-16,2026-03-22,全国,15-29间,184483,3748470,3842,87212,酒店之家
2026W12,2026,12,2026-03-16,2026-03-22,全国,150间及以上,15040,3586784,7040,1713270,酒店之家
2026W12,2026,12,2026-03-16,2026-03-22,全国,15间以下,482876,2384837,1925,17711,酒店之家
2026W12,2026,12,2026-03-16,2026-03-22,全国,30-69间,144214,6297022,20882,1049905,酒店之家
2026W12,2026,12,2026-03-16,2026-03-22,全国,70-149间,66604,6424257,32977,3262581,酒店之家
2026W12,2026,12,2026-03-16,2026-03-22,全国,全部,893217,22441370,66666,6130679,酒店之家
2026W13,2026,13,2026-03-23,2026-03-29,全国,15-29间,185566,3769653,3851,87390,酒店之家
2026W13,2026,13,2026-03-23,2026-03-29,全国,150间及以上,15080,3595793,7046,1715141,酒店之家
2026W13,2026,13,2026-03-23,2026-03-29,全国,15间以下,487735,2405483,1937,17831,酒店之家
2026W13,2026,13,2026-03-23,2026-03-29,全国,30-69间,144795,6322306,20887,1050344,酒店之家
2026W13,2026,13,2026-03-23,2026-03-29,全国,70-149间,66803,6443709,33015,3266737,酒店之家
2026W13,2026,13,2026-03-23,2026-03-29,全国,全部,899979,22536944,66736,6137443,酒店之家
2026W14,2026,14,2026-03-30,2026-04-05,全国,15-29间,185986,3778379,3874,87945,酒店之家
2026W14,2026,14,2026-03-30,2026-04-05,全国,150间及以上,15137,3604814,7071,1718428,酒店之家
2026W14,2026,14,2026-03-30,2026-04-05,全国,15间以下,491600,2416926,1947,17936,酒店之家
2026W14,2026,14,2026-03-30,2026-04-05,全国,30-69间,145184,6339631,20945,1053665,酒店之家
2026W14,2026,14,2026-03-30,2026-04-05,全国,70-149间,66891,6452070,33072,3271949,酒店之家
2026W14,2026,14,2026-03-30,2026-04-05,全国,全部,904798,22591820,66909,6149923,酒店之家
2026W15,2026,15,2026-04-06,2026-04-12,全国,15-29间,186349,3785792,3885,88178,酒店之家
2026W15,2026,15,2026-04-06,2026-04-12,全国,150间及以上,15154,3608331,7068,1716722,酒店之家
2026W15,2026,15,2026-04-06,2026-04-12,全国,15间以下,497682,2429320,1948,17960,酒店之家
2026W15,2026,15,2026-04-06,2026-04-12,全国,30-69间,145555,6355160,20972,1054592,酒店之家
2026W15,2026,15,2026-04-06,2026-04-12,全国,70-149间,66965,6459086,33087,3273160,酒店之家
2026W15,2026,15,2026-04-06,2026-04-12,全国,全部,911705,22637689,66960,6150612,酒店之家
2026W16,2026,16,2026-04-13,2026-04-19,全国,15-29间,187189,3802543,3933,89267,酒店之家
2026W16,2026,16,2026-04-13,2026-04-19,全国,150间及以上,15172,3610675,7076,1717525,酒店之家
2026W16,2026,16,2026-04-13,2026-04-19,全国,15间以下,508263,2454517,1947,17959,酒店之家
2026W16,2026,16,2026-04-13,2026-04-19,全国,30-69间,146065,6377504,21152,1063773,酒店之家
2026W16,2026,16,2026-04-13,2026-04-19,全国,70-149间,67097,6471379,33133,3277089,酒店之家
2026W16,2026,16,2026-04-13,2026-04-19,全国,全部,923786,22716618,67241,6165613,酒店之家
2026W17,2026,17,2026-04-20,2026-04-26,上海,15-29间,1928,39993,135,3141,酒店之家
2026W17,2026,17,2026-04-20,2026-04-26,上海,150间及以上,726,182764,578,145985,酒店之家
2026W17,2026,17,2026-04-20,2026-04-26,上海,15间以下,7691,29375,63,518,酒店之家
2026W17,2026,17,2026-04-20,2026-04-26,上海,30-69间,2343,105479,768,38056,酒店之家
2026W17,2026,17,2026-04-20,2026-04-26,上海,70-149间,1879,188563,1351,138688,酒店之家
2026W17,2026,17,2026-04-20,2026-04-26,上海,全部,14567,546174,2895,326388,酒店之家
2026W17,2026,17,2026-04-20,2026-04-26,东莞,15-29间,1593,32167,5,125,酒店之家
2026W17,2026,17,2026-04-20,2026-04-26,东莞,150间及以上,146,37384,45,8793,酒店之家
2026W17,2026,17,2026-04-20,2026-04-26,东莞,15间以下,1854,12344,1,10,酒店之家
2026W17,2026,17,2026-04-20,2026-04-26,东莞,30-69间,1730,76344,75,3829,酒店之家
2026W17,2026,17,2026-04-20,2026-04-26,东莞,70-149间,731,70193,247,25800,酒店之家
2026W17,2026,17,2026-04-20,2026-04-26,东莞,全部,6054,228432,373,38557,酒店之家
2026W17,2026,17,2026-04-20,2026-04-26,佛山,15-29间,1304,26344,20,439,酒店之家
2026W17,2026,17,2026-04-20,2026-04-26,佛山,150间及以上,127,28666,82,18710,酒店之家
2026W17,2026,17,2026-04-20,2026-04-26,佛山,15间以下,3025,14966,4,47,酒店之家
2026W17,2026,17,2026-04-20,2026-04-26,佛山,30-69间,1264,54329,67,3466,酒店之家
2026W17,2026,17,2026-04-20,2026-04-26,佛山,70-149间,561,55874,241,26148,酒店之家
2026W17,2026,17,2026-04-20,2026-04-26,佛山,全部,6281,180179,414,48810,酒店之家
2026W17,2026,17,2026-04-20,2026-04-26,全国,15-29间,187614,3811630,3935,89315,酒店之家
2026W17,2026,17,2026-04-20,2026-04-26,全国,150间及以上,15194,3616415,7094,1724847,酒店之家
2026W17,2026,17,2026-04-20,2026-04-26,全国,15间以下,514058,2467338,1960,18093,酒店之家
2026W17,2026,17,2026-04-20,2026-04-26,全国,30-69间,146439,6394717,21193,1065499,酒店之家
2026W17,2026,17,2026-04-20,2026-04-26,全国,70-149间,67361,6496096,33207,3284544,酒店之家
2026W17,2026,17,2026-04-20,2026-04-26,全国,全部,930666,22786196,67389,6182298,酒店之家
2026W17,2026,17,2026-04-20,2026-04-26,北京,15-29间,1854,38023,142,3234,酒店之家
2026W17,2026,17,2026-04-20,2026-04-26,北京,150间及以上,653,173531,373,96779,酒店之家
2026W17,2026,17,2026-04-20,2026-04-26,北京,15间以下,11031,43474,100,804,酒店之家
2026W17,2026,17,2026-04-20,2026-04-26,北京,30-69间,2484,114999,872,44749,酒店之家
2026W17,2026,17,2026-04-20,2026-04-26,北京,70-149间,2174,215905,1523,153097,酒店之家
2026W17,2026,17,2026-04-20,2026-04-26,北京,全部,18196,585932,3010,298663,酒店之家
2026W17,2026,17,2026-04-20,2026-04-26,南京,15-29间,1537,31587,88,2080,酒店之家
2026W17,2026,17,2026-04-20,2026-04-26,南京,150间及以上,249,59419,161,38070,酒店之家
2026W17,2026,17,2026-04-20,2026-04-26,南京,15间以下,4555,18401,18,183,酒店之家
2026W17,2026,17,2026-04-20,2026-04-26,南京,30-69间,1602,69812,496,24265,酒店之家
2026W17,2026,17,2026-04-20,2026-04-26,南京,70-149间,823,81726,600,60590,酒店之家
2026W17,2026,17,2026-04-20,2026-04-26,南京,全部,8766,260945,1363,125188,酒店之家
2026W17,2026,17,2026-04-20,2026-04-26,合肥,15-29间,1381,27874,76,1755,酒店之家
2026W17,2026,17,2026-04-20,2026-04-26,合肥,150间及以上,136,36081,75,19757,酒店之家
2026W17,2026,17,2026-04-20,2026-04-26,合肥,15间以下,2220,13760,9,95,酒店之家
2026W17,2026,17,2026-04-20,2026-04-26,合肥,30-69间,1072,46938,297,14643,酒店之家
2026W17,2026,17,2026-04-20,2026-04-26,合肥,70-149间,655,62719,452,43847,酒店之家
2026W17,2026,17,2026-04-20,2026-04-26,合肥,全部,5464,187372,909,80097,酒店之家
2026W17,2026,17,2026-04-20,2026-04-26,天津,15-29间,1105,22443,43,995,酒店之家
2026W17,2026,17,2026-04-20,2026-04-26,天津,150间及以上,138,30680,96,20705,酒店之家
2026W17,2026,17,2026-04-20,2026-04-26,天津,15间以下,6478,24995,5,46,酒店之家
2026W17,2026,17,2026-04-20,2026-04-26,天津,30-69间,917,40735,250,12519,酒店之家
2026W17,2026,17,2026-04-20,2026-04-26,天津,70-149间,778,75378,557,54605,酒店之家
2026W17,2026,17,2026-04-20,2026-04-26,天津,全部,9416,194231,951,88870,酒店之家
2026W17,2026,17,2026-04-20,2026-04-26,广州,15-29间,3045,63052,56,1275,酒店之家
2026W17,2026,17,2026-04-20,2026-04-26,广州,150间及以上,425,107053,287,75424,酒店之家
2026W17,2026,17,2026-04-20,2026-04-26,广州,15间以下,6619,27833,18,142,酒店之家
2026W17,2026,17,2026-04-20,2026-04-26,广州,30-69间,3307,143776,301,15210,酒店之家
2026W17,2026,17,2026-04-20,2026-04-26,广州,70-149间,1521,149004,774,79806,酒店之家
2026W17,2026,17,2026-04-20,2026-04-26,广州,全部,14917,490718,1436,171857,酒店之家
2026W17,2026,17,2026-04-20,2026-04-26,成都,15-29间,5019,101834,93,2210,酒店之家
2026W17,2026,17,2026-04-20,2026-04-26,成都,150间及以上,459,109878,263,63591,酒店之家
2026W17,2026,17,2026-04-20,2026-04-26,成都,15间以下,13785,58381,16,156,酒店之家
2026W17,2026,17,2026-04-20,2026-04-26,成都,30-69间,3519,149318,369,18133,酒店之家
2026W17,2026,17,2026-04-20,2026-04-26,成都,70-149间,1514,149898,709,73798,酒店之家
2026W17,2026,17,2026-04-20,2026-04-26,成都,全部,24296,569309,1450,157888,酒店之家
2026W17,2026,17,2026-04-20,2026-04-26,昆明,15-29间,3381,68716,19,424,酒店之家
2026W17,2026,17,2026-04-20,2026-04-26,昆明,150间及以上,191,48590,82,22528,酒店之家
2026W17,2026,17,2026-04-20,2026-04-26,昆明,15间以下,8198,29146,9,74,酒店之家
2026W17,2026,17,2026-04-20,2026-04-26,昆明,30-69间,1684,70876,125,6643,酒店之家
2026W17,2026,17,2026-04-20,2026-04-26,昆明,70-149间,734,72232,341,34763,酒店之家
2026W17,2026,17,2026-04-20,2026-04-26,昆明,全部,14188,289560,576,64432,酒店之家
2026W17,2026,17,2026-04-20,2026-04-26,杭州,15-29间,2224,44993,65,1452,酒店之家
2026W17,2026,17,2026-04-20,2026-04-26,杭州,150间及以上,449,104041,283,65164,酒店之家
2026W17,2026,17,2026-04-20,2026-04-26,杭州,15间以下,8122,41525,66,517,酒店之家
2026W17,2026,17,2026-04-20,2026-04-26,杭州,30-69间,2204,96626,308,15526,酒店之家
2026W17,2026,17,2026-04-20,2026-04-26,杭州,70-149间,1290,131362,774,82195,酒店之家
2026W17,2026,17,2026-04-20,2026-04-26,杭州,全部,14289,418547,1496,164854,酒店之家
2026W17,2026,17,2026-04-20,2026-04-26,武汉,15-29间,2176,43793,50,1155,酒店之家
2026W17,2026,17,2026-04-20,2026-04-26,武汉,150间及以上,237,54827,153,35286,酒店之家
2026W17,2026,17,2026-04-20,2026-04-26,武汉,15间以下,5373,27357,9,79,酒店之家
2026W17,2026,17,2026-04-20,2026-04-26,武汉,30-69间,1633,70924,282,14467,酒店之家
2026W17,2026,17,2026-04-20,2026-04-26,武汉,70-149间,1036,101323,723,72962,酒店之家
2026W17,2026,17,2026-04-20,2026-04-26,武汉,全部,10455,298224,1217,123949,酒店之家
2026W17,2026,17,2026-04-20,2026-04-26,沈阳,15-29间,1186,23310,14,341,酒店之家
2026W17,2026,17,2026-04-20,2026-04-26,沈阳,150间及以上,100,24382,62,15253,酒店之家
2026W17,2026,17,2026-04-20,2026-04-26,沈阳,15间以下,4245,17099,1,12,酒店之家
2026W17,2026,17,2026-04-20,2026-04-26,沈阳,30-69间,554,23539,112,5672,酒店之家
2026W17,2026,17,2026-04-20,2026-04-26,沈阳,70-149间,466,47044,342,35372,酒店之家
2026W17,2026,17,2026-04-20,2026-04-26,沈阳,全部,6551,135374,531,56650,酒店之家
2026W17,2026,17,2026-04-20,2026-04-26,深圳,15-29间,2225,46916,28,608,酒店之家
2026W17,2026,17,2026-04-20,2026-04-26,深圳,150间及以上,434,98053,268,62247,酒店之家
2026W17,2026,17,2026-04-20,2026-04-26,深圳,15间以下,5120,23809,12,117,酒店之家
2026W17,2026,17,2026-04-20,2026-04-26,深圳,30-69间,2566,110400,172,8554,酒店之家
2026W17,2026,17,2026-04-20,2026-04-26,深圳,70-149间,1248,123708,517,55253,酒店之家
2026W17,2026,17,2026-04-20,2026-04-26,深圳,全部,11593,402886,997,126779,酒店之家
2026W17,2026,17,2026-04-20,2026-04-26,苏州,15-29间,1742,35808,108,2445,酒店之家
2026W17,2026,17,2026-04-20,2026-04-26,苏州,150间及以上,271,68167,181,44143,酒店之家
2026W17,2026,17,2026-04-20,2026-04-26,苏州,15间以下,6097,27992,135,1131,酒店之家
2026W17,2026,17,2026-04-20,2026-04-26,苏州,30-69间,1497,66559,411,20224,酒店之家
2026W17,2026,17,2026-04-20,2026-04-26,苏州,70-149间,867,85111,592,59577,酒店之家
2026W17,2026,17,2026-04-20,2026-04-26,苏州,全部,10474,283637,1427,127520,酒店之家
2026W17,2026,17,2026-04-20,2026-04-26,西安,15-29间,3281,65137,89,2041,酒店之家
2026W17,2026,17,2026-04-20,2026-04-26,西安,150间及以上,267,62740,162,37312,酒店之家
2026W17,2026,17,2026-04-20,2026-04-26,西安,15间以下,8056,38530,26,223,酒店之家
2026W17,2026,17,2026-04-20,2026-04-26,西安,30-69间,1991,86596,383,18987,酒店之家
2026W17,2026,17,2026-04-20,2026-04-26,西安,70-149间,1280,127012,775,78747,酒店之家
2026W17,2026,17,2026-04-20,2026-04-26,西安,全部,14875,380015,1435,137310,酒店之家
2026W17,2026,17,2026-04-20,2026-04-26,郑州,15-29间,2283,46887,31,738,酒店之家
2026W17,2026,17,2026-04-20,2026-04-26,郑州,150间及以上,175,39256,75,17188,酒店之家
2026W17,2026,17,2026-04-20,2026-04-26,郑州,15间以下,3121,17038,11,97,酒店之家
2026W17,2026,17,2026-04-20,2026-04-26,郑州,30-69间,1995,83832,188,9659,酒店之家
2026W17,2026,17,2026-04-20,2026-04-26,郑州,70-149间,856,83124,375,38178,酒店之家
2026W17,2026,17,2026-04-20,2026-04-26,郑州,全部,8430,270137,680,65860,酒店之家
2026W17,2026,17,2026-04-20,2026-04-26,重庆,15-29间,5931,121365,90,1975,酒店之家
2026W17,2026,17,2026-04-20,2026-04-26,重庆,150间及以上,327,72564,161,36851,酒店之家
2026W17,2026,17,2026-04-20,2026-04-26,重庆,15间以下,12057,61124,17,184,酒店之家
2026W17,2026,17,2026-04-20,2026-04-26,重庆,30-69间,3598,151047,281,14368,酒店之家
2026W17,2026,17,2026-04-20,2026-04-26,重庆,70-149间,1117,109073,550,56048,酒店之家
2026W17,2026,17,2026-04-20,2026-04-26,重庆,全部,23030,515173,1099,109426,酒店之家
2026W17,2026,17,2026-04-20,2026-04-26,长沙,15-29间,3167,64735,38,893,酒店之家
2026W17,2026,17,2026-04-20,2026-04-26,长沙,150间及以上,223,53053,142,33008,酒店之家
2026W17,2026,17,2026-04-20,2026-04-26,长沙,15间以下,6246,30082,11,97,酒店之家
2026W17,2026,17,2026-04-20,2026-04-26,长沙,30-69间,1992,84341,248,12859,酒店之家
2026W17,2026,17,2026-04-20,2026-04-26,长沙,70-149间,799,79796,484,50295,酒店之家
2026W17,2026,17,2026-04-20,2026-04-26,长沙,全部,12427,312007,923,97152,酒店之家
2026W17,2026,17,2026-04-20,2026-04-26,青岛,15-29间,1819,36775,56,1293,酒店之家
2026W17,2026,17,2026-04-20,2026-04-26,青岛,150间及以上,192,48355,111,28844,酒店之家
2026W17,2026,17,2026-04-20,2026-04-26,青岛,15间以下,9210,29835,23,189,酒店之家
2026W17,2026,17,2026-04-20,2026-04-26,青岛,30-69间,1399,60991,269,13173,酒店之家
2026W17,2026,17,2026-04-20,2026-04-26,青岛,70-149间,784,76799,505,50048,酒店之家
2026W17,2026,17,2026-04-20,2026-04-26,青岛,全部,13404,252755,964,93547,酒店之家
2026W18,2026,18,2026-04-27,2026-05-03,上海,15-29间,1931,40062,135,3141,酒店之家
2026W18,2026,18,2026-04-27,2026-05-03,上海,150间及以上,727,182943,579,146134,酒店之家
2026W18,2026,18,2026-04-27,2026-05-03,上海,15间以下,7708,29342,62,509,酒店之家
2026W18,2026,18,2026-04-27,2026-05-03,上海,30-69间,2346,105687,772,38225,酒店之家
2026W18,2026,18,2026-04-27,2026-05-03,上海,70-149间,1883,189086,1356,139263,酒店之家
2026W18,2026,18,2026-04-27,2026-05-03,上海,全部,14595,547120,2904,327272,酒店之家
2026W18,2026,18,2026-04-27,2026-05-03,东莞,15-29间,1595,32183,5,125,酒店之家
2026W18,2026,18,2026-04-27,2026-05-03,东莞,150间及以上,146,37364,45,8773,酒店之家
2026W18,2026,18,2026-04-27,2026-05-03,东莞,15间以下,1852,12338,1,10,酒店之家
2026W18,2026,18,2026-04-27,2026-05-03,东莞,30-69间,1737,76697,77,3956,酒店之家
2026W18,2026,18,2026-04-27,2026-05-03,东莞,70-149间,731,70150,247,25759,酒店之家
2026W18,2026,18,2026-04-27,2026-05-03,东莞,全部,6061,228732,375,38623,酒店之家
2026W18,2026,18,2026-04-27,2026-05-03,佛山,15-29间,1302,26291,20,439,酒店之家
2026W18,2026,18,2026-04-27,2026-05-03,佛山,150间及以上,126,28510,82,18710,酒店之家
2026W18,2026,18,2026-04-27,2026-05-03,佛山,15间以下,3010,14958,4,47,酒店之家
2026W18,2026,18,2026-04-27,2026-05-03,佛山,30-69间,1267,54444,70,3608,酒店之家
2026W18,2026,18,2026-04-27,2026-05-03,佛山,70-149间,557,55441,240,26069,酒店之家
2026W18,2026,18,2026-04-27,2026-05-03,佛山,全部,6262,179644,416,48873,酒店之家
2026W18,2026,18,2026-04-27,2026-05-03,全国,15-29间,187995,3819685,3953,89755,酒店之家
2026W18,2026,18,2026-04-27,2026-05-03,全国,150间及以上,15208,3616612,7124,1729297,酒店之家
2026W18,2026,18,2026-04-27,2026-05-03,全国,15间以下,520018,2474830,1982,18328,酒店之家
2026W18,2026,18,2026-04-27,2026-05-03,全国,30-69间,146912,6415495,21320,1071934,酒店之家
2026W18,2026,18,2026-04-27,2026-05-03,全国,70-149间,67659,6524643,33392,3302424,酒店之家
2026W18,2026,18,2026-04-27,2026-05-03,全国,全部,937792,22851265,67771,6211738,酒店之家
2026W18,2026,18,2026-04-27,2026-05-03,北京,15-29间,1858,38165,142,3234,酒店之家
2026W18,2026,18,2026-04-27,2026-05-03,北京,150间及以上,652,173016,374,97129,酒店之家
2026W18,2026,18,2026-04-27,2026-05-03,北京,15间以下,11042,43474,100,804,酒店之家
2026W18,2026,18,2026-04-27,2026-05-03,北京,30-69间,2495,115367,875,44881,酒店之家
2026W18,2026,18,2026-04-27,2026-05-03,北京,70-149间,2184,216897,1528,153513,酒店之家
2026W18,2026,18,2026-04-27,2026-05-03,北京,全部,18231,586919,3019,299561,酒店之家
2026W18,2026,18,2026-04-27,2026-05-03,南京,15-29间,1542,31668,87,2052,酒店之家
2026W18,2026,18,2026-04-27,2026-05-03,南京,150间及以上,249,59537,160,37769,酒店之家
2026W18,2026,18,2026-04-27,2026-05-03,南京,15间以下,4634,18598,18,183,酒店之家
2026W18,2026,18,2026-04-27,2026-05-03,南京,30-69间,1598,69698,497,24383,酒店之家
2026W18,2026,18,2026-04-27,2026-05-03,南京,70-149间,837,83031,613,61813,酒店之家
2026W18,2026,18,2026-04-27,2026-05-03,南京,全部,8860,262532,1375,126200,酒店之家
2026W18,2026,18,2026-04-27,2026-05-03,合肥,15-29间,1381,27851,76,1749,酒店之家
2026W18,2026,18,2026-04-27,2026-05-03,合肥,150间及以上,136,36082,75,19758,酒店之家
2026W18,2026,18,2026-04-27,2026-05-03,合肥,15间以下,2232,13732,9,95,酒店之家
2026W18,2026,18,2026-04-27,2026-05-03,合肥,30-69间,1073,46963,300,14809,酒店之家
2026W18,2026,18,2026-04-27,2026-05-03,合肥,70-149间,650,62310,450,43689,酒店之家
2026W18,2026,18,2026-04-27,2026-05-03,合肥,全部,5472,186938,910,80100,酒店之家
2026W18,2026,18,2026-04-27,2026-05-03,天津,15-29间,1109,22529,43,995,酒店之家
2026W18,2026,18,2026-04-27,2026-05-03,天津,150间及以上,137,30515,95,20540,酒店之家
2026W18,2026,18,2026-04-27,2026-05-03,天津,15间以下,6470,24806,5,46,酒店之家
2026W18,2026,18,2026-04-27,2026-05-03,天津,30-69间,912,40567,248,12427,酒店之家
2026W18,2026,18,2026-04-27,2026-05-03,天津,70-149间,780,75526,561,55000,酒店之家
2026W18,2026,18,2026-04-27,2026-05-03,天津,全部,9408,193943,952,89008,酒店之家
2026W18,2026,18,2026-04-27,2026-05-03,广州,15-29间,3037,62915,56,1275,酒店之家
2026W18,2026,18,2026-04-27,2026-05-03,广州,150间及以上,423,106525,285,74963,酒店之家
2026W18,2026,18,2026-04-27,2026-05-03,广州,15间以下,6511,27245,18,142,酒店之家
2026W18,2026,18,2026-04-27,2026-05-03,广州,30-69间,3303,143523,302,15241,酒店之家
2026W18,2026,18,2026-04-27,2026-05-03,广州,70-149间,1522,149118,774,79770,酒店之家
2026W18,2026,18,2026-04-27,2026-05-03,广州,全部,14796,489326,1435,171391,酒店之家
2026W18,2026,18,2026-04-27,2026-05-03,成都,15-29间,5033,102144,95,2262,酒店之家
2026W18,2026,18,2026-04-27,2026-05-03,成都,150间及以上,459,109786,264,63757,酒店之家
2026W18,2026,18,2026-04-27,2026-05-03,成都,15间以下,13810,58396,16,156,酒店之家
2026W18,2026,18,2026-04-27,2026-05-03,成都,30-69间,3523,149473,369,18115,酒店之家
2026W18,2026,18,2026-04-27,2026-05-03,成都,70-149间,1510,149563,708,73700,酒店之家
2026W18,2026,18,2026-04-27,2026-05-03,成都,全部,24335,569362,1452,157990,酒店之家
2026W18,2026,18,2026-04-27,2026-05-03,昆明,15-29间,3378,68628,19,424,酒店之家
2026W18,2026,18,2026-04-27,2026-05-03,昆明,150间及以上,192,48760,83,22698,酒店之家
2026W18,2026,18,2026-04-27,2026-05-03,昆明,15间以下,8226,29207,9,74,酒店之家
2026W18,2026,18,2026-04-27,2026-05-03,昆明,30-69间,1679,70602,125,6643,酒店之家
2026W18,2026,18,2026-04-27,2026-05-03,昆明,70-149间,736,72406,342,34848,酒店之家
2026W18,2026,18,2026-04-27,2026-05-03,昆明,全部,14211,289603,578,64687,酒店之家
2026W18,2026,18,2026-04-27,2026-05-03,杭州,15-29间,2245,45333,66,1481,酒店之家
2026W18,2026,18,2026-04-27,2026-05-03,杭州,150间及以上,449,104064,284,65343,酒店之家
2026W18,2026,18,2026-04-27,2026-05-03,杭州,15间以下,8120,41376,65,509,酒店之家
2026W18,2026,18,2026-04-27,2026-05-03,杭州,30-69间,2207,96716,313,15769,酒店之家
2026W18,2026,18,2026-04-27,2026-05-03,杭州,70-149间,1293,131659,772,81959,酒店之家
2026W18,2026,18,2026-04-27,2026-05-03,杭州,全部,14314,419148,1500,165061,酒店之家
2026W18,2026,18,2026-04-27,2026-05-03,武汉,15-29间,2183,43928,49,1135,酒店之家
2026W18,2026,18,2026-04-27,2026-05-03,武汉,150间及以上,235,54375,153,35312,酒店之家
2026W18,2026,18,2026-04-27,2026-05-03,武汉,15间以下,5409,27323,9,79,酒店之家
2026W18,2026,18,2026-04-27,2026-05-03,武汉,30-69间,1632,70873,281,14428,酒店之家
2026W18,2026,18,2026-04-27,2026-05-03,武汉,70-149间,1045,102377,727,73450,酒店之家
2026W18,2026,18,2026-04-27,2026-05-03,武汉,全部,10504,298876,1219,124404,酒店之家
2026W18,2026,18,2026-04-27,2026-05-03,沈阳,15-29间,1188,23357,14,341,酒店之家
2026W18,2026,18,2026-04-27,2026-05-03,沈阳,150间及以上,100,24382,62,15253,酒店之家
2026W18,2026,18,2026-04-27,2026-05-03,沈阳,15间以下,4279,17204,1,12,酒店之家
2026W18,2026,18,2026-04-27,2026-05-03,沈阳,30-69间,559,23759,112,5700,酒店之家
2026W18,2026,18,2026-04-27,2026-05-03,沈阳,70-149间,473,47768,346,35819,酒店之家
2026W18,2026,18,2026-04-27,2026-05-03,沈阳,全部,6599,136470,535,57125,酒店之家
2026W18,2026,18,2026-04-27,2026-05-03,深圳,15-29间,2229,46972,28,608,酒店之家
2026W18,2026,18,2026-04-27,2026-05-03,深圳,150间及以上,440,99114,273,63228,酒店之家
2026W18,2026,18,2026-04-27,2026-05-03,深圳,15间以下,5100,23712,11,112,酒店之家
2026W18,2026,18,2026-04-27,2026-05-03,深圳,30-69间,2564,110279,174,8632,酒店之家
2026W18,2026,18,2026-04-27,2026-05-03,深圳,70-149间,1245,123356,512,54698,酒店之家
2026W18,2026,18,2026-04-27,2026-05-03,深圳,全部,11578,403433,998,127278,酒店之家
2026W18,2026,18,2026-04-27,2026-05-03,苏州,15-29间,1741,35813,109,2472,酒店之家
2026W18,2026,18,2026-04-27,2026-05-03,苏州,150间及以上,271,68226,182,44407,酒店之家
2026W18,2026,18,2026-04-27,2026-05-03,苏州,15间以下,6127,28030,138,1160,酒店之家
2026W18,2026,18,2026-04-27,2026-05-03,苏州,30-69间,1496,66513,417,20512,酒店之家
2026W18,2026,18,2026-04-27,2026-05-03,苏州,70-149间,872,85571,594,59721,酒店之家
2026W18,2026,18,2026-04-27,2026-05-03,苏州,全部,10507,284153,1440,128272,酒店之家
2026W18,2026,18,2026-04-27,2026-05-03,西安,15-29间,3280,65155,88,2009,酒店之家
2026W18,2026,18,2026-04-27,2026-05-03,西安,150间及以上,268,62929,163,37464,酒店之家
2026W18,2026,18,2026-04-27,2026-05-03,西安,15间以下,8093,38486,26,223,酒店之家
2026W18,2026,18,2026-04-27,2026-05-03,西安,30-69间,2004,87194,385,19077,酒店之家
2026W18,2026,18,2026-04-27,2026-05-03,西安,70-149间,1286,127565,773,78511,酒店之家
2026W18,2026,18,2026-04-27,2026-05-03,西安,全部,14931,381329,1435,137284,酒店之家
2026W18,2026,18,2026-04-27,2026-05-03,郑州,15-29间,2273,46700,31,738,酒店之家
2026W18,2026,18,2026-04-27,2026-05-03,郑州,150间及以上,175,39256,76,17348,酒店之家
2026W18,2026,18,2026-04-27,2026-05-03,郑州,15间以下,3133,17017,11,97,酒店之家
2026W18,2026,18,2026-04-27,2026-05-03,郑州,30-69间,1998,83931,186,9538,酒店之家
2026W18,2026,18,2026-04-27,2026-05-03,郑州,70-149间,857,83195,378,38388,酒店之家
2026W18,2026,18,2026-04-27,2026-05-03,郑州,全部,8436,270099,682,66109,酒店之家
2026W18,2026,18,2026-04-27,2026-05-03,重庆,15-29间,5933,121514,93,2052,酒店之家
2026W18,2026,18,2026-04-27,2026-05-03,重庆,150间及以上,330,73121,163,37193,酒店之家
2026W18,2026,18,2026-04-27,2026-05-03,重庆,15间以下,12112,61115,18,198,酒店之家
2026W18,2026,18,2026-04-27,2026-05-03,重庆,30-69间,3600,151079,282,14444,酒店之家
2026W18,2026,18,2026-04-27,2026-05-03,重庆,70-149间,1124,109667,553,56339,酒店之家
2026W18,2026,18,2026-04-27,2026-05-03,重庆,全部,23099,516496,1109,110226,酒店之家
2026W18,2026,18,2026-04-27,2026-05-03,长沙,15-29间,3162,64678,37,868,酒店之家
2026W18,2026,18,2026-04-27,2026-05-03,长沙,150间及以上,223,52939,142,32894,酒店之家
2026W18,2026,18,2026-04-27,2026-05-03,长沙,15间以下,6264,30013,11,97,酒店之家
2026W18,2026,18,2026-04-27,2026-05-03,长沙,30-69间,1982,83892,247,12823,酒店之家
2026W18,2026,18,2026-04-27,2026-05-03,长沙,70-149间,804,80218,489,50687,酒店之家
2026W18,2026,18,2026-04-27,2026-05-03,长沙,全部,12435,311740,926,97369,酒店之家
2026W18,2026,18,2026-04-27,2026-05-03,青岛,15-29间,1826,36984,57,1328,酒店之家
2026W18,2026,18,2026-04-27,2026-05-03,青岛,150间及以上,193,48516,111,28832,酒店之家
2026W18,2026,18,2026-04-27,2026-05-03,青岛,15间以下,9327,29859,23,189,酒店之家
2026W18,2026,18,2026-04-27,2026-05-03,青岛,30-69间,1408,61342,272,13308,酒店之家
2026W18,2026,18,2026-04-27,2026-05-03,青岛,70-149间,795,78021,511,50793,酒店之家
2026W18,2026,18,2026-04-27,2026-05-03,青岛,全部,13549,254722,974,94450,酒店之家
2026W19,2026,19,2026-05-04,2026-05-10,上海,15-29间,1938,40252,137,3201,酒店之家
2026W19,2026,19,2026-05-04,2026-05-10,上海,150间及以上,728,183290,579,146253,酒店之家
2026W19,2026,19,2026-05-04,2026-05-10,上海,15间以下,7777,29523,64,532,酒店之家
2026W19,2026,19,2026-05-04,2026-05-10,上海,30-69间,2353,105983,773,38308,酒店之家
2026W19,2026,19,2026-05-04,2026-05-10,上海,70-149间,1878,188687,1354,139126,酒店之家
2026W19,2026,19,2026-05-04,2026-05-10,上海,全部,14674,547735,2907,327420,酒店之家
2026W19,2026,19,2026-05-04,2026-05-10,东莞,15-29间,1605,32357,5,125,酒店之家
2026W19,2026,19,2026-05-04,2026-05-10,东莞,150间及以上,146,37364,45,8773,酒店之家
2026W19,2026,19,2026-05-04,2026-05-10,东莞,15间以下,1845,12317,1,10,酒店之家
2026W19,2026,19,2026-05-04,2026-05-10,东莞,30-69间,1741,76863,77,3956,酒店之家
2026W19,2026,19,2026-05-04,2026-05-10,东莞,70-149间,735,70481,248,25856,酒店之家
2026W19,2026,19,2026-05-04,2026-05-10,东莞,全部,6072,229382,376,38720,酒店之家
2026W19,2026,19,2026-05-04,2026-05-10,佛山,15-29间,1310,26438,19,414,酒店之家
2026W19,2026,19,2026-05-04,2026-05-10,佛山,150间及以上,126,28436,83,18863,酒店之家
2026W19,2026,19,2026-05-04,2026-05-10,佛山,15间以下,3056,15112,4,47,酒店之家
2026W19,2026,19,2026-05-04,2026-05-10,佛山,30-69间,1272,54602,70,3608,酒店之家
2026W19,2026,19,2026-05-04,2026-05-10,佛山,70-149间,557,55390,239,25927,酒店之家
2026W19,2026,19,2026-05-04,2026-05-10,佛山,全部,6321,179978,415,48859,酒店之家
2026W19,2026,19,2026-05-04,2026-05-10,全国,15-29间,188083,3821576,3950,89721,酒店之家
2026W19,2026,19,2026-05-04,2026-05-10,全国,150间及以上,15209,3616149,7134,1731016,酒店之家
2026W19,2026,19,2026-05-04,2026-05-10,全国,15间以下,526553,2482000,1976,18270,酒店之家
2026W19,2026,19,2026-05-04,2026-05-10,全国,30-69间,147039,6420856,21315,1071625,酒店之家
2026W19,2026,19,2026-05-04,2026-05-10,全国,70-149间,67671,6525610,33392,3302656,酒店之家
2026W19,2026,19,2026-05-04,2026-05-10,全国,全部,944555,22866191,67767,6213288,酒店之家
2026W19,2026,19,2026-05-04,2026-05-10,北京,15-29间,1860,38213,142,3234,酒店之家
2026W19,2026,19,2026-05-04,2026-05-10,北京,150间及以上,654,173325,375,97283,酒店之家
2026W19,2026,19,2026-05-04,2026-05-10,北京,15间以下,11104,43684,99,794,酒店之家
2026W19,2026,19,2026-05-04,2026-05-10,北京,30-69间,2504,115708,876,44902,酒店之家
2026W19,2026,19,2026-05-04,2026-05-10,北京,70-149间,2186,217150,1531,153830,酒店之家
2026W19,2026,19,2026-05-04,2026-05-10,北京,全部,18308,588080,3023,300043,酒店之家
2026W19,2026,19,2026-05-04,2026-05-10,南京,15-29间,1533,31478,85,2015,酒店之家
2026W19,2026,19,2026-05-04,2026-05-10,南京,150间及以上,249,59537,160,37769,酒店之家
2026W19,2026,19,2026-05-04,2026-05-10,南京,15间以下,4660,18686,19,196,酒店之家
2026W19,2026,19,2026-05-04,2026-05-10,南京,30-69间,1601,69780,497,24390,酒店之家
2026W19,2026,19,2026-05-04,2026-05-10,南京,70-149间,834,82818,613,61811,酒店之家
2026W19,2026,19,2026-05-04,2026-05-10,南京,全部,8877,262299,1374,126181,酒店之家
2026W19,2026,19,2026-05-04,2026-05-10,合肥,15-29间,1380,27823,76,1749,酒店之家
2026W19,2026,19,2026-05-04,2026-05-10,合肥,150间及以上,136,36082,75,19758,酒店之家
2026W19,2026,19,2026-05-04,2026-05-10,合肥,15间以下,2261,13852,9,95,酒店之家
2026W19,2026,19,2026-05-04,2026-05-10,合肥,30-69间,1075,47012,299,14732,酒店之家
2026W19,2026,19,2026-05-04,2026-05-10,合肥,70-149间,649,62253,448,43512,酒店之家
2026W19,2026,19,2026-05-04,2026-05-10,合肥,全部,5501,187022,907,79846,酒店之家
2026W19,2026,19,2026-05-04,2026-05-10,天津,15-29间,1114,22631,43,995,酒店之家
2026W19,2026,19,2026-05-04,2026-05-10,天津,150间及以上,137,30515,95,20540,酒店之家
2026W19,2026,19,2026-05-04,2026-05-10,天津,15间以下,6560,24880,5,46,酒店之家
2026W19,2026,19,2026-05-04,2026-05-10,天津,30-69间,926,41195,248,12427,酒店之家
2026W19,2026,19,2026-05-04,2026-05-10,天津,70-149间,775,75037,561,55002,酒店之家
2026W19,2026,19,2026-05-04,2026-05-10,天津,全部,9512,194258,952,89010,酒店之家
2026W19,2026,19,2026-05-04,2026-05-10,广州,15-29间,3029,62762,56,1275,酒店之家
2026W19,2026,19,2026-05-04,2026-05-10,广州,150间及以上,424,106844,286,75282,酒店之家
2026W19,2026,19,2026-05-04,2026-05-10,广州,15间以下,6579,27319,18,142,酒店之家
2026W19,2026,19,2026-05-04,2026-05-10,广州,30-69间,3304,143422,301,15189,酒店之家
2026W19,2026,19,2026-05-04,2026-05-10,广州,70-149间,1531,150112,777,80102,酒店之家
2026W19,2026,19,2026-05-04,2026-05-10,广州,全部,14867,490459,1438,171990,酒店之家
2026W19,2026,19,2026-05-04,2026-05-10,成都,15-29间,5044,102438,96,2280,酒店之家
2026W19,2026,19,2026-05-04,2026-05-10,成都,150间及以上,460,109966,264,63661,酒店之家
2026W19,2026,19,2026-05-04,2026-05-10,成都,15间以下,13949,58640,16,160,酒店之家
2026W19,2026,19,2026-05-04,2026-05-10,成都,30-69间,3531,149844,364,17881,酒店之家
2026W19,2026,19,2026-05-04,2026-05-10,成都,70-149间,1508,149389,709,73889,酒店之家
2026W19,2026,19,2026-05-04,2026-05-10,成都,全部,24492,570277,1449,157871,酒店之家
2026W19,2026,19,2026-05-04,2026-05-10,昆明,15-29间,3394,68987,20,451,酒店之家
2026W19,2026,19,2026-05-04,2026-05-10,昆明,150间及以上,192,48760,83,22698,酒店之家
2026W19,2026,19,2026-05-04,2026-05-10,昆明,15间以下,8361,29334,9,74,酒店之家
2026W19,2026,19,2026-05-04,2026-05-10,昆明,30-69间,1688,71098,125,6643,酒店之家
2026W19,2026,19,2026-05-04,2026-05-10,昆明,70-149间,731,71961,342,34848,酒店之家
2026W19,2026,19,2026-05-04,2026-05-10,昆明,全部,14366,290140,579,64714,酒店之家
2026W19,2026,19,2026-05-04,2026-05-10,杭州,15-29间,2270,45801,66,1481,酒店之家
2026W19,2026,19,2026-05-04,2026-05-10,杭州,150间及以上,447,103701,285,65538,酒店之家
2026W19,2026,19,2026-05-04,2026-05-10,杭州,15间以下,8211,41401,65,509,酒店之家
2026W19,2026,19,2026-05-04,2026-05-10,杭州,30-69间,2208,96664,313,15775,酒店之家
2026W19,2026,19,2026-05-04,2026-05-10,杭州,70-149间,1290,131366,771,81900,酒店之家
2026W19,2026,19,2026-05-04,2026-05-10,杭州,全部,14426,418933,1500,165203,酒店之家
2026W19,2026,19,2026-05-04,2026-05-10,武汉,15-29间,2181,43909,48,1115,酒店之家
2026W19,2026,19,2026-05-04,2026-05-10,武汉,150间及以上,234,54022,151,34856,酒店之家
2026W19,2026,19,2026-05-04,2026-05-10,武汉,15间以下,5435,27311,9,79,酒店之家
2026W19,2026,19,2026-05-04,2026-05-10,武汉,30-69间,1634,70924,278,14299,酒店之家
2026W19,2026,19,2026-05-04,2026-05-10,武汉,70-149间,1047,102494,726,73323,酒店之家
2026W19,2026,19,2026-05-04,2026-05-10,武汉,全部,10531,298660,1212,123672,酒店之家
2026W19,2026,19,2026-05-04,2026-05-10,沈阳,15-29间,1191,23418,14,341,酒店之家
2026W19,2026,19,2026-05-04,2026-05-10,沈阳,150间及以上,99,24215,61,15086,酒店之家
2026W19,2026,19,2026-05-04,2026-05-10,沈阳,15间以下,4311,17194,1,12,酒店之家
2026W19,2026,19,2026-05-04,2026-05-10,沈阳,30-69间,558,23697,112,5700,酒店之家
2026W19,2026,19,2026-05-04,2026-05-10,沈阳,70-149间,469,47366,343,35486,酒店之家
2026W19,2026,19,2026-05-04,2026-05-10,沈阳,全部,6628,135890,531,56625,酒店之家
2026W19,2026,19,2026-05-04,2026-05-10,深圳,15-29间,2244,47206,29,628,酒店之家
2026W19,2026,19,2026-05-04,2026-05-10,深圳,150间及以上,442,99568,274,63434,酒店之家
2026W19,2026,19,2026-05-04,2026-05-10,深圳,15间以下,5204,24017,10,95,酒店之家
2026W19,2026,19,2026-05-04,2026-05-10,深圳,30-69间,2552,109892,174,8635,酒店之家
2026W19,2026,19,2026-05-04,2026-05-10,深圳,70-149间,1244,123242,509,54436,酒店之家
2026W19,2026,19,2026-05-04,2026-05-10,深圳,全部,11686,403925,996,127228,酒店之家
2026W19,2026,19,2026-05-04,2026-05-10,苏州,15-29间,1749,35942,109,2472,酒店之家
2026W19,2026,19,2026-05-04,2026-05-10,苏州,150间及以上,271,68226,183,44557,酒店之家
2026W19,2026,19,2026-05-04,2026-05-10,苏州,15间以下,6148,27965,133,1114,酒店之家
2026W19,2026,19,2026-05-04,2026-05-10,苏州,30-69间,1500,66713,416,20478,酒店之家
2026W19,2026,19,2026-05-04,2026-05-10,苏州,70-149间,873,85639,595,59795,酒店之家
2026W19,2026,19,2026-05-04,2026-05-10,苏州,全部,10541,284485,1436,128416,酒店之家
2026W19,2026,19,2026-05-04,2026-05-10,西安,15-29间,3287,65305,88,2009,酒店之家
2026W19,2026,19,2026-05-04,2026-05-10,西安,150间及以上,266,62625,164,37629,酒店之家
2026W19,2026,19,2026-05-04,2026-05-10,西安,15间以下,8162,38598,26,223,酒店之家
2026W19,2026,19,2026-05-04,2026-05-10,西安,30-69间,2007,87249,387,19185,酒店之家
2026W19,2026,19,2026-05-04,2026-05-10,西安,70-149间,1289,127882,772,78404,酒店之家
2026W19,2026,19,2026-05-04,2026-05-10,西安,全部,15011,381659,1437,137450,酒店之家
2026W19,2026,19,2026-05-04,2026-05-10,郑州,15-29间,2276,46745,31,738,酒店之家
2026W19,2026,19,2026-05-04,2026-05-10,郑州,150间及以上,174,38996,75,17088,酒店之家
2026W19,2026,19,2026-05-04,2026-05-10,郑州,15间以下,3175,17173,11,97,酒店之家
2026W19,2026,19,2026-05-04,2026-05-10,郑州,30-69间,1999,83972,186,9550,酒店之家
2026W19,2026,19,2026-05-04,2026-05-10,郑州,70-149间,861,83606,377,38307,酒店之家
2026W19,2026,19,2026-05-04,2026-05-10,郑州,全部,8485,270492,680,65780,酒店之家
2026W19,2026,19,2026-05-04,2026-05-10,重庆,15-29间,5930,121460,93,2052,酒店之家
2026W19,2026,19,2026-05-04,2026-05-10,重庆,150间及以上,330,73121,163,37193,酒店之家
2026W19,2026,19,2026-05-04,2026-05-10,重庆,15间以下,12169,61027,18,198,酒店之家
2026W19,2026,19,2026-05-04,2026-05-10,重庆,30-69间,3605,151309,281,14406,酒店之家
2026W19,2026,19,2026-05-04,2026-05-10,重庆,70-149间,1125,109731,553,56363,酒店之家
2026W19,2026,19,2026-05-04,2026-05-10,重庆,全部,23159,516648,1108,110212,酒店之家
2026W19,2026,19,2026-05-04,2026-05-10,长沙,15-29间,3174,64916,37,868,酒店之家
2026W19,2026,19,2026-05-04,2026-05-10,长沙,150间及以上,223,53034,142,32989,酒店之家
2026W19,2026,19,2026-05-04,2026-05-10,长沙,15间以下,6296,30084,11,97,酒店之家
2026W19,2026,19,2026-05-04,2026-05-10,长沙,30-69间,1993,84394,246,12788,酒店之家
2026W19,2026,19,2026-05-04,2026-05-10,长沙,70-149间,798,79644,486,50432,酒店之家
2026W19,2026,19,2026-05-04,2026-05-10,长沙,全部,12484,312072,922,97174,酒店之家
2026W19,2026,19,2026-05-04,2026-05-10,青岛,15-29间,1806,36547,57,1328,酒店之家
2026W19,2026,19,2026-05-04,2026-05-10,青岛,150间及以上,192,48358,110,28674,酒店之家
2026W19,2026,19,2026-05-04,2026-05-10,青岛,15间以下,9531,30174,23,189,酒店之家
2026W19,2026,19,2026-05-04,2026-05-10,青岛,30-69间,1408,61312,275,13423,酒店之家
2026W19,2026,19,2026-05-04,2026-05-10,青岛,70-149间,798,78324,512,50968,酒店之家
2026W19,2026,19,2026-05-04,2026-05-10,青岛,全部,13735,254715,977,94582,酒店之家
2026W20,2026,20,2026-05-11,2026-05-17,上海,15-29间,1940,40332,138,3234,酒店之家
2026W20,2026,20,2026-05-11,2026-05-17,上海,150间及以上,727,182996,580,146477,酒店之家
2026W20,2026,20,2026-05-11,2026-05-17,上海,15间以下,7914,29754,63,520,酒店之家
2026W20,2026,20,2026-05-11,2026-05-17,上海,30-69间,2354,106058,773,38304,酒店之家
2026W20,2026,20,2026-05-11,2026-05-17,上海,70-149间,1883,189210,1357,139288,酒店之家
2026W20,2026,20,2026-05-11,2026-05-17,上海,全部,14818,548350,2911,327823,酒店之家
2026W20,2026,20,2026-05-11,2026-05-17,东莞,15-29间,1605,32336,5,125,酒店之家
2026W20,2026,20,2026-05-11,2026-05-17,东莞,150间及以上,147,37551,46,8960,酒店之家
2026W20,2026,20,2026-05-11,2026-05-17,东莞,15间以下,1886,12523,1,10,酒店之家
2026W20,2026,20,2026-05-11,2026-05-17,东莞,30-69间,1742,76874,77,3956,酒店之家
2026W20,2026,20,2026-05-11,2026-05-17,东莞,70-149间,736,70605,247,25770,酒店之家
2026W20,2026,20,2026-05-11,2026-05-17,东莞,全部,6116,229889,376,38821,酒店之家
2026W20,2026,20,2026-05-11,2026-05-17,佛山,15-29间,1312,26474,19,414,酒店之家
2026W20,2026,20,2026-05-11,2026-05-17,佛山,150间及以上,126,28515,82,18702,酒店之家
2026W20,2026,20,2026-05-11,2026-05-17,佛山,15间以下,3085,15184,4,47,酒店之家
2026W20,2026,20,2026-05-11,2026-05-17,佛山,30-69间,1278,54909,73,3757,酒店之家
2026W20,2026,20,2026-05-11,2026-05-17,佛山,70-149间,557,55370,239,25900,酒店之家
2026W20,2026,20,2026-05-11,2026-05-17,佛山,全部,6358,180452,417,48820,酒店之家
2026W20,2026,20,2026-05-11,2026-05-17,全国,15-29间,188685,3834072,3955,89828,酒店之家
2026W20,2026,20,2026-05-11,2026-05-17,全国,150间及以上,15224,3621879,7143,1732869,酒店之家
2026W20,2026,20,2026-05-11,2026-05-17,全国,15间以下,534969,2498816,1984,18365,酒店之家
2026W20,2026,20,2026-05-11,2026-05-17,全国,30-69间,147503,6439830,21347,1073080,酒店之家
2026W20,2026,20,2026-05-11,2026-05-17,全国,70-149间,67793,6536791,33422,3305671,酒店之家
2026W20,2026,20,2026-05-11,2026-05-17,全国,全部,954174,22931388,67851,6219813,酒店之家
2026W20,2026,20,2026-05-11,2026-05-17,北京,15-29间,1873,38439,141,3206,酒店之家
2026W20,2026,20,2026-05-11,2026-05-17,北京,150间及以上,654,173458,375,96723,酒店之家
2026W20,2026,20,2026-05-11,2026-05-17,北京,15间以下,11211,43840,99,794,酒店之家
2026W20,2026,20,2026-05-11,2026-05-17,北京,30-69间,2518,116285,875,44821,酒店之家
2026W20,2026,20,2026-05-11,2026-05-17,北京,70-149间,2198,218264,1537,154332,酒店之家
2026W20,2026,20,2026-05-11,2026-05-17,北京,全部,18454,590286,3027,299876,酒店之家
2026W20,2026,20,2026-05-11,2026-05-17,南京,15-29间,1543,31685,85,2015,酒店之家
2026W20,2026,20,2026-05-11,2026-05-17,南京,150间及以上,250,59686,161,37922,酒店之家
2026W20,2026,20,2026-05-11,2026-05-17,南京,15间以下,4743,18896,19,196,酒店之家
2026W20,2026,20,2026-05-11,2026-05-17,南京,30-69间,1603,69918,499,24535,酒店之家
2026W20,2026,20,2026-05-11,2026-05-17,南京,70-149间,833,82664,610,61503,酒店之家
2026W20,2026,20,2026-05-11,2026-05-17,南京,全部,8972,262849,1374,126171,酒店之家
2026W20,2026,20,2026-05-11,2026-05-17,合肥,15-29间,1382,27829,76,1749,酒店之家
2026W20,2026,20,2026-05-11,2026-05-17,合肥,150间及以上,136,36082,75,19758,酒店之家
2026W20,2026,20,2026-05-11,2026-05-17,合肥,15间以下,2299,13929,9,95,酒店之家
2026W20,2026,20,2026-05-11,2026-05-17,合肥,30-69间,1082,47370,300,14792,酒店之家
2026W20,2026,20,2026-05-11,2026-05-17,合肥,70-149间,649,62271,447,43432,酒店之家
2026W20,2026,20,2026-05-11,2026-05-17,合肥,全部,5548,187481,907,79826,酒店之家
2026W20,2026,20,2026-05-11,2026-05-17,天津,15-29间,1111,22566,43,995,酒店之家
2026W20,2026,20,2026-05-11,2026-05-17,天津,150间及以上,137,30553,95,20578,酒店之家
2026W20,2026,20,2026-05-11,2026-05-17,天津,15间以下,6654,25066,5,46,酒店之家
2026W20,2026,20,2026-05-11,2026-05-17,天津,30-69间,925,41134,248,12427,酒店之家
2026W20,2026,20,2026-05-11,2026-05-17,天津,70-149间,775,75048,560,54932,酒店之家
2026W20,2026,20,2026-05-11,2026-05-17,天津,全部,9602,194367,951,88978,酒店之家
2026W20,2026,20,2026-05-11,2026-05-17,广州,15-29间,3034,62856,57,1296,酒店之家
2026W20,2026,20,2026-05-11,2026-05-17,广州,150间及以上,422,106507,286,75279,酒店之家
2026W20,2026,20,2026-05-11,2026-05-17,广州,15间以下,6677,27548,18,142,酒店之家
2026W20,2026,20,2026-05-11,2026-05-17,广州,30-69间,3314,143904,302,15227,酒店之家
2026W20,2026,20,2026-05-11,2026-05-17,广州,70-149间,1533,150318,779,80255,酒店之家
2026W20,2026,20,2026-05-11,2026-05-17,广州,全部,14980,491133,1442,172199,酒店之家
2026W20,2026,20,2026-05-11,2026-05-17,成都,15-29间,5053,102572,95,2261,酒店之家
2026W20,2026,20,2026-05-11,2026-05-17,成都,150间及以上,461,110025,265,63811,酒店之家
2026W20,2026,20,2026-05-11,2026-05-17,成都,15间以下,14159,59110,17,164,酒店之家
2026W20,2026,20,2026-05-11,2026-05-17,成都,30-69间,3543,150277,364,17861,酒店之家
2026W20,2026,20,2026-05-11,2026-05-17,成都,70-149间,1510,149430,709,73836,酒店之家
2026W20,2026,20,2026-05-11,2026-05-17,成都,全部,24726,571414,1450,157933,酒店之家
2026W20,2026,20,2026-05-11,2026-05-17,昆明,15-29间,3394,69004,20,451,酒店之家
2026W20,2026,20,2026-05-11,2026-05-17,昆明,150间及以上,192,48760,83,22698,酒店之家
2026W20,2026,20,2026-05-11,2026-05-17,昆明,15间以下,8483,29507,9,74,酒店之家
2026W20,2026,20,2026-05-11,2026-05-17,昆明,30-69间,1689,71173,126,6675,酒店之家
2026W20,2026,20,2026-05-11,2026-05-17,昆明,70-149间,731,71978,342,34848,酒店之家
2026W20,2026,20,2026-05-11,2026-05-17,昆明,全部,14489,290422,580,64746,酒店之家
2026W20,2026,20,2026-05-11,2026-05-17,杭州,15-29间,2266,45721,66,1481,酒店之家
2026W20,2026,20,2026-05-11,2026-05-17,杭州,150间及以上,447,103757,286,65831,酒店之家
2026W20,2026,20,2026-05-11,2026-05-17,杭州,15间以下,8317,41595,65,511,酒店之家
2026W20,2026,20,2026-05-11,2026-05-17,杭州,30-69间,2216,96906,313,15797,酒店之家
2026W20,2026,20,2026-05-11,2026-05-17,杭州,70-149间,1292,131560,770,81817,酒店之家
2026W20,2026,20,2026-05-11,2026-05-17,杭州,全部,14538,419539,1500,165437,酒店之家
2026W20,2026,20,2026-05-11,2026-05-17,武汉,15-29间,2199,44291,48,1115,酒店之家
2026W20,2026,20,2026-05-11,2026-05-17,武汉,150间及以上,235,54298,151,34831,酒店之家
2026W20,2026,20,2026-05-11,2026-05-17,武汉,15间以下,5475,27398,9,79,酒店之家
2026W20,2026,20,2026-05-11,2026-05-17,武汉,30-69间,1643,71263,279,14322,酒店之家
2026W20,2026,20,2026-05-11,2026-05-17,武汉,70-149间,1046,102397,725,73276,酒店之家
2026W20,2026,20,2026-05-11,2026-05-17,武汉,全部,10598,299647,1212,123623,酒店之家
2026W20,2026,20,2026-05-11,2026-05-17,沈阳,15-29间,1196,23522,14,341,酒店之家
2026W20,2026,20,2026-05-11,2026-05-17,沈阳,150间及以上,99,24215,61,15086,酒店之家
2026W20,2026,20,2026-05-11,2026-05-17,沈阳,15间以下,4370,17274,1,12,酒店之家
2026W20,2026,20,2026-05-11,2026-05-17,沈阳,30-69间,559,23686,111,5646,酒店之家
2026W20,2026,20,2026-05-11,2026-05-17,沈阳,70-149间,469,47365,342,35389,酒店之家
2026W20,2026,20,2026-05-11,2026-05-17,沈阳,全部,6693,136062,529,56474,酒店之家
2026W20,2026,20,2026-05-11,2026-05-17,深圳,15-29间,2258,47525,28,608,酒店之家
2026W20,2026,20,2026-05-11,2026-05-17,深圳,150间及以上,443,99971,275,63644,酒店之家
2026W20,2026,20,2026-05-11,2026-05-17,深圳,15间以下,5285,24309,10,95,酒店之家
2026W20,2026,20,2026-05-11,2026-05-17,深圳,30-69间,2561,110202,172,8549,酒店之家
2026W20,2026,20,2026-05-11,2026-05-17,深圳,70-149间,1251,124010,513,54928,酒店之家
2026W20,2026,20,2026-05-11,2026-05-17,深圳,全部,11798,406017,998,127824,酒店之家
2026W20,2026,20,2026-05-11,2026-05-17,苏州,15-29间,1751,35981,109,2472,酒店之家
2026W20,2026,20,2026-05-11,2026-05-17,苏州,150间及以上,270,68046,183,44557,酒店之家
2026W20,2026,20,2026-05-11,2026-05-17,苏州,15间以下,6225,28087,133,1113,酒店之家
2026W20,2026,20,2026-05-11,2026-05-17,苏州,30-69间,1513,67269,421,20734,酒店之家
2026W20,2026,20,2026-05-11,2026-05-17,苏州,70-149间,878,86060,595,59779,酒店之家
2026W20,2026,20,2026-05-11,2026-05-17,苏州,全部,10637,285443,1441,128655,酒店之家
2026W20,2026,20,2026-05-11,2026-05-17,西安,15-29间,3307,65710,87,1982,酒店之家
2026W20,2026,20,2026-05-11,2026-05-17,西安,150间及以上,265,62467,162,37309,酒店之家
2026W20,2026,20,2026-05-11,2026-05-17,西安,15间以下,8198,38665,27,240,酒店之家
2026W20,2026,20,2026-05-11,2026-05-17,西安,30-69间,2032,88223,388,19232,酒店之家
2026W20,2026,20,2026-05-11,2026-05-17,西安,70-149间,1286,127449,773,78497,酒店之家
2026W20,2026,20,2026-05-11,2026-05-17,西安,全部,15088,382514,1437,137260,酒店之家
2026W20,2026,20,2026-05-11,2026-05-17,郑州,15-29间,2281,46871,31,738,酒店之家
2026W20,2026,20,2026-05-11,2026-05-17,郑州,150间及以上,172,38485,72,16402,酒店之家
2026W20,2026,20,2026-05-11,2026-05-17,郑州,15间以下,3234,17209,11,97,酒店之家
2026W20,2026,20,2026-05-11,2026-05-17,郑州,30-69间,1999,83916,185,9497,酒店之家
2026W20,2026,20,2026-05-11,2026-05-17,郑州,70-149间,863,83834,382,38799,酒店之家
2026W20,2026,20,2026-05-11,2026-05-17,郑州,全部,8549,270315,681,65533,酒店之家
2026W20,2026,20,2026-05-11,2026-05-17,重庆,15-29间,5965,122219,93,2052,酒店之家
2026W20,2026,20,2026-05-11,2026-05-17,重庆,150间及以上,329,72961,163,37201,酒店之家
2026W20,2026,20,2026-05-11,2026-05-17,重庆,15间以下,12310,61370,18,198,酒店之家
2026W20,2026,20,2026-05-11,2026-05-17,重庆,30-69间,3614,151756,282,14460,酒店之家
2026W20,2026,20,2026-05-11,2026-05-17,重庆,70-149间,1128,109956,554,56427,酒店之家
2026W20,2026,20,2026-05-11,2026-05-17,重庆,全部,23346,518262,1110,110338,酒店之家
2026W20,2026,20,2026-05-11,2026-05-17,长沙,15-29间,3182,65064,37,868,酒店之家
2026W20,2026,20,2026-05-11,2026-05-17,长沙,150间及以上,223,53034,142,32989,酒店之家
2026W20,2026,20,2026-05-11,2026-05-17,长沙,15间以下,6381,30142,12,110,酒店之家
2026W20,2026,20,2026-05-11,2026-05-17,长沙,30-69间,2005,84792,247,12783,酒店之家
2026W20,2026,20,2026-05-11,2026-05-17,长沙,70-149间,801,79911,487,50463,酒店之家
2026W20,2026,20,2026-05-11,2026-05-17,长沙,全部,12592,312943,925,97213,酒店之家
2026W20,2026,20,2026-05-11,2026-05-17,青岛,15-29间,1819,36784,55,1275,酒店之家
2026W20,2026,20,2026-05-11,2026-05-17,青岛,150间及以上,194,48701,112,29017,酒店之家
2026W20,2026,20,2026-05-11,2026-05-17,青岛,15间以下,9743,30588,23,189,酒店之家
2026W20,2026,20,2026-05-11,2026-05-17,青岛,30-69间,1423,61851,277,13515,酒店之家
2026W20,2026,20,2026-05-11,2026-05-17,青岛,70-149间,798,78399,512,50975,酒店之家
2026W20,2026,20,2026-05-11,2026-05-17,青岛,全部,13977,256323,979,94971,酒店之家
2026W21,2026,21,2026-05-18,2026-05-24,上海,15-29间,1951,40541,138,3236,酒店之家
2026W21,2026,21,2026-05-18,2026-05-24,上海,150间及以上,726,182816,580,146448,酒店之家
2026W21,2026,21,2026-05-18,2026-05-24,上海,15间以下,8201,30187,63,519,酒店之家
2026W21,2026,21,2026-05-18,2026-05-24,上海,30-69间,2365,106569,775,38405,酒店之家
2026W21,2026,21,2026-05-18,2026-05-24,上海,70-149间,1884,189481,1356,139266,酒店之家
2026W21,2026,21,2026-05-18,2026-05-24,上海,全部,15127,549594,2912,327874,酒店之家
2026W21,2026,21,2026-05-18,2026-05-24,东莞,15-29间,1620,32652,5,125,酒店之家
2026W21,2026,21,2026-05-18,2026-05-24,东莞,150间及以上,148,37717,46,8960,酒店之家
2026W21,2026,21,2026-05-18,2026-05-24,东莞,15间以下,1909,12556,1,10,酒店之家
2026W21,2026,21,2026-05-18,2026-05-24,东莞,30-69间,1754,77390,77,3956,酒店之家
2026W21,2026,21,2026-05-18,2026-05-24,东莞,70-149间,736,70556,247,25770,酒店之家
2026W21,2026,21,2026-05-18,2026-05-24,东莞,全部,6167,230871,376,38821,酒店之家
2026W21,2026,21,2026-05-18,2026-05-24,佛山,15-29间,1313,26519,18,389,酒店之家
2026W21,2026,21,2026-05-18,2026-05-24,佛山,150间及以上,126,28515,82,18702,酒店之家
2026W21,2026,21,2026-05-18,2026-05-24,佛山,15间以下,3154,15262,4,47,酒店之家
2026W21,2026,21,2026-05-18,2026-05-24,佛山,30-69间,1282,55032,74,3807,酒店之家
2026W21,2026,21,2026-05-18,2026-05-24,佛山,70-149间,558,55414,239,25900,酒店之家
2026W21,2026,21,2026-05-18,2026-05-24,佛山,全部,6433,180742,417,48845,酒店之家
2026W21,2026,21,2026-05-18,2026-05-24,全国,15-29间,189661,3853489,3954,89855,酒店之家
2026W21,2026,21,2026-05-18,2026-05-24,全国,150间及以上,15248,3627799,7147,1734339,酒店之家
2026W21,2026,21,2026-05-18,2026-05-24,全国,15间以下,547022,2524280,1979,18310,酒店之家
2026W21,2026,21,2026-05-18,2026-05-24,全国,30-69间,148068,6463294,21394,1075351,酒店之家
2026W21,2026,21,2026-05-18,2026-05-24,全国,70-149间,67918,6548617,33443,3307692,酒店之家
2026W21,2026,21,2026-05-18,2026-05-24,全国,全部,967917,23017479,67917,6225547,酒店之家
2026W21,2026,21,2026-05-18,2026-05-24,北京,15-29间,1884,38668,141,3206,酒店之家
2026W21,2026,21,2026-05-18,2026-05-24,北京,150间及以上,657,174087,376,97045,酒店之家
2026W21,2026,21,2026-05-18,2026-05-24,北京,15间以下,11342,44186,99,794,酒店之家
2026W21,2026,21,2026-05-18,2026-05-24,北京,30-69间,2519,116257,875,44803,酒店之家
2026W21,2026,21,2026-05-18,2026-05-24,北京,70-149间,2210,219200,1542,154779,酒店之家
2026W21,2026,21,2026-05-18,2026-05-24,北京,全部,18612,592398,3033,300627,酒店之家
2026W21,2026,21,2026-05-18,2026-05-24,南京,15-29间,1555,31898,85,2015,酒店之家
2026W21,2026,21,2026-05-18,2026-05-24,南京,150间及以上,250,59640,161,37921,酒店之家
2026W21,2026,21,2026-05-18,2026-05-24,南京,15间以下,4833,19076,19,196,酒店之家
2026W21,2026,21,2026-05-18,2026-05-24,南京,30-69间,1604,69972,499,24521,酒店之家
2026W21,2026,21,2026-05-18,2026-05-24,南京,70-149间,833,82679,610,61528,酒店之家
2026W21,2026,21,2026-05-18,2026-05-24,南京,全部,9075,263265,1374,126181,酒店之家
2026W21,2026,21,2026-05-18,2026-05-24,合肥,15-29间,1389,27962,77,1778,酒店之家
2026W21,2026,21,2026-05-18,2026-05-24,合肥,150间及以上,136,36082,75,19758,酒店之家
2026W21,2026,21,2026-05-18,2026-05-24,合肥,15间以下,2334,14021,9,95,酒店之家
2026W21,2026,21,2026-05-18,2026-05-24,合肥,30-69间,1086,47527,300,14802,酒店之家
2026W21,2026,21,2026-05-18,2026-05-24,合肥,70-149间,646,61916,446,43297,酒店之家
2026W21,2026,21,2026-05-18,2026-05-24,合肥,全部,5591,187508,907,79730,酒店之家
2026W21,2026,21,2026-05-18,2026-05-24,天津,15-29间,1120,22751,43,995,酒店之家
2026W21,2026,21,2026-05-18,2026-05-24,天津,150间及以上,137,31649,95,21674,酒店之家
2026W21,2026,21,2026-05-18,2026-05-24,天津,15间以下,6758,25336,6,57,酒店之家
2026W21,2026,21,2026-05-18,2026-05-24,天津,30-69间,927,41272,249,12480,酒店之家
2026W21,2026,21,2026-05-18,2026-05-24,天津,70-149间,773,74829,558,54731,酒店之家
2026W21,2026,21,2026-05-18,2026-05-24,天津,全部,9715,195837,951,89937,酒店之家
2026W21,2026,21,2026-05-18,2026-05-24,广州,15-29间,3035,62836,58,1316,酒店之家
2026W21,2026,21,2026-05-18,2026-05-24,广州,150间及以上,422,106565,287,75497,酒店之家
2026W21,2026,21,2026-05-18,2026-05-24,广州,15间以下,6865,28193,18,142,酒店之家
2026W21,2026,21,2026-05-18,2026-05-24,广州,30-69间,3318,144064,301,15185,酒店之家
2026W21,2026,21,2026-05-18,2026-05-24,广州,70-149间,1543,151274,780,80348,酒店之家
2026W21,2026,21,2026-05-18,2026-05-24,广州,全部,15183,492932,1444,172488,酒店之家
2026W21,2026,21,2026-05-18,2026-05-24,成都,15-29间,5104,103596,95,2261,酒店之家
2026W21,2026,21,2026-05-18,2026-05-24,成都,150间及以上,461,109766,264,63401,酒店之家
2026W21,2026,21,2026-05-18,2026-05-24,成都,15间以下,14429,59762,18,167,酒店之家
2026W21,2026,21,2026-05-18,2026-05-24,成都,30-69间,3553,150773,365,17919,酒店之家
2026W21,2026,21,2026-05-18,2026-05-24,成都,70-149间,1509,149357,709,73850,酒店之家
2026W21,2026,21,2026-05-18,2026-05-24,成都,全部,25056,573254,1451,157598,酒店之家
2026W21,2026,21,2026-05-18,2026-05-24,昆明,15-29间,3403,69180,20,451,酒店之家
2026W21,2026,21,2026-05-18,2026-05-24,昆明,150间及以上,191,48579,83,22698,酒店之家
2026W21,2026,21,2026-05-18,2026-05-24,昆明,15间以下,8650,29777,9,74,酒店之家
2026W21,2026,21,2026-05-18,2026-05-24,昆明,30-69间,1705,71785,126,6678,酒店之家
2026W21,2026,21,2026-05-18,2026-05-24,昆明,70-149间,736,72393,342,34849,酒店之家
2026W21,2026,21,2026-05-18,2026-05-24,昆明,全部,14685,291714,580,64750,酒店之家
2026W21,2026,21,2026-05-18,2026-05-24,杭州,15-29间,2275,45873,67,1497,酒店之家
2026W21,2026,21,2026-05-18,2026-05-24,杭州,150间及以上,449,104169,287,66011,酒店之家
2026W21,2026,21,2026-05-18,2026-05-24,杭州,15间以下,8512,41964,64,503,酒店之家
2026W21,2026,21,2026-05-18,2026-05-24,杭州,30-69间,2224,97257,311,15686,酒店之家
2026W21,2026,21,2026-05-18,2026-05-24,杭州,70-149间,1297,132057,770,81834,酒店之家
2026W21,2026,21,2026-05-18,2026-05-24,杭州,全部,14757,421320,1499,165531,酒店之家
2026W21,2026,21,2026-05-18,2026-05-24,武汉,15-29间,2204,44376,48,1115,酒店之家
2026W21,2026,21,2026-05-18,2026-05-24,武汉,150间及以上,235,54298,152,35100,酒店之家
2026W21,2026,21,2026-05-18,2026-05-24,武汉,15间以下,5557,27573,9,79,酒店之家
2026W21,2026,21,2026-05-18,2026-05-24,武汉,30-69间,1652,71616,281,14409,酒店之家
2026W21,2026,21,2026-05-18,2026-05-24,武汉,70-149间,1047,102524,723,73088,酒店之家
2026W21,2026,21,2026-05-18,2026-05-24,武汉,全部,10695,300387,1213,123791,酒店之家
2026W21,2026,21,2026-05-18,2026-05-24,沈阳,15-29间,1196,23524,14,341,酒店之家
2026W21,2026,21,2026-05-18,2026-05-24,沈阳,150间及以上,99,24218,61,15086,酒店之家
2026W21,2026,21,2026-05-18,2026-05-24,沈阳,15间以下,4506,17472,1,12,酒店之家
2026W21,2026,21,2026-05-18,2026-05-24,沈阳,30-69间,564,23860,111,5646,酒店之家
2026W21,2026,21,2026-05-18,2026-05-24,沈阳,70-149间,472,47675,345,35693,酒店之家
2026W21,2026,21,2026-05-18,2026-05-24,沈阳,全部,6837,136749,532,56778,酒店之家
2026W21,2026,21,2026-05-18,2026-05-24,深圳,15-29间,2281,48035,29,628,酒店之家
2026W21,2026,21,2026-05-18,2026-05-24,深圳,150间及以上,445,100491,274,63401,酒店之家
2026W21,2026,21,2026-05-18,2026-05-24,深圳,15间以下,5557,24923,9,90,酒店之家
2026W21,2026,21,2026-05-18,2026-05-24,深圳,30-69间,2578,110879,173,8600,酒店之家
2026W21,2026,21,2026-05-18,2026-05-24,深圳,70-149间,1252,124048,512,54890,酒店之家
2026W21,2026,21,2026-05-18,2026-05-24,深圳,全部,12113,408376,997,127609,酒店之家
2026W21,2026,21,2026-05-18,2026-05-24,苏州,15-29间,1754,36059,109,2464,酒店之家
2026W21,2026,21,2026-05-18,2026-05-24,苏州,150间及以上,271,68226,183,44557,酒店之家
2026W21,2026,21,2026-05-18,2026-05-24,苏州,15间以下,6398,28402,133,1113,酒店之家
2026W21,2026,21,2026-05-18,2026-05-24,苏州,30-69间,1517,67420,422,20791,酒店之家
2026W21,2026,21,2026-05-18,2026-05-24,苏州,70-149间,879,86112,597,59998,酒店之家
2026W21,2026,21,2026-05-18,2026-05-24,苏州,全部,10819,286219,1444,128923,酒店之家
2026W21,2026,21,2026-05-18,2026-05-24,西安,15-29间,3320,65967,86,1965,酒店之家
2026W21,2026,21,2026-05-18,2026-05-24,西安,150间及以上,267,62722,163,37414,酒店之家
2026W21,2026,21,2026-05-18,2026-05-24,西安,15间以下,8351,39019,27,240,酒店之家
2026W21,2026,21,2026-05-18,2026-05-24,西安,30-69间,2045,88823,389,19295,酒店之家
2026W21,2026,21,2026-05-18,2026-05-24,西安,70-149间,1283,127240,772,78442,酒店之家
2026W21,2026,21,2026-05-18,2026-05-24,西安,全部,15266,383771,1437,137356,酒店之家
2026W21,2026,21,2026-05-18,2026-05-24,郑州,15-29间,2292,47079,31,738,酒店之家
2026W21,2026,21,2026-05-18,2026-05-24,郑州,150间及以上,171,38312,72,16402,酒店之家
2026W21,2026,21,2026-05-18,2026-05-24,郑州,15间以下,3292,17321,11,97,酒店之家
2026W21,2026,21,2026-05-18,2026-05-24,郑州,30-69间,2013,84540,185,9509,酒店之家
2026W21,2026,21,2026-05-18,2026-05-24,郑州,70-149间,872,84647,384,38960,酒店之家
2026W21,2026,21,2026-05-18,2026-05-24,郑州,全部,8640,271899,683,65706,酒店之家
2026W21,2026,21,2026-05-18,2026-05-24,重庆,15-29间,5995,122785,93,2053,酒店之家
2026W21,2026,21,2026-05-18,2026-05-24,重庆,150间及以上,330,73327,164,37362,酒店之家
2026W21,2026,21,2026-05-18,2026-05-24,重庆,15间以下,12615,62027,18,198,酒店之家
2026W21,2026,21,2026-05-18,2026-05-24,重庆,30-69间,3625,152241,280,14319,酒店之家
2026W21,2026,21,2026-05-18,2026-05-24,重庆,70-149间,1127,109954,554,56387,酒店之家
2026W21,2026,21,2026-05-18,2026-05-24,重庆,全部,23692,520334,1109,110319,酒店之家
2026W21,2026,21,2026-05-18,2026-05-24,长沙,15-29间,3199,65409,38,893,酒店之家
2026W21,2026,21,2026-05-18,2026-05-24,长沙,150间及以上,223,53034,142,32989,酒店之家
2026W21,2026,21,2026-05-18,2026-05-24,长沙,15间以下,6495,30365,12,110,酒店之家
2026W21,2026,21,2026-05-18,2026-05-24,长沙,30-69间,2010,85061,251,12961,酒店之家
2026W21,2026,21,2026-05-18,2026-05-24,长沙,70-149间,801,79886,489,50646,酒店之家
2026W21,2026,21,2026-05-18,2026-05-24,长沙,全部,12728,313755,932,97599,酒店之家
2026W21,2026,21,2026-05-18,2026-05-24,青岛,15-29间,1838,37170,56,1301,酒店之家
2026W21,2026,21,2026-05-18,2026-05-24,青岛,150间及以上,194,48701,112,29017,酒店之家
2026W21,2026,21,2026-05-18,2026-05-24,青岛,15间以下,10023,31051,23,189,酒店之家
2026W21,2026,21,2026-05-18,2026-05-24,青岛,30-69间,1434,62310,278,13565,酒店之家
2026W21,2026,21,2026-05-18,2026-05-24,青岛,70-149间,796,78300,511,50902,酒店之家
2026W21,2026,21,2026-05-18,2026-05-24,青岛,全部,14285,257532,980,94974,酒店之家
2026W22,2026,22,2026-05-25,2026-05-31,上海,15-29间,1950,40501,138,3236,酒店之家
2026W22,2026,22,2026-05-25,2026-05-31,上海,150间及以上,731,183806,581,146560,酒店之家
2026W22,2026,22,2026-05-25,2026-05-31,上海,15间以下,8507,30629,63,519,酒店之家
2026W22,2026,22,2026-05-25,2026-05-31,上海,30-69间,2366,106531,777,38447,酒店之家
2026W22,2026,22,2026-05-25,2026-05-31,上海,70-149间,1880,189131,1353,139015,酒店之家
2026W22,2026,22,2026-05-25,2026-05-31,上海,全部,15434,550598,2912,327777,酒店之家
2026W22,2026,22,2026-05-25,2026-05-31,东莞,15-29间,1619,32653,5,125,酒店之家
2026W22,2026,22,2026-05-25,2026-05-31,东莞,150间及以上,149,37877,46,8960,酒店之家
2026W22,2026,22,2026-05-25,2026-05-31,东莞,15间以下,1927,12532,1,10,酒店之家
2026W22,2026,22,2026-05-25,2026-05-31,东莞,30-69间,1751,77272,78,4012,酒店之家
2026W22,2026,22,2026-05-25,2026-05-31,东莞,70-149间,736,70572,247,25770,酒店之家
2026W22,2026,22,2026-05-25,2026-05-31,东莞,全部,6182,230906,377,38877,酒店之家
2026W22,2026,22,2026-05-25,2026-05-31,佛山,15-29间,1308,26429,18,389,酒店之家
2026W22,2026,22,2026-05-25,2026-05-31,佛山,150间及以上,126,28590,81,18550,酒店之家
2026W22,2026,22,2026-05-25,2026-05-31,佛山,15间以下,3161,15215,4,47,酒店之家
2026W22,2026,22,2026-05-25,2026-05-31,佛山,30-69间,1284,55169,75,3873,酒店之家
2026W22,2026,22,2026-05-25,2026-05-31,佛山,70-149间,558,55430,240,26037,酒店之家
2026W22,2026,22,2026-05-25,2026-05-31,佛山,全部,6437,180833,418,48896,酒店之家
2026W22,2026,22,2026-05-25,2026-05-31,全国,15-29间,189386,3848000,3934,89419,酒店之家
2026W22,2026,22,2026-05-25,2026-05-31,全国,150间及以上,15262,3630590,7153,1736174,酒店之家
2026W22,2026,22,2026-05-25,2026-05-31,全国,15间以下,556547,2536353,1975,18293,酒店之家
2026W22,2026,22,2026-05-25,2026-05-31,全国,30-69间,148084,6465613,21382,1074950,酒店之家
2026W22,2026,22,2026-05-25,2026-05-31,全国,70-149间,67921,6549558,33474,3311344,酒店之家
2026W22,2026,22,2026-05-25,2026-05-31,全国,全部,977200,23030114,67918,6230180,酒店之家
2026W22,2026,22,2026-05-25,2026-05-31,北京,15-29间,1873,38462,141,3216,酒店之家
2026W22,2026,22,2026-05-25,2026-05-31,北京,150间及以上,659,174495,377,97203,酒店之家
2026W22,2026,22,2026-05-25,2026-05-31,北京,15间以下,11541,44505,98,782,酒店之家
2026W22,2026,22,2026-05-25,2026-05-31,北京,30-69间,2508,115987,876,44860,酒店之家
2026W22,2026,22,2026-05-25,2026-05-31,北京,70-149间,2196,218069,1540,154677,酒店之家
2026W22,2026,22,2026-05-25,2026-05-31,北京,全部,18777,591518,3032,300738,酒店之家
2026W22,2026,22,2026-05-25,2026-05-31,南京,15-29间,1549,31780,83,1986,酒店之家
2026W22,2026,22,2026-05-25,2026-05-31,南京,150间及以上,249,59441,160,37722,酒店之家
2026W22,2026,22,2026-05-25,2026-05-31,南京,15间以下,4852,19083,19,196,酒店之家
2026W22,2026,22,2026-05-25,2026-05-31,南京,30-69间,1602,69935,499,24510,酒店之家
2026W22,2026,22,2026-05-25,2026-05-31,南京,70-149间,828,82185,606,61174,酒店之家
2026W22,2026,22,2026-05-25,2026-05-31,南京,全部,9080,262424,1367,125588,酒店之家
2026W22,2026,22,2026-05-25,2026-05-31,合肥,15-29间,1390,27998,77,1778,酒店之家
2026W22,2026,22,2026-05-25,2026-05-31,合肥,150间及以上,136,36082,75,19758,酒店之家
2026W22,2026,22,2026-05-25,2026-05-31,合肥,15间以下,2344,13955,9,95,酒店之家
2026W22,2026,22,2026-05-25,2026-05-31,合肥,30-69间,1090,47754,300,14853,酒店之家
2026W22,2026,22,2026-05-25,2026-05-31,合肥,70-149间,647,61963,447,43368,酒店之家
2026W22,2026,22,2026-05-25,2026-05-31,合肥,全部,5607,187752,908,79852,酒店之家
2026W22,2026,22,2026-05-25,2026-05-31,天津,15-29间,1121,22777,43,995,酒店之家
2026W22,2026,22,2026-05-25,2026-05-31,天津,150间及以上,137,31829,95,21854,酒店之家
2026W22,2026,22,2026-05-25,2026-05-31,天津,15间以下,6815,25307,6,57,酒店之家
2026W22,2026,22,2026-05-25,2026-05-31,天津,30-69间,925,41174,248,12446,酒店之家
2026W22,2026,22,2026-05-25,2026-05-31,天津,70-149间,777,75174,561,54989,酒店之家
2026W22,2026,22,2026-05-25,2026-05-31,天津,全部,9775,196261,953,90341,酒店之家
2026W22,2026,22,2026-05-25,2026-05-31,广州,15-29间,3022,62609,58,1316,酒店之家
2026W22,2026,22,2026-05-25,2026-05-31,广州,150间及以上,423,106661,289,75768,酒店之家
2026W22,2026,22,2026-05-25,2026-05-31,广州,15间以下,7105,28601,18,142,酒店之家
2026W22,2026,22,2026-05-25,2026-05-31,广州,30-69间,3319,144234,299,15136,酒店之家
2026W22,2026,22,2026-05-25,2026-05-31,广州,70-149间,1538,150816,779,80265,酒店之家
2026W22,2026,22,2026-05-25,2026-05-31,广州,全部,15407,492921,1443,172627,酒店之家
2026W22,2026,22,2026-05-25,2026-05-31,成都,15-29间,5064,102829,94,2234,酒店之家
2026W22,2026,22,2026-05-25,2026-05-31,成都,150间及以上,459,109413,265,63556,酒店之家
2026W22,2026,22,2026-05-25,2026-05-31,成都,15间以下,14578,59879,18,167,酒店之家
2026W22,2026,22,2026-05-25,2026-05-31,成都,30-69间,3540,150289,365,17925,酒店之家
2026W22,2026,22,2026-05-25,2026-05-31,成都,70-149间,1508,149413,712,74218,酒店之家
2026W22,2026,22,2026-05-25,2026-05-31,成都,全部,25149,571823,1454,158100,酒店之家
2026W22,2026,22,2026-05-25,2026-05-31,昆明,15-29间,3384,68807,20,451,酒店之家
2026W22,2026,22,2026-05-25,2026-05-31,昆明,150间及以上,192,48768,83,22698,酒店之家
2026W22,2026,22,2026-05-25,2026-05-31,昆明,15间以下,8804,29879,9,74,酒店之家
2026W22,2026,22,2026-05-25,2026-05-31,昆明,30-69间,1695,71358,126,6678,酒店之家
2026W22,2026,22,2026-05-25,2026-05-31,昆明,70-149间,732,72112,345,35166,酒店之家
2026W22,2026,22,2026-05-25,2026-05-31,昆明,全部,14807,290924,583,65067,酒店之家
2026W22,2026,22,2026-05-25,2026-05-31,杭州,15-29间,2270,45753,67,1497,酒店之家
2026W22,2026,22,2026-05-25,2026-05-31,杭州,150间及以上,450,104322,287,65931,酒店之家
2026W22,2026,22,2026-05-25,2026-05-31,杭州,15间以下,8718,42142,64,503,酒店之家
2026W22,2026,22,2026-05-25,2026-05-31,杭州,30-69间,2222,97067,311,15686,酒店之家
2026W22,2026,22,2026-05-25,2026-05-31,杭州,70-149间,1300,132311,775,82350,酒店之家
2026W22,2026,22,2026-05-25,2026-05-31,杭州,全部,14960,421595,1504,165967,酒店之家
2026W22,2026,22,2026-05-25,2026-05-31,武汉,15-29间,2196,44240,49,1134,酒店之家
2026W22,2026,22,2026-05-25,2026-05-31,武汉,150间及以上,236,54780,153,35384,酒店之家
2026W22,2026,22,2026-05-25,2026-05-31,武汉,15间以下,5585,27556,9,79,酒店之家
2026W22,2026,22,2026-05-25,2026-05-31,武汉,30-69间,1647,71436,281,14415,酒店之家
2026W22,2026,22,2026-05-25,2026-05-31,武汉,70-149间,1048,102587,725,73227,酒店之家
2026W22,2026,22,2026-05-25,2026-05-31,武汉,全部,10712,300599,1217,124239,酒店之家
2026W22,2026,22,2026-05-25,2026-05-31,沈阳,15-29间,1195,23515,13,318,酒店之家
2026W22,2026,22,2026-05-25,2026-05-31,沈阳,150间及以上,100,24398,61,15086,酒店之家
2026W22,2026,22,2026-05-25,2026-05-31,沈阳,15间以下,4557,17472,1,12,酒店之家
2026W22,2026,22,2026-05-25,2026-05-31,沈阳,30-69间,563,23821,112,5694,酒店之家
2026W22,2026,22,2026-05-25,2026-05-31,沈阳,70-149间,473,47736,347,35901,酒店之家
2026W22,2026,22,2026-05-25,2026-05-31,沈阳,全部,6888,136942,534,57011,酒店之家
2026W22,2026,22,2026-05-25,2026-05-31,深圳,15-29间,2279,47984,28,608,酒店之家
2026W22,2026,22,2026-05-25,2026-05-31,深圳,150间及以上,446,100736,274,63464,酒店之家
2026W22,2026,22,2026-05-25,2026-05-31,深圳,15间以下,5677,25099,10,100,酒店之家
2026W22,2026,22,2026-05-25,2026-05-31,深圳,30-69间,2572,110632,172,8549,酒店之家
2026W22,2026,22,2026-05-25,2026-05-31,深圳,70-149间,1257,124614,518,55554,酒店之家
2026W22,2026,22,2026-05-25,2026-05-31,深圳,全部,12231,409065,1002,128275,酒店之家
2026W22,2026,22,2026-05-25,2026-05-31,苏州,15-29间,1746,35886,108,2438,酒店之家
2026W22,2026,22,2026-05-25,2026-05-31,苏州,150间及以上,270,68025,182,44356,酒店之家
2026W22,2026,22,2026-05-25,2026-05-31,苏州,15间以下,6454,28406,130,1093,酒店之家
2026W22,2026,22,2026-05-25,2026-05-31,苏州,30-69间,1510,67144,420,20679,酒店之家
2026W22,2026,22,2026-05-25,2026-05-31,苏州,70-149间,878,86174,598,60163,酒店之家
2026W22,2026,22,2026-05-25,2026-05-31,苏州,全部,10858,285635,1438,128729,酒店之家
2026W22,2026,22,2026-05-25,2026-05-31,西安,15-29间,3300,65550,83,1904,酒店之家
2026W22,2026,22,2026-05-25,2026-05-31,西安,150间及以上,266,62556,162,37262,酒店之家
2026W22,2026,22,2026-05-25,2026-05-31,西安,15间以下,8457,39062,26,228,酒店之家
2026W22,2026,22,2026-05-25,2026-05-31,西安,30-69间,2044,88940,386,19188,酒店之家
2026W22,2026,22,2026-05-25,2026-05-31,西安,70-149间,1284,127320,774,78553,酒店之家
2026W22,2026,22,2026-05-25,2026-05-31,西安,全部,15351,383428,1431,137135,酒店之家
2026W22,2026,22,2026-05-25,2026-05-31,郑州,15-29间,2279,46807,31,738,酒店之家
2026W22,2026,22,2026-05-25,2026-05-31,郑州,150间及以上,171,38294,73,16558,酒店之家
2026W22,2026,22,2026-05-25,2026-05-31,郑州,15间以下,3371,17394,11,97,酒店之家
2026W22,2026,22,2026-05-25,2026-05-31,郑州,30-69间,2006,84290,185,9521,酒店之家
2026W22,2026,22,2026-05-25,2026-05-31,郑州,70-149间,876,85015,383,38867,酒店之家
2026W22,2026,22,2026-05-25,2026-05-31,郑州,全部,8703,271800,683,65781,酒店之家
2026W22,2026,22,2026-05-25,2026-05-31,重庆,15-29间,5954,121917,93,2053,酒店之家
2026W22,2026,22,2026-05-25,2026-05-31,重庆,150间及以上,331,73533,165,37512,酒店之家
2026W22,2026,22,2026-05-25,2026-05-31,重庆,15间以下,12886,62080,18,198,酒店之家
2026W22,2026,22,2026-05-25,2026-05-31,重庆,30-69间,3605,151354,279,14254,酒店之家
2026W22,2026,22,2026-05-25,2026-05-31,重庆,70-149间,1127,110008,556,56621,酒店之家
2026W22,2026,22,2026-05-25,2026-05-31,重庆,全部,23903,518892,1111,110638,酒店之家
2026W22,2026,22,2026-05-25,2026-05-31,长沙,15-29间,3184,65102,36,839,酒店之家
2026W22,2026,22,2026-05-25,2026-05-31,长沙,150间及以上,224,53180,142,32957,酒店之家
2026W22,2026,22,2026-05-25,2026-05-31,长沙,15间以下,6534,30315,12,110,酒店之家
2026W22,2026,22,2026-05-25,2026-05-31,长沙,30-69间,1989,84208,248,12832,酒店之家
2026W22,2026,22,2026-05-25,2026-05-31,长沙,70-149间,800,79807,489,50692,酒店之家
2026W22,2026,22,2026-05-25,2026-05-31,长沙,全部,12731,312612,927,97430,酒店之家
2026W22,2026,22,2026-05-25,2026-05-31,青岛,15-29间,1827,36911,56,1301,酒店之家
2026W22,2026,22,2026-05-25,2026-05-31,青岛,150间及以上,194,48701,112,29017,酒店之家
2026W22,2026,22,2026-05-25,2026-05-31,青岛,15间以下,10324,31486,24,195,酒店之家
2026W22,2026,22,2026-05-25,2026-05-31,青岛,30-69间,1435,62352,278,13574,酒店之家
2026W22,2026,22,2026-05-25,2026-05-31,青岛,70-149间,800,78652,515,51295,酒店之家
2026W22,2026,22,2026-05-25,2026-05-31,青岛,全部,14580,258102,985,95382,酒店之家
2026W23,2026,23,2026-06-01,2026-06-07,上海,15-29间,1957,40645,140,3286,酒店之家
2026W23,2026,23,2026-06-01,2026-06-07,上海,150间及以上,734,184374,583,146930,酒店之家
2026W23,2026,23,2026-06-01,2026-06-07,上海,15间以下,8785,30972,63,519,酒店之家
2026W23,2026,23,2026-06-01,2026-06-07,上海,30-69间,2370,106661,783,38732,酒店之家
2026W23,2026,23,2026-06-01,2026-06-07,上海,70-149间,1883,189441,1355,139253,酒店之家
2026W23,2026,23,2026-06-01,2026-06-07,上海,全部,15729,552093,2924,328720,酒店之家
2026W23,2026,23,2026-06-01,2026-06-07,东莞,15-29间,1625,32786,5,125,酒店之家
2026W23,2026,23,2026-06-01,2026-06-07,东莞,150间及以上,149,37877,46,8960,酒店之家
2026W23,2026,23,2026-06-01,2026-06-07,东莞,15间以下,1947,12570,1,10,酒店之家
2026W23,2026,23,2026-06-01,2026-06-07,东莞,30-69间,1750,77213,78,4012,酒店之家
2026W23,2026,23,2026-06-01,2026-06-07,东莞,70-149间,739,70810,244,25511,酒店之家
2026W23,2026,23,2026-06-01,2026-06-07,东莞,全部,6210,231256,374,38618,酒店之家
2026W23,2026,23,2026-06-01,2026-06-07,佛山,15-29间,1314,26554,18,389,酒店之家
2026W23,2026,23,2026-06-01,2026-06-07,佛山,150间及以上,127,28751,82,18711,酒店之家
2026W23,2026,23,2026-06-01,2026-06-07,佛山,15间以下,3192,15191,4,47,酒店之家
2026W23,2026,23,2026-06-01,2026-06-07,佛山,30-69间,1285,55301,75,3873,酒店之家
2026W23,2026,23,2026-06-01,2026-06-07,佛山,70-149间,560,55593,240,26016,酒店之家
2026W23,2026,23,2026-06-01,2026-06-07,佛山,全部,6478,181390,419,49036,酒店之家
2026W23,2026,23,2026-06-01,2026-06-07,全国,15-29间,189549,3852100,3930,89343,酒店之家
2026W23,2026,23,2026-06-01,2026-06-07,全国,150间及以上,15290,3634614,7154,1735020,酒店之家
2026W23,2026,23,2026-06-01,2026-06-07,全国,15间以下,564567,2546205,1975,18288,酒店之家
2026W23,2026,23,2026-06-01,2026-06-07,全国,30-69间,148387,6479390,21421,1076849,酒店之家
2026W23,2026,23,2026-06-01,2026-06-07,全国,70-149间,68075,6563293,33510,3314641,酒店之家
2026W23,2026,23,2026-06-01,2026-06-07,全国,全部,985868,23075602,67990,6234141,酒店之家
2026W23,2026,23,2026-06-01,2026-06-07,北京,15-29间,1872,38436,142,3242,酒店之家
2026W23,2026,23,2026-06-01,2026-06-07,北京,150间及以上,662,175071,377,97184,酒店之家
2026W23,2026,23,2026-06-01,2026-06-07,北京,15间以下,11593,44570,100,803,酒店之家
2026W23,2026,23,2026-06-01,2026-06-07,北京,30-69间,2512,116260,880,45046,酒店之家
2026W23,2026,23,2026-06-01,2026-06-07,北京,70-149间,2193,217813,1543,155030,酒店之家
2026W23,2026,23,2026-06-01,2026-06-07,北京,全部,18832,592150,3042,301305,酒店之家
2026W23,2026,23,2026-06-01,2026-06-07,南京,15-29间,1561,32056,85,2036,酒店之家
2026W23,2026,23,2026-06-01,2026-06-07,南京,150间及以上,249,59434,159,37559,酒店之家
2026W23,2026,23,2026-06-01,2026-06-07,南京,15间以下,4935,19216,19,196,酒店之家
2026W23,2026,23,2026-06-01,2026-06-07,南京,30-69间,1606,70053,498,24490,酒店之家
2026W23,2026,23,2026-06-01,2026-06-07,南京,70-149间,832,82571,609,61472,酒店之家
2026W23,2026,23,2026-06-01,2026-06-07,南京,全部,9183,263330,1370,125753,酒店之家
2026W23,2026,23,2026-06-01,2026-06-07,合肥,15-29间,1396,28120,78,1802,酒店之家
2026W23,2026,23,2026-06-01,2026-06-07,合肥,150间及以上,135,35920,75,19758,酒店之家
2026W23,2026,23,2026-06-01,2026-06-07,合肥,15间以下,2385,14018,9,95,酒店之家
2026W23,2026,23,2026-06-01,2026-06-07,合肥,30-69间,1094,47877,300,14853,酒店之家
2026W23,2026,23,2026-06-01,2026-06-07,合肥,70-149间,648,62090,448,43489,酒店之家
2026W23,2026,23,2026-06-01,2026-06-07,合肥,全部,5658,188025,910,79997,酒店之家
2026W23,2026,23,2026-06-01,2026-06-07,天津,15-29间,1118,22729,42,980,酒店之家
2026W23,2026,23,2026-06-01,2026-06-07,天津,150间及以上,137,31829,95,21854,酒店之家
2026W23,2026,23,2026-06-01,2026-06-07,天津,15间以下,6867,25150,5,44,酒店之家
2026W23,2026,23,2026-06-01,2026-06-07,天津,30-69间,924,41199,247,12398,酒店之家
2026W23,2026,23,2026-06-01,2026-06-07,天津,70-149间,781,75576,564,55294,酒店之家
2026W23,2026,23,2026-06-01,2026-06-07,天津,全部,9827,196483,953,90570,酒店之家
2026W23,2026,23,2026-06-01,2026-06-07,广州,15-29间,3016,62470,58,1311,酒店之家
2026W23,2026,23,2026-06-01,2026-06-07,广州,150间及以上,420,106140,289,75768,酒店之家
2026W23,2026,23,2026-06-01,2026-06-07,广州,15间以下,7203,28740,18,142,酒店之家
2026W23,2026,23,2026-06-01,2026-06-07,广州,30-69间,3323,144373,298,15085,酒店之家
2026W23,2026,23,2026-06-01,2026-06-07,广州,70-149间,1540,151145,781,80478,酒店之家
2026W23,2026,23,2026-06-01,2026-06-07,广州,全部,15502,492868,1444,172784,酒店之家
2026W23,2026,23,2026-06-01,2026-06-07,成都,15-29间,5073,103069,93,2208,酒店之家
2026W23,2026,23,2026-06-01,2026-06-07,成都,150间及以上,459,109443,265,63556,酒店之家
2026W23,2026,23,2026-06-01,2026-06-07,成都,15间以下,14704,60087,18,167,酒店之家
2026W23,2026,23,2026-06-01,2026-06-07,成都,30-69间,3542,150502,367,18066,酒店之家
2026W23,2026,23,2026-06-01,2026-06-07,成都,70-149间,1505,149206,710,74072,酒店之家
2026W23,2026,23,2026-06-01,2026-06-07,成都,全部,25283,572307,1453,158069,酒店之家
2026W23,2026,23,2026-06-01,2026-06-07,昆明,15-29间,3395,69053,20,451,酒店之家
2026W23,2026,23,2026-06-01,2026-06-07,昆明,150间及以上,193,48767,84,22884,酒店之家
2026W23,2026,23,2026-06-01,2026-06-07,昆明,15间以下,8855,29927,9,74,酒店之家
2026W23,2026,23,2026-06-01,2026-06-07,昆明,30-69间,1702,71591,127,6708,酒店之家
2026W23,2026,23,2026-06-01,2026-06-07,昆明,70-149间,732,72023,345,35166,酒店之家
2026W23,2026,23,2026-06-01,2026-06-07,昆明,全部,14877,291361,585,65283,酒店之家
2026W23,2026,23,2026-06-01,2026-06-07,杭州,15-29间,2272,45810,68,1526,酒店之家
2026W23,2026,23,2026-06-01,2026-06-07,杭州,150间及以上,451,104452,286,65736,酒店之家
2026W23,2026,23,2026-06-01,2026-06-07,杭州,15间以下,8951,42618,65,508,酒店之家
2026W23,2026,23,2026-06-01,2026-06-07,杭州,30-69间,2236,97646,312,15743,酒店之家
2026W23,2026,23,2026-06-01,2026-06-07,杭州,70-149间,1304,132672,776,82462,酒店之家
2026W23,2026,23,2026-06-01,2026-06-07,杭州,全部,15214,423198,1507,165975,酒店之家
2026W23,2026,23,2026-06-01,2026-06-07,武汉,15-29间,2200,44306,47,1094,酒店之家
2026W23,2026,23,2026-06-01,2026-06-07,武汉,150间及以上,236,54652,152,35106,酒店之家
2026W23,2026,23,2026-06-01,2026-06-07,武汉,15间以下,5642,27635,9,79,酒店之家
2026W23,2026,23,2026-06-01,2026-06-07,武汉,30-69间,1647,71392,283,14499,酒店之家
2026W23,2026,23,2026-06-01,2026-06-07,武汉,70-149间,1049,102675,722,72904,酒店之家
2026W23,2026,23,2026-06-01,2026-06-07,武汉,全部,10774,300660,1213,123682,酒店之家
2026W23,2026,23,2026-06-01,2026-06-07,沈阳,15-29间,1193,23452,13,318,酒店之家
2026W23,2026,23,2026-06-01,2026-06-07,沈阳,150间及以上,101,24613,61,15086,酒店之家
2026W23,2026,23,2026-06-01,2026-06-07,沈阳,15间以下,4629,17508,1,12,酒店之家
2026W23,2026,23,2026-06-01,2026-06-07,沈阳,30-69间,561,23745,112,5694,酒店之家
2026W23,2026,23,2026-06-01,2026-06-07,沈阳,70-149间,473,47768,346,35820,酒店之家
2026W23,2026,23,2026-06-01,2026-06-07,沈阳,全部,6957,137086,533,56930,酒店之家
2026W23,2026,23,2026-06-01,2026-06-07,深圳,15-29间,2289,48220,29,629,酒店之家
2026W23,2026,23,2026-06-01,2026-06-07,深圳,150间及以上,446,99900,272,62301,酒店之家
2026W23,2026,23,2026-06-01,2026-06-07,深圳,15间以下,5717,25225,10,100,酒店之家
2026W23,2026,23,2026-06-01,2026-06-07,深圳,30-69间,2568,110416,171,8479,酒店之家
2026W23,2026,23,2026-06-01,2026-06-07,深圳,70-149间,1262,125059,521,55851,酒店之家
2026W23,2026,23,2026-06-01,2026-06-07,深圳,全部,12282,408820,1003,127360,酒店之家
2026W23,2026,23,2026-06-01,2026-06-07,苏州,15-29间,1754,36089,109,2455,酒店之家
2026W23,2026,23,2026-06-01,2026-06-07,苏州,150间及以上,269,67860,182,44356,酒店之家
2026W23,2026,23,2026-06-01,2026-06-07,苏州,15间以下,6554,28678,130,1096,酒店之家
2026W23,2026,23,2026-06-01,2026-06-07,苏州,30-69间,1514,67336,430,21170,酒店之家
2026W23,2026,23,2026-06-01,2026-06-07,苏州,70-149间,879,86255,599,60267,酒店之家
2026W23,2026,23,2026-06-01,2026-06-07,苏州,全部,10970,286218,1450,129344,酒店之家
2026W23,2026,23,2026-06-01,2026-06-07,西安,15-29间,3300,65571,85,1947,酒店之家
2026W23,2026,23,2026-06-01,2026-06-07,西安,150间及以上,265,62385,162,37262,酒店之家
2026W23,2026,23,2026-06-01,2026-06-07,西安,15间以下,8538,39193,27,240,酒店之家
2026W23,2026,23,2026-06-01,2026-06-07,西安,30-69间,2055,89435,390,19383,酒店之家
2026W23,2026,23,2026-06-01,2026-06-07,西安,70-149间,1284,127379,778,78926,酒店之家
2026W23,2026,23,2026-06-01,2026-06-07,西安,全部,15442,383963,1442,137758,酒店之家
2026W23,2026,23,2026-06-01,2026-06-07,郑州,15-29间,2277,46714,31,738,酒店之家
2026W23,2026,23,2026-06-01,2026-06-07,郑州,150间及以上,170,38099,71,16160,酒店之家
2026W23,2026,23,2026-06-01,2026-06-07,郑州,15间以下,3430,17543,11,97,酒店之家
2026W23,2026,23,2026-06-01,2026-06-07,郑州,30-69间,2012,84539,186,9576,酒店之家
2026W23,2026,23,2026-06-01,2026-06-07,郑州,70-149间,882,85546,384,39002,酒店之家
2026W23,2026,23,2026-06-01,2026-06-07,郑州,全部,8771,272441,683,65573,酒店之家
2026W23,2026,23,2026-06-01,2026-06-07,重庆,15-29间,5957,122035,92,2032,酒店之家
2026W23,2026,23,2026-06-01,2026-06-07,重庆,150间及以上,330,73349,165,37512,酒店之家
2026W23,2026,23,2026-06-01,2026-06-07,重庆,15间以下,13120,62429,18,198,酒店之家
2026W23,2026,23,2026-06-01,2026-06-07,重庆,30-69间,3609,151517,279,14239,酒店之家
2026W23,2026,23,2026-06-01,2026-06-07,重庆,70-149间,1134,110664,557,56701,酒店之家
2026W23,2026,23,2026-06-01,2026-06-07,重庆,全部,24150,519994,1111,110682,酒店之家
2026W23,2026,23,2026-06-01,2026-06-07,长沙,15-29间,3189,65238,36,833,酒店之家
2026W23,2026,23,2026-06-01,2026-06-07,长沙,150间及以上,224,53181,142,32958,酒店之家
2026W23,2026,23,2026-06-01,2026-06-07,长沙,15间以下,6698,30567,12,110,酒店之家
2026W23,2026,23,2026-06-01,2026-06-07,长沙,30-69间,1994,84403,248,12834,酒店之家
2026W23,2026,23,2026-06-01,2026-06-07,长沙,70-149间,801,79866,487,50482,酒店之家
2026W23,2026,23,2026-06-01,2026-06-07,长沙,全部,12906,313255,925,97217,酒店之家
2026W23,2026,23,2026-06-01,2026-06-07,青岛,15-29间,1819,36814,55,1281,酒店之家
2026W23,2026,23,2026-06-01,2026-06-07,青岛,150间及以上,194,48731,112,29017,酒店之家
2026W23,2026,23,2026-06-01,2026-06-07,青岛,15间以下,10617,31700,24,195,酒店之家
2026W23,2026,23,2026-06-01,2026-06-07,青岛,30-69间,1440,62492,279,13596,酒店之家
2026W23,2026,23,2026-06-01,2026-06-07,青岛,70-149间,800,78675,514,51241,酒店之家
2026W23,2026,23,2026-06-01,2026-06-07,青岛,全部,14870,258412,984,95330,酒店之家
2026W24,2026,24,2026-06-08,2026-06-14,上海,15-29间,1977,41038,140,3286,酒店之家
2026W24,2026,24,2026-06-08,2026-06-14,上海,150间及以上,734,184371,584,147125,酒店之家
2026W24,2026,24,2026-06-08,2026-06-14,上海,15间以下,8909,31259,62,507,酒店之家
2026W24,2026,24,2026-06-08,2026-06-14,上海,30-69间,2380,107065,785,38834,酒店之家
2026W24,2026,24,2026-06-08,2026-06-14,上海,70-149间,1885,189506,1358,139462,酒店之家
2026W24,2026,24,2026-06-08,2026-06-14,上海,全部,15885,553239,2929,329214,酒店之家
2026W24,2026,24,2026-06-08,2026-06-14,东莞,15-29间,1635,32982,5,125,酒店之家
2026W24,2026,24,2026-06-08,2026-06-14,东莞,150间及以上,149,37831,47,9162,酒店之家
2026W24,2026,24,2026-06-08,2026-06-14,东莞,15间以下,1962,12668,1,10,酒店之家
2026W24,2026,24,2026-06-08,2026-06-14,东莞,30-69间,1752,77265,78,4012,酒店之家
2026W24,2026,24,2026-06-08,2026-06-14,东莞,70-149间,741,70918,242,25327,酒店之家
2026W24,2026,24,2026-06-08,2026-06-14,东莞,全部,6239,231664,373,38636,酒店之家
2026W24,2026,24,2026-06-08,2026-06-14,佛山,15-29间,1313,26552,18,389,酒店之家
2026W24,2026,24,2026-06-08,2026-06-14,佛山,150间及以上,127,28758,83,18945,酒店之家
2026W24,2026,24,2026-06-08,2026-06-14,佛山,15间以下,3237,15275,4,47,酒店之家
2026W24,2026,24,2026-06-08,2026-06-14,佛山,30-69间,1285,55333,74,3835,酒店之家
2026W24,2026,24,2026-06-08,2026-06-14,佛山,70-149间,561,55663,240,26018,酒店之家
2026W24,2026,24,2026-06-08,2026-06-14,佛山,全部,6523,181581,419,49234,酒店之家
2026W24,2026,24,2026-06-08,2026-06-14,全国,15-29间,190545,3872288,3937,89488,酒店之家
2026W24,2026,24,2026-06-08,2026-06-14,全国,150间及以上,15302,3637194,7165,1737247,酒店之家
2026W24,2026,24,2026-06-08,2026-06-14,全国,15间以下,573280,2568194,1975,18289,酒店之家
2026W24,2026,24,2026-06-08,2026-06-14,全国,30-69间,149020,6506907,21440,1077767,酒店之家
2026W24,2026,24,2026-06-08,2026-06-14,全国,70-149间,68240,6579392,33559,3320240,酒店之家
2026W24,2026,24,2026-06-08,2026-06-14,全国,全部,996387,23163975,68076,6243031,酒店之家
2026W24,2026,24,2026-06-08,2026-06-14,北京,15-29间,1882,38611,143,3270,酒店之家
2026W24,2026,24,2026-06-08,2026-06-14,北京,150间及以上,661,174891,378,97437,酒店之家
2026W24,2026,24,2026-06-08,2026-06-14,北京,15间以下,11765,44917,100,803,酒店之家
2026W24,2026,24,2026-06-08,2026-06-14,北京,30-69间,2518,116595,885,45292,酒店之家
2026W24,2026,24,2026-06-08,2026-06-14,北京,70-149间,2206,219040,1549,155624,酒店之家
2026W24,2026,24,2026-06-08,2026-06-14,北京,全部,19032,594054,3055,302426,酒店之家
2026W24,2026,24,2026-06-08,2026-06-14,南京,15-29间,1560,32061,86,2052,酒店之家
2026W24,2026,24,2026-06-08,2026-06-14,南京,150间及以上,249,59462,159,37587,酒店之家
2026W24,2026,24,2026-06-08,2026-06-14,南京,15间以下,5009,19337,19,196,酒店之家
2026W24,2026,24,2026-06-08,2026-06-14,南京,30-69间,1613,70366,499,24555,酒店之家
2026W24,2026,24,2026-06-08,2026-06-14,南京,70-149间,831,82429,607,61239,酒店之家
2026W24,2026,24,2026-06-08,2026-06-14,南京,全部,9262,263655,1370,125629,酒店之家
2026W24,2026,24,2026-06-08,2026-06-14,合肥,15-29间,1400,28207,76,1745,酒店之家
2026W24,2026,24,2026-06-08,2026-06-14,合肥,150间及以上,134,35764,75,19758,酒店之家
2026W24,2026,24,2026-06-08,2026-06-14,合肥,15间以下,2403,14059,9,95,酒店之家
2026W24,2026,24,2026-06-08,2026-06-14,合肥,30-69间,1096,47984,299,14821,酒店之家
2026W24,2026,24,2026-06-08,2026-06-14,合肥,70-149间,649,62216,448,43486,酒店之家
2026W24,2026,24,2026-06-08,2026-06-14,合肥,全部,5682,188230,907,79905,酒店之家
2026W24,2026,24,2026-06-08,2026-06-14,天津,15-29间,1116,22680,42,980,酒店之家
2026W24,2026,24,2026-06-08,2026-06-14,天津,150间及以上,138,31983,96,22008,酒店之家
2026W24,2026,24,2026-06-08,2026-06-14,天津,15间以下,6912,25310,5,44,酒店之家
2026W24,2026,24,2026-06-08,2026-06-14,天津,30-69间,932,41477,247,12408,酒店之家
2026W24,2026,24,2026-06-08,2026-06-14,天津,70-149间,783,75872,564,55394,酒店之家
2026W24,2026,24,2026-06-08,2026-06-14,天津,全部,9881,197322,954,90834,酒店之家
2026W24,2026,24,2026-06-08,2026-06-14,广州,15-29间,3031,62737,58,1311,酒店之家
2026W24,2026,24,2026-06-08,2026-06-14,广州,150间及以上,421,106293,289,75768,酒店之家
2026W24,2026,24,2026-06-08,2026-06-14,广州,15间以下,7367,29048,18,142,酒店之家
2026W24,2026,24,2026-06-08,2026-06-14,广州,30-69间,3329,144754,298,15095,酒店之家
2026W24,2026,24,2026-06-08,2026-06-14,广州,70-149间,1536,150664,779,80376,酒店之家
2026W24,2026,24,2026-06-08,2026-06-14,广州,全部,15684,493496,1442,172692,酒店之家
2026W24,2026,24,2026-06-08,2026-06-14,成都,15-29间,5089,103376,92,2183,酒店之家
2026W24,2026,24,2026-06-08,2026-06-14,成都,150间及以上,459,109398,266,63760,酒店之家
2026W24,2026,24,2026-06-08,2026-06-14,成都,15间以下,14805,60349,17,157,酒店之家
2026W24,2026,24,2026-06-08,2026-06-14,成都,30-69间,3562,151366,369,18144,酒店之家
2026W24,2026,24,2026-06-08,2026-06-14,成都,70-149间,1509,149513,713,74352,酒店之家
2026W24,2026,24,2026-06-08,2026-06-14,成都,全部,25424,574002,1457,158596,酒店之家
2026W24,2026,24,2026-06-08,2026-06-14,昆明,15-29间,3405,69259,20,451,酒店之家
2026W24,2026,24,2026-06-08,2026-06-14,昆明,150间及以上,193,48974,84,22884,酒店之家
2026W24,2026,24,2026-06-08,2026-06-14,昆明,15间以下,8988,30058,9,74,酒店之家
2026W24,2026,24,2026-06-08,2026-06-14,昆明,30-69间,1710,71902,126,6659,酒店之家
2026W24,2026,24,2026-06-08,2026-06-14,昆明,70-149间,736,72434,345,35157,酒店之家
2026W24,2026,24,2026-06-08,2026-06-14,昆明,全部,15032,292627,584,65225,酒店之家
2026W24,2026,24,2026-06-08,2026-06-14,杭州,15-29间,2289,46147,67,1497,酒店之家
2026W24,2026,24,2026-06-08,2026-06-14,杭州,150间及以上,451,104452,285,65524,酒店之家
2026W24,2026,24,2026-06-08,2026-06-14,杭州,15间以下,9052,42920,65,508,酒店之家
2026W24,2026,24,2026-06-08,2026-06-14,杭州,30-69间,2239,97756,311,15685,酒店之家
2026W24,2026,24,2026-06-08,2026-06-14,杭州,70-149间,1307,132967,777,82590,酒店之家
2026W24,2026,24,2026-06-08,2026-06-14,杭州,全部,15338,424242,1505,165804,酒店之家
2026W24,2026,24,2026-06-08,2026-06-14,武汉,15-29间,2208,44484,47,1094,酒店之家
2026W24,2026,24,2026-06-08,2026-06-14,武汉,150间及以上,237,54844,152,35106,酒店之家
2026W24,2026,24,2026-06-08,2026-06-14,武汉,15间以下,5700,27646,9,79,酒店之家
2026W24,2026,24,2026-06-08,2026-06-14,武汉,30-69间,1648,71475,282,14474,酒店之家
2026W24,2026,24,2026-06-08,2026-06-14,武汉,70-149间,1053,103149,723,73072,酒店之家
2026W24,2026,24,2026-06-08,2026-06-14,武汉,全部,10846,301598,1213,123825,酒店之家
2026W24,2026,24,2026-06-08,2026-06-14,沈阳,15-29间,1189,23381,13,318,酒店之家
2026W24,2026,24,2026-06-08,2026-06-14,沈阳,150间及以上,101,24613,61,15086,酒店之家
2026W24,2026,24,2026-06-08,2026-06-14,沈阳,15间以下,4665,17556,1,12,酒店之家
2026W24,2026,24,2026-06-08,2026-06-14,沈阳,30-69间,569,24119,112,5694,酒店之家
2026W24,2026,24,2026-06-08,2026-06-14,沈阳,70-149间,475,47942,347,35914,酒店之家
2026W24,2026,24,2026-06-08,2026-06-14,沈阳,全部,6999,137611,534,57024,酒店之家
2026W24,2026,24,2026-06-08,2026-06-14,深圳,15-29间,2305,48548,29,629,酒店之家
2026W24,2026,24,2026-06-08,2026-06-14,深圳,150间及以上,445,99797,271,62198,酒店之家
2026W24,2026,24,2026-06-08,2026-06-14,深圳,15间以下,5793,25513,10,100,酒店之家
2026W24,2026,24,2026-06-08,2026-06-14,深圳,30-69间,2579,110937,171,8466,酒店之家
2026W24,2026,24,2026-06-08,2026-06-14,深圳,70-149间,1266,125423,523,56085,酒店之家
2026W24,2026,24,2026-06-08,2026-06-14,深圳,全部,12388,410218,1004,127478,酒店之家
2026W24,2026,24,2026-06-08,2026-06-14,苏州,15-29间,1757,36125,107,2417,酒店之家
2026W24,2026,24,2026-06-08,2026-06-14,苏州,150间及以上,270,67993,183,44499,酒店之家
2026W24,2026,24,2026-06-08,2026-06-14,苏州,15间以下,6628,28878,132,1117,酒店之家
2026W24,2026,24,2026-06-08,2026-06-14,苏州,30-69间,1515,67381,430,21153,酒店之家
2026W24,2026,24,2026-06-08,2026-06-14,苏州,70-149间,880,86351,598,60192,酒店之家
2026W24,2026,24,2026-06-08,2026-06-14,苏州,全部,11050,286728,1450,129378,酒店之家
2026W24,2026,24,2026-06-08,2026-06-14,西安,15-29间,3320,65968,84,1921,酒店之家
2026W24,2026,24,2026-06-08,2026-06-14,西安,150间及以上,263,62042,160,36917,酒店之家
2026W24,2026,24,2026-06-08,2026-06-14,西安,15间以下,8561,39193,27,240,酒店之家
2026W24,2026,24,2026-06-08,2026-06-14,西安,30-69间,2067,89964,388,19293,酒店之家
2026W24,2026,24,2026-06-08,2026-06-14,西安,70-149间,1283,127325,776,78826,酒店之家
2026W24,2026,24,2026-06-08,2026-06-14,西安,全部,15494,384492,1435,137197,酒店之家
2026W24,2026,24,2026-06-08,2026-06-14,郑州,15-29间,2281,46787,31,738,酒店之家
2026W24,2026,24,2026-06-08,2026-06-14,郑州,150间及以上,173,38567,72,16310,酒店之家
2026W24,2026,24,2026-06-08,2026-06-14,郑州,15间以下,3489,17629,11,97,酒店之家
2026W24,2026,24,2026-06-08,2026-06-14,郑州,30-69间,2016,84696,187,9634,酒店之家
2026W24,2026,24,2026-06-08,2026-06-14,郑州,70-149间,879,85146,384,38956,酒店之家
2026W24,2026,24,2026-06-08,2026-06-14,郑州,全部,8838,272825,685,65735,酒店之家
2026W24,2026,24,2026-06-08,2026-06-14,重庆,15-29间,6000,122936,93,2052,酒店之家
2026W24,2026,24,2026-06-08,2026-06-14,重庆,150间及以上,331,73556,165,37512,酒店之家
2026W24,2026,24,2026-06-08,2026-06-14,重庆,15间以下,13284,62880,18,198,酒店之家
2026W24,2026,24,2026-06-08,2026-06-14,重庆,30-69间,3630,152418,280,14274,酒店之家
2026W24,2026,24,2026-06-08,2026-06-14,重庆,70-149间,1137,110928,559,56894,酒店之家
2026W24,2026,24,2026-06-08,2026-06-14,重庆,全部,24382,522718,1115,110930,酒店之家
2026W24,2026,24,2026-06-08,2026-06-14,长沙,15-29间,3196,65343,37,861,酒店之家
2026W24,2026,24,2026-06-08,2026-06-14,长沙,150间及以上,224,53263,141,32840,酒店之家
2026W24,2026,24,2026-06-08,2026-06-14,长沙,15间以下,6765,30800,12,110,酒店之家
2026W24,2026,24,2026-06-08,2026-06-14,长沙,30-69间,1999,84632,248,12808,酒店之家
2026W24,2026,24,2026-06-08,2026-06-14,长沙,70-149间,804,80199,490,50769,酒店之家
2026W24,2026,24,2026-06-08,2026-06-14,长沙,全部,12988,314237,928,97388,酒店之家
2026W24,2026,24,2026-06-08,2026-06-14,青岛,15-29间,1842,37274,55,1281,酒店之家
2026W24,2026,24,2026-06-08,2026-06-14,青岛,150间及以上,195,48934,113,29220,酒店之家
2026W24,2026,24,2026-06-08,2026-06-14,青岛,15间以下,10916,32167,24,195,酒店之家
2026W24,2026,24,2026-06-08,2026-06-14,青岛,30-69间,1451,62925,280,13653,酒店之家
2026W24,2026,24,2026-06-08,2026-06-14,青岛,70-149间,805,79260,518,51734,酒店之家
2026W24,2026,24,2026-06-08,2026-06-14,青岛,全部,15209,260560,990,96083,酒店之家
2026W25,2026,25,2026-06-15,2026-06-21,上海,15-29间,1984,41178,140,3286,酒店之家
2026W25,2026,25,2026-06-15,2026-06-21,上海,150间及以上,733,184799,584,147181,酒店之家
2026W25,2026,25,2026-06-15,2026-06-21,上海,15间以下,9048,31406,62,507,酒店之家
2026W25,2026,25,2026-06-15,2026-06-21,上海,30-69间,2388,107496,788,39005,酒店之家
2026W25,2026,25,2026-06-15,2026-06-21,上海,70-149间,1890,190082,1363,139965,酒店之家
2026W25,2026,25,2026-06-15,2026-06-21,上海,全部,16043,554961,2937,329944,酒店之家
2026W25,2026,25,2026-06-15,2026-06-21,东莞,15-29间,1635,32996,5,125,酒店之家
2026W25,2026,25,2026-06-15,2026-06-21,东莞,150间及以上,148,37542,47,9162,酒店之家
2026W25,2026,25,2026-06-15,2026-06-21,东莞,15间以下,1964,12646,1,10,酒店之家
2026W25,2026,25,2026-06-15,2026-06-21,东莞,30-69间,1751,77206,76,3916,酒店之家
2026W25,2026,25,2026-06-15,2026-06-21,东莞,70-149间,739,70778,242,25327,酒店之家
2026W25,2026,25,2026-06-15,2026-06-21,东莞,全部,6237,231168,371,38540,酒店之家
2026W25,2026,25,2026-06-15,2026-06-21,佛山,15-29间,1314,26568,18,389,酒店之家
2026W25,2026,25,2026-06-15,2026-06-21,佛山,150间及以上,128,29008,84,19195,酒店之家
2026W25,2026,25,2026-06-15,2026-06-21,佛山,15间以下,3249,15247,4,47,酒店之家
2026W25,2026,25,2026-06-15,2026-06-21,佛山,30-69间,1287,55373,74,3844,酒店之家
2026W25,2026,25,2026-06-15,2026-06-21,佛山,70-149间,563,55860,241,26153,酒店之家
2026W25,2026,25,2026-06-15,2026-06-21,佛山,全部,6541,182056,421,49628,酒店之家
2026W25,2026,25,2026-06-15,2026-06-21,全国,15-29间,190462,3871285,3961,90033,酒店之家
2026W25,2026,25,2026-06-15,2026-06-21,全国,150间及以上,15320,3642343,7176,1739424,酒店之家
2026W25,2026,25,2026-06-15,2026-06-21,全国,15间以下,577202,2570327,1974,18300,酒店之家
2026W25,2026,25,2026-06-15,2026-06-21,全国,30-69间,149272,6518716,21478,1079762,酒店之家
2026W25,2026,25,2026-06-15,2026-06-21,全国,70-149间,68370,6591989,33641,3328078,酒店之家
2026W25,2026,25,2026-06-15,2026-06-21,全国,全部,1000626,23194660,68230,6255597,酒店之家
2026W25,2026,25,2026-06-15,2026-06-21,北京,15-29间,1876,38499,143,3270,酒店之家
2026W25,2026,25,2026-06-15,2026-06-21,北京,150间及以上,661,174891,378,97437,酒店之家
2026W25,2026,25,2026-06-15,2026-06-21,北京,15间以下,11927,45250,100,803,酒店之家
2026W25,2026,25,2026-06-15,2026-06-21,北京,30-69间,2519,116578,887,45330,酒店之家
2026W25,2026,25,2026-06-15,2026-06-21,北京,70-149间,2217,220188,1552,155940,酒店之家
2026W25,2026,25,2026-06-15,2026-06-21,北京,全部,19200,595406,3060,302780,酒店之家
2026W25,2026,25,2026-06-15,2026-06-21,南京,15-29间,1561,32072,87,2070,酒店之家
2026W25,2026,25,2026-06-15,2026-06-21,南京,150间及以上,250,59775,160,37887,酒店之家
2026W25,2026,25,2026-06-15,2026-06-21,南京,15间以下,5091,19586,19,196,酒店之家
2026W25,2026,25,2026-06-15,2026-06-21,南京,30-69间,1615,70503,503,24779,酒店之家
2026W25,2026,25,2026-06-15,2026-06-21,南京,70-149间,831,82439,608,61340,酒店之家
2026W25,2026,25,2026-06-15,2026-06-21,南京,全部,9348,264375,1377,126272,酒店之家
2026W25,2026,25,2026-06-15,2026-06-21,合肥,15-29间,1395,28097,76,1745,酒店之家
2026W25,2026,25,2026-06-15,2026-06-21,合肥,150间及以上,134,35764,75,19758,酒店之家
2026W25,2026,25,2026-06-15,2026-06-21,合肥,15间以下,2430,14079,9,95,酒店之家
2026W25,2026,25,2026-06-15,2026-06-21,合肥,30-69间,1094,47917,299,14829,酒店之家
2026W25,2026,25,2026-06-15,2026-06-21,合肥,70-149间,650,62272,447,43415,酒店之家
2026W25,2026,25,2026-06-15,2026-06-21,合肥,全部,5703,188129,906,79842,酒店之家
2026W25,2026,25,2026-06-15,2026-06-21,天津,15-29间,1110,22565,42,980,酒店之家
2026W25,2026,25,2026-06-15,2026-06-21,天津,150间及以上,138,31983,96,22008,酒店之家
2026W25,2026,25,2026-06-15,2026-06-21,天津,15间以下,6963,25228,5,44,酒店之家
2026W25,2026,25,2026-06-15,2026-06-21,天津,30-69间,930,41485,247,12440,酒店之家
2026W25,2026,25,2026-06-15,2026-06-21,天津,70-149间,783,75886,565,55522,酒店之家
2026W25,2026,25,2026-06-15,2026-06-21,天津,全部,9924,197147,955,90994,酒店之家
2026W25,2026,25,2026-06-15,2026-06-21,广州,15-29间,3027,62708,58,1311,酒店之家
2026W25,2026,25,2026-06-15,2026-06-21,广州,150间及以上,420,106125,289,75768,酒店之家
2026W25,2026,25,2026-06-15,2026-06-21,广州,15间以下,7451,29134,18,142,酒店之家
2026W25,2026,25,2026-06-15,2026-06-21,广州,30-69间,3336,145216,301,15266,酒店之家
2026W25,2026,25,2026-06-15,2026-06-21,广州,70-149间,1535,150521,775,80016,酒店之家
2026W25,2026,25,2026-06-15,2026-06-21,广州,全部,15769,493704,1441,172503,酒店之家
2026W25,2026,25,2026-06-15,2026-06-21,成都,15-29间,5086,103303,94,2228,酒店之家
2026W25,2026,25,2026-06-15,2026-06-21,成都,150间及以上,460,109542,266,63772,酒店之家
2026W25,2026,25,2026-06-15,2026-06-21,成都,15间以下,14900,60488,16,149,酒店之家
2026W25,2026,25,2026-06-15,2026-06-21,成都,30-69间,3560,151348,369,18141,酒店之家
2026W25,2026,25,2026-06-15,2026-06-21,成都,70-149间,1509,149536,713,74379,酒店之家
2026W25,2026,25,2026-06-15,2026-06-21,成都,全部,25515,574217,1458,158669,酒店之家
2026W25,2026,25,2026-06-15,2026-06-21,昆明,15-29间,3395,69075,20,451,酒店之家
2026W25,2026,25,2026-06-15,2026-06-21,昆明,150间及以上,196,49451,84,22884,酒店之家
2026W25,2026,25,2026-06-15,2026-06-21,昆明,15间以下,9076,30102,9,74,酒店之家
2026W25,2026,25,2026-06-15,2026-06-21,昆明,30-69间,1710,71969,127,6725,酒店之家
2026W25,2026,25,2026-06-15,2026-06-21,昆明,70-149间,737,72396,344,34997,酒店之家
2026W25,2026,25,2026-06-15,2026-06-21,昆明,全部,15114,292993,584,65131,酒店之家
2026W25,2026,25,2026-06-15,2026-06-21,杭州,15-29间,2283,46027,67,1497,酒店之家
2026W25,2026,25,2026-06-15,2026-06-21,杭州,150间及以上,452,105658,285,65478,酒店之家
2026W25,2026,25,2026-06-15,2026-06-21,杭州,15间以下,9122,42957,66,519,酒店之家
2026W25,2026,25,2026-06-15,2026-06-21,杭州,30-69间,2248,98205,314,15822,酒店之家
2026W25,2026,25,2026-06-15,2026-06-21,杭州,70-149间,1305,132786,778,82667,酒店之家
2026W25,2026,25,2026-06-15,2026-06-21,杭州,全部,15410,425633,1510,165983,酒店之家
2026W25,2026,25,2026-06-15,2026-06-21,武汉,15-29间,2199,44320,47,1096,酒店之家
2026W25,2026,25,2026-06-15,2026-06-21,武汉,150间及以上,237,54865,152,35127,酒店之家
2026W25,2026,25,2026-06-15,2026-06-21,武汉,15间以下,5780,27693,9,79,酒店之家
2026W25,2026,25,2026-06-15,2026-06-21,武汉,30-69间,1648,71408,280,14386,酒店之家
2026W25,2026,25,2026-06-15,2026-06-21,武汉,70-149间,1058,103619,726,73304,酒店之家
2026W25,2026,25,2026-06-15,2026-06-21,武汉,全部,10922,301905,1214,123992,酒店之家
2026W25,2026,25,2026-06-15,2026-06-21,沈阳,15-29间,1193,23472,13,318,酒店之家
2026W25,2026,25,2026-06-15,2026-06-21,沈阳,150间及以上,100,24425,61,15086,酒店之家
2026W25,2026,25,2026-06-15,2026-06-21,沈阳,15间以下,4722,17621,1,12,酒店之家
2026W25,2026,25,2026-06-15,2026-06-21,沈阳,30-69间,571,24250,114,5820,酒店之家
2026W25,2026,25,2026-06-15,2026-06-21,沈阳,70-149间,473,47798,346,35841,酒店之家
2026W25,2026,25,2026-06-15,2026-06-21,沈阳,全部,7059,137566,535,57077,酒店之家
2026W25,2026,25,2026-06-15,2026-06-21,深圳,15-29间,2313,48698,31,665,酒店之家
2026W25,2026,25,2026-06-15,2026-06-21,深圳,150间及以上,446,99909,272,62340,酒店之家
2026W25,2026,25,2026-06-15,2026-06-21,深圳,15间以下,5908,25821,10,100,酒店之家
2026W25,2026,25,2026-06-15,2026-06-21,深圳,30-69间,2582,111073,171,8466,酒店之家
2026W25,2026,25,2026-06-15,2026-06-21,深圳,70-149间,1262,124927,524,56182,酒店之家
2026W25,2026,25,2026-06-15,2026-06-21,深圳,全部,12511,410428,1008,127753,酒店之家
2026W25,2026,25,2026-06-15,2026-06-21,苏州,15-29间,1747,35955,107,2417,酒店之家
2026W25,2026,25,2026-06-15,2026-06-21,苏州,150间及以上,270,67993,183,44499,酒店之家
2026W25,2026,25,2026-06-15,2026-06-21,苏州,15间以下,6649,28777,132,1117,酒店之家
2026W25,2026,25,2026-06-15,2026-06-21,苏州,30-69间,1515,67400,429,21145,酒店之家
2026W25,2026,25,2026-06-15,2026-06-21,苏州,70-149间,881,86504,597,60150,酒店之家
2026W25,2026,25,2026-06-15,2026-06-21,苏州,全部,11062,286629,1448,129328,酒店之家
2026W25,2026,25,2026-06-15,2026-06-21,西安,15-29间,3303,65666,83,1900,酒店之家
2026W25,2026,25,2026-06-15,2026-06-21,西安,150间及以上,262,61892,159,36767,酒店之家
2026W25,2026,25,2026-06-15,2026-06-21,西安,15间以下,8661,39361,28,252,酒店之家
2026W25,2026,25,2026-06-15,2026-06-21,西安,30-69间,2071,90197,388,19312,酒店之家
2026W25,2026,25,2026-06-15,2026-06-21,西安,70-149间,1283,127338,775,78731,酒店之家
2026W25,2026,25,2026-06-15,2026-06-21,西安,全部,15580,384454,1433,136962,酒店之家
2026W25,2026,25,2026-06-15,2026-06-21,郑州,15-29间,2275,46674,31,740,酒店之家
2026W25,2026,25,2026-06-15,2026-06-21,郑州,150间及以上,173,38759,71,16160,酒店之家
2026W25,2026,25,2026-06-15,2026-06-21,郑州,15间以下,3523,17586,11,97,酒店之家
2026W25,2026,25,2026-06-15,2026-06-21,郑州,30-69间,2025,85072,187,9619,酒店之家
2026W25,2026,25,2026-06-15,2026-06-21,郑州,70-149间,879,85259,388,39344,酒店之家
2026W25,2026,25,2026-06-15,2026-06-21,郑州,全部,8875,273350,688,65960,酒店之家
2026W25,2026,25,2026-06-15,2026-06-21,重庆,15-29间,5986,122645,93,2052,酒店之家
2026W25,2026,25,2026-06-15,2026-06-21,重庆,150间及以上,331,73556,164,37361,酒店之家
2026W25,2026,25,2026-06-15,2026-06-21,重庆,15间以下,13379,62788,18,198,酒店之家
2026W25,2026,25,2026-06-15,2026-06-21,重庆,30-69间,3622,152086,278,14196,酒店之家
2026W25,2026,25,2026-06-15,2026-06-21,重庆,70-149间,1138,111162,561,57138,酒店之家
2026W25,2026,25,2026-06-15,2026-06-21,重庆,全部,24456,522237,1114,110945,酒店之家
2026W25,2026,25,2026-06-15,2026-06-21,长沙,15-29间,3193,65246,36,833,酒店之家
2026W25,2026,25,2026-06-15,2026-06-21,长沙,150间及以上,224,53149,142,32990,酒店之家
2026W25,2026,25,2026-06-15,2026-06-21,长沙,15间以下,6838,30829,12,110,酒店之家
2026W25,2026,25,2026-06-15,2026-06-21,长沙,30-69间,1998,84614,247,12758,酒店之家
2026W25,2026,25,2026-06-15,2026-06-21,长沙,70-149间,803,80025,490,50700,酒店之家
2026W25,2026,25,2026-06-15,2026-06-21,长沙,全部,13056,313863,927,97391,酒店之家
2026W25,2026,25,2026-06-15,2026-06-21,青岛,15-29间,1848,37436,54,1253,酒店之家
2026W25,2026,25,2026-06-15,2026-06-21,青岛,150间及以上,196,49150,113,29220,酒店之家
2026W25,2026,25,2026-06-15,2026-06-21,青岛,15间以下,11111,32381,25,206,酒店之家
2026W25,2026,25,2026-06-15,2026-06-21,青岛,30-69间,1455,63166,282,13740,酒店之家
2026W25,2026,25,2026-06-15,2026-06-21,青岛,70-149间,811,79880,523,52269,酒店之家
2026W25,2026,25,2026-06-15,2026-06-21,青岛,全部,15421,262013,997,96688,酒店之家
2026W26,2026,26,2026-06-22,2026-06-28,上海,15-29间,1982,41125,139,3260,酒店之家
2026W26,2026,26,2026-06-22,2026-06-28,上海,150间及以上,731,183907,584,147241,酒店之家
2026W26,2026,26,2026-06-22,2026-06-28,上海,15间以下,9300,31940,62,502,酒店之家
2026W26,2026,26,2026-06-22,2026-06-28,上海,30-69间,2393,107703,789,39057,酒店之家
2026W26,2026,26,2026-06-22,2026-06-28,上海,70-149间,1886,189643,1361,139833,酒店之家
2026W26,2026,26,2026-06-22,2026-06-28,上海,全部,16292,554318,2935,329893,酒店之家
2026W26,2026,26,2026-06-22,2026-06-28,东莞,15-29间,1635,33008,5,125,酒店之家
2026W26,2026,26,2026-06-22,2026-06-28,东莞,150间及以上,148,37540,47,9160,酒店之家
2026W26,2026,26,2026-06-22,2026-06-28,东莞,15间以下,1981,12649,1,10,酒店之家
2026W26,2026,26,2026-06-22,2026-06-28,东莞,30-69间,1747,77094,76,3916,酒店之家
2026W26,2026,26,2026-06-22,2026-06-28,东莞,70-149间,742,71098,243,25453,酒店之家
2026W26,2026,26,2026-06-22,2026-06-28,东莞,全部,6253,231389,372,38664,酒店之家
2026W26,2026,26,2026-06-22,2026-06-28,佛山,15-29间,1313,26544,18,389,酒店之家
2026W26,2026,26,2026-06-22,2026-06-28,佛山,150间及以上,127,28843,84,19195,酒店之家
2026W26,2026,26,2026-06-22,2026-06-28,佛山,15间以下,3259,15192,4,47,酒店之家
2026W26,2026,26,2026-06-22,2026-06-28,佛山,30-69间,1290,55499,74,3839,酒店之家
2026W26,2026,26,2026-06-22,2026-06-28,佛山,70-149间,562,55840,242,26247,酒店之家
2026W26,2026,26,2026-06-22,2026-06-28,佛山,全部,6551,181918,422,49717,酒店之家
2026W26,2026,26,2026-06-22,2026-06-28,全国,15-29间,190393,3870254,3977,90363,酒店之家
2026W26,2026,26,2026-06-22,2026-06-28,全国,150间及以上,15308,3638377,7170,1737901,酒店之家
2026W26,2026,26,2026-06-22,2026-06-28,全国,15间以下,583369,2575137,1970,18262,酒店之家
2026W26,2026,26,2026-06-22,2026-06-28,全国,30-69间,149247,6518006,21480,1079815,酒店之家
2026W26,2026,26,2026-06-22,2026-06-28,全国,70-149间,68411,6596674,33644,3328670,酒店之家
2026W26,2026,26,2026-06-22,2026-06-28,全国,全部,1006728,23198448,68241,6255011,酒店之家
2026W26,2026,26,2026-06-22,2026-06-28,北京,15-29间,1882,38661,143,3270,酒店之家
2026W26,2026,26,2026-06-22,2026-06-28,北京,150间及以上,661,174682,380,97743,酒店之家
2026W26,2026,26,2026-06-22,2026-06-28,北京,15间以下,11822,44951,98,788,酒店之家
2026W26,2026,26,2026-06-22,2026-06-28,北京,30-69间,2512,116315,886,45291,酒店之家
2026W26,2026,26,2026-06-22,2026-06-28,北京,70-149间,2219,220341,1548,155477,酒店之家
2026W26,2026,26,2026-06-22,2026-06-28,北京,全部,19096,594950,3055,302569,酒店之家
2026W26,2026,26,2026-06-22,2026-06-28,南京,15-29间,1549,31838,86,2041,酒店之家
2026W26,2026,26,2026-06-22,2026-06-28,南京,150间及以上,250,59605,160,37717,酒店之家
2026W26,2026,26,2026-06-22,2026-06-28,南京,15间以下,5129,19631,19,196,酒店之家
2026W26,2026,26,2026-06-22,2026-06-28,南京,30-69间,1613,70375,500,24613,酒店之家
2026W26,2026,26,2026-06-22,2026-06-28,南京,70-149间,831,82493,608,61329,酒店之家
2026W26,2026,26,2026-06-22,2026-06-28,南京,全部,9372,263942,1373,125896,酒店之家
2026W26,2026,26,2026-06-22,2026-06-28,合肥,15-29间,1393,28063,75,1725,酒店之家
2026W26,2026,26,2026-06-22,2026-06-28,合肥,150间及以上,134,35764,75,19758,酒店之家
2026W26,2026,26,2026-06-22,2026-06-28,合肥,15间以下,2448,14071,9,95,酒店之家
2026W26,2026,26,2026-06-22,2026-06-28,合肥,30-69间,1097,47924,296,14695,酒店之家
2026W26,2026,26,2026-06-22,2026-06-28,合肥,70-149间,650,62299,447,43432,酒店之家
2026W26,2026,26,2026-06-22,2026-06-28,合肥,全部,5722,188121,902,79705,酒店之家
2026W26,2026,26,2026-06-22,2026-06-28,天津,15-29间,1107,22509,42,980,酒店之家
2026W26,2026,26,2026-06-22,2026-06-28,天津,150间及以上,139,32203,96,22008,酒店之家
2026W26,2026,26,2026-06-22,2026-06-28,天津,15间以下,6943,25136,5,44,酒店之家
2026W26,2026,26,2026-06-22,2026-06-28,天津,30-69间,933,41684,245,12347,酒店之家
2026W26,2026,26,2026-06-22,2026-06-28,天津,70-149间,783,75825,565,55521,酒店之家
2026W26,2026,26,2026-06-22,2026-06-28,天津,全部,9905,197357,953,90900,酒店之家
2026W26,2026,26,2026-06-22,2026-06-28,广州,15-29间,3025,62637,58,1311,酒店之家
2026W26,2026,26,2026-06-22,2026-06-28,广州,150间及以上,420,106070,287,75388,酒店之家
2026W26,2026,26,2026-06-22,2026-06-28,广州,15间以下,7520,29281,18,142,酒店之家
2026W26,2026,26,2026-06-22,2026-06-28,广州,30-69间,3329,144838,300,15209,酒店之家
2026W26,2026,26,2026-06-22,2026-06-28,广州,70-149间,1535,150582,774,79905,酒店之家
2026W26,2026,26,2026-06-22,2026-06-28,广州,全部,15829,493408,1437,171955,酒店之家
2026W26,2026,26,2026-06-22,2026-06-28,成都,15-29间,5068,102978,92,2181,酒店之家
2026W26,2026,26,2026-06-22,2026-06-28,成都,150间及以上,457,109056,264,63402,酒店之家
2026W26,2026,26,2026-06-22,2026-06-28,成都,15间以下,15088,60691,16,149,酒店之家
2026W26,2026,26,2026-06-22,2026-06-28,成都,30-69间,3560,151345,368,18158,酒店之家
2026W26,2026,26,2026-06-22,2026-06-28,成都,70-149间,1507,149396,714,74490,酒店之家
2026W26,2026,26,2026-06-22,2026-06-28,成都,全部,25680,573466,1454,158380,酒店之家
2026W26,2026,26,2026-06-22,2026-06-28,昆明,15-29间,3397,69156,21,476,酒店之家
2026W26,2026,26,2026-06-22,2026-06-28,昆明,150间及以上,196,49415,84,22848,酒店之家
2026W26,2026,26,2026-06-22,2026-06-28,昆明,15间以下,9160,30133,9,74,酒店之家
2026W26,2026,26,2026-06-22,2026-06-28,昆明,30-69间,1709,71945,127,6725,酒店之家
2026W26,2026,26,2026-06-22,2026-06-28,昆明,70-149间,737,72382,345,35077,酒店之家
2026W26,2026,26,2026-06-22,2026-06-28,昆明,全部,15199,293031,586,65200,酒店之家
2026W26,2026,26,2026-06-22,2026-06-28,杭州,15-29间,2278,45974,69,1546,酒店之家
2026W26,2026,26,2026-06-22,2026-06-28,杭州,150间及以上,449,105143,285,65509,酒店之家
2026W26,2026,26,2026-06-22,2026-06-28,杭州,15间以下,9102,42830,64,495,酒店之家
2026W26,2026,26,2026-06-22,2026-06-28,杭州,30-69间,2249,98278,314,15804,酒店之家
2026W26,2026,26,2026-06-22,2026-06-28,杭州,70-149间,1309,133247,782,83039,酒店之家
2026W26,2026,26,2026-06-22,2026-06-28,杭州,全部,15387,425472,1514,166393,酒店之家
2026W26,2026,26,2026-06-22,2026-06-28,武汉,15-29间,2204,44451,49,1136,酒店之家
2026W26,2026,26,2026-06-22,2026-06-28,武汉,150间及以上,236,54714,152,35126,酒店之家
2026W26,2026,26,2026-06-22,2026-06-28,武汉,15间以下,5769,27597,9,79,酒店之家
2026W26,2026,26,2026-06-22,2026-06-28,武汉,30-69间,1643,71228,278,14316,酒店之家
2026W26,2026,26,2026-06-22,2026-06-28,武汉,70-149间,1057,103601,726,73329,酒店之家
2026W26,2026,26,2026-06-22,2026-06-28,武汉,全部,10909,301591,1214,123986,酒店之家
2026W26,2026,26,2026-06-22,2026-06-28,沈阳,15-29间,1192,23456,13,318,酒店之家
2026W26,2026,26,2026-06-22,2026-06-28,沈阳,150间及以上,99,24258,63,15426,酒店之家
2026W26,2026,26,2026-06-22,2026-06-28,沈阳,15间以下,4744,17619,1,12,酒店之家
2026W26,2026,26,2026-06-22,2026-06-28,沈阳,30-69间,572,24324,115,5869,酒店之家
2026W26,2026,26,2026-06-22,2026-06-28,沈阳,70-149间,472,47703,344,35644,酒店之家
2026W26,2026,26,2026-06-22,2026-06-28,沈阳,全部,7079,137360,536,57269,酒店之家
2026W26,2026,26,2026-06-22,2026-06-28,深圳,15-29间,2297,48295,30,645,酒店之家
2026W26,2026,26,2026-06-22,2026-06-28,深圳,150间及以上,446,99891,272,62360,酒店之家
2026W26,2026,26,2026-06-22,2026-06-28,深圳,15间以下,5941,25812,10,100,酒店之家
2026W26,2026,26,2026-06-22,2026-06-28,深圳,30-69间,2568,110489,170,8410,酒店之家
2026W26,2026,26,2026-06-22,2026-06-28,深圳,70-149间,1261,124846,524,56180,酒店之家
2026W26,2026,26,2026-06-22,2026-06-28,深圳,全部,12513,409333,1006,127695,酒店之家
2026W26,2026,26,2026-06-22,2026-06-28,苏州,15-29间,1744,35895,107,2417,酒店之家
2026W26,2026,26,2026-06-22,2026-06-28,苏州,150间及以上,271,68162,183,44488,酒店之家
2026W26,2026,26,2026-06-22,2026-06-28,苏州,15间以下,6658,28767,131,1109,酒店之家
2026W26,2026,26,2026-06-22,2026-06-28,苏州,30-69间,1515,67315,429,21130,酒店之家
2026W26,2026,26,2026-06-22,2026-06-28,苏州,70-149间,879,86332,599,60358,酒店之家
2026W26,2026,26,2026-06-22,2026-06-28,苏州,全部,11067,286471,1449,129502,酒店之家
2026W26,2026,26,2026-06-22,2026-06-28,西安,15-29间,3293,65470,84,1919,酒店之家
2026W26,2026,26,2026-06-22,2026-06-28,西安,150间及以上,262,61892,159,36767,酒店之家
2026W26,2026,26,2026-06-22,2026-06-28,西安,15间以下,8764,39407,28,252,酒店之家
2026W26,2026,26,2026-06-22,2026-06-28,西安,30-69间,2067,90056,389,19403,酒店之家
2026W26,2026,26,2026-06-22,2026-06-28,西安,70-149间,1286,127565,775,78742,酒店之家
2026W26,2026,26,2026-06-22,2026-06-28,西安,全部,15672,384390,1435,137083,酒店之家
2026W26,2026,26,2026-06-22,2026-06-28,郑州,15-29间,2260,46380,30,717,酒店之家
2026W26,2026,26,2026-06-22,2026-06-28,郑州,150间及以上,172,38528,70,15929,酒店之家
2026W26,2026,26,2026-06-22,2026-06-28,郑州,15间以下,3628,17603,11,97,酒店之家
2026W26,2026,26,2026-06-22,2026-06-28,郑州,30-69间,2026,85167,187,9618,酒店之家
2026W26,2026,26,2026-06-22,2026-06-28,郑州,70-149间,880,85383,389,39457,酒店之家
2026W26,2026,26,2026-06-22,2026-06-28,郑州,全部,8966,273061,687,65818,酒店之家
2026W26,2026,26,2026-06-22,2026-06-28,重庆,15-29间,5996,122858,93,2052,酒店之家
2026W26,2026,26,2026-06-22,2026-06-28,重庆,150间及以上,332,73633,164,37361,酒店之家
2026W26,2026,26,2026-06-22,2026-06-28,重庆,15间以下,13461,62727,18,198,酒店之家
2026W26,2026,26,2026-06-22,2026-06-28,重庆,30-69间,3617,151801,275,14026,酒店之家
2026W26,2026,26,2026-06-22,2026-06-28,重庆,70-149间,1140,111431,561,57173,酒店之家
2026W26,2026,26,2026-06-22,2026-06-28,重庆,全部,24546,522450,1111,110810,酒店之家
2026W26,2026,26,2026-06-22,2026-06-28,长沙,15-29间,3193,65238,38,885,酒店之家
2026W26,2026,26,2026-06-22,2026-06-28,长沙,150间及以上,222,52754,140,32610,酒店之家
2026W26,2026,26,2026-06-22,2026-06-28,长沙,15间以下,6878,30813,12,110,酒店之家
2026W26,2026,26,2026-06-22,2026-06-28,长沙,30-69间,1996,84537,248,12803,酒店之家
2026W26,2026,26,2026-06-22,2026-06-28,长沙,70-149间,805,80291,492,50924,酒店之家
2026W26,2026,26,2026-06-22,2026-06-28,长沙,全部,13094,313633,930,97332,酒店之家
2026W26,2026,26,2026-06-22,2026-06-28,青岛,15-29间,1859,37657,55,1273,酒店之家
2026W26,2026,26,2026-06-22,2026-06-28,青岛,150间及以上,196,49153,114,29394,酒店之家
2026W26,2026,26,2026-06-22,2026-06-28,青岛,15间以下,11311,32695,25,206,酒店之家
2026W26,2026,26,2026-06-22,2026-06-28,青岛,30-69间,1459,63365,289,14072,酒店之家
2026W26,2026,26,2026-06-22,2026-06-28,青岛,70-149间,814,80167,523,52246,酒店之家
2026W26,2026,26,2026-06-22,2026-06-28,青岛,全部,15639,263037,1006,97191,酒店之家
2026W27,2026,27,2026-06-29,2026-07-05,上海,15-29间,1987,41271,140,3285,酒店之家
2026W27,2026,27,2026-06-29,2026-07-05,上海,150间及以上,733,184483,587,148097,酒店之家
2026W27,2026,27,2026-06-29,2026-07-05,上海,15间以下,9372,32053,61,495,酒店之家
2026W27,2026,27,2026-06-29,2026-07-05,上海,30-69间,2390,107577,789,39104,酒店之家
2026W27,2026,27,2026-06-29,2026-07-05,上海,70-149间,1891,190172,1363,140067,酒店之家
2026W27,2026,27,2026-06-29,2026-07-05,上海,全部,16373,555556,2940,331048,酒店之家
2026W27,2026,27,2026-06-29,2026-07-05,东莞,15-29间,1633,32997,5,125,酒店之家
2026W27,2026,27,2026-06-29,2026-07-05,东莞,150间及以上,148,37540,47,9160,酒店之家
2026W27,2026,27,2026-06-29,2026-07-05,东莞,15间以下,1991,12691,0,0,酒店之家
2026W27,2026,27,2026-06-29,2026-07-05,东莞,30-69间,1755,77441,75,3871,酒店之家
2026W27,2026,27,2026-06-29,2026-07-05,东莞,70-149间,743,71224,244,25563,酒店之家
2026W27,2026,27,2026-06-29,2026-07-05,东莞,全部,6270,231893,371,38719,酒店之家
2026W27,2026,27,2026-06-29,2026-07-05,佛山,15-29间,1314,26587,18,389,酒店之家
2026W27,2026,27,2026-06-29,2026-07-05,佛山,150间及以上,126,28674,83,19043,酒店之家
2026W27,2026,27,2026-06-29,2026-07-05,佛山,15间以下,3254,15193,5,55,酒店之家
2026W27,2026,27,2026-06-29,2026-07-05,佛山,30-69间,1288,55486,75,3894,酒店之家
2026W27,2026,27,2026-06-29,2026-07-05,佛山,70-149间,562,55957,243,26404,酒店之家
2026W27,2026,27,2026-06-29,2026-07-05,佛山,全部,6544,181897,424,49785,酒店之家
2026W27,2026,27,2026-06-29,2026-07-05,全国,15-29间,190466,3872176,3995,90739,酒店之家
2026W27,2026,27,2026-06-29,2026-07-05,全国,150间及以上,15327,3644898,7183,1742691,酒店之家
2026W27,2026,27,2026-06-29,2026-07-05,全国,15间以下,585661,2573721,1983,18406,酒店之家
2026W27,2026,27,2026-06-29,2026-07-05,全国,30-69间,149517,6530112,21503,1081183,酒店之家
2026W27,2026,27,2026-06-29,2026-07-05,全国,70-149间,68566,6611945,33746,3339517,酒店之家
2026W27,2026,27,2026-06-29,2026-07-05,全国,全部,1009537,23232852,68410,6272536,酒店之家
2026W27,2026,27,2026-06-29,2026-07-05,北京,15-29间,1887,38735,142,3247,酒店之家
2026W27,2026,27,2026-06-29,2026-07-05,北京,150间及以上,664,175262,380,97837,酒店之家
2026W27,2026,27,2026-06-29,2026-07-05,北京,15间以下,11816,44847,98,788,酒店之家
2026W27,2026,27,2026-06-29,2026-07-05,北京,30-69间,2523,116855,889,45451,酒店之家
2026W27,2026,27,2026-06-29,2026-07-05,北京,70-149间,2224,220897,1552,155893,酒店之家
2026W27,2026,27,2026-06-29,2026-07-05,北京,全部,19114,596596,3061,303216,酒店之家
2026W27,2026,27,2026-06-29,2026-07-05,南京,15-29间,1547,31779,86,2041,酒店之家
2026W27,2026,27,2026-06-29,2026-07-05,南京,150间及以上,250,59576,160,37717,酒店之家
2026W27,2026,27,2026-06-29,2026-07-05,南京,15间以下,5105,19524,19,196,酒店之家
2026W27,2026,27,2026-06-29,2026-07-05,南京,30-69间,1614,70498,500,24624,酒店之家
2026W27,2026,27,2026-06-29,2026-07-05,南京,70-149间,831,82472,609,61383,酒店之家
2026W27,2026,27,2026-06-29,2026-07-05,南京,全部,9347,263849,1374,125961,酒店之家
2026W27,2026,27,2026-06-29,2026-07-05,合肥,15-29间,1395,28094,77,1767,酒店之家
2026W27,2026,27,2026-06-29,2026-07-05,合肥,150间及以上,135,35985,76,19979,酒店之家
2026W27,2026,27,2026-06-29,2026-07-05,合肥,15间以下,2449,14096,9,95,酒店之家
2026W27,2026,27,2026-06-29,2026-07-05,合肥,30-69间,1096,47921,294,14630,酒店之家
2026W27,2026,27,2026-06-29,2026-07-05,合肥,70-149间,650,62321,448,43543,酒店之家
2026W27,2026,27,2026-06-29,2026-07-05,合肥,全部,5725,188417,904,80014,酒店之家
2026W27,2026,27,2026-06-29,2026-07-05,天津,15-29间,1104,22440,41,959,酒店之家
2026W27,2026,27,2026-06-29,2026-07-05,天津,150间及以上,139,32203,95,21857,酒店之家
2026W27,2026,27,2026-06-29,2026-07-05,天津,15间以下,6968,25094,5,44,酒店之家
2026W27,2026,27,2026-06-29,2026-07-05,天津,30-69间,931,41607,246,12382,酒店之家
2026W27,2026,27,2026-06-29,2026-07-05,天津,70-149间,785,76035,567,55742,酒店之家
2026W27,2026,27,2026-06-29,2026-07-05,天津,全部,9927,197379,954,90984,酒店之家
2026W27,2026,27,2026-06-29,2026-07-05,广州,15-29间,3020,62517,57,1292,酒店之家
2026W27,2026,27,2026-06-29,2026-07-05,广州,150间及以上,419,106265,286,75282,酒店之家
2026W27,2026,27,2026-06-29,2026-07-05,广州,15间以下,7594,29251,18,142,酒店之家
2026W27,2026,27,2026-06-29,2026-07-05,广州,30-69间,3334,145158,300,15245,酒店之家
2026W27,2026,27,2026-06-29,2026-07-05,广州,70-149间,1544,151296,776,80127,酒店之家
2026W27,2026,27,2026-06-29,2026-07-05,广州,全部,15911,494487,1437,172088,酒店之家
2026W27,2026,27,2026-06-29,2026-07-05,成都,15-29间,5068,102983,94,2234,酒店之家
2026W27,2026,27,2026-06-29,2026-07-05,成都,150间及以上,455,108786,263,63312,酒店之家
2026W27,2026,27,2026-06-29,2026-07-05,成都,15间以下,15185,60874,18,167,酒店之家
2026W27,2026,27,2026-06-29,2026-07-05,成都,30-69间,3565,151601,372,18294,酒店之家
2026W27,2026,27,2026-06-29,2026-07-05,成都,70-149间,1511,149805,717,74794,酒店之家
2026W27,2026,27,2026-06-29,2026-07-05,成都,全部,25784,574049,1464,158801,酒店之家
2026W27,2026,27,2026-06-29,2026-07-05,昆明,15-29间,3400,69230,20,451,酒店之家
2026W27,2026,27,2026-06-29,2026-07-05,昆明,150间及以上,197,49593,85,23026,酒店之家
2026W27,2026,27,2026-06-29,2026-07-05,昆明,15间以下,9189,30189,9,74,酒店之家
2026W27,2026,27,2026-06-29,2026-07-05,昆明,30-69间,1718,72254,127,6725,酒店之家
2026W27,2026,27,2026-06-29,2026-07-05,昆明,70-149间,735,72201,345,35077,酒店之家
2026W27,2026,27,2026-06-29,2026-07-05,昆明,全部,15239,293467,586,65353,酒店之家
2026W27,2026,27,2026-06-29,2026-07-05,杭州,15-29间,2293,46266,70,1574,酒店之家
2026W27,2026,27,2026-06-29,2026-07-05,杭州,150间及以上,453,106022,287,66019,酒店之家
2026W27,2026,27,2026-06-29,2026-07-05,杭州,15间以下,9098,42960,64,495,酒店之家
2026W27,2026,27,2026-06-29,2026-07-05,杭州,30-69间,2242,98002,311,15664,酒店之家
2026W27,2026,27,2026-06-29,2026-07-05,杭州,70-149间,1311,133363,784,83273,酒店之家
2026W27,2026,27,2026-06-29,2026-07-05,杭州,全部,15397,426613,1516,167025,酒店之家
2026W27,2026,27,2026-06-29,2026-07-05,武汉,15-29间,2203,44435,48,1116,酒店之家
2026W27,2026,27,2026-06-29,2026-07-05,武汉,150间及以上,234,54398,152,35168,酒店之家
2026W27,2026,27,2026-06-29,2026-07-05,武汉,15间以下,5760,27602,9,79,酒店之家
2026W27,2026,27,2026-06-29,2026-07-05,武汉,30-69间,1647,71338,279,14377,酒店之家
2026W27,2026,27,2026-06-29,2026-07-05,武汉,70-149间,1056,103507,728,73617,酒店之家
2026W27,2026,27,2026-06-29,2026-07-05,武汉,全部,10900,301280,1216,124357,酒店之家
2026W27,2026,27,2026-06-29,2026-07-05,沈阳,15-29间,1191,23451,12,294,酒店之家
2026W27,2026,27,2026-06-29,2026-07-05,沈阳,150间及以上,99,24263,63,15431,酒店之家
2026W27,2026,27,2026-06-29,2026-07-05,沈阳,15间以下,4757,17644,1,12,酒店之家
2026W27,2026,27,2026-06-29,2026-07-05,沈阳,30-69间,572,24364,115,5869,酒店之家
2026W27,2026,27,2026-06-29,2026-07-05,沈阳,70-149间,474,47911,346,35850,酒店之家
2026W27,2026,27,2026-06-29,2026-07-05,沈阳,全部,7093,137633,537,57456,酒店之家
2026W27,2026,27,2026-06-29,2026-07-05,深圳,15-29间,2292,48187,30,645,酒店之家
2026W27,2026,27,2026-06-29,2026-07-05,深圳,150间及以上,448,100222,275,62858,酒店之家
2026W27,2026,27,2026-06-29,2026-07-05,深圳,15间以下,5923,25741,10,100,酒店之家
2026W27,2026,27,2026-06-29,2026-07-05,深圳,30-69间,2571,110604,170,8410,酒店之家
2026W27,2026,27,2026-06-29,2026-07-05,深圳,70-149间,1262,124937,528,56573,酒店之家
2026W27,2026,27,2026-06-29,2026-07-05,深圳,全部,12496,409691,1013,128586,酒店之家
2026W27,2026,27,2026-06-29,2026-07-05,苏州,15-29间,1747,35970,109,2453,酒店之家
2026W27,2026,27,2026-06-29,2026-07-05,苏州,150间及以上,269,67680,183,44487,酒店之家
2026W27,2026,27,2026-06-29,2026-07-05,苏州,15间以下,6661,28733,137,1168,酒店之家
2026W27,2026,27,2026-06-29,2026-07-05,苏州,30-69间,1522,67533,424,20885,酒店之家
2026W27,2026,27,2026-06-29,2026-07-05,苏州,70-149间,881,86558,601,60556,酒店之家
2026W27,2026,27,2026-06-29,2026-07-05,苏州,全部,11080,286474,1454,129549,酒店之家
2026W27,2026,27,2026-06-29,2026-07-05,西安,15-29间,3288,65365,84,1907,酒店之家
2026W27,2026,27,2026-06-29,2026-07-05,西安,150间及以上,263,62072,161,37294,酒店之家
2026W27,2026,27,2026-06-29,2026-07-05,西安,15间以下,8758,39302,28,247,酒店之家
2026W27,2026,27,2026-06-29,2026-07-05,西安,30-69间,2081,90635,392,19560,酒店之家
2026W27,2026,27,2026-06-29,2026-07-05,西安,70-149间,1290,128027,775,78818,酒店之家
2026W27,2026,27,2026-06-29,2026-07-05,西安,全部,15680,385401,1440,137826,酒店之家
2026W27,2026,27,2026-06-29,2026-07-05,郑州,15-29间,2262,46423,31,737,酒店之家
2026W27,2026,27,2026-06-29,2026-07-05,郑州,150间及以上,173,38759,71,16160,酒店之家
2026W27,2026,27,2026-06-29,2026-07-05,郑州,15间以下,3698,17693,11,97,酒店之家
2026W27,2026,27,2026-06-29,2026-07-05,郑州,30-69间,2021,84917,188,9658,酒店之家
2026W27,2026,27,2026-06-29,2026-07-05,郑州,70-149间,886,86030,390,39606,酒店之家
2026W27,2026,27,2026-06-29,2026-07-05,郑州,全部,9040,273822,691,66258,酒店之家
2026W27,2026,27,2026-06-29,2026-07-05,重庆,15-29间,6002,122990,91,1998,酒店之家
2026W27,2026,27,2026-06-29,2026-07-05,重庆,150间及以上,331,73208,164,37358,酒店之家
2026W27,2026,27,2026-06-29,2026-07-05,重庆,15间以下,13470,62639,18,198,酒店之家
2026W27,2026,27,2026-06-29,2026-07-05,重庆,30-69间,3627,152315,277,14107,酒店之家
2026W27,2026,27,2026-06-29,2026-07-05,重庆,70-149间,1139,111351,561,57251,酒店之家
2026W27,2026,27,2026-06-29,2026-07-05,重庆,全部,24569,522503,1111,110912,酒店之家
2026W27,2026,27,2026-06-29,2026-07-05,长沙,15-29间,3185,65018,37,863,酒店之家
2026W27,2026,27,2026-06-29,2026-07-05,长沙,150间及以上,220,52396,139,32432,酒店之家
2026W27,2026,27,2026-06-29,2026-07-05,长沙,15间以下,6887,30618,12,110,酒店之家
2026W27,2026,27,2026-06-29,2026-07-05,长沙,30-69间,2000,84654,248,12802,酒店之家
2026W27,2026,27,2026-06-29,2026-07-05,长沙,70-149间,806,80422,493,50984,酒店之家
2026W27,2026,27,2026-06-29,2026-07-05,长沙,全部,13098,313108,929,97191,酒店之家
2026W27,2026,27,2026-06-29,2026-07-05,青岛,15-29间,1852,37526,56,1298,酒店之家
2026W27,2026,27,2026-06-29,2026-07-05,青岛,150间及以上,198,49944,114,29394,酒店之家
2026W27,2026,27,2026-06-29,2026-07-05,青岛,15间以下,11575,33015,25,206,酒店之家
2026W27,2026,27,2026-06-29,2026-07-05,青岛,30-69间,1472,63924,291,14180,酒店之家
2026W27,2026,27,2026-06-29,2026-07-05,青岛,70-149间,822,80918,526,52535,酒店之家
2026W27,2026,27,2026-06-29,2026-07-05,青岛,全部,15919,265327,1012,97613,酒店之家
2026W28,2026,28,2026-07-06,2026-07-12,上海,15-29间,1977,41057,139,3259,酒店之家
2026W28,2026,28,2026-07-06,2026-07-12,上海,150间及以上,734,184621,589,148415,酒店之家
2026W28,2026,28,2026-07-06,2026-07-12,上海,15间以下,9373,32052,60,485,酒店之家
2026W28,2026,28,2026-07-06,2026-07-12,上海,30-69间,2391,107722,792,39268,酒店之家
2026W28,2026,28,2026-07-06,2026-07-12,上海,70-149间,1899,190907,1366,140323,酒店之家
2026W28,2026,28,2026-07-06,2026-07-12,上海,全部,16374,556359,2946,331750,酒店之家
2026W28,2026,28,2026-07-06,2026-07-12,东莞,15-29间,1641,33165,5,125,酒店之家
2026W28,2026,28,2026-07-06,2026-07-12,东莞,150间及以上,148,37540,47,9160,酒店之家
2026W28,2026,28,2026-07-06,2026-07-12,东莞,15间以下,1987,12601,0,0,酒店之家
2026W28,2026,28,2026-07-06,2026-07-12,东莞,30-69间,1764,77897,76,3898,酒店之家
2026W28,2026,28,2026-07-06,2026-07-12,东莞,70-149间,742,71181,245,25703,酒店之家
2026W28,2026,28,2026-07-06,2026-07-12,东莞,全部,6282,232384,373,38886,酒店之家
2026W28,2026,28,2026-07-06,2026-07-12,佛山,15-29间,1319,26691,18,389,酒店之家
2026W28,2026,28,2026-07-06,2026-07-12,佛山,150间及以上,126,28674,83,19043,酒店之家
2026W28,2026,28,2026-07-06,2026-07-12,佛山,15间以下,3265,15212,5,55,酒店之家
2026W28,2026,28,2026-07-06,2026-07-12,佛山,30-69间,1295,55793,75,3894,酒店之家
2026W28,2026,28,2026-07-06,2026-07-12,佛山,70-149间,562,55956,244,26479,酒店之家
2026W28,2026,28,2026-07-06,2026-07-12,佛山,全部,6567,182326,425,49860,酒店之家
2026W28,2026,28,2026-07-06,2026-07-12,全国,15-29间,191170,3886806,4002,90900,酒店之家
2026W28,2026,28,2026-07-06,2026-07-12,全国,150间及以上,15362,3652487,7199,1745755,酒店之家
2026W28,2026,28,2026-07-06,2026-07-12,全国,15间以下,592076,2589965,1980,18389,酒店之家
2026W28,2026,28,2026-07-06,2026-07-12,全国,30-69间,150102,6555971,21570,1084513,酒店之家
2026W28,2026,28,2026-07-06,2026-07-12,全国,70-149间,68737,6628340,33814,3346404,酒店之家
2026W28,2026,28,2026-07-06,2026-07-12,全国,全部,1017447,23313569,68565,6285961,酒店之家
2026W28,2026,28,2026-07-06,2026-07-12,北京,15-29间,1891,38794,141,3222,酒店之家
2026W28,2026,28,2026-07-06,2026-07-12,北京,150间及以上,666,176007,380,97907,酒店之家
2026W28,2026,28,2026-07-06,2026-07-12,北京,15间以下,11892,44948,96,776,酒店之家
2026W28,2026,28,2026-07-06,2026-07-12,北京,30-69间,2531,117322,893,45673,酒店之家
2026W28,2026,28,2026-07-06,2026-07-12,北京,70-149间,2232,221601,1559,156536,酒店之家
2026W28,2026,28,2026-07-06,2026-07-12,北京,全部,19212,598672,3069,304114,酒店之家
2026W28,2026,28,2026-07-06,2026-07-12,南京,15-29间,1547,31788,87,2069,酒店之家
2026W28,2026,28,2026-07-06,2026-07-12,南京,150间及以上,250,59558,161,37899,酒店之家
2026W28,2026,28,2026-07-06,2026-07-12,南京,15间以下,5090,19444,19,196,酒店之家
2026W28,2026,28,2026-07-06,2026-07-12,南京,30-69间,1617,70615,499,24624,酒店之家
2026W28,2026,28,2026-07-06,2026-07-12,南京,70-149间,833,82607,609,61383,酒店之家
2026W28,2026,28,2026-07-06,2026-07-12,南京,全部,9337,264012,1375,126171,酒店之家
2026W28,2026,28,2026-07-06,2026-07-12,合肥,15-29间,1404,28289,78,1784,酒店之家
2026W28,2026,28,2026-07-06,2026-07-12,合肥,150间及以上,135,35981,76,19975,酒店之家
2026W28,2026,28,2026-07-06,2026-07-12,合肥,15间以下,2465,14123,7,72,酒店之家
2026W28,2026,28,2026-07-06,2026-07-12,合肥,30-69间,1099,48092,295,14667,酒店之家
2026W28,2026,28,2026-07-06,2026-07-12,合肥,70-149间,650,62296,446,43353,酒店之家
2026W28,2026,28,2026-07-06,2026-07-12,合肥,全部,5753,188781,902,79851,酒店之家
2026W28,2026,28,2026-07-06,2026-07-12,天津,15-29间,1106,22488,41,959,酒店之家
2026W28,2026,28,2026-07-06,2026-07-12,天津,150间及以上,139,32203,95,21857,酒店之家
2026W28,2026,28,2026-07-06,2026-07-12,天津,15间以下,6970,25098,5,44,酒店之家
2026W28,2026,28,2026-07-06,2026-07-12,天津,30-69间,935,41733,246,12382,酒店之家
2026W28,2026,28,2026-07-06,2026-07-12,天津,70-149间,786,76140,566,55701,酒店之家
2026W28,2026,28,2026-07-06,2026-07-12,天津,全部,9936,197662,953,90943,酒店之家
2026W28,2026,28,2026-07-06,2026-07-12,广州,15-29间,3025,62631,57,1292,酒店之家
2026W28,2026,28,2026-07-06,2026-07-12,广州,150间及以上,418,105844,286,75284,酒店之家
2026W28,2026,28,2026-07-06,2026-07-12,广州,15间以下,7551,29164,18,142,酒店之家
2026W28,2026,28,2026-07-06,2026-07-12,广州,30-69间,3326,144770,300,15284,酒店之家
2026W28,2026,28,2026-07-06,2026-07-12,广州,70-149间,1541,151065,777,80268,酒店之家
2026W28,2026,28,2026-07-06,2026-07-12,广州,全部,15861,493474,1438,172270,酒店之家
2026W28,2026,28,2026-07-06,2026-07-12,成都,15-29间,5082,103274,93,2206,酒店之家
2026W28,2026,28,2026-07-06,2026-07-12,成都,150间及以上,458,109250,263,63244,酒店之家
2026W28,2026,28,2026-07-06,2026-07-12,成都,15间以下,15281,61163,18,167,酒店之家
2026W28,2026,28,2026-07-06,2026-07-12,成都,30-69间,3574,151912,372,18302,酒店之家
2026W28,2026,28,2026-07-06,2026-07-12,成都,70-149间,1518,150459,720,75117,酒店之家
2026W28,2026,28,2026-07-06,2026-07-12,成都,全部,25913,576058,1466,159036,酒店之家
2026W28,2026,28,2026-07-06,2026-07-12,昆明,15-29间,3404,69328,19,424,酒店之家
2026W28,2026,28,2026-07-06,2026-07-12,昆明,150间及以上,197,49572,86,23177,酒店之家
2026W28,2026,28,2026-07-06,2026-07-12,昆明,15间以下,9220,30279,9,74,酒店之家
2026W28,2026,28,2026-07-06,2026-07-12,昆明,30-69间,1715,72111,127,6725,酒店之家
2026W28,2026,28,2026-07-06,2026-07-12,昆明,70-149间,740,72692,346,35152,酒店之家
2026W28,2026,28,2026-07-06,2026-07-12,昆明,全部,15276,293982,587,65552,酒店之家
2026W28,2026,28,2026-07-06,2026-07-12,杭州,15-29间,2301,46456,70,1574,酒店之家
2026W28,2026,28,2026-07-06,2026-07-12,杭州,150间及以上,453,106035,288,66332,酒店之家
2026W28,2026,28,2026-07-06,2026-07-12,杭州,15间以下,9102,43098,65,505,酒店之家
2026W28,2026,28,2026-07-06,2026-07-12,杭州,30-69间,2247,98219,311,15663,酒店之家
2026W28,2026,28,2026-07-06,2026-07-12,杭州,70-149间,1311,133317,784,83285,酒店之家
2026W28,2026,28,2026-07-06,2026-07-12,杭州,全部,15414,427125,1518,167359,酒店之家
2026W28,2026,28,2026-07-06,2026-07-12,武汉,15-29间,2207,44508,47,1096,酒店之家
2026W28,2026,28,2026-07-06,2026-07-12,武汉,150间及以上,232,53819,151,34890,酒店之家
2026W28,2026,28,2026-07-06,2026-07-12,武汉,15间以下,5747,27583,9,79,酒店之家
2026W28,2026,28,2026-07-06,2026-07-12,武汉,30-69间,1658,71783,281,14475,酒店之家
2026W28,2026,28,2026-07-06,2026-07-12,武汉,70-149间,1057,103615,729,73714,酒店之家
2026W28,2026,28,2026-07-06,2026-07-12,武汉,全部,10901,301308,1217,124254,酒店之家
2026W28,2026,28,2026-07-06,2026-07-12,沈阳,15-29间,1199,23617,12,294,酒店之家
2026W28,2026,28,2026-07-06,2026-07-12,沈阳,150间及以上,99,24237,62,15225,酒店之家
2026W28,2026,28,2026-07-06,2026-07-12,沈阳,15间以下,4795,17729,1,12,酒店之家
2026W28,2026,28,2026-07-06,2026-07-12,沈阳,30-69间,578,24611,117,5959,酒店之家
2026W28,2026,28,2026-07-06,2026-07-12,沈阳,70-149间,475,47977,345,35763,酒店之家
2026W28,2026,28,2026-07-06,2026-07-12,沈阳,全部,7146,138171,537,57253,酒店之家
2026W28,2026,28,2026-07-06,2026-07-12,深圳,15-29间,2297,48283,31,665,酒店之家
2026W28,2026,28,2026-07-06,2026-07-12,深圳,150间及以上,447,100049,275,62848,酒店之家
2026W28,2026,28,2026-07-06,2026-07-12,深圳,15间以下,5970,25959,10,100,酒店之家
2026W28,2026,28,2026-07-06,2026-07-12,深圳,30-69间,2580,111070,170,8429,酒店之家
2026W28,2026,28,2026-07-06,2026-07-12,深圳,70-149间,1262,124964,526,56447,酒店之家
2026W28,2026,28,2026-07-06,2026-07-12,深圳,全部,12556,410325,1012,128489,酒店之家
2026W28,2026,28,2026-07-06,2026-07-12,苏州,15-29间,1750,36010,109,2453,酒店之家
2026W28,2026,28,2026-07-06,2026-07-12,苏州,150间及以上,270,67992,184,44799,酒店之家
2026W28,2026,28,2026-07-06,2026-07-12,苏州,15间以下,6666,28756,136,1161,酒店之家
2026W28,2026,28,2026-07-06,2026-07-12,苏州,30-69间,1528,67744,425,20913,酒店之家
2026W28,2026,28,2026-07-06,2026-07-12,苏州,70-149间,883,86705,602,60638,酒店之家
2026W28,2026,28,2026-07-06,2026-07-12,苏州,全部,11097,287207,1456,129964,酒店之家
2026W28,2026,28,2026-07-06,2026-07-12,西安,15-29间,3298,65593,85,1932,酒店之家
2026W28,2026,28,2026-07-06,2026-07-12,西安,150间及以上,262,61912,160,37134,酒店之家
2026W28,2026,28,2026-07-06,2026-07-12,西安,15间以下,8778,39252,27,240,酒店之家
2026W28,2026,28,2026-07-06,2026-07-12,西安,30-69间,2089,90842,392,19584,酒店之家
2026W28,2026,28,2026-07-06,2026-07-12,西安,70-149间,1295,128520,776,78928,酒店之家
2026W28,2026,28,2026-07-06,2026-07-12,西安,全部,15722,386119,1440,137818,酒店之家
2026W28,2026,28,2026-07-06,2026-07-12,郑州,15-29间,2266,46495,31,737,酒店之家
2026W28,2026,28,2026-07-06,2026-07-12,郑州,150间及以上,173,38771,71,16160,酒店之家
2026W28,2026,28,2026-07-06,2026-07-12,郑州,15间以下,3783,17915,11,97,酒店之家
2026W28,2026,28,2026-07-06,2026-07-12,郑州,30-69间,2024,85184,188,9699,酒店之家
2026W28,2026,28,2026-07-06,2026-07-12,郑州,70-149间,882,85696,390,39640,酒店之家
2026W28,2026,28,2026-07-06,2026-07-12,郑州,全部,9128,274061,691,66333,酒店之家
2026W28,2026,28,2026-07-06,2026-07-12,重庆,15-29间,6041,123896,92,2018,酒店之家
2026W28,2026,28,2026-07-06,2026-07-12,重庆,150间及以上,332,73609,164,37358,酒店之家
2026W28,2026,28,2026-07-06,2026-07-12,重庆,15间以下,13559,62852,18,198,酒店之家
2026W28,2026,28,2026-07-06,2026-07-12,重庆,30-69间,3665,153845,277,14116,酒店之家
2026W28,2026,28,2026-07-06,2026-07-12,重庆,70-149间,1142,111744,562,57423,酒店之家
2026W28,2026,28,2026-07-06,2026-07-12,重庆,全部,24739,525946,1113,111113,酒店之家
2026W28,2026,28,2026-07-06,2026-07-12,长沙,15-29间,3186,65028,36,836,酒店之家
2026W28,2026,28,2026-07-06,2026-07-12,长沙,150间及以上,221,52546,141,32782,酒店之家
2026W28,2026,28,2026-07-06,2026-07-12,长沙,15间以下,6902,30671,12,110,酒店之家
2026W28,2026,28,2026-07-06,2026-07-12,长沙,30-69间,2006,84974,247,12763,酒店之家
2026W28,2026,28,2026-07-06,2026-07-12,长沙,70-149间,804,80198,490,50674,酒店之家
2026W28,2026,28,2026-07-06,2026-07-12,长沙,全部,13119,313417,926,97165,酒店之家
2026W28,2026,28,2026-07-06,2026-07-12,青岛,15-29间,1859,37700,54,1249,酒店之家
2026W28,2026,28,2026-07-06,2026-07-12,青岛,150间及以上,198,49944,114,29394,酒店之家
2026W28,2026,28,2026-07-06,2026-07-12,青岛,15间以下,11837,33431,25,206,酒店之家
2026W28,2026,28,2026-07-06,2026-07-12,青岛,30-69间,1491,64849,292,14289,酒店之家
2026W28,2026,28,2026-07-06,2026-07-12,青岛,70-149间,824,81036,528,52721,酒店之家
2026W28,2026,28,2026-07-06,2026-07-12,青岛,全部,16209,266960,1013,97859,酒店之家
2026W29,2026,29,2026-07-13,2026-07-19,上海,15-29间,1976,41048,139,3259,酒店之家
2026W29,2026,29,2026-07-13,2026-07-19,上海,150间及以上,733,184355,587,147919,酒店之家
2026W29,2026,29,2026-07-13,2026-07-19,上海,15间以下,9305,31890,61,492,酒店之家
2026W29,2026,29,2026-07-13,2026-07-19,上海,30-69间,2395,108008,797,39525,酒店之家
2026W29,2026,29,2026-07-13,2026-07-19,上海,70-149间,1892,190225,1362,139937,酒店之家
2026W29,2026,29,2026-07-13,2026-07-19,上海,全部,16301,555526,2946,331132,酒店之家
2026W29,2026,29,2026-07-13,2026-07-19,东莞,15-29间,1639,33139,5,125,酒店之家
2026W29,2026,29,2026-07-13,2026-07-19,东莞,150间及以上,148,37540,47,9160,酒店之家
2026W29,2026,29,2026-07-13,2026-07-19,东莞,15间以下,1994,12645,0,0,酒店之家
2026W29,2026,29,2026-07-13,2026-07-19,东莞,30-69间,1768,77988,76,3898,酒店之家
2026W29,2026,29,2026-07-13,2026-07-19,东莞,70-149间,741,71120,246,25748,酒店之家
2026W29,2026,29,2026-07-13,2026-07-19,东莞,全部,6290,232432,374,38931,酒店之家
2026W29,2026,29,2026-07-13,2026-07-19,佛山,15-29间,1318,26677,18,389,酒店之家
2026W29,2026,29,2026-07-13,2026-07-19,佛山,150间及以上,126,28674,83,19043,酒店之家
2026W29,2026,29,2026-07-13,2026-07-19,佛山,15间以下,3270,15222,5,55,酒店之家
2026W29,2026,29,2026-07-13,2026-07-19,佛山,30-69间,1299,55965,76,3929,酒店之家
2026W29,2026,29,2026-07-13,2026-07-19,佛山,70-149间,560,55748,243,26388,酒店之家
2026W29,2026,29,2026-07-13,2026-07-19,佛山,全部,6573,182286,425,49804,酒店之家
2026W29,2026,29,2026-07-13,2026-07-19,全国,15-29间,191167,3886869,4017,91205,酒店之家
2026W29,2026,29,2026-07-13,2026-07-19,全国,150间及以上,15369,3654463,7191,1743803,酒店之家
2026W29,2026,29,2026-07-13,2026-07-19,全国,15间以下,595316,2596263,1984,18429,酒店之家
2026W29,2026,29,2026-07-13,2026-07-19,全国,30-69间,150177,6559155,21580,1084930,酒店之家
2026W29,2026,29,2026-07-13,2026-07-19,全国,70-149间,68865,6639910,33891,3353316,酒店之家
2026W29,2026,29,2026-07-13,2026-07-19,全国,全部,1020894,23336660,68663,6291683,酒店之家
2026W29,2026,29,2026-07-13,2026-07-19,北京,15-29间,1891,38825,142,3244,酒店之家
2026W29,2026,29,2026-07-13,2026-07-19,北京,150间及以上,668,176657,380,97907,酒店之家
2026W29,2026,29,2026-07-13,2026-07-19,北京,15间以下,11930,45073,96,776,酒店之家
2026W29,2026,29,2026-07-13,2026-07-19,北京,30-69间,2535,117491,897,45811,酒店之家
2026W29,2026,29,2026-07-13,2026-07-19,北京,70-149间,2232,221566,1555,156181,酒店之家
2026W29,2026,29,2026-07-13,2026-07-19,北京,全部,19256,599612,3070,303919,酒店之家
2026W29,2026,29,2026-07-13,2026-07-19,南京,15-29间,1540,31642,87,2062,酒店之家
2026W29,2026,29,2026-07-13,2026-07-19,南京,150间及以上,252,59929,162,38070,酒店之家
2026W29,2026,29,2026-07-13,2026-07-19,南京,15间以下,5074,19439,19,196,酒店之家
2026W29,2026,29,2026-07-13,2026-07-19,南京,30-69间,1613,70427,497,24519,酒店之家
2026W29,2026,29,2026-07-13,2026-07-19,南京,70-149间,835,82768,607,61194,酒店之家
2026W29,2026,29,2026-07-13,2026-07-19,南京,全部,9314,264205,1372,126041,酒店之家
2026W29,2026,29,2026-07-13,2026-07-19,合肥,15-29间,1398,28183,78,1784,酒店之家
2026W29,2026,29,2026-07-13,2026-07-19,合肥,150间及以上,135,35981,76,19975,酒店之家
2026W29,2026,29,2026-07-13,2026-07-19,合肥,15间以下,2472,14082,7,72,酒店之家
2026W29,2026,29,2026-07-13,2026-07-19,合肥,30-69间,1095,47879,294,14598,酒店之家
2026W29,2026,29,2026-07-13,2026-07-19,合肥,70-149间,648,62060,444,43147,酒店之家
2026W29,2026,29,2026-07-13,2026-07-19,合肥,全部,5748,188185,899,79576,酒店之家
2026W29,2026,29,2026-07-13,2026-07-19,天津,15-29间,1105,22493,41,959,酒店之家
2026W29,2026,29,2026-07-13,2026-07-19,天津,150间及以上,139,32203,95,21857,酒店之家
2026W29,2026,29,2026-07-13,2026-07-19,天津,15间以下,6985,25120,5,44,酒店之家
2026W29,2026,29,2026-07-13,2026-07-19,天津,30-69间,937,41886,246,12390,酒店之家
2026W29,2026,29,2026-07-13,2026-07-19,天津,70-149间,787,76205,568,55852,酒店之家
2026W29,2026,29,2026-07-13,2026-07-19,天津,全部,9953,197907,955,91102,酒店之家
2026W29,2026,29,2026-07-13,2026-07-19,广州,15-29间,3021,62562,58,1311,酒店之家
2026W29,2026,29,2026-07-13,2026-07-19,广州,150间及以上,418,106085,287,75492,酒店之家
2026W29,2026,29,2026-07-13,2026-07-19,广州,15间以下,7549,29124,17,134,酒店之家
2026W29,2026,29,2026-07-13,2026-07-19,广州,30-69间,3325,144853,298,15192,酒店之家
2026W29,2026,29,2026-07-13,2026-07-19,广州,70-149间,1542,151070,778,80250,酒店之家
2026W29,2026,29,2026-07-13,2026-07-19,广州,全部,15855,493694,1438,172379,酒店之家
2026W29,2026,29,2026-07-13,2026-07-19,成都,15-29间,5073,103073,93,2210,酒店之家
2026W29,2026,29,2026-07-13,2026-07-19,成都,150间及以上,456,108896,264,63424,酒店之家
2026W29,2026,29,2026-07-13,2026-07-19,成都,15间以下,15319,61101,19,179,酒店之家
2026W29,2026,29,2026-07-13,2026-07-19,成都,30-69间,3558,151288,370,18197,酒店之家
2026W29,2026,29,2026-07-13,2026-07-19,成都,70-149间,1522,150848,722,75250,酒店之家
2026W29,2026,29,2026-07-13,2026-07-19,成都,全部,25928,575206,1468,159260,酒店之家
2026W29,2026,29,2026-07-13,2026-07-19,昆明,15-29间,3396,69185,19,427,酒店之家
2026W29,2026,29,2026-07-13,2026-07-19,昆明,150间及以上,197,49546,86,23151,酒店之家
2026W29,2026,29,2026-07-13,2026-07-19,昆明,15间以下,9150,30156,9,74,酒店之家
2026W29,2026,29,2026-07-13,2026-07-19,昆明,30-69间,1708,71719,127,6725,酒店之家
2026W29,2026,29,2026-07-13,2026-07-19,昆明,70-149间,746,73343,347,35215,酒店之家
2026W29,2026,29,2026-07-13,2026-07-19,昆明,全部,15197,293949,588,65592,酒店之家
2026W29,2026,29,2026-07-13,2026-07-19,杭州,15-29间,2297,46394,71,1580,酒店之家
2026W29,2026,29,2026-07-13,2026-07-19,杭州,150间及以上,452,105957,286,66006,酒店之家
2026W29,2026,29,2026-07-13,2026-07-19,杭州,15间以下,9174,43174,65,505,酒店之家
2026W29,2026,29,2026-07-13,2026-07-19,杭州,30-69间,2246,98198,311,15663,酒店之家
2026W29,2026,29,2026-07-13,2026-07-19,杭州,70-149间,1313,133525,787,83589,酒店之家
2026W29,2026,29,2026-07-13,2026-07-19,杭州,全部,15482,427248,1520,167343,酒店之家
2026W29,2026,29,2026-07-13,2026-07-19,武汉,15-29间,2190,44137,48,1116,酒店之家
2026W29,2026,29,2026-07-13,2026-07-19,武汉,150间及以上,233,53969,151,34890,酒店之家
2026W29,2026,29,2026-07-13,2026-07-19,武汉,15间以下,5758,27500,9,79,酒店之家
2026W29,2026,29,2026-07-13,2026-07-19,武汉,30-69间,1662,71945,281,14485,酒店之家
2026W29,2026,29,2026-07-13,2026-07-19,武汉,70-149间,1054,103406,729,73731,酒店之家
2026W29,2026,29,2026-07-13,2026-07-19,武汉,全部,10897,300957,1218,124301,酒店之家
2026W29,2026,29,2026-07-13,2026-07-19,沈阳,15-29间,1196,23580,12,294,酒店之家
2026W29,2026,29,2026-07-13,2026-07-19,沈阳,150间及以上,99,24237,62,15225,酒店之家
2026W29,2026,29,2026-07-13,2026-07-19,沈阳,15间以下,4762,17668,1,12,酒店之家
2026W29,2026,29,2026-07-13,2026-07-19,沈阳,30-69间,575,24491,117,5959,酒店之家
2026W29,2026,29,2026-07-13,2026-07-19,沈阳,70-149间,478,48276,348,36061,酒店之家
2026W29,2026,29,2026-07-13,2026-07-19,沈阳,全部,7110,138252,540,57551,酒店之家
2026W29,2026,29,2026-07-13,2026-07-19,深圳,15-29间,2287,48045,31,665,酒店之家
2026W29,2026,29,2026-07-13,2026-07-19,深圳,150间及以上,447,100061,275,62860,酒店之家
2026W29,2026,29,2026-07-13,2026-07-19,深圳,15间以下,5987,25902,10,100,酒店之家
2026W29,2026,29,2026-07-13,2026-07-19,深圳,30-69间,2578,110926,169,8375,酒店之家
2026W29,2026,29,2026-07-13,2026-07-19,深圳,70-149间,1270,125781,531,57018,酒店之家
2026W29,2026,29,2026-07-13,2026-07-19,深圳,全部,12569,410715,1016,129018,酒店之家
2026W29,2026,29,2026-07-13,2026-07-19,苏州,15-29间,1742,35836,108,2431,酒店之家
2026W29,2026,29,2026-07-13,2026-07-19,苏州,150间及以上,270,67992,184,44799,酒店之家
2026W29,2026,29,2026-07-13,2026-07-19,苏州,15间以下,6671,28786,138,1174,酒店之家
2026W29,2026,29,2026-07-13,2026-07-19,苏州,30-69间,1529,67788,421,20689,酒店之家
2026W29,2026,29,2026-07-13,2026-07-19,苏州,70-149间,888,87135,602,60564,酒店之家
2026W29,2026,29,2026-07-13,2026-07-19,苏州,全部,11100,287537,1453,129657,酒店之家
2026W29,2026,29,2026-07-13,2026-07-19,西安,15-29间,3283,65328,85,1926,酒店之家
2026W29,2026,29,2026-07-13,2026-07-19,西安,150间及以上,261,61761,160,37133,酒店之家
2026W29,2026,29,2026-07-13,2026-07-19,西安,15间以下,8773,39210,28,250,酒店之家
2026W29,2026,29,2026-07-13,2026-07-19,西安,30-69间,2087,90883,395,19801,酒店之家
2026W29,2026,29,2026-07-13,2026-07-19,西安,70-149间,1291,128085,775,78838,酒店之家
2026W29,2026,29,2026-07-13,2026-07-19,西安,全部,15695,385267,1443,137948,酒店之家
2026W29,2026,29,2026-07-13,2026-07-19,郑州,15-29间,2262,46416,31,737,酒店之家
2026W29,2026,29,2026-07-13,2026-07-19,郑州,150间及以上,174,38921,71,16160,酒店之家
2026W29,2026,29,2026-07-13,2026-07-19,郑州,15间以下,3807,17987,11,97,酒店之家
2026W29,2026,29,2026-07-13,2026-07-19,郑州,30-69间,2027,85313,185,9554,酒店之家
2026W29,2026,29,2026-07-13,2026-07-19,郑州,70-149间,887,86141,396,40261,酒店之家
2026W29,2026,29,2026-07-13,2026-07-19,郑州,全部,9157,274778,694,66809,酒店之家
2026W29,2026,29,2026-07-13,2026-07-19,重庆,15-29间,6025,123486,95,2093,酒店之家
2026W29,2026,29,2026-07-13,2026-07-19,重庆,150间及以上,333,73778,165,37537,酒店之家
2026W29,2026,29,2026-07-13,2026-07-19,重庆,15间以下,13586,62902,18,198,酒店之家
2026W29,2026,29,2026-07-13,2026-07-19,重庆,30-69间,3641,152697,273,13901,酒店之家
2026W29,2026,29,2026-07-13,2026-07-19,重庆,70-149间,1141,111711,563,57523,酒店之家
2026W29,2026,29,2026-07-13,2026-07-19,重庆,全部,24726,524574,1114,111252,酒店之家
2026W29,2026,29,2026-07-13,2026-07-19,长沙,15-29间,3180,64898,36,836,酒店之家
2026W29,2026,29,2026-07-13,2026-07-19,长沙,150间及以上,220,52381,140,32617,酒店之家
2026W29,2026,29,2026-07-13,2026-07-19,长沙,15间以下,6823,30398,11,100,酒店之家
2026W29,2026,29,2026-07-13,2026-07-19,长沙,30-69间,1997,84520,246,12725,酒店之家
2026W29,2026,29,2026-07-13,2026-07-19,长沙,70-149间,804,80109,490,50679,酒店之家
2026W29,2026,29,2026-07-13,2026-07-19,长沙,全部,13024,312306,923,96957,酒店之家
2026W29,2026,29,2026-07-13,2026-07-19,青岛,15-29间,1868,37918,54,1249,酒店之家
2026W29,2026,29,2026-07-13,2026-07-19,青岛,150间及以上,197,49764,114,29394,酒店之家
2026W29,2026,29,2026-07-13,2026-07-19,青岛,15间以下,12090,33896,26,216,酒店之家
2026W29,2026,29,2026-07-13,2026-07-19,青岛,30-69间,1496,65130,296,14500,酒店之家
2026W29,2026,29,2026-07-13,2026-07-19,青岛,70-149间,832,81800,533,53205,酒店之家
2026W29,2026,29,2026-07-13,2026-07-19,青岛,全部,16483,268508,1023,98564,酒店之家
2026W30,2026,30,2026-07-20,2026-07-26,上海,15-29间,1969,40891,140,3285,酒店之家
2026W30,2026,30,2026-07-20,2026-07-26,上海,150间及以上,733,184310,588,148134,酒店之家
2026W30,2026,30,2026-07-20,2026-07-26,上海,15间以下,9307,31875,61,492,酒店之家
2026W30,2026,30,2026-07-20,2026-07-26,上海,30-69间,2398,108099,796,39489,酒店之家
2026W30,2026,30,2026-07-20,2026-07-26,上海,70-149间,1898,190480,1363,139859,酒店之家
2026W30,2026,30,2026-07-20,2026-07-26,上海,全部,16305,555655,2948,331259,酒店之家
2026W30,2026,30,2026-07-20,2026-07-26,东莞,15-29间,1642,33210,5,125,酒店之家
2026W30,2026,30,2026-07-20,2026-07-26,东莞,150间及以上,149,37829,47,9160,酒店之家
2026W30,2026,30,2026-07-20,2026-07-26,东莞,15间以下,2002,12676,0,0,酒店之家
2026W30,2026,30,2026-07-20,2026-07-26,东莞,30-69间,1775,78269,75,3859,酒店之家
2026W30,2026,30,2026-07-20,2026-07-26,东莞,70-149间,741,71120,245,25670,酒店之家
2026W30,2026,30,2026-07-20,2026-07-26,东莞,全部,6309,233104,372,38814,酒店之家
2026W30,2026,30,2026-07-20,2026-07-26,佛山,15-29间,1317,26677,17,363,酒店之家
2026W30,2026,30,2026-07-20,2026-07-26,佛山,150间及以上,126,28672,83,19041,酒店之家
2026W30,2026,30,2026-07-20,2026-07-26,佛山,15间以下,3275,15234,5,55,酒店之家
2026W30,2026,30,2026-07-20,2026-07-26,佛山,30-69间,1302,56106,76,3929,酒店之家
2026W30,2026,30,2026-07-20,2026-07-26,佛山,70-149间,560,55780,243,26383,酒店之家
2026W30,2026,30,2026-07-20,2026-07-26,佛山,全部,6580,182469,424,49771,酒店之家
2026W30,2026,30,2026-07-20,2026-07-26,全国,15-29间,191287,3889714,4022,91362,酒店之家
2026W30,2026,30,2026-07-20,2026-07-26,全国,150间及以上,15387,3658777,7200,1745223,酒店之家
2026W30,2026,30,2026-07-20,2026-07-26,全国,15间以下,599140,2603011,1980,18375,酒店之家
2026W30,2026,30,2026-07-20,2026-07-26,全国,30-69间,150365,6567283,21608,1086763,酒店之家
2026W30,2026,30,2026-07-20,2026-07-26,全国,70-149间,69000,6653223,33960,3360102,酒店之家
2026W30,2026,30,2026-07-20,2026-07-26,全国,全部,1025179,23372008,68770,6301825,酒店之家
2026W30,2026,30,2026-07-20,2026-07-26,北京,15-29间,1891,38822,142,3247,酒店之家
2026W30,2026,30,2026-07-20,2026-07-26,北京,150间及以上,670,177101,380,97798,酒店之家
2026W30,2026,30,2026-07-20,2026-07-26,北京,15间以下,11947,45023,96,776,酒店之家
2026W30,2026,30,2026-07-20,2026-07-26,北京,30-69间,2537,117640,900,45991,酒店之家
2026W30,2026,30,2026-07-20,2026-07-26,北京,70-149间,2240,222279,1563,156848,酒店之家
2026W30,2026,30,2026-07-20,2026-07-26,北京,全部,19285,600865,3081,304660,酒店之家
2026W30,2026,30,2026-07-20,2026-07-26,南京,15-29间,1536,31530,87,2062,酒店之家
2026W30,2026,30,2026-07-20,2026-07-26,南京,150间及以上,253,60104,163,38245,酒店之家
2026W30,2026,30,2026-07-20,2026-07-26,南京,15间以下,5090,19526,19,196,酒店之家
2026W30,2026,30,2026-07-20,2026-07-26,南京,30-69间,1612,70379,500,24647,酒店之家
2026W30,2026,30,2026-07-20,2026-07-26,南京,70-149间,836,82902,610,61588,酒店之家
2026W30,2026,30,2026-07-20,2026-07-26,南京,全部,9327,264441,1379,126738,酒店之家
2026W30,2026,30,2026-07-20,2026-07-26,合肥,15-29间,1401,28237,78,1784,酒店之家
2026W30,2026,30,2026-07-20,2026-07-26,合肥,150间及以上,135,35977,76,19975,酒店之家
2026W30,2026,30,2026-07-20,2026-07-26,合肥,15间以下,2480,14033,7,72,酒店之家
2026W30,2026,30,2026-07-20,2026-07-26,合肥,30-69间,1094,47816,293,14547,酒店之家
2026W30,2026,30,2026-07-20,2026-07-26,合肥,70-149间,648,62033,445,43186,酒店之家
2026W30,2026,30,2026-07-20,2026-07-26,合肥,全部,5758,188096,899,79564,酒店之家
2026W30,2026,30,2026-07-20,2026-07-26,天津,15-29间,1103,22454,42,986,酒店之家
2026W30,2026,30,2026-07-20,2026-07-26,天津,150间及以上,139,32203,95,21857,酒店之家
2026W30,2026,30,2026-07-20,2026-07-26,天津,15间以下,7011,25189,5,44,酒店之家
2026W30,2026,30,2026-07-20,2026-07-26,天津,30-69间,935,41815,246,12390,酒店之家
2026W30,2026,30,2026-07-20,2026-07-26,天津,70-149间,786,76181,566,55707,酒店之家
2026W30,2026,30,2026-07-20,2026-07-26,天津,全部,9974,197842,954,90984,酒店之家
2026W30,2026,30,2026-07-20,2026-07-26,广州,15-29间,3018,62525,58,1315,酒店之家
2026W30,2026,30,2026-07-20,2026-07-26,广州,150间及以上,418,106055,287,75462,酒店之家
2026W30,2026,30,2026-07-20,2026-07-26,广州,15间以下,7601,29036,17,134,酒店之家
2026W30,2026,30,2026-07-20,2026-07-26,广州,30-69间,3323,144714,298,15180,酒店之家
2026W30,2026,30,2026-07-20,2026-07-26,广州,70-149间,1542,151118,781,80528,酒店之家
2026W30,2026,30,2026-07-20,2026-07-26,广州,全部,15902,493448,1441,172619,酒店之家
2026W30,2026,30,2026-07-20,2026-07-26,成都,15-29间,5064,102909,92,2189,酒店之家
2026W30,2026,30,2026-07-20,2026-07-26,成都,150间及以上,454,108569,264,63424,酒店之家
2026W30,2026,30,2026-07-20,2026-07-26,成都,15间以下,15407,61243,21,190,酒店之家
2026W30,2026,30,2026-07-20,2026-07-26,成都,30-69间,3558,151265,370,18226,酒店之家
2026W30,2026,30,2026-07-20,2026-07-26,成都,70-149间,1531,151766,728,75896,酒店之家
2026W30,2026,30,2026-07-20,2026-07-26,成都,全部,26014,575752,1475,159925,酒店之家
2026W30,2026,30,2026-07-20,2026-07-26,昆明,15-29间,3388,69071,19,427,酒店之家
2026W30,2026,30,2026-07-20,2026-07-26,昆明,150间及以上,196,49391,86,23151,酒店之家
2026W30,2026,30,2026-07-20,2026-07-26,昆明,15间以下,9209,30170,9,74,酒店之家
2026W30,2026,30,2026-07-20,2026-07-26,昆明,30-69间,1716,72062,126,6693,酒店之家
2026W30,2026,30,2026-07-20,2026-07-26,昆明,70-149间,750,73812,349,35465,酒店之家
2026W30,2026,30,2026-07-20,2026-07-26,昆明,全部,15259,294506,589,65810,酒店之家
2026W30,2026,30,2026-07-20,2026-07-26,杭州,15-29间,2299,46396,73,1630,酒店之家
2026W30,2026,30,2026-07-20,2026-07-26,杭州,150间及以上,453,106056,288,66393,酒店之家
2026W30,2026,30,2026-07-20,2026-07-26,杭州,15间以下,9177,43188,65,503,酒店之家
2026W30,2026,30,2026-07-20,2026-07-26,杭州,30-69间,2249,98290,311,15662,酒店之家
2026W30,2026,30,2026-07-20,2026-07-26,杭州,70-149间,1316,133874,790,83856,酒店之家
2026W30,2026,30,2026-07-20,2026-07-26,杭州,全部,15494,427804,1527,168044,酒店之家
2026W30,2026,30,2026-07-20,2026-07-26,武汉,15-29间,2185,44041,47,1096,酒店之家
2026W30,2026,30,2026-07-20,2026-07-26,武汉,150间及以上,233,53969,151,34890,酒店之家
2026W30,2026,30,2026-07-20,2026-07-26,武汉,15间以下,5773,27409,9,79,酒店之家
2026W30,2026,30,2026-07-20,2026-07-26,武汉,30-69间,1665,72104,282,14538,酒店之家
2026W30,2026,30,2026-07-20,2026-07-26,武汉,70-149间,1053,103321,728,73678,酒店之家
2026W30,2026,30,2026-07-20,2026-07-26,武汉,全部,10909,300844,1217,124281,酒店之家
2026W30,2026,30,2026-07-20,2026-07-26,沈阳,15-29间,1202,23716,12,294,酒店之家
2026W30,2026,30,2026-07-20,2026-07-26,沈阳,150间及以上,99,24217,62,15225,酒店之家
2026W30,2026,30,2026-07-20,2026-07-26,沈阳,15间以下,4762,17638,1,12,酒店之家
2026W30,2026,30,2026-07-20,2026-07-26,沈阳,30-69间,576,24515,117,5959,酒店之家
2026W30,2026,30,2026-07-20,2026-07-26,沈阳,70-149间,478,48291,348,36061,酒店之家
2026W30,2026,30,2026-07-20,2026-07-26,沈阳,全部,7117,138377,540,57551,酒店之家
2026W30,2026,30,2026-07-20,2026-07-26,深圳,15-29间,2288,48033,30,653,酒店之家
2026W30,2026,30,2026-07-20,2026-07-26,深圳,150间及以上,447,100100,275,62874,酒店之家
2026W30,2026,30,2026-07-20,2026-07-26,深圳,15间以下,6030,25990,9,89,酒店之家
2026W30,2026,30,2026-07-20,2026-07-26,深圳,30-69间,2572,110731,168,8342,酒店之家
2026W30,2026,30,2026-07-20,2026-07-26,深圳,70-149间,1270,125692,531,57018,酒店之家
2026W30,2026,30,2026-07-20,2026-07-26,深圳,全部,12607,410546,1013,128976,酒店之家
2026W30,2026,30,2026-07-20,2026-07-26,苏州,15-29间,1732,35643,108,2431,酒店之家
2026W30,2026,30,2026-07-20,2026-07-26,苏州,150间及以上,270,68002,184,44809,酒店之家
2026W30,2026,30,2026-07-20,2026-07-26,苏州,15间以下,6635,28658,138,1178,酒店之家
2026W30,2026,30,2026-07-20,2026-07-26,苏州,30-69间,1527,67711,419,20614,酒店之家
2026W30,2026,30,2026-07-20,2026-07-26,苏州,70-149间,889,87260,606,60955,酒店之家
2026W30,2026,30,2026-07-20,2026-07-26,苏州,全部,11053,287274,1455,129987,酒店之家
2026W30,2026,30,2026-07-20,2026-07-26,西安,15-29间,3284,65381,85,1937,酒店之家
2026W30,2026,30,2026-07-20,2026-07-26,西安,150间及以上,261,61761,160,37133,酒店之家
2026W30,2026,30,2026-07-20,2026-07-26,西安,15间以下,8827,39264,28,252,酒店之家
2026W30,2026,30,2026-07-20,2026-07-26,西安,30-69间,2095,91352,396,19924,酒店之家
2026W30,2026,30,2026-07-20,2026-07-26,西安,70-149间,1295,128320,776,78807,酒店之家
2026W30,2026,30,2026-07-20,2026-07-26,西安,全部,15762,386078,1445,138053,酒店之家
2026W30,2026,30,2026-07-20,2026-07-26,郑州,15-29间,2261,46445,32,765,酒店之家
2026W30,2026,30,2026-07-20,2026-07-26,郑州,150间及以上,173,38741,71,16155,酒店之家
2026W30,2026,30,2026-07-20,2026-07-26,郑州,15间以下,3814,18023,11,97,酒店之家
2026W30,2026,30,2026-07-20,2026-07-26,郑州,30-69间,2017,84797,185,9544,酒店之家
2026W30,2026,30,2026-07-20,2026-07-26,郑州,70-149间,890,86370,394,40026,酒店之家
2026W30,2026,30,2026-07-20,2026-07-26,郑州,全部,9155,274376,693,66587,酒店之家
2026W30,2026,30,2026-07-20,2026-07-26,重庆,15-29间,6036,123761,97,2140,酒店之家
2026W30,2026,30,2026-07-20,2026-07-26,重庆,150间及以上,336,74363,168,38118,酒店之家
2026W30,2026,30,2026-07-20,2026-07-26,重庆,15间以下,13639,63022,18,198,酒店之家
2026W30,2026,30,2026-07-20,2026-07-26,重庆,30-69间,3651,153108,272,13856,酒店之家
2026W30,2026,30,2026-07-20,2026-07-26,重庆,70-149间,1146,112121,564,57605,酒店之家
2026W30,2026,30,2026-07-20,2026-07-26,重庆,全部,24808,526375,1119,111917,酒店之家
2026W30,2026,30,2026-07-20,2026-07-26,长沙,15-29间,3177,64849,36,836,酒店之家
2026W30,2026,30,2026-07-20,2026-07-26,长沙,150间及以上,220,52342,140,32617,酒店之家
2026W30,2026,30,2026-07-20,2026-07-26,长沙,15间以下,6847,30454,10,94,酒店之家
2026W30,2026,30,2026-07-20,2026-07-26,长沙,30-69间,2004,84964,246,12766,酒店之家
2026W30,2026,30,2026-07-20,2026-07-26,长沙,70-149间,810,80624,494,51078,酒店之家
2026W30,2026,30,2026-07-20,2026-07-26,长沙,全部,13058,313233,926,97391,酒店之家
2026W30,2026,30,2026-07-20,2026-07-26,青岛,15-29间,1882,38164,55,1275,酒店之家
2026W30,2026,30,2026-07-20,2026-07-26,青岛,150间及以上,197,49764,114,29394,酒店之家
2026W30,2026,30,2026-07-20,2026-07-26,青岛,15间以下,12367,34318,26,209,酒店之家
2026W30,2026,30,2026-07-20,2026-07-26,青岛,30-69间,1497,65236,299,14644,酒店之家
2026W30,2026,30,2026-07-20,2026-07-26,青岛,70-149间,837,82152,535,53357,酒店之家
2026W30,2026,30,2026-07-20,2026-07-26,青岛,全部,16780,269634,1029,98879,酒店之家
2026W31,2026,31,2026-07-27,2026-08-02,上海,15-29间,1979,41126,141,3306,酒店之家
2026W31,2026,31,2026-07-27,2026-08-02,上海,150间及以上,735,184740,589,148400,酒店之家
2026W31,2026,31,2026-07-27,2026-08-02,上海,15间以下,9397,32000,59,480,酒店之家
2026W31,2026,31,2026-07-27,2026-08-02,上海,30-69间,2409,108601,796,39480,酒店之家
2026W31,2026,31,2026-07-27,2026-08-02,上海,70-149间,1891,189913,1364,139994,酒店之家
2026W31,2026,31,2026-07-27,2026-08-02,上海,全部,16411,556380,2949,331660,酒店之家
2026W31,2026,31,2026-07-27,2026-08-02,东莞,15-29间,1645,33283,5,125,酒店之家
2026W31,2026,31,2026-07-27,2026-08-02,东莞,150间及以上,149,37783,46,8810,酒店之家
2026W31,2026,31,2026-07-27,2026-08-02,东莞,15间以下,1999,12668,0,0,酒店之家
2026W31,2026,31,2026-07-27,2026-08-02,东莞,30-69间,1779,78476,75,3859,酒店之家
2026W31,2026,31,2026-07-27,2026-08-02,东莞,70-149间,742,71136,245,25669,酒店之家
2026W31,2026,31,2026-07-27,2026-08-02,东莞,全部,6314,233346,371,38463,酒店之家
2026W31,2026,31,2026-07-27,2026-08-02,佛山,15-29间,1322,26785,17,363,酒店之家
2026W31,2026,31,2026-07-27,2026-08-02,佛山,150间及以上,126,28672,83,19041,酒店之家
2026W31,2026,31,2026-07-27,2026-08-02,佛山,15间以下,3319,15302,5,55,酒店之家
2026W31,2026,31,2026-07-27,2026-08-02,佛山,30-69间,1304,56121,75,3874,酒店之家
2026W31,2026,31,2026-07-27,2026-08-02,佛山,70-149间,561,56006,246,26743,酒店之家
2026W31,2026,31,2026-07-27,2026-08-02,佛山,全部,6632,182886,426,50076,酒店之家
2026W31,2026,31,2026-07-27,2026-08-02,全国,15-29间,191487,3893813,4025,91487,酒店之家
2026W31,2026,31,2026-07-27,2026-08-02,全国,150间及以上,15391,3658802,7211,1747880,酒店之家
2026W31,2026,31,2026-07-27,2026-08-02,全国,15间以下,609672,2619870,1981,18385,酒店之家
2026W31,2026,31,2026-07-27,2026-08-02,全国,30-69间,150604,6578600,21630,1088262,酒店之家
2026W31,2026,31,2026-07-27,2026-08-02,全国,70-149间,69076,6660759,34025,3366827,酒店之家
2026W31,2026,31,2026-07-27,2026-08-02,全国,全部,1036230,23411844,68872,6312841,酒店之家
2026W31,2026,31,2026-07-27,2026-08-02,北京,15-29间,1900,38976,141,3219,酒店之家
2026W31,2026,31,2026-07-27,2026-08-02,北京,150间及以上,670,176909,381,97948,酒店之家
2026W31,2026,31,2026-07-27,2026-08-02,北京,15间以下,12071,45202,97,785,酒店之家
2026W31,2026,31,2026-07-27,2026-08-02,北京,30-69间,2544,117914,904,46140,酒店之家
2026W31,2026,31,2026-07-27,2026-08-02,北京,70-149间,2244,222675,1563,156889,酒店之家
2026W31,2026,31,2026-07-27,2026-08-02,北京,全部,19429,601676,3086,304981,酒店之家
2026W31,2026,31,2026-07-27,2026-08-02,南京,15-29间,1538,31568,87,2065,酒店之家
2026W31,2026,31,2026-07-27,2026-08-02,南京,150间及以上,253,60114,163,38255,酒店之家
2026W31,2026,31,2026-07-27,2026-08-02,南京,15间以下,5132,19537,19,196,酒店之家
2026W31,2026,31,2026-07-27,2026-08-02,南京,30-69间,1608,70234,497,24558,酒店之家
2026W31,2026,31,2026-07-27,2026-08-02,南京,70-149间,841,83381,616,62173,酒店之家
2026W31,2026,31,2026-07-27,2026-08-02,南京,全部,9372,264834,1382,127247,酒店之家
2026W31,2026,31,2026-07-27,2026-08-02,合肥,15-29间,1400,28233,78,1784,酒店之家
2026W31,2026,31,2026-07-27,2026-08-02,合肥,150间及以上,135,35977,76,19975,酒店之家
2026W31,2026,31,2026-07-27,2026-08-02,合肥,15间以下,2496,13995,6,62,酒店之家
2026W31,2026,31,2026-07-27,2026-08-02,合肥,30-69间,1089,47573,291,14438,酒店之家
2026W31,2026,31,2026-07-27,2026-08-02,合肥,70-149间,650,62166,446,43249,酒店之家
2026W31,2026,31,2026-07-27,2026-08-02,合肥,全部,5770,187944,897,79508,酒店之家
2026W31,2026,31,2026-07-27,2026-08-02,天津,15-29间,1103,22452,42,986,酒店之家
2026W31,2026,31,2026-07-27,2026-08-02,天津,150间及以上,139,32407,95,21857,酒店之家
2026W31,2026,31,2026-07-27,2026-08-02,天津,15间以下,7106,25265,5,44,酒店之家
2026W31,2026,31,2026-07-27,2026-08-02,天津,30-69间,936,41825,246,12414,酒店之家
2026W31,2026,31,2026-07-27,2026-08-02,天津,70-149间,787,76232,568,55925,酒店之家
2026W31,2026,31,2026-07-27,2026-08-02,天津,全部,10071,198181,956,91226,酒店之家
2026W31,2026,31,2026-07-27,2026-08-02,广州,15-29间,3016,62534,58,1315,酒店之家
2026W31,2026,31,2026-07-27,2026-08-02,广州,150间及以上,417,105565,286,75219,酒店之家
2026W31,2026,31,2026-07-27,2026-08-02,广州,15间以下,7759,29237,18,142,酒店之家
2026W31,2026,31,2026-07-27,2026-08-02,广州,30-69间,3324,144870,301,15310,酒店之家
2026W31,2026,31,2026-07-27,2026-08-02,广州,70-149间,1537,150725,779,80392,酒店之家
2026W31,2026,31,2026-07-27,2026-08-02,广州,全部,16053,492931,1442,172378,酒店之家
2026W31,2026,31,2026-07-27,2026-08-02,成都,15-29间,5073,103085,92,2189,酒店之家
2026W31,2026,31,2026-07-27,2026-08-02,成都,150间及以上,454,108699,265,63710,酒店之家
2026W31,2026,31,2026-07-27,2026-08-02,成都,15间以下,15552,61509,21,190,酒店之家
2026W31,2026,31,2026-07-27,2026-08-02,成都,30-69间,3569,151773,371,18292,酒店之家
2026W31,2026,31,2026-07-27,2026-08-02,成都,70-149间,1537,152356,730,76091,酒店之家
2026W31,2026,31,2026-07-27,2026-08-02,成都,全部,26185,577422,1479,160472,酒店之家
2026W31,2026,31,2026-07-27,2026-08-02,昆明,15-29间,3382,68964,19,427,酒店之家
2026W31,2026,31,2026-07-27,2026-08-02,昆明,150间及以上,197,49546,86,23147,酒店之家
2026W31,2026,31,2026-07-27,2026-08-02,昆明,15间以下,9365,30414,9,74,酒店之家
2026W31,2026,31,2026-07-27,2026-08-02,昆明,30-69间,1721,72305,129,6852,酒店之家
2026W31,2026,31,2026-07-27,2026-08-02,昆明,70-149间,751,73893,349,35442,酒店之家
2026W31,2026,31,2026-07-27,2026-08-02,昆明,全部,15416,295122,592,65942,酒店之家
2026W31,2026,31,2026-07-27,2026-08-02,杭州,15-29间,2295,46330,71,1585,酒店之家
2026W31,2026,31,2026-07-27,2026-08-02,杭州,150间及以上,454,106232,289,66569,酒店之家
2026W31,2026,31,2026-07-27,2026-08-02,杭州,15间以下,9253,43381,65,503,酒店之家
2026W31,2026,31,2026-07-27,2026-08-02,杭州,30-69间,2253,98517,315,15874,酒店之家
2026W31,2026,31,2026-07-27,2026-08-02,杭州,70-149间,1322,134496,791,83923,酒店之家
2026W31,2026,31,2026-07-27,2026-08-02,杭州,全部,15577,428956,1531,168454,酒店之家
2026W31,2026,31,2026-07-27,2026-08-02,武汉,15-29间,2186,44082,47,1091,酒店之家
2026W31,2026,31,2026-07-27,2026-08-02,武汉,150间及以上,232,53607,151,34810,酒店之家
2026W31,2026,31,2026-07-27,2026-08-02,武汉,15间以下,5832,27468,9,79,酒店之家
2026W31,2026,31,2026-07-27,2026-08-02,武汉,30-69间,1666,72099,284,14667,酒店之家
2026W31,2026,31,2026-07-27,2026-08-02,武汉,70-149间,1057,103698,730,73876,酒店之家
2026W31,2026,31,2026-07-27,2026-08-02,武汉,全部,10973,300954,1221,124523,酒店之家
2026W31,2026,31,2026-07-27,2026-08-02,沈阳,15-29间,1201,23717,12,294,酒店之家
2026W31,2026,31,2026-07-27,2026-08-02,沈阳,150间及以上,100,24404,63,15470,酒店之家
2026W31,2026,31,2026-07-27,2026-08-02,沈阳,15间以下,4834,17739,1,12,酒店之家
2026W31,2026,31,2026-07-27,2026-08-02,沈阳,30-69间,578,24643,116,5899,酒店之家
2026W31,2026,31,2026-07-27,2026-08-02,沈阳,70-149间,478,48281,350,36221,酒店之家
2026W31,2026,31,2026-07-27,2026-08-02,沈阳,全部,7191,138784,542,57896,酒店之家
2026W31,2026,31,2026-07-27,2026-08-02,深圳,15-29间,2288,48028,29,628,酒店之家
2026W31,2026,31,2026-07-27,2026-08-02,深圳,150间及以上,450,100680,277,63269,酒店之家
2026W31,2026,31,2026-07-27,2026-08-02,深圳,15间以下,6211,26238,8,79,酒店之家
2026W31,2026,31,2026-07-27,2026-08-02,深圳,30-69间,2583,111110,166,8259,酒店之家
2026W31,2026,31,2026-07-27,2026-08-02,深圳,70-149间,1275,126254,533,57217,酒店之家
2026W31,2026,31,2026-07-27,2026-08-02,深圳,全部,12807,412310,1013,129452,酒店之家
2026W31,2026,31,2026-07-27,2026-08-02,苏州,15-29间,1733,35641,107,2413,酒店之家
2026W31,2026,31,2026-07-27,2026-08-02,苏州,150间及以上,270,68002,184,44809,酒店之家
2026W31,2026,31,2026-07-27,2026-08-02,苏州,15间以下,6721,28837,139,1189,酒店之家
2026W31,2026,31,2026-07-27,2026-08-02,苏州,30-69间,1532,67962,419,20657,酒店之家
2026W31,2026,31,2026-07-27,2026-08-02,苏州,70-149间,887,87056,605,60849,酒店之家
2026W31,2026,31,2026-07-27,2026-08-02,苏州,全部,11143,287498,1454,129917,酒店之家
2026W31,2026,31,2026-07-27,2026-08-02,西安,15-29间,3286,65439,84,1917,酒店之家
2026W31,2026,31,2026-07-27,2026-08-02,西安,150间及以上,262,61939,161,37311,酒店之家
2026W31,2026,31,2026-07-27,2026-08-02,西安,15间以下,8892,39322,28,252,酒店之家
2026W31,2026,31,2026-07-27,2026-08-02,西安,30-69间,2102,91613,393,19767,酒店之家
2026W31,2026,31,2026-07-27,2026-08-02,西安,70-149间,1296,128437,774,78683,酒店之家
2026W31,2026,31,2026-07-27,2026-08-02,西安,全部,15838,386750,1440,137930,酒店之家
2026W31,2026,31,2026-07-27,2026-08-02,郑州,15-29间,2270,46649,33,792,酒店之家
2026W31,2026,31,2026-07-27,2026-08-02,郑州,150间及以上,176,39160,72,16309,酒店之家
2026W31,2026,31,2026-07-27,2026-08-02,郑州,15间以下,3959,18248,11,97,酒店之家
2026W31,2026,31,2026-07-27,2026-08-02,郑州,30-69间,2018,84878,186,9589,酒店之家
2026W31,2026,31,2026-07-27,2026-08-02,郑州,70-149间,884,85815,395,40151,酒店之家
2026W31,2026,31,2026-07-27,2026-08-02,郑州,全部,9307,274750,697,66938,酒店之家
2026W31,2026,31,2026-07-27,2026-08-02,重庆,15-29间,6035,123797,98,2166,酒店之家
2026W31,2026,31,2026-07-27,2026-08-02,重庆,150间及以上,336,74363,169,38291,酒店之家
2026W31,2026,31,2026-07-27,2026-08-02,重庆,15间以下,13824,63312,19,208,酒店之家
2026W31,2026,31,2026-07-27,2026-08-02,重庆,30-69间,3665,153670,272,13858,酒店之家
2026W31,2026,31,2026-07-27,2026-08-02,重庆,70-149间,1144,111985,563,57598,酒店之家
2026W31,2026,31,2026-07-27,2026-08-02,重庆,全部,25004,527127,1121,112121,酒店之家
2026W31,2026,31,2026-07-27,2026-08-02,长沙,15-29间,3171,64722,36,836,酒店之家
2026W31,2026,31,2026-07-27,2026-08-02,长沙,150间及以上,221,52506,141,32781,酒店之家
2026W31,2026,31,2026-07-27,2026-08-02,长沙,15间以下,6907,30493,10,94,酒店之家
2026W31,2026,31,2026-07-27,2026-08-02,长沙,30-69间,2008,85206,247,12832,酒店之家
2026W31,2026,31,2026-07-27,2026-08-02,长沙,70-149间,811,80639,496,51251,酒店之家
2026W31,2026,31,2026-07-27,2026-08-02,长沙,全部,13118,313566,930,97794,酒店之家
2026W31,2026,31,2026-07-27,2026-08-02,青岛,15-29间,1884,38211,58,1352,酒店之家
2026W31,2026,31,2026-07-27,2026-08-02,青岛,150间及以上,198,49476,114,29394,酒店之家
2026W31,2026,31,2026-07-27,2026-08-02,青岛,15间以下,12702,34770,26,205,酒店之家
2026W31,2026,31,2026-07-27,2026-08-02,青岛,30-69间,1498,65280,306,14981,酒店之家
2026W31,2026,31,2026-07-27,2026-08-02,青岛,70-149间,835,81991,537,53573,酒店之家
2026W31,2026,31,2026-07-27,2026-08-02,青岛,全部,17117,269728,1041,99505,酒店之家
2026W32,2026,32,2026-08-03,2026-08-09,上海,15-29间,1981,41164,140,3278,酒店之家
2026W32,2026,32,2026-08-03,2026-08-09,上海,150间及以上,736,184852,590,148565,酒店之家
2026W32,2026,32,2026-08-03,2026-08-09,上海,15间以下,9353,31917,60,485,酒店之家
2026W32,2026,32,2026-08-03,2026-08-09,上海,30-69间,2412,108720,797,39478,酒店之家
2026W32,2026,32,2026-08-03,2026-08-09,上海,70-149间,1887,189472,1365,139983,酒店之家
2026W32,2026,32,2026-08-03,2026-08-09,上海,全部,16369,556125,2952,331789,酒店之家
2026W32,2026,32,2026-08-03,2026-08-09,东莞,15-29间,1646,33312,5,125,酒店之家
2026W32,2026,32,2026-08-03,2026-08-09,东莞,150间及以上,151,38084,48,9111,酒店之家
2026W32,2026,32,2026-08-03,2026-08-09,东莞,15间以下,2015,12685,0,0,酒店之家
2026W32,2026,32,2026-08-03,2026-08-09,东莞,30-69间,1784,78546,75,3859,酒店之家
2026W32,2026,32,2026-08-03,2026-08-09,东莞,70-149间,739,70826,241,25250,酒店之家
2026W32,2026,32,2026-08-03,2026-08-09,东莞,全部,6335,233453,369,38345,酒店之家
2026W32,2026,32,2026-08-03,2026-08-09,佛山,15-29间,1322,26777,17,363,酒店之家
2026W32,2026,32,2026-08-03,2026-08-09,佛山,150间及以上,126,28672,83,19041,酒店之家
2026W32,2026,32,2026-08-03,2026-08-09,佛山,15间以下,3329,15349,5,55,酒店之家
2026W32,2026,32,2026-08-03,2026-08-09,佛山,30-69间,1303,56074,75,3874,酒店之家
2026W32,2026,32,2026-08-03,2026-08-09,佛山,70-149间,560,55865,247,26842,酒店之家
2026W32,2026,32,2026-08-03,2026-08-09,佛山,全部,6640,182737,427,50175,酒店之家
2026W32,2026,32,2026-08-03,2026-08-09,全国,15-29间,191558,3895738,4073,92543,酒店之家
2026W32,2026,32,2026-08-03,2026-08-09,全国,150间及以上,15407,3664540,7225,1752646,酒店之家
2026W32,2026,32,2026-08-03,2026-08-09,全国,15间以下,609637,2620087,1986,18446,酒店之家
2026W32,2026,32,2026-08-03,2026-08-09,全国,30-69间,150743,6585150,21694,1091118,酒店之家
2026W32,2026,32,2026-08-03,2026-08-09,全国,70-149间,69156,6667761,34084,3372211,酒店之家
2026W32,2026,32,2026-08-03,2026-08-09,全国,全部,1036501,23433276,69062,6326964,酒店之家
2026W32,2026,32,2026-08-03,2026-08-09,北京,15-29间,1901,39012,141,3219,酒店之家
2026W32,2026,32,2026-08-03,2026-08-09,北京,150间及以上,671,177088,382,98137,酒店之家
2026W32,2026,32,2026-08-03,2026-08-09,北京,15间以下,12109,45266,97,785,酒店之家
2026W32,2026,32,2026-08-03,2026-08-09,北京,30-69间,2551,118250,907,46301,酒店之家
2026W32,2026,32,2026-08-03,2026-08-09,北京,70-149间,2246,222933,1563,156884,酒店之家
2026W32,2026,32,2026-08-03,2026-08-09,北京,全部,19478,602549,3090,305326,酒店之家
2026W32,2026,32,2026-08-03,2026-08-09,南京,15-29间,1542,31671,87,2062,酒店之家
2026W32,2026,32,2026-08-03,2026-08-09,南京,150间及以上,252,59958,163,38255,酒店之家
2026W32,2026,32,2026-08-03,2026-08-09,南京,15间以下,5087,19473,18,183,酒店之家
2026W32,2026,32,2026-08-03,2026-08-09,南京,30-69间,1611,70381,499,24635,酒店之家
2026W32,2026,32,2026-08-03,2026-08-09,南京,70-149间,842,83478,619,62465,酒店之家
2026W32,2026,32,2026-08-03,2026-08-09,南京,全部,9334,264961,1386,127600,酒店之家
2026W32,2026,32,2026-08-03,2026-08-09,合肥,15-29间,1407,28365,78,1784,酒店之家
2026W32,2026,32,2026-08-03,2026-08-09,合肥,150间及以上,136,36204,76,19976,酒店之家
2026W32,2026,32,2026-08-03,2026-08-09,合肥,15间以下,2488,13963,6,62,酒店之家
2026W32,2026,32,2026-08-03,2026-08-09,合肥,30-69间,1094,47772,292,14470,酒店之家
2026W32,2026,32,2026-08-03,2026-08-09,合肥,70-149间,647,61815,446,43249,酒店之家
2026W32,2026,32,2026-08-03,2026-08-09,合肥,全部,5772,188119,898,79541,酒店之家
2026W32,2026,32,2026-08-03,2026-08-09,天津,15-29间,1097,22322,42,986,酒店之家
2026W32,2026,32,2026-08-03,2026-08-09,天津,150间及以上,141,32711,95,21857,酒店之家
2026W32,2026,32,2026-08-03,2026-08-09,天津,15间以下,7133,25235,5,44,酒店之家
2026W32,2026,32,2026-08-03,2026-08-09,天津,30-69间,936,41861,247,12452,酒店之家
2026W32,2026,32,2026-08-03,2026-08-09,天津,70-149间,788,76365,570,56113,酒店之家
2026W32,2026,32,2026-08-03,2026-08-09,天津,全部,10095,198494,959,91452,酒店之家
2026W32,2026,32,2026-08-03,2026-08-09,广州,15-29间,3015,62502,59,1335,酒店之家
2026W32,2026,32,2026-08-03,2026-08-09,广州,150间及以上,415,105252,285,75059,酒店之家
2026W32,2026,32,2026-08-03,2026-08-09,广州,15间以下,7712,29249,17,135,酒店之家
2026W32,2026,32,2026-08-03,2026-08-09,广州,30-69间,3323,144867,302,15375,酒店之家
2026W32,2026,32,2026-08-03,2026-08-09,广州,70-149间,1541,151176,782,80704,酒店之家
2026W32,2026,32,2026-08-03,2026-08-09,广州,全部,16006,493046,1445,172608,酒店之家
2026W32,2026,32,2026-08-03,2026-08-09,成都,15-29间,5081,103276,95,2244,酒店之家
2026W32,2026,32,2026-08-03,2026-08-09,成都,150间及以上,454,108699,265,63710,酒店之家
2026W32,2026,32,2026-08-03,2026-08-09,成都,15间以下,15515,61501,21,190,酒店之家
2026W32,2026,32,2026-08-03,2026-08-09,成都,30-69间,3569,151882,372,18347,酒店之家
2026W32,2026,32,2026-08-03,2026-08-09,成都,70-149间,1536,152306,731,76191,酒店之家
2026W32,2026,32,2026-08-03,2026-08-09,成都,全部,26155,577664,1484,160682,酒店之家
2026W32,2026,32,2026-08-03,2026-08-09,昆明,15-29间,3378,68905,20,454,酒店之家
2026W32,2026,32,2026-08-03,2026-08-09,昆明,150间及以上,198,49696,86,23147,酒店之家
2026W32,2026,32,2026-08-03,2026-08-09,昆明,15间以下,9379,30520,9,74,酒店之家
2026W32,2026,32,2026-08-03,2026-08-09,昆明,30-69间,1723,72440,130,6884,酒店之家
2026W32,2026,32,2026-08-03,2026-08-09,昆明,70-149间,750,73859,349,35442,酒店之家
2026W32,2026,32,2026-08-03,2026-08-09,昆明,全部,15428,295420,594,66001,酒店之家
2026W32,2026,32,2026-08-03,2026-08-09,杭州,15-29间,2295,46368,75,1694,酒店之家
2026W32,2026,32,2026-08-03,2026-08-09,杭州,150间及以上,454,106235,289,66572,酒店之家
2026W32,2026,32,2026-08-03,2026-08-09,杭州,15间以下,9263,43391,66,517,酒店之家
2026W32,2026,32,2026-08-03,2026-08-09,杭州,30-69间,2260,98894,322,16190,酒店之家
2026W32,2026,32,2026-08-03,2026-08-09,杭州,70-149间,1319,134035,792,84005,酒店之家
2026W32,2026,32,2026-08-03,2026-08-09,杭州,全部,15591,428923,1544,168978,酒店之家
2026W32,2026,32,2026-08-03,2026-08-09,武汉,15-29间,2190,44172,47,1093,酒店之家
2026W32,2026,32,2026-08-03,2026-08-09,武汉,150间及以上,232,53592,151,34800,酒店之家
2026W32,2026,32,2026-08-03,2026-08-09,武汉,15间以下,5814,27491,9,79,酒店之家
2026W32,2026,32,2026-08-03,2026-08-09,武汉,30-69间,1655,71636,286,14696,酒店之家
2026W32,2026,32,2026-08-03,2026-08-09,武汉,70-149间,1059,103890,731,73974,酒店之家
2026W32,2026,32,2026-08-03,2026-08-09,武汉,全部,10950,300781,1224,124642,酒店之家
2026W32,2026,32,2026-08-03,2026-08-09,沈阳,15-29间,1203,23734,12,294,酒店之家
2026W32,2026,32,2026-08-03,2026-08-09,沈阳,150间及以上,102,24743,65,15809,酒店之家
2026W32,2026,32,2026-08-03,2026-08-09,沈阳,15间以下,4854,17712,1,12,酒店之家
2026W32,2026,32,2026-08-03,2026-08-09,沈阳,30-69间,579,24696,115,5862,酒店之家
2026W32,2026,32,2026-08-03,2026-08-09,沈阳,70-149间,478,48263,350,36221,酒店之家
2026W32,2026,32,2026-08-03,2026-08-09,沈阳,全部,7216,139148,543,58198,酒店之家
2026W32,2026,32,2026-08-03,2026-08-09,深圳,15-29间,2283,47934,29,628,酒店之家
2026W32,2026,32,2026-08-03,2026-08-09,深圳,150间及以上,452,101108,279,63907,酒店之家
2026W32,2026,32,2026-08-03,2026-08-09,深圳,15间以下,6188,26164,9,89,酒店之家
2026W32,2026,32,2026-08-03,2026-08-09,深圳,30-69间,2580,111025,163,8096,酒店之家
2026W32,2026,32,2026-08-03,2026-08-09,深圳,70-149间,1274,126196,533,57217,酒店之家
2026W32,2026,32,2026-08-03,2026-08-09,深圳,全部,12777,412427,1013,129937,酒店之家
2026W32,2026,32,2026-08-03,2026-08-09,苏州,15-29间,1727,35521,106,2392,酒店之家
2026W32,2026,32,2026-08-03,2026-08-09,苏州,150间及以上,270,68002,184,44809,酒店之家
2026W32,2026,32,2026-08-03,2026-08-09,苏州,15间以下,6693,28748,139,1188,酒店之家
2026W32,2026,32,2026-08-03,2026-08-09,苏州,30-69间,1533,67983,421,20710,酒店之家
2026W32,2026,32,2026-08-03,2026-08-09,苏州,70-149间,887,86992,606,60924,酒店之家
2026W32,2026,32,2026-08-03,2026-08-09,苏州,全部,11110,287246,1456,130023,酒店之家
2026W32,2026,32,2026-08-03,2026-08-09,西安,15-29间,3281,65318,86,1958,酒店之家
2026W32,2026,32,2026-08-03,2026-08-09,西安,150间及以上,262,62187,160,37159,酒店之家
2026W32,2026,32,2026-08-03,2026-08-09,西安,15间以下,8908,39347,28,252,酒店之家
2026W32,2026,32,2026-08-03,2026-08-09,西安,30-69间,2115,92162,395,19888,酒店之家
2026W32,2026,32,2026-08-03,2026-08-09,西安,70-149间,1293,128193,773,78559,酒店之家
2026W32,2026,32,2026-08-03,2026-08-09,西安,全部,15859,387207,1442,137816,酒店之家
2026W32,2026,32,2026-08-03,2026-08-09,郑州,15-29间,2274,46757,33,792,酒店之家
2026W32,2026,32,2026-08-03,2026-08-09,郑州,150间及以上,176,39223,72,16309,酒店之家
2026W32,2026,32,2026-08-03,2026-08-09,郑州,15间以下,3984,18215,10,89,酒店之家
2026W32,2026,32,2026-08-03,2026-08-09,郑州,30-69间,2015,84835,186,9589,酒店之家
2026W32,2026,32,2026-08-03,2026-08-09,郑州,70-149间,887,86170,398,40449,酒店之家
2026W32,2026,32,2026-08-03,2026-08-09,郑州,全部,9336,275200,699,67228,酒店之家
2026W32,2026,32,2026-08-03,2026-08-09,重庆,15-29间,6040,123908,97,2146,酒店之家
2026W32,2026,32,2026-08-03,2026-08-09,重庆,150间及以上,336,74358,169,38286,酒店之家
2026W32,2026,32,2026-08-03,2026-08-09,重庆,15间以下,13823,63336,18,198,酒店之家
2026W32,2026,32,2026-08-03,2026-08-09,重庆,30-69间,3665,153765,273,13940,酒店之家
2026W32,2026,32,2026-08-03,2026-08-09,重庆,70-149间,1143,111996,564,57775,酒店之家
2026W32,2026,32,2026-08-03,2026-08-09,重庆,全部,25007,527363,1121,112345,酒店之家
2026W32,2026,32,2026-08-03,2026-08-09,长沙,15-29间,3175,64800,39,907,酒店之家
2026W32,2026,32,2026-08-03,2026-08-09,长沙,150间及以上,219,51998,141,32781,酒店之家
2026W32,2026,32,2026-08-03,2026-08-09,长沙,15间以下,6883,30452,10,94,酒店之家
2026W32,2026,32,2026-08-03,2026-08-09,长沙,30-69间,2014,85418,247,12866,酒店之家
2026W32,2026,32,2026-08-03,2026-08-09,长沙,70-149间,810,80575,496,51211,酒店之家
2026W32,2026,32,2026-08-03,2026-08-09,长沙,全部,13101,313243,933,97859,酒店之家
2026W32,2026,32,2026-08-03,2026-08-09,青岛,15-29间,1885,38235,59,1377,酒店之家
2026W32,2026,32,2026-08-03,2026-08-09,青岛,150间及以上,199,50074,114,29394,酒店之家
2026W32,2026,32,2026-08-03,2026-08-09,青岛,15间以下,12756,34826,26,205,酒店之家
2026W32,2026,32,2026-08-03,2026-08-09,青岛,30-69间,1501,65359,306,14981,酒店之家
2026W32,2026,32,2026-08-03,2026-08-09,青岛,70-149间,836,82058,537,53573,酒店之家
2026W32,2026,32,2026-08-03,2026-08-09,青岛,全部,17177,270552,1042,99530,酒店之家
2026W33,2026,33,2026-08-10,2026-08-16,上海,15-29间,1977,41090,138,3238,酒店之家
2026W33,2026,33,2026-08-10,2026-08-16,上海,150间及以上,735,184700,590,148565,酒店之家
2026W33,2026,33,2026-08-10,2026-08-16,上海,15间以下,8917,31255,60,485,酒店之家
2026W33,2026,33,2026-08-10,2026-08-16,上海,30-69间,2419,109054,797,39483,酒店之家
2026W33,2026,33,2026-08-10,2026-08-16,上海,70-149间,1896,190300,1372,140639,酒店之家
2026W33,2026,33,2026-08-10,2026-08-16,上海,全部,15944,556399,2957,332410,酒店之家
2026W33,2026,33,2026-08-10,2026-08-16,东莞,15-29间,1651,33433,6,154,酒店之家
2026W33,2026,33,2026-08-10,2026-08-16,东莞,150间及以上,150,37919,47,8946,酒店之家
2026W33,2026,33,2026-08-10,2026-08-16,东莞,15间以下,1946,12593,0,0,酒店之家
2026W33,2026,33,2026-08-10,2026-08-16,东莞,30-69间,1790,78754,74,3801,酒店之家
2026W33,2026,33,2026-08-10,2026-08-16,东莞,70-149间,737,70606,242,25328,酒店之家
2026W33,2026,33,2026-08-10,2026-08-16,东莞,全部,6274,233305,369,38229,酒店之家
2026W33,2026,33,2026-08-10,2026-08-16,佛山,15-29间,1334,27001,17,363,酒店之家
2026W33,2026,33,2026-08-10,2026-08-16,佛山,150间及以上,128,29063,84,19194,酒店之家
2026W33,2026,33,2026-08-10,2026-08-16,佛山,15间以下,3221,15202,5,55,酒店之家
2026W33,2026,33,2026-08-10,2026-08-16,佛山,30-69间,1302,56046,75,3874,酒店之家
2026W33,2026,33,2026-08-10,2026-08-16,佛山,70-149间,561,55975,248,26952,酒店之家
2026W33,2026,33,2026-08-10,2026-08-16,佛山,全部,6546,183287,429,50438,酒店之家
2026W33,2026,33,2026-08-10,2026-08-16,全国,15-29间,191683,3898442,4073,92505,酒店之家
2026W33,2026,33,2026-08-10,2026-08-16,全国,150间及以上,15418,3666524,7231,1753884,酒店之家
2026W33,2026,33,2026-08-10,2026-08-16,全国,15间以下,597343,2601121,1987,18457,酒店之家
2026W33,2026,33,2026-08-10,2026-08-16,全国,30-69间,151001,6596173,21718,1092187,酒店之家
2026W33,2026,33,2026-08-10,2026-08-16,全国,70-149间,69247,6676649,34150,3378272,酒店之家
2026W33,2026,33,2026-08-10,2026-08-16,全国,全部,1024692,23438909,69159,6335305,酒店之家
2026W33,2026,33,2026-08-10,2026-08-16,北京,15-29间,1900,38980,140,3199,酒店之家
2026W33,2026,33,2026-08-10,2026-08-16,北京,150间及以上,673,177427,384,98476,酒店之家
2026W33,2026,33,2026-08-10,2026-08-16,北京,15间以下,11848,44841,97,785,酒店之家
2026W33,2026,33,2026-08-10,2026-08-16,北京,30-69间,2553,118282,904,46146,酒店之家
2026W33,2026,33,2026-08-10,2026-08-16,北京,70-149间,2253,223445,1566,157079,酒店之家
2026W33,2026,33,2026-08-10,2026-08-16,北京,全部,19227,602975,3091,305685,酒店之家
2026W33,2026,33,2026-08-10,2026-08-16,南京,15-29间,1541,31636,88,2091,酒店之家
2026W33,2026,33,2026-08-10,2026-08-16,南京,150间及以上,252,59992,163,38255,酒店之家
2026W33,2026,33,2026-08-10,2026-08-16,南京,15间以下,4645,18802,18,183,酒店之家
2026W33,2026,33,2026-08-10,2026-08-16,南京,30-69间,1614,70470,498,24545,酒店之家
2026W33,2026,33,2026-08-10,2026-08-16,南京,70-149间,847,83905,621,62641,酒店之家
2026W33,2026,33,2026-08-10,2026-08-16,南京,全部,8899,264805,1388,127715,酒店之家
2026W33,2026,33,2026-08-10,2026-08-16,合肥,15-29间,1412,28508,78,1788,酒店之家
2026W33,2026,33,2026-08-10,2026-08-16,合肥,150间及以上,135,36037,76,19976,酒店之家
2026W33,2026,33,2026-08-10,2026-08-16,合肥,15间以下,2426,13870,6,62,酒店之家
2026W33,2026,33,2026-08-10,2026-08-16,合肥,30-69间,1103,48111,293,14486,酒店之家
2026W33,2026,33,2026-08-10,2026-08-16,合肥,70-149间,653,62519,450,43666,酒店之家
2026W33,2026,33,2026-08-10,2026-08-16,合肥,全部,5729,189045,903,79978,酒店之家
2026W33,2026,33,2026-08-10,2026-08-16,天津,15-29间,1096,22314,43,1008,酒店之家
2026W33,2026,33,2026-08-10,2026-08-16,天津,150间及以上,141,32419,95,21853,酒店之家
2026W33,2026,33,2026-08-10,2026-08-16,天津,15间以下,6920,24787,5,44,酒店之家
2026W33,2026,33,2026-08-10,2026-08-16,天津,30-69间,938,41932,247,12479,酒店之家
2026W33,2026,33,2026-08-10,2026-08-16,天津,70-149间,789,76518,568,55930,酒店之家
2026W33,2026,33,2026-08-10,2026-08-16,天津,全部,9884,197970,958,91314,酒店之家
2026W33,2026,33,2026-08-10,2026-08-16,广州,15-29间,3011,62412,59,1335,酒店之家
2026W33,2026,33,2026-08-10,2026-08-16,广州,150间及以上,414,105036,286,75234,酒店之家
2026W33,2026,33,2026-08-10,2026-08-16,广州,15间以下,7441,28445,17,135,酒店之家
2026W33,2026,33,2026-08-10,2026-08-16,广州,30-69间,3325,144762,298,15151,酒店之家
2026W33,2026,33,2026-08-10,2026-08-16,广州,70-149间,1545,151660,788,81309,酒店之家
2026W33,2026,33,2026-08-10,2026-08-16,广州,全部,15736,492315,1448,173164,酒店之家
2026W33,2026,33,2026-08-10,2026-08-16,成都,15-29间,5084,103338,93,2198,酒店之家
2026W33,2026,33,2026-08-10,2026-08-16,成都,150间及以上,452,108293,265,63714,酒店之家
2026W33,2026,33,2026-08-10,2026-08-16,成都,15间以下,15176,60930,22,193,酒店之家
2026W33,2026,33,2026-08-10,2026-08-16,成都,30-69间,3572,151957,372,18341,酒店之家
2026W33,2026,33,2026-08-10,2026-08-16,成都,70-149间,1536,152327,731,76192,酒店之家
2026W33,2026,33,2026-08-10,2026-08-16,成都,全部,25820,576845,1483,160638,酒店之家
2026W33,2026,33,2026-08-10,2026-08-16,昆明,15-29间,3375,68830,19,427,酒店之家
2026W33,2026,33,2026-08-10,2026-08-16,昆明,150间及以上,198,49696,86,23147,酒店之家
2026W33,2026,33,2026-08-10,2026-08-16,昆明,15间以下,9236,30311,9,74,酒店之家
2026W33,2026,33,2026-08-10,2026-08-16,昆明,30-69间,1723,72484,130,6884,酒店之家
2026W33,2026,33,2026-08-10,2026-08-16,昆明,70-149间,750,73862,349,35442,酒店之家
2026W33,2026,33,2026-08-10,2026-08-16,昆明,全部,15282,295183,593,65974,酒店之家
2026W33,2026,33,2026-08-10,2026-08-16,杭州,15-29间,2291,46320,75,1694,酒店之家
2026W33,2026,33,2026-08-10,2026-08-16,杭州,150间及以上,456,106829,291,67051,酒店之家
2026W33,2026,33,2026-08-10,2026-08-16,杭州,15间以下,8840,42847,66,517,酒店之家
2026W33,2026,33,2026-08-10,2026-08-16,杭州,30-69间,2259,98886,323,16234,酒店之家
2026W33,2026,33,2026-08-10,2026-08-16,杭州,70-149间,1323,134465,794,84272,酒店之家
2026W33,2026,33,2026-08-10,2026-08-16,杭州,全部,15169,429347,1549,169768,酒店之家
2026W33,2026,33,2026-08-10,2026-08-16,武汉,15-29间,2189,44178,48,1113,酒店之家
2026W33,2026,33,2026-08-10,2026-08-16,武汉,150间及以上,233,53742,152,34950,酒店之家
2026W33,2026,33,2026-08-10,2026-08-16,武汉,15间以下,5628,27229,9,79,酒店之家
2026W33,2026,33,2026-08-10,2026-08-16,武汉,30-69间,1665,71978,286,14676,酒店之家
2026W33,2026,33,2026-08-10,2026-08-16,武汉,70-149间,1062,104215,733,74128,酒店之家
2026W33,2026,33,2026-08-10,2026-08-16,武汉,全部,10777,301342,1228,124946,酒店之家
2026W33,2026,33,2026-08-10,2026-08-16,沈阳,15-29间,1203,23739,11,265,酒店之家
2026W33,2026,33,2026-08-10,2026-08-16,沈阳,150间及以上,102,24745,65,15811,酒店之家
2026W33,2026,33,2026-08-10,2026-08-16,沈阳,15间以下,4720,17501,1,12,酒店之家
2026W33,2026,33,2026-08-10,2026-08-16,沈阳,30-69间,583,24861,116,5892,酒店之家
2026W33,2026,33,2026-08-10,2026-08-16,沈阳,70-149间,479,48413,351,36348,酒店之家
2026W33,2026,33,2026-08-10,2026-08-16,沈阳,全部,7087,139259,544,58328,酒店之家
2026W33,2026,33,2026-08-10,2026-08-16,深圳,15-29间,2285,47997,29,628,酒店之家
2026W33,2026,33,2026-08-10,2026-08-16,深圳,150间及以上,453,101229,281,64299,酒店之家
2026W33,2026,33,2026-08-10,2026-08-16,深圳,15间以下,5912,25731,8,78,酒店之家
2026W33,2026,33,2026-08-10,2026-08-16,深圳,30-69间,2586,111208,163,8079,酒店之家
2026W33,2026,33,2026-08-10,2026-08-16,深圳,70-149间,1281,126825,535,57392,酒店之家
2026W33,2026,33,2026-08-10,2026-08-16,深圳,全部,12517,412990,1016,130476,酒店之家
2026W33,2026,33,2026-08-10,2026-08-16,苏州,15-29间,1733,35633,106,2392,酒店之家
2026W33,2026,33,2026-08-10,2026-08-16,苏州,150间及以上,269,67822,184,44809,酒店之家
2026W33,2026,33,2026-08-10,2026-08-16,苏州,15间以下,6424,28419,139,1188,酒店之家
2026W33,2026,33,2026-08-10,2026-08-16,苏州,30-69间,1533,67951,420,20648,酒店之家
2026W33,2026,33,2026-08-10,2026-08-16,苏州,70-149间,890,87223,608,61108,酒店之家
2026W33,2026,33,2026-08-10,2026-08-16,苏州,全部,10849,287048,1457,130145,酒店之家
2026W33,2026,33,2026-08-10,2026-08-16,西安,15-29间,3286,65427,85,1940,酒店之家
2026W33,2026,33,2026-08-10,2026-08-16,西安,150间及以上,263,62409,160,37059,酒店之家
2026W33,2026,33,2026-08-10,2026-08-16,西安,15间以下,8650,38778,28,252,酒店之家
2026W33,2026,33,2026-08-10,2026-08-16,西安,30-69间,2112,92049,395,19877,酒店之家
2026W33,2026,33,2026-08-10,2026-08-16,西安,70-149间,1293,128127,773,78526,酒店之家
2026W33,2026,33,2026-08-10,2026-08-16,西安,全部,15604,386790,1441,137654,酒店之家
2026W33,2026,33,2026-08-10,2026-08-16,郑州,15-29间,2275,46774,33,792,酒店之家
2026W33,2026,33,2026-08-10,2026-08-16,郑州,150间及以上,177,39485,72,16309,酒店之家
2026W33,2026,33,2026-08-10,2026-08-16,郑州,15间以下,3904,17929,10,89,酒店之家
2026W33,2026,33,2026-08-10,2026-08-16,郑州,30-69间,2011,84585,185,9523,酒店之家
2026W33,2026,33,2026-08-10,2026-08-16,郑州,70-149间,891,86583,398,40424,酒店之家
2026W33,2026,33,2026-08-10,2026-08-16,郑州,全部,9258,275356,698,67137,酒店之家
2026W33,2026,33,2026-08-10,2026-08-16,重庆,15-29间,6058,124229,97,2146,酒店之家
2026W33,2026,33,2026-08-10,2026-08-16,重庆,150间及以上,336,74438,169,38286,酒店之家
2026W33,2026,33,2026-08-10,2026-08-16,重庆,15间以下,13269,62256,19,210,酒店之家
2026W33,2026,33,2026-08-10,2026-08-16,重庆,30-69间,3676,154221,277,14126,酒店之家
2026W33,2026,33,2026-08-10,2026-08-16,重庆,70-149间,1142,111997,563,57692,酒店之家
2026W33,2026,33,2026-08-10,2026-08-16,重庆,全部,24481,527141,1125,112460,酒店之家
2026W33,2026,33,2026-08-10,2026-08-16,长沙,15-29间,3176,64825,39,907,酒店之家
2026W33,2026,33,2026-08-10,2026-08-16,长沙,150间及以上,220,52153,141,32775,酒店之家
2026W33,2026,33,2026-08-10,2026-08-16,长沙,15间以下,6641,30106,10,94,酒店之家
2026W33,2026,33,2026-08-10,2026-08-16,长沙,30-69间,2015,85389,246,12791,酒店之家
2026W33,2026,33,2026-08-10,2026-08-16,长沙,70-149间,814,80903,498,51408,酒店之家
2026W33,2026,33,2026-08-10,2026-08-16,长沙,全部,12866,313376,934,97975,酒店之家
2026W33,2026,33,2026-08-10,2026-08-16,青岛,15-29间,1892,38350,59,1377,酒店之家
2026W33,2026,33,2026-08-10,2026-08-16,青岛,150间及以上,199,50074,114,29394,酒店之家
2026W33,2026,33,2026-08-10,2026-08-16,青岛,15间以下,12346,34146,26,205,酒店之家
2026W33,2026,33,2026-08-10,2026-08-16,青岛,30-69间,1505,65535,305,14967,酒店之家
2026W33,2026,33,2026-08-10,2026-08-16,青岛,70-149间,836,82073,538,53693,酒店之家
2026W33,2026,33,2026-08-10,2026-08-16,青岛,全部,16778,270178,1042,99636,酒店之家
2026W34,2026,34,2026-08-17,2026-08-23,上海,15-29间,1977,41103,139,3259,酒店之家
2026W34,2026,34,2026-08-17,2026-08-23,上海,150间及以上,735,184704,590,148670,酒店之家
2026W34,2026,34,2026-08-17,2026-08-23,上海,15间以下,9090,31659,61,496,酒店之家
2026W34,2026,34,2026-08-17,2026-08-23,上海,30-69间,2427,109404,798,39534,酒店之家
2026W34,2026,34,2026-08-17,2026-08-23,上海,70-149间,1899,190487,1372,140579,酒店之家
2026W34,2026,34,2026-08-17,2026-08-23,上海,全部,16128,557357,2960,332538,酒店之家
2026W34,2026,34,2026-08-17,2026-08-23,东莞,15-29间,1656,33524,5,125,酒店之家
2026W34,2026,34,2026-08-17,2026-08-23,东莞,150间及以上,150,37924,48,9111,酒店之家
2026W34,2026,34,2026-08-17,2026-08-23,东莞,15间以下,1962,12706,0,0,酒店之家
2026W34,2026,34,2026-08-17,2026-08-23,东莞,30-69间,1790,78701,73,3723,酒店之家
2026W34,2026,34,2026-08-17,2026-08-23,东莞,70-149间,740,70870,244,25517,酒店之家
2026W34,2026,34,2026-08-17,2026-08-23,东莞,全部,6298,233725,370,38476,酒店之家
2026W34,2026,34,2026-08-17,2026-08-23,佛山,15-29间,1330,26913,17,363,酒店之家
2026W34,2026,34,2026-08-17,2026-08-23,佛山,150间及以上,128,29063,84,19194,酒店之家
2026W34,2026,34,2026-08-17,2026-08-23,佛山,15间以下,3225,15181,5,55,酒店之家
2026W34,2026,34,2026-08-17,2026-08-23,佛山,30-69间,1301,56028,76,3937,酒店之家
2026W34,2026,34,2026-08-17,2026-08-23,佛山,70-149间,560,55846,246,26788,酒店之家
2026W34,2026,34,2026-08-17,2026-08-23,佛山,全部,6544,183031,428,50337,酒店之家
2026W34,2026,34,2026-08-17,2026-08-23,全国,15-29间,191839,3901913,4066,92380,酒店之家
2026W34,2026,34,2026-08-17,2026-08-23,全国,150间及以上,15420,3669543,7212,1749417,酒店之家
2026W34,2026,34,2026-08-17,2026-08-23,全国,15间以下,602584,2610741,1987,18462,酒店之家
2026W34,2026,34,2026-08-17,2026-08-23,全国,30-69间,151143,6602597,21750,1093819,酒店之家
2026W34,2026,34,2026-08-17,2026-08-23,全国,70-149间,69325,6684175,34180,3381387,酒店之家
2026W34,2026,34,2026-08-17,2026-08-23,全国,全部,1030311,23468969,69195,6335465,酒店之家
2026W34,2026,34,2026-08-17,2026-08-23,北京,15-29间,1905,39086,140,3199,酒店之家
2026W34,2026,34,2026-08-17,2026-08-23,北京,150间及以上,674,177542,386,98691,酒店之家
2026W34,2026,34,2026-08-17,2026-08-23,北京,15间以下,12698,46284,95,766,酒店之家
2026W34,2026,34,2026-08-17,2026-08-23,北京,30-69间,2575,119178,908,46364,酒店之家
2026W34,2026,34,2026-08-17,2026-08-23,北京,70-149间,2256,223669,1570,157420,酒店之家
2026W34,2026,34,2026-08-17,2026-08-23,北京,全部,20108,605759,3099,306440,酒店之家
2026W34,2026,34,2026-08-17,2026-08-23,南京,15-29间,1544,31710,88,2091,酒店之家
2026W34,2026,34,2026-08-17,2026-08-23,南京,150间及以上,253,60177,163,38282,酒店之家
2026W34,2026,34,2026-08-17,2026-08-23,南京,15间以下,4714,18985,18,183,酒店之家
2026W34,2026,34,2026-08-17,2026-08-23,南京,30-69间,1613,70436,500,24627,酒店之家
2026W34,2026,34,2026-08-17,2026-08-23,南京,70-149间,847,83865,619,62416,酒店之家
2026W34,2026,34,2026-08-17,2026-08-23,南京,全部,8971,265173,1388,127599,酒店之家
2026W34,2026,34,2026-08-17,2026-08-23,合肥,15-29间,1417,28604,78,1788,酒店之家
2026W34,2026,34,2026-08-17,2026-08-23,合肥,150间及以上,135,36036,76,19975,酒店之家
2026W34,2026,34,2026-08-17,2026-08-23,合肥,15间以下,2454,13925,7,72,酒店之家
2026W34,2026,34,2026-08-17,2026-08-23,合肥,30-69间,1105,48251,294,14546,酒店之家
2026W34,2026,34,2026-08-17,2026-08-23,合肥,70-149间,653,62458,452,43818,酒店之家
2026W34,2026,34,2026-08-17,2026-08-23,合肥,全部,5764,189274,907,80199,酒店之家
2026W34,2026,34,2026-08-17,2026-08-23,天津,15-29间,1100,22412,43,1008,酒店之家
2026W34,2026,34,2026-08-17,2026-08-23,天津,150间及以上,140,32243,94,21677,酒店之家
2026W34,2026,34,2026-08-17,2026-08-23,天津,15间以下,6970,24869,5,44,酒店之家
2026W34,2026,34,2026-08-17,2026-08-23,天津,30-69间,938,41985,248,12536,酒店之家
2026W34,2026,34,2026-08-17,2026-08-23,天津,70-149间,788,76348,569,56036,酒店之家
2026W34,2026,34,2026-08-17,2026-08-23,天津,全部,9936,197857,959,91301,酒店之家
2026W34,2026,34,2026-08-17,2026-08-23,广州,15-29间,3015,62485,59,1335,酒店之家
2026W34,2026,34,2026-08-17,2026-08-23,广州,150间及以上,413,104881,285,75086,酒店之家
2026W34,2026,34,2026-08-17,2026-08-23,广州,15间以下,7463,28510,17,135,酒店之家
2026W34,2026,34,2026-08-17,2026-08-23,广州,30-69间,3327,144915,297,15069,酒店之家
2026W34,2026,34,2026-08-17,2026-08-23,广州,70-149间,1544,151554,785,81049,酒店之家
2026W34,2026,34,2026-08-17,2026-08-23,广州,全部,15762,492345,1443,172674,酒店之家
2026W34,2026,34,2026-08-17,2026-08-23,成都,15-29间,5090,103492,94,2216,酒店之家
2026W34,2026,34,2026-08-17,2026-08-23,成都,150间及以上,450,107964,264,63551,酒店之家
2026W34,2026,34,2026-08-17,2026-08-23,成都,15间以下,15308,61210,22,193,酒店之家
2026W34,2026,34,2026-08-17,2026-08-23,成都,30-69间,3572,151958,373,18413,酒店之家
2026W34,2026,34,2026-08-17,2026-08-23,成都,70-149间,1538,152555,732,76300,酒店之家
2026W34,2026,34,2026-08-17,2026-08-23,成都,全部,25958,577179,1485,160673,酒店之家
2026W34,2026,34,2026-08-17,2026-08-23,昆明,15-29间,3369,68767,19,427,酒店之家
2026W34,2026,34,2026-08-17,2026-08-23,昆明,150间及以上,197,49537,86,23147,酒店之家
2026W34,2026,34,2026-08-17,2026-08-23,昆明,15间以下,9355,30511,9,74,酒店之家
2026W34,2026,34,2026-08-17,2026-08-23,昆明,30-69间,1729,72725,130,6884,酒店之家
2026W34,2026,34,2026-08-17,2026-08-23,昆明,70-149间,753,74130,350,35535,酒店之家
2026W34,2026,34,2026-08-17,2026-08-23,昆明,全部,15403,295670,594,66067,酒店之家
2026W34,2026,34,2026-08-17,2026-08-23,杭州,15-29间,2299,46469,75,1694,酒店之家
2026W34,2026,34,2026-08-17,2026-08-23,杭州,150间及以上,456,106763,291,67059,酒店之家
2026W34,2026,34,2026-08-17,2026-08-23,杭州,15间以下,8889,42874,67,523,酒店之家
2026W34,2026,34,2026-08-17,2026-08-23,杭州,30-69间,2262,99026,324,16294,酒店之家
2026W34,2026,34,2026-08-17,2026-08-23,杭州,70-149间,1322,134416,794,84290,酒店之家
2026W34,2026,34,2026-08-17,2026-08-23,杭州,全部,15228,429548,1551,169860,酒店之家
2026W34,2026,34,2026-08-17,2026-08-23,武汉,15-29间,2187,44148,48,1113,酒店之家
2026W34,2026,34,2026-08-17,2026-08-23,武汉,150间及以上,234,54022,152,34939,酒店之家
2026W34,2026,34,2026-08-17,2026-08-23,武汉,15间以下,5687,27375,9,79,酒店之家
2026W34,2026,34,2026-08-17,2026-08-23,武汉,30-69间,1661,71794,286,14661,酒店之家
2026W34,2026,34,2026-08-17,2026-08-23,武汉,70-149间,1062,104150,734,74204,酒店之家
2026W34,2026,34,2026-08-17,2026-08-23,武汉,全部,10831,301489,1229,124996,酒店之家
2026W34,2026,34,2026-08-17,2026-08-23,沈阳,15-29间,1203,23739,11,265,酒店之家
2026W34,2026,34,2026-08-17,2026-08-23,沈阳,150间及以上,102,24745,65,15811,酒店之家
2026W34,2026,34,2026-08-17,2026-08-23,沈阳,15间以下,4778,17609,1,12,酒店之家
2026W34,2026,34,2026-08-17,2026-08-23,沈阳,30-69间,586,24996,116,5892,酒店之家
2026W34,2026,34,2026-08-17,2026-08-23,沈阳,70-149间,479,48413,351,36348,酒店之家
2026W34,2026,34,2026-08-17,2026-08-23,沈阳,全部,7148,139502,544,58328,酒店之家
2026W34,2026,34,2026-08-17,2026-08-23,深圳,15-29间,2277,47878,29,628,酒店之家
2026W34,2026,34,2026-08-17,2026-08-23,深圳,150间及以上,451,100870,280,64102,酒店之家
2026W34,2026,34,2026-08-17,2026-08-23,深圳,15间以下,5935,25794,7,68,酒店之家
2026W34,2026,34,2026-08-17,2026-08-23,深圳,30-69间,2592,111506,162,8019,酒店之家
2026W34,2026,34,2026-08-17,2026-08-23,深圳,70-149间,1279,126619,532,57046,酒店之家
2026W34,2026,34,2026-08-17,2026-08-23,深圳,全部,12534,412667,1010,129863,酒店之家
2026W34,2026,34,2026-08-17,2026-08-23,苏州,15-29间,1732,35625,104,2345,酒店之家
2026W34,2026,34,2026-08-17,2026-08-23,苏州,150间及以上,271,68316,184,44804,酒店之家
2026W34,2026,34,2026-08-17,2026-08-23,苏州,15间以下,6452,28450,140,1200,酒店之家
2026W34,2026,34,2026-08-17,2026-08-23,苏州,30-69间,1535,68067,419,20617,酒店之家
2026W34,2026,34,2026-08-17,2026-08-23,苏州,70-149间,889,87171,608,61143,酒店之家
2026W34,2026,34,2026-08-17,2026-08-23,苏州,全部,10879,287629,1455,130109,酒店之家
2026W34,2026,34,2026-08-17,2026-08-23,西安,15-29间,3296,65659,85,1940,酒店之家
2026W34,2026,34,2026-08-17,2026-08-23,西安,150间及以上,263,62407,160,37057,酒店之家
2026W34,2026,34,2026-08-17,2026-08-23,西安,15间以下,8669,38778,28,252,酒店之家
2026W34,2026,34,2026-08-17,2026-08-23,西安,30-69间,2113,92068,394,19841,酒店之家
2026W34,2026,34,2026-08-17,2026-08-23,西安,70-149间,1295,128246,772,78434,酒店之家
2026W34,2026,34,2026-08-17,2026-08-23,西安,全部,15636,387158,1439,137524,酒店之家
2026W34,2026,34,2026-08-17,2026-08-23,郑州,15-29间,2274,46760,33,792,酒店之家
2026W34,2026,34,2026-08-17,2026-08-23,郑州,150间及以上,177,39504,72,16309,酒店之家
2026W34,2026,34,2026-08-17,2026-08-23,郑州,15间以下,3899,17914,10,89,酒店之家
2026W34,2026,34,2026-08-17,2026-08-23,郑州,30-69间,2019,84887,185,9523,酒店之家
2026W34,2026,34,2026-08-17,2026-08-23,郑州,70-149间,887,86176,399,40509,酒店之家
2026W34,2026,34,2026-08-17,2026-08-23,郑州,全部,9256,275241,699,67222,酒店之家
2026W34,2026,34,2026-08-17,2026-08-23,重庆,15-29间,6056,124131,102,2264,酒店之家
2026W34,2026,34,2026-08-17,2026-08-23,重庆,150间及以上,336,74512,169,38286,酒店之家
2026W34,2026,34,2026-08-17,2026-08-23,重庆,15间以下,13442,62620,19,210,酒店之家
2026W34,2026,34,2026-08-17,2026-08-23,重庆,30-69间,3673,154046,280,14253,酒店之家
2026W34,2026,34,2026-08-17,2026-08-23,重庆,70-149间,1146,112323,565,57927,酒店之家
2026W34,2026,34,2026-08-17,2026-08-23,重庆,全部,24653,527632,1135,112940,酒店之家
2026W34,2026,34,2026-08-17,2026-08-23,长沙,15-29间,3176,64838,39,909,酒店之家
2026W34,2026,34,2026-08-17,2026-08-23,长沙,150间及以上,220,52153,141,32775,酒店之家
2026W34,2026,34,2026-08-17,2026-08-23,长沙,15间以下,6735,30252,10,94,酒店之家
2026W34,2026,34,2026-08-17,2026-08-23,长沙,30-69间,2013,85317,247,12846,酒店之家
2026W34,2026,34,2026-08-17,2026-08-23,长沙,70-149间,813,80789,498,51354,酒店之家
2026W34,2026,34,2026-08-17,2026-08-23,长沙,全部,12957,313349,935,97978,酒店之家
2026W34,2026,34,2026-08-17,2026-08-23,青岛,15-29间,1898,38495,57,1342,酒店之家
2026W34,2026,34,2026-08-17,2026-08-23,青岛,150间及以上,199,50074,109,28267,酒店之家
2026W34,2026,34,2026-08-17,2026-08-23,青岛,15间以下,12393,34313,25,197,酒店之家
2026W34,2026,34,2026-08-17,2026-08-23,青岛,30-69间,1506,65549,305,14967,酒店之家
2026W34,2026,34,2026-08-17,2026-08-23,青岛,70-149间,839,82365,534,53318,酒店之家
2026W34,2026,34,2026-08-17,2026-08-23,青岛,全部,16835,270796,1030,98091,酒店之家
2026W35,2026,35,2026-08-24,2026-08-30,上海,15-29间,1976,41106,139,3259,酒店之家
2026W35,2026,35,2026-08-24,2026-08-30,上海,150间及以上,737,185069,592,149035,酒店之家
2026W35,2026,35,2026-08-24,2026-08-30,上海,15间以下,9089,31610,60,489,酒店之家
2026W35,2026,35,2026-08-24,2026-08-30,上海,30-69间,2433,109657,802,39711,酒店之家
2026W35,2026,35,2026-08-24,2026-08-30,上海,70-149间,1900,190504,1370,140226,酒店之家
2026W35,2026,35,2026-08-24,2026-08-30,上海,全部,16135,557946,2963,332720,酒店之家
2026W35,2026,35,2026-08-24,2026-08-30,东莞,15-29间,1657,33559,5,125,酒店之家
2026W35,2026,35,2026-08-24,2026-08-30,东莞,150间及以上,150,37924,48,9111,酒店之家
2026W35,2026,35,2026-08-24,2026-08-30,东莞,15间以下,1982,12753,0,0,酒店之家
2026W35,2026,35,2026-08-24,2026-08-30,东莞,30-69间,1786,78589,73,3723,酒店之家
2026W35,2026,35,2026-08-24,2026-08-30,东莞,70-149间,741,70912,244,25499,酒店之家
2026W35,2026,35,2026-08-24,2026-08-30,东莞,全部,6316,233737,370,38458,酒店之家
2026W35,2026,35,2026-08-24,2026-08-30,佛山,15-29间,1323,26800,17,363,酒店之家
2026W35,2026,35,2026-08-24,2026-08-30,佛山,150间及以上,129,29219,84,19194,酒店之家
2026W35,2026,35,2026-08-24,2026-08-30,佛山,15间以下,3220,15096,5,55,酒店之家
2026W35,2026,35,2026-08-24,2026-08-30,佛山,30-69间,1300,55970,75,3885,酒店之家
2026W35,2026,35,2026-08-24,2026-08-30,佛山,70-149间,561,55929,246,26729,酒店之家
2026W35,2026,35,2026-08-24,2026-08-30,佛山,全部,6533,183014,427,50226,酒店之家
2026W35,2026,35,2026-08-24,2026-08-30,全国,15-29间,191081,3887609,4074,92536,酒店之家
2026W35,2026,35,2026-08-24,2026-08-30,全国,150间及以上,15430,3670717,7226,1752733,酒店之家
2026W35,2026,35,2026-08-24,2026-08-30,全国,15间以下,601194,2596291,1994,18508,酒店之家
2026W35,2026,35,2026-08-24,2026-08-30,全国,30-69间,151095,6601064,21757,1094109,酒店之家
2026W35,2026,35,2026-08-24,2026-08-30,全国,70-149间,69360,6687569,34201,3383348,酒店之家
2026W35,2026,35,2026-08-24,2026-08-30,全国,全部,1028160,23443250,69252,6341234,酒店之家
2026W35,2026,35,2026-08-24,2026-08-30,北京,15-29间,1595,32996,140,3202,酒店之家
2026W35,2026,35,2026-08-24,2026-08-30,北京,150间及以上,678,178216,386,98691,酒店之家
2026W35,2026,35,2026-08-24,2026-08-30,北京,15间以下,11061,34374,96,766,酒店之家
2026W35,2026,35,2026-08-24,2026-08-30,北京,30-69间,2463,114818,909,46455,酒店之家
2026W35,2026,35,2026-08-24,2026-08-30,北京,70-149间,2253,223386,1573,157732,酒店之家
2026W35,2026,35,2026-08-24,2026-08-30,北京,全部,18050,583790,3104,306846,酒店之家
2026W35,2026,35,2026-08-24,2026-08-30,南京,15-29间,1535,31538,88,2091,酒店之家
2026W35,2026,35,2026-08-24,2026-08-30,南京,150间及以上,252,59977,163,38282,酒店之家
2026W35,2026,35,2026-08-24,2026-08-30,南京,15间以下,4574,18705,18,183,酒店之家
2026W35,2026,35,2026-08-24,2026-08-30,南京,30-69间,1621,70792,500,24603,酒店之家
2026W35,2026,35,2026-08-24,2026-08-30,南京,70-149间,844,83506,617,62160,酒店之家
2026W35,2026,35,2026-08-24,2026-08-30,南京,全部,8826,264518,1386,127319,酒店之家
2026W35,2026,35,2026-08-24,2026-08-30,合肥,15-29间,1419,28653,79,1812,酒店之家
2026W35,2026,35,2026-08-24,2026-08-30,合肥,150间及以上,135,36010,76,19975,酒店之家
2026W35,2026,35,2026-08-24,2026-08-30,合肥,15间以下,2457,13906,7,72,酒店之家
2026W35,2026,35,2026-08-24,2026-08-30,合肥,30-69间,1106,48365,294,14545,酒店之家
2026W35,2026,35,2026-08-24,2026-08-30,合肥,70-149间,654,62582,453,43967,酒店之家
2026W35,2026,35,2026-08-24,2026-08-30,合肥,全部,5771,189516,909,80371,酒店之家
2026W35,2026,35,2026-08-24,2026-08-30,天津,15-29间,1096,22321,43,1008,酒店之家
2026W35,2026,35,2026-08-24,2026-08-30,天津,150间及以上,139,32091,93,21525,酒店之家
2026W35,2026,35,2026-08-24,2026-08-30,天津,15间以下,7006,25005,5,44,酒店之家
2026W35,2026,35,2026-08-24,2026-08-30,天津,30-69间,938,41983,247,12506,酒店之家
2026W35,2026,35,2026-08-24,2026-08-30,天津,70-149间,790,76628,569,56124,酒店之家
2026W35,2026,35,2026-08-24,2026-08-30,天津,全部,9969,198028,957,91207,酒店之家
2026W35,2026,35,2026-08-24,2026-08-30,广州,15-29间,3000,62168,59,1340,酒店之家
2026W35,2026,35,2026-08-24,2026-08-30,广州,150间及以上,412,104682,285,75086,酒店之家
2026W35,2026,35,2026-08-24,2026-08-30,广州,15间以下,7408,28258,17,135,酒店之家
2026W35,2026,35,2026-08-24,2026-08-30,广州,30-69间,3327,144868,296,15004,酒店之家
2026W35,2026,35,2026-08-24,2026-08-30,广州,70-149间,1547,151892,784,80977,酒店之家
2026W35,2026,35,2026-08-24,2026-08-30,广州,全部,15694,491868,1441,172542,酒店之家
2026W35,2026,35,2026-08-24,2026-08-30,成都,15-29间,5085,103416,95,2235,酒店之家
2026W35,2026,35,2026-08-24,2026-08-30,成都,150间及以上,453,108441,266,63866,酒店之家
2026W35,2026,35,2026-08-24,2026-08-30,成都,15间以下,15399,61399,22,193,酒店之家
2026W35,2026,35,2026-08-24,2026-08-30,成都,30-69间,3579,152156,373,18395,酒店之家
2026W35,2026,35,2026-08-24,2026-08-30,成都,70-149间,1540,152793,733,76436,酒店之家
2026W35,2026,35,2026-08-24,2026-08-30,成都,全部,26056,578205,1489,161125,酒店之家
2026W35,2026,35,2026-08-24,2026-08-30,昆明,15-29间,3367,68779,19,427,酒店之家
2026W35,2026,35,2026-08-24,2026-08-30,昆明,150间及以上,197,49539,86,23149,酒店之家
2026W35,2026,35,2026-08-24,2026-08-30,昆明,15间以下,9421,30602,9,74,酒店之家
2026W35,2026,35,2026-08-24,2026-08-30,昆明,30-69间,1732,72888,130,6884,酒店之家
2026W35,2026,35,2026-08-24,2026-08-30,昆明,70-149间,756,74413,352,35730,酒店之家
2026W35,2026,35,2026-08-24,2026-08-30,昆明,全部,15473,296221,596,66264,酒店之家
2026W35,2026,35,2026-08-24,2026-08-30,杭州,15-29间,2296,46400,76,1714,酒店之家
2026W35,2026,35,2026-08-24,2026-08-30,杭州,150间及以上,456,106831,291,67059,酒店之家
2026W35,2026,35,2026-08-24,2026-08-30,杭州,15间以下,8925,42908,68,532,酒店之家
2026W35,2026,35,2026-08-24,2026-08-30,杭州,30-69间,2272,99423,324,16318,酒店之家
2026W35,2026,35,2026-08-24,2026-08-30,杭州,70-149间,1324,134600,794,84308,酒店之家
2026W35,2026,35,2026-08-24,2026-08-30,杭州,全部,15273,430162,1553,169931,酒店之家
2026W35,2026,35,2026-08-24,2026-08-30,武汉,15-29间,2181,44033,49,1133,酒店之家
2026W35,2026,35,2026-08-24,2026-08-30,武汉,150间及以上,235,54160,153,35105,酒店之家
2026W35,2026,35,2026-08-24,2026-08-30,武汉,15间以下,5721,27341,9,79,酒店之家
2026W35,2026,35,2026-08-24,2026-08-30,武汉,30-69间,1660,71723,282,14461,酒店之家
2026W35,2026,35,2026-08-24,2026-08-30,武汉,70-149间,1065,104405,736,74374,酒店之家
2026W35,2026,35,2026-08-24,2026-08-30,武汉,全部,10862,301662,1229,125152,酒店之家
2026W35,2026,35,2026-08-24,2026-08-30,沈阳,15-29间,1200,23662,11,265,酒店之家
2026W35,2026,35,2026-08-24,2026-08-30,沈阳,150间及以上,102,24743,64,15649,酒店之家
2026W35,2026,35,2026-08-24,2026-08-30,沈阳,15间以下,4793,17624,1,12,酒店之家
2026W35,2026,35,2026-08-24,2026-08-30,沈阳,30-69间,590,25135,115,5852,酒店之家
2026W35,2026,35,2026-08-24,2026-08-30,沈阳,70-149间,480,48479,352,36426,酒店之家
2026W35,2026,35,2026-08-24,2026-08-30,沈阳,全部,7165,139643,543,58204,酒店之家
2026W35,2026,35,2026-08-24,2026-08-30,深圳,15-29间,2277,47912,28,613,酒店之家
2026W35,2026,35,2026-08-24,2026-08-30,深圳,150间及以上,454,101309,282,64699,酒店之家
2026W35,2026,35,2026-08-24,2026-08-30,深圳,15间以下,5940,25821,7,73,酒店之家
2026W35,2026,35,2026-08-24,2026-08-30,深圳,30-69间,2603,111998,161,7950,酒店之家
2026W35,2026,35,2026-08-24,2026-08-30,深圳,70-149间,1280,126709,531,56936,酒店之家
2026W35,2026,35,2026-08-24,2026-08-30,深圳,全部,12554,413749,1009,130271,酒店之家
2026W35,2026,35,2026-08-24,2026-08-30,苏州,15-29间,1727,35541,103,2323,酒店之家
2026W35,2026,35,2026-08-24,2026-08-30,苏州,150间及以上,272,68512,184,44884,酒店之家
2026W35,2026,35,2026-08-24,2026-08-30,苏州,15间以下,6481,28484,141,1210,酒店之家
2026W35,2026,35,2026-08-24,2026-08-30,苏州,30-69间,1539,68204,422,20711,酒店之家
2026W35,2026,35,2026-08-24,2026-08-30,苏州,70-149间,890,87222,608,61117,酒店之家
2026W35,2026,35,2026-08-24,2026-08-30,苏州,全部,10909,287963,1458,130245,酒店之家
2026W35,2026,35,2026-08-24,2026-08-30,西安,15-29间,3290,65583,85,1940,酒店之家
2026W35,2026,35,2026-08-24,2026-08-30,西安,150间及以上,265,62811,161,37209,酒店之家
2026W35,2026,35,2026-08-24,2026-08-30,西安,15间以下,8669,38774,28,252,酒店之家
2026W35,2026,35,2026-08-24,2026-08-30,西安,30-69间,2119,92365,396,19949,酒店之家
2026W35,2026,35,2026-08-24,2026-08-30,西安,70-149间,1294,128006,770,78198,酒店之家
2026W35,2026,35,2026-08-24,2026-08-30,西安,全部,15637,387539,1440,137548,酒店之家
2026W35,2026,35,2026-08-24,2026-08-30,郑州,15-29间,2270,46654,34,812,酒店之家
2026W35,2026,35,2026-08-24,2026-08-30,郑州,150间及以上,177,39504,72,16309,酒店之家
2026W35,2026,35,2026-08-24,2026-08-30,郑州,15间以下,3933,17946,10,89,酒店之家
2026W35,2026,35,2026-08-24,2026-08-30,郑州,30-69间,2019,84920,185,9523,酒店之家
2026W35,2026,35,2026-08-24,2026-08-30,郑州,70-149间,888,86298,399,40509,酒店之家
2026W35,2026,35,2026-08-24,2026-08-30,郑州,全部,9287,275322,700,67242,酒店之家
2026W35,2026,35,2026-08-24,2026-08-30,重庆,15-29间,6038,123801,103,2293,酒店之家
2026W35,2026,35,2026-08-24,2026-08-30,重庆,150间及以上,336,74509,169,38286,酒店之家
2026W35,2026,35,2026-08-24,2026-08-30,重庆,15间以下,13421,62334,19,210,酒店之家
2026W35,2026,35,2026-08-24,2026-08-30,重庆,30-69间,3671,154130,281,14354,酒店之家
2026W35,2026,35,2026-08-24,2026-08-30,重庆,70-149间,1142,111954,561,57582,酒店之家
2026W35,2026,35,2026-08-24,2026-08-30,重庆,全部,24608,526728,1133,112725,酒店之家
2026W35,2026,35,2026-08-24,2026-08-30,长沙,15-29间,3173,64779,38,882,酒店之家
2026W35,2026,35,2026-08-24,2026-08-30,长沙,150间及以上,220,52137,141,32774,酒店之家
2026W35,2026,35,2026-08-24,2026-08-30,长沙,15间以下,6786,30342,10,94,酒店之家
2026W35,2026,35,2026-08-24,2026-08-30,长沙,30-69间,2021,85583,249,12946,酒店之家
2026W35,2026,35,2026-08-24,2026-08-30,长沙,70-149间,812,80771,498,51411,酒店之家
2026W35,2026,35,2026-08-24,2026-08-30,长沙,全部,13012,313612,936,98107,酒店之家
2026W35,2026,35,2026-08-24,2026-08-30,青岛,15-29间,1889,38325,58,1362,酒店之家
2026W35,2026,35,2026-08-24,2026-08-30,青岛,150间及以上,200,50334,110,28431,酒店之家
2026W35,2026,35,2026-08-24,2026-08-30,青岛,15间以下,12213,34038,26,205,酒店之家
2026W35,2026,35,2026-08-24,2026-08-30,青岛,30-69间,1510,65699,305,14967,酒店之家
2026W35,2026,35,2026-08-24,2026-08-30,青岛,70-149间,843,82740,536,53519,酒店之家
2026W35,2026,35,2026-08-24,2026-08-30,青岛,全部,16655,271136,1035,98484,酒店之家
2026W36,2026,36,2026-08-31,2026-09-06,上海,15-29间,1983,41242,139,3262,酒店之家
2026W36,2026,36,2026-08-31,2026-09-06,上海,150间及以上,738,185280,592,149016,酒店之家
2026W36,2026,36,2026-08-31,2026-09-06,上海,15间以下,9283,31906,59,484,酒店之家
2026W36,2026,36,2026-08-31,2026-09-06,上海,30-69间,2423,109209,798,39476,酒店之家
2026W36,2026,36,2026-08-31,2026-09-06,上海,70-149间,1906,191093,1374,140542,酒店之家
2026W36,2026,36,2026-08-31,2026-09-06,上海,全部,16333,558730,2962,332780,酒店之家
2026W36,2026,36,2026-08-31,2026-09-06,东莞,15-29间,1655,33539,5,125,酒店之家
2026W36,2026,36,2026-08-31,2026-09-06,东莞,150间及以上,149,37722,46,8759,酒店之家
2026W36,2026,36,2026-08-31,2026-09-06,东莞,15间以下,1999,12752,0,0,酒店之家
2026W36,2026,36,2026-08-31,2026-09-06,东莞,30-69间,1793,78899,75,3832,酒店之家
2026W36,2026,36,2026-08-31,2026-09-06,东莞,70-149间,743,71079,246,25672,酒店之家
2026W36,2026,36,2026-08-31,2026-09-06,东莞,全部,6339,233991,372,38388,酒店之家
2026W36,2026,36,2026-08-31,2026-09-06,佛山,15-29间,1309,26479,18,389,酒店之家
2026W36,2026,36,2026-08-31,2026-09-06,佛山,150间及以上,130,29613,84,19194,酒店之家
2026W36,2026,36,2026-08-31,2026-09-06,佛山,15间以下,3269,15080,5,55,酒店之家
2026W36,2026,36,2026-08-31,2026-09-06,佛山,30-69间,1296,55854,76,3937,酒店之家
2026W36,2026,36,2026-08-31,2026-09-06,佛山,70-149间,561,55940,245,26615,酒店之家
2026W36,2026,36,2026-08-31,2026-09-06,佛山,全部,6565,182966,428,50190,酒店之家
2026W36,2026,36,2026-08-31,2026-09-06,全国,15-29间,190141,3869142,4072,92527,酒店之家
2026W36,2026,36,2026-08-31,2026-09-06,全国,150间及以上,15427,3672305,7218,1752753,酒店之家
2026W36,2026,36,2026-08-31,2026-09-06,全国,15间以下,606778,2587874,1998,18556,酒店之家
2026W36,2026,36,2026-08-31,2026-09-06,全国,30-69间,150687,6583965,21724,1092257,酒店之家
2026W36,2026,36,2026-08-31,2026-09-06,全国,70-149间,69306,6682178,34198,3382683,酒店之家
2026W36,2026,36,2026-08-31,2026-09-06,全国,全部,1032339,23395464,69210,6338776,酒店之家
2026W36,2026,36,2026-08-31,2026-09-06,北京,15-29间,1608,33271,140,3202,酒店之家
2026W36,2026,36,2026-08-31,2026-09-06,北京,150间及以上,675,177593,384,98265,酒店之家
2026W36,2026,36,2026-08-31,2026-09-06,北京,15间以下,11470,35078,94,754,酒店之家
2026W36,2026,36,2026-08-31,2026-09-06,北京,30-69间,2470,115030,906,46284,酒店之家
2026W36,2026,36,2026-08-31,2026-09-06,北京,70-149间,2258,223883,1573,157714,酒店之家
2026W36,2026,36,2026-08-31,2026-09-06,北京,全部,18481,584855,3097,306219,酒店之家
2026W36,2026,36,2026-08-31,2026-09-06,南京,15-29间,1526,31432,88,2091,酒店之家
2026W36,2026,36,2026-08-31,2026-09-06,南京,150间及以上,252,59977,163,38282,酒店之家
2026W36,2026,36,2026-08-31,2026-09-06,南京,15间以下,4639,18398,18,183,酒店之家
2026W36,2026,36,2026-08-31,2026-09-06,南京,30-69间,1617,70712,502,24724,酒店之家
2026W36,2026,36,2026-08-31,2026-09-06,南京,70-149间,845,83632,617,62216,酒店之家
2026W36,2026,36,2026-08-31,2026-09-06,南京,全部,8879,264151,1388,127496,酒店之家
2026W36,2026,36,2026-08-31,2026-09-06,合肥,15-29间,1415,28581,80,1835,酒店之家
2026W36,2026,36,2026-08-31,2026-09-06,合肥,150间及以上,135,36010,76,19975,酒店之家
2026W36,2026,36,2026-08-31,2026-09-06,合肥,15间以下,2458,13815,7,72,酒店之家
2026W36,2026,36,2026-08-31,2026-09-06,合肥,30-69间,1101,48150,295,14543,酒店之家
2026W36,2026,36,2026-08-31,2026-09-06,合肥,70-149间,654,62515,451,43720,酒店之家
2026W36,2026,36,2026-08-31,2026-09-06,合肥,全部,5763,189071,909,80145,酒店之家
2026W36,2026,36,2026-08-31,2026-09-06,天津,15-29间,1086,22121,42,988,酒店之家
2026W36,2026,36,2026-08-31,2026-09-06,天津,150间及以上,141,32640,94,21888,酒店之家
2026W36,2026,36,2026-08-31,2026-09-06,天津,15间以下,7099,25012,4,38,酒店之家
2026W36,2026,36,2026-08-31,2026-09-06,天津,30-69间,936,41879,246,12437,酒店之家
2026W36,2026,36,2026-08-31,2026-09-06,天津,70-149间,785,76058,564,55603,酒店之家
2026W36,2026,36,2026-08-31,2026-09-06,天津,全部,10047,197710,950,90954,酒店之家
2026W36,2026,36,2026-08-31,2026-09-06,广州,15-29间,2971,61612,58,1320,酒店之家
2026W36,2026,36,2026-08-31,2026-09-06,广州,150间及以上,410,104178,285,75086,酒店之家
2026W36,2026,36,2026-08-31,2026-09-06,广州,15间以下,7485,28103,17,135,酒店之家
2026W36,2026,36,2026-08-31,2026-09-06,广州,30-69间,3308,144093,294,14908,酒店之家
2026W36,2026,36,2026-08-31,2026-09-06,广州,70-149间,1545,151696,788,81364,酒店之家
2026W36,2026,36,2026-08-31,2026-09-06,广州,全部,15719,489682,1442,172813,酒店之家
2026W36,2026,36,2026-08-31,2026-09-06,成都,15-29间,5075,103203,95,2237,酒店之家
2026W36,2026,36,2026-08-31,2026-09-06,成都,150间及以上,456,108968,266,63911,酒店之家
2026W36,2026,36,2026-08-31,2026-09-06,成都,15间以下,15654,61408,21,181,酒店之家
2026W36,2026,36,2026-08-31,2026-09-06,成都,30-69间,3590,152706,372,18327,酒店之家
2026W36,2026,36,2026-08-31,2026-09-06,成都,70-149间,1537,152283,734,76473,酒店之家
2026W36,2026,36,2026-08-31,2026-09-06,成都,全部,26312,578568,1488,161129,酒店之家
2026W36,2026,36,2026-08-31,2026-09-06,昆明,15-29间,3357,68582,18,405,酒店之家
2026W36,2026,36,2026-08-31,2026-09-06,昆明,150间及以上,198,49637,87,23313,酒店之家
2026W36,2026,36,2026-08-31,2026-09-06,昆明,15间以下,9587,30636,9,74,酒店之家
2026W36,2026,36,2026-08-31,2026-09-06,昆明,30-69间,1728,72762,129,6832,酒店之家
2026W36,2026,36,2026-08-31,2026-09-06,昆明,70-149间,756,74415,353,35818,酒店之家
2026W36,2026,36,2026-08-31,2026-09-06,昆明,全部,15626,296032,596,66442,酒店之家
2026W36,2026,36,2026-08-31,2026-09-06,杭州,15-29间,2295,46369,76,1708,酒店之家
2026W36,2026,36,2026-08-31,2026-09-06,杭州,150间及以上,456,107067,290,67142,酒店之家
2026W36,2026,36,2026-08-31,2026-09-06,杭州,15间以下,9076,43083,70,548,酒店之家
2026W36,2026,36,2026-08-31,2026-09-06,杭州,30-69间,2267,99186,322,16210,酒店之家
2026W36,2026,36,2026-08-31,2026-09-06,杭州,70-149间,1324,134598,788,83717,酒店之家
2026W36,2026,36,2026-08-31,2026-09-06,杭州,全部,15418,430303,1546,169325,酒店之家
2026W36,2026,36,2026-08-31,2026-09-06,武汉,15-29间,2181,44039,50,1153,酒店之家
2026W36,2026,36,2026-08-31,2026-09-06,武汉,150间及以上,234,53947,153,35105,酒店之家
2026W36,2026,36,2026-08-31,2026-09-06,武汉,15间以下,5800,27247,10,89,酒店之家
2026W36,2026,36,2026-08-31,2026-09-06,武汉,30-69间,1665,71893,279,14283,酒店之家
2026W36,2026,36,2026-08-31,2026-09-06,武汉,70-149间,1065,104476,736,74383,酒店之家
2026W36,2026,36,2026-08-31,2026-09-06,武汉,全部,10945,301602,1228,125013,酒店之家
2026W36,2026,36,2026-08-31,2026-09-06,沈阳,15-29间,1195,23592,11,265,酒店之家
2026W36,2026,36,2026-08-31,2026-09-06,沈阳,150间及以上,102,24764,64,15670,酒店之家
2026W36,2026,36,2026-08-31,2026-09-06,沈阳,15间以下,4895,17735,1,12,酒店之家
2026W36,2026,36,2026-08-31,2026-09-06,沈阳,30-69间,591,25205,114,5814,酒店之家
2026W36,2026,36,2026-08-31,2026-09-06,沈阳,70-149间,484,48965,356,36919,酒店之家
2026W36,2026,36,2026-08-31,2026-09-06,沈阳,全部,7267,140261,546,58680,酒店之家
2026W36,2026,36,2026-08-31,2026-09-06,深圳,15-29间,2272,47840,29,641,酒店之家
2026W36,2026,36,2026-08-31,2026-09-06,深圳,150间及以上,452,102708,282,66466,酒店之家
2026W36,2026,36,2026-08-31,2026-09-06,深圳,15间以下,6003,25883,9,88,酒店之家
2026W36,2026,36,2026-08-31,2026-09-06,深圳,30-69间,2595,111693,158,7807,酒店之家
2026W36,2026,36,2026-08-31,2026-09-06,深圳,70-149间,1282,126723,531,56889,酒店之家
2026W36,2026,36,2026-08-31,2026-09-06,深圳,全部,12604,414847,1009,131891,酒店之家
2026W36,2026,36,2026-08-31,2026-09-06,苏州,15-29间,1723,35442,103,2323,酒店之家
2026W36,2026,36,2026-08-31,2026-09-06,苏州,150间及以上,272,68558,184,44930,酒店之家
2026W36,2026,36,2026-08-31,2026-09-06,苏州,15间以下,6494,28348,142,1212,酒店之家
2026W36,2026,36,2026-08-31,2026-09-06,苏州,30-69间,1534,68029,423,20761,酒店之家
2026W36,2026,36,2026-08-31,2026-09-06,苏州,70-149间,888,87046,608,61117,酒店之家
2026W36,2026,36,2026-08-31,2026-09-06,苏州,全部,10911,287423,1460,130343,酒店之家
2026W36,2026,36,2026-08-31,2026-09-06,西安,15-29间,3282,65377,86,1962,酒店之家
2026W36,2026,36,2026-08-31,2026-09-06,西安,150间及以上,264,62661,160,37059,酒店之家
2026W36,2026,36,2026-08-31,2026-09-06,西安,15间以下,8734,38690,28,252,酒店之家
2026W36,2026,36,2026-08-31,2026-09-06,西安,30-69间,2109,92003,395,19858,酒店之家
2026W36,2026,36,2026-08-31,2026-09-06,西安,70-149间,1287,127396,769,78164,酒店之家
2026W36,2026,36,2026-08-31,2026-09-06,西安,全部,15676,386127,1438,137295,酒店之家
2026W36,2026,36,2026-08-31,2026-09-06,郑州,15-29间,2270,46693,34,812,酒店之家
2026W36,2026,36,2026-08-31,2026-09-06,郑州,150间及以上,177,39504,72,16309,酒店之家
2026W36,2026,36,2026-08-31,2026-09-06,郑州,15间以下,3976,17873,10,89,酒店之家
2026W36,2026,36,2026-08-31,2026-09-06,郑州,30-69间,2020,85031,185,9541,酒店之家
2026W36,2026,36,2026-08-31,2026-09-06,郑州,70-149间,882,85773,398,40432,酒店之家
2026W36,2026,36,2026-08-31,2026-09-06,郑州,全部,9325,274874,699,67183,酒店之家
2026W36,2026,36,2026-08-31,2026-09-06,重庆,15-29间,6006,123248,103,2293,酒店之家
2026W36,2026,36,2026-08-31,2026-09-06,重庆,150间及以上,336,74525,169,38286,酒店之家
2026W36,2026,36,2026-08-31,2026-09-06,重庆,15间以下,13627,62244,19,210,酒店之家
2026W36,2026,36,2026-08-31,2026-09-06,重庆,30-69间,3657,153485,281,14326,酒店之家
2026W36,2026,36,2026-08-31,2026-09-06,重庆,70-149间,1142,111977,558,57284,酒店之家
2026W36,2026,36,2026-08-31,2026-09-06,重庆,全部,24768,525479,1130,112399,酒店之家
2026W36,2026,36,2026-08-31,2026-09-06,长沙,15-29间,3144,64225,39,908,酒店之家
2026W36,2026,36,2026-08-31,2026-09-06,长沙,150间及以上,221,52493,141,32780,酒店之家
2026W36,2026,36,2026-08-31,2026-09-06,长沙,15间以下,7024,30235,10,94,酒店之家
2026W36,2026,36,2026-08-31,2026-09-06,长沙,30-69间,2018,85460,248,12886,酒店之家
2026W36,2026,36,2026-08-31,2026-09-06,长沙,70-149间,810,80608,496,51227,酒店之家
2026W36,2026,36,2026-08-31,2026-09-06,长沙,全部,13217,313021,934,97895,酒店之家
2026W36,2026,36,2026-08-31,2026-09-06,青岛,15-29间,1863,37784,58,1362,酒店之家
2026W36,2026,36,2026-08-31,2026-09-06,青岛,150间及以上,200,50334,110,28431,酒店之家
2026W36,2026,36,2026-08-31,2026-09-06,青岛,15间以下,12277,33862,26,205,酒店之家
2026W36,2026,36,2026-08-31,2026-09-06,青岛,30-69间,1509,65635,305,14990,酒店之家
2026W36,2026,36,2026-08-31,2026-09-06,青岛,70-149间,843,82705,536,53428,酒店之家
2026W36,2026,36,2026-08-31,2026-09-06,青岛,全部,16692,270320,1035,98416,酒店之家
2026W37,2026,37,2026-09-07,2026-09-13,上海,15-29间,1991,41364,140,3291,酒店之家
2026W37,2026,37,2026-09-07,2026-09-13,上海,150间及以上,740,185675,595,149609,酒店之家
2026W37,2026,37,2026-09-07,2026-09-13,上海,15间以下,9368,32055,59,484,酒店之家
2026W37,2026,37,2026-09-07,2026-09-13,上海,30-69间,2427,109456,799,39591,酒店之家
2026W37,2026,37,2026-09-07,2026-09-13,上海,70-149间,1908,191208,1374,140531,酒店之家
2026W37,2026,37,2026-09-07,2026-09-13,上海,全部,16434,559758,2967,333506,酒店之家
2026W37,2026,37,2026-09-07,2026-09-13,东莞,15-29间,1654,33515,5,125,酒店之家
2026W37,2026,37,2026-09-07,2026-09-13,东莞,150间及以上,149,37713,46,8759,酒店之家
2026W37,2026,37,2026-09-07,2026-09-13,东莞,15间以下,2010,12778,0,0,酒店之家
2026W37,2026,37,2026-09-07,2026-09-13,东莞,30-69间,1798,79142,77,3964,酒店之家
2026W37,2026,37,2026-09-07,2026-09-13,东莞,70-149间,741,70847,245,25551,酒店之家
2026W37,2026,37,2026-09-07,2026-09-13,东莞,全部,6352,233995,373,38399,酒店之家
2026W37,2026,37,2026-09-07,2026-09-13,佛山,15-29间,1315,26647,18,389,酒店之家
2026W37,2026,37,2026-09-07,2026-09-13,佛山,150间及以上,130,29597,84,19194,酒店之家
2026W37,2026,37,2026-09-07,2026-09-13,佛山,15间以下,3256,14978,5,55,酒店之家
2026W37,2026,37,2026-09-07,2026-09-13,佛山,30-69间,1294,55758,76,3937,酒店之家
2026W37,2026,37,2026-09-07,2026-09-13,佛山,70-149间,561,55934,245,26615,酒店之家
2026W37,2026,37,2026-09-07,2026-09-13,佛山,全部,6556,182914,428,50190,酒店之家
2026W37,2026,37,2026-09-07,2026-09-13,全国,15-29间,190284,3872059,4081,92708,酒店之家
2026W37,2026,37,2026-09-07,2026-09-13,全国,150间及以上,15443,3677467,7231,1755568,酒店之家
2026W37,2026,37,2026-09-07,2026-09-13,全国,15间以下,609399,2593751,1989,18465,酒店之家
2026W37,2026,37,2026-09-07,2026-09-13,全国,30-69间,150850,6590820,21733,1092938,酒店之家
2026W37,2026,37,2026-09-07,2026-09-13,全国,70-149间,69380,6688517,34239,3386113,酒店之家
2026W37,2026,37,2026-09-07,2026-09-13,全国,全部,1035356,23422614,69273,6345792,酒店之家
2026W37,2026,37,2026-09-07,2026-09-13,北京,15-29间,1630,33690,141,3228,酒店之家
2026W37,2026,37,2026-09-07,2026-09-13,北京,150间及以上,676,177930,385,98602,酒店之家
2026W37,2026,37,2026-09-07,2026-09-13,北京,15间以下,11824,36047,92,730,酒店之家
2026W37,2026,37,2026-09-07,2026-09-13,北京,30-69间,2471,115048,904,46156,酒店之家
2026W37,2026,37,2026-09-07,2026-09-13,北京,70-149间,2260,223956,1572,157472,酒店之家
2026W37,2026,37,2026-09-07,2026-09-13,北京,全部,18861,586671,3094,306188,酒店之家
2026W37,2026,37,2026-09-07,2026-09-13,南京,15-29间,1538,31661,88,2091,酒店之家
2026W37,2026,37,2026-09-07,2026-09-13,南京,150间及以上,252,59977,163,38282,酒店之家
2026W37,2026,37,2026-09-07,2026-09-13,南京,15间以下,4697,18745,18,183,酒店之家
2026W37,2026,37,2026-09-07,2026-09-13,南京,30-69间,1624,70967,503,24718,酒店之家
2026W37,2026,37,2026-09-07,2026-09-13,南京,70-149间,848,83921,622,62664,酒店之家
2026W37,2026,37,2026-09-07,2026-09-13,南京,全部,8959,265271,1394,127938,酒店之家
2026W37,2026,37,2026-09-07,2026-09-13,合肥,15-29间,1414,28581,80,1835,酒店之家
2026W37,2026,37,2026-09-07,2026-09-13,合肥,150间及以上,135,36010,76,19975,酒店之家
2026W37,2026,37,2026-09-07,2026-09-13,合肥,15间以下,2477,13875,7,72,酒店之家
2026W37,2026,37,2026-09-07,2026-09-13,合肥,30-69间,1101,48231,297,14654,酒店之家
2026W37,2026,37,2026-09-07,2026-09-13,合肥,70-149间,659,63043,452,43819,酒店之家
2026W37,2026,37,2026-09-07,2026-09-13,合肥,全部,5786,189740,912,80355,酒店之家
2026W37,2026,37,2026-09-07,2026-09-13,天津,15-29间,1087,22165,43,1015,酒店之家
2026W37,2026,37,2026-09-07,2026-09-13,天津,150间及以上,140,32277,93,21525,酒店之家
2026W37,2026,37,2026-09-07,2026-09-13,天津,15间以下,7139,25146,4,38,酒店之家
2026W37,2026,37,2026-09-07,2026-09-13,天津,30-69间,937,41912,246,12450,酒店之家
2026W37,2026,37,2026-09-07,2026-09-13,天津,70-149间,787,76275,566,55834,酒店之家
2026W37,2026,37,2026-09-07,2026-09-13,天津,全部,10090,197775,952,90862,酒店之家
2026W37,2026,37,2026-09-07,2026-09-13,广州,15-29间,2977,61727,58,1320,酒店之家
2026W37,2026,37,2026-09-07,2026-09-13,广州,150间及以上,410,104181,285,75087,酒店之家
2026W37,2026,37,2026-09-07,2026-09-13,广州,15间以下,7529,28168,17,135,酒店之家
2026W37,2026,37,2026-09-07,2026-09-13,广州,30-69间,3312,144301,294,14908,酒店之家
2026W37,2026,37,2026-09-07,2026-09-13,广州,70-149间,1546,151813,789,81440,酒店之家
2026W37,2026,37,2026-09-07,2026-09-13,广州,全部,15774,490190,1443,172890,酒店之家
2026W37,2026,37,2026-09-07,2026-09-13,成都,15-29间,5082,103386,96,2255,酒店之家
2026W37,2026,37,2026-09-07,2026-09-13,成都,150间及以上,455,108817,266,63936,酒店之家
2026W37,2026,37,2026-09-07,2026-09-13,成都,15间以下,15720,61449,21,181,酒店之家
2026W37,2026,37,2026-09-07,2026-09-13,成都,30-69间,3584,152511,372,18302,酒店之家
2026W37,2026,37,2026-09-07,2026-09-13,成都,70-149间,1541,152716,739,76963,酒店之家
2026W37,2026,37,2026-09-07,2026-09-13,成都,全部,26382,578879,1494,161637,酒店之家
2026W37,2026,37,2026-09-07,2026-09-13,昆明,15-29间,3361,68658,18,405,酒店之家
2026W37,2026,37,2026-09-07,2026-09-13,昆明,150间及以上,198,49637,87,23313,酒店之家
2026W37,2026,37,2026-09-07,2026-09-13,昆明,15间以下,9708,30757,9,74,酒店之家
2026W37,2026,37,2026-09-07,2026-09-13,昆明,30-69间,1731,72829,128,6780,酒店之家
2026W37,2026,37,2026-09-07,2026-09-13,昆明,70-149间,758,74576,352,35694,酒店之家
2026W37,2026,37,2026-09-07,2026-09-13,昆明,全部,15756,296457,594,66266,酒店之家
2026W37,2026,37,2026-09-07,2026-09-13,杭州,15-29间,2295,46406,76,1708,酒店之家
2026W37,2026,37,2026-09-07,2026-09-13,杭州,150间及以上,455,106786,290,67114,酒店之家
2026W37,2026,37,2026-09-07,2026-09-13,杭州,15间以下,9122,43230,70,548,酒店之家
2026W37,2026,37,2026-09-07,2026-09-13,杭州,30-69间,2281,99845,321,16172,酒店之家
2026W37,2026,37,2026-09-07,2026-09-13,杭州,70-149间,1326,134766,789,83828,酒店之家
2026W37,2026,37,2026-09-07,2026-09-13,杭州,全部,15479,431033,1546,169370,酒店之家
2026W37,2026,37,2026-09-07,2026-09-13,武汉,15-29间,2183,44079,52,1193,酒店之家
2026W37,2026,37,2026-09-07,2026-09-13,武汉,150间及以上,234,54116,154,35424,酒店之家
2026W37,2026,37,2026-09-07,2026-09-13,武汉,15间以下,5848,27326,11,92,酒店之家
2026W37,2026,37,2026-09-07,2026-09-13,武汉,30-69间,1666,71972,280,14361,酒店之家
2026W37,2026,37,2026-09-07,2026-09-13,武汉,70-149间,1062,104173,733,74062,酒店之家
2026W37,2026,37,2026-09-07,2026-09-13,武汉,全部,10993,301666,1230,125132,酒店之家
2026W37,2026,37,2026-09-07,2026-09-13,沈阳,15-29间,1205,23802,14,344,酒店之家
2026W37,2026,37,2026-09-07,2026-09-13,沈阳,150间及以上,102,24884,64,15790,酒店之家
2026W37,2026,37,2026-09-07,2026-09-13,沈阳,15间以下,4920,17787,1,12,酒店之家
2026W37,2026,37,2026-09-07,2026-09-13,沈阳,30-69间,596,25335,114,5807,酒店之家
2026W37,2026,37,2026-09-07,2026-09-13,沈阳,70-149间,484,48978,356,36896,酒店之家
2026W37,2026,37,2026-09-07,2026-09-13,沈阳,全部,7307,140786,549,58849,酒店之家
2026W37,2026,37,2026-09-07,2026-09-13,深圳,15-29间,2260,47615,29,641,酒店之家
2026W37,2026,37,2026-09-07,2026-09-13,深圳,150间及以上,456,103706,284,66946,酒店之家
2026W37,2026,37,2026-09-07,2026-09-13,深圳,15间以下,6049,25888,8,78,酒店之家
2026W37,2026,37,2026-09-07,2026-09-13,深圳,30-69间,2616,112486,159,7871,酒店之家
2026W37,2026,37,2026-09-07,2026-09-13,深圳,70-149间,1287,127155,534,57183,酒店之家
2026W37,2026,37,2026-09-07,2026-09-13,深圳,全部,12668,416850,1014,132719,酒店之家
2026W37,2026,37,2026-09-07,2026-09-13,苏州,15-29间,1722,35444,104,2344,酒店之家
2026W37,2026,37,2026-09-07,2026-09-13,苏州,150间及以上,272,68526,184,44930,酒店之家
2026W37,2026,37,2026-09-07,2026-09-13,苏州,15间以下,6545,28402,141,1201,酒店之家
2026W37,2026,37,2026-09-07,2026-09-13,苏州,30-69间,1532,67979,422,20729,酒店之家
2026W37,2026,37,2026-09-07,2026-09-13,苏州,70-149间,888,87011,608,61092,酒店之家
2026W37,2026,37,2026-09-07,2026-09-13,苏州,全部,10959,287362,1459,130296,酒店之家
2026W37,2026,37,2026-09-07,2026-09-13,西安,15-29间,3277,65329,86,1957,酒店之家
2026W37,2026,37,2026-09-07,2026-09-13,西安,150间及以上,265,62887,160,37058,酒店之家
2026W37,2026,37,2026-09-07,2026-09-13,西安,15间以下,8768,38750,28,252,酒店之家
2026W37,2026,37,2026-09-07,2026-09-13,西安,30-69间,2111,92042,393,19762,酒店之家
2026W37,2026,37,2026-09-07,2026-09-13,西安,70-149间,1287,127284,767,77872,酒店之家
2026W37,2026,37,2026-09-07,2026-09-13,西安,全部,15708,386292,1434,136901,酒店之家
2026W37,2026,37,2026-09-07,2026-09-13,郑州,15-29间,2272,46731,34,812,酒店之家
2026W37,2026,37,2026-09-07,2026-09-13,郑州,150间及以上,177,39427,71,16046,酒店之家
2026W37,2026,37,2026-09-07,2026-09-13,郑州,15间以下,4007,17857,10,89,酒店之家
2026W37,2026,37,2026-09-07,2026-09-13,郑州,30-69间,2024,85013,182,9375,酒店之家
2026W37,2026,37,2026-09-07,2026-09-13,郑州,70-149间,883,85829,400,40612,酒店之家
2026W37,2026,37,2026-09-07,2026-09-13,郑州,全部,9363,274857,697,66934,酒店之家
2026W37,2026,37,2026-09-07,2026-09-13,重庆,15-29间,5994,122992,102,2273,酒店之家
2026W37,2026,37,2026-09-07,2026-09-13,重庆,150间及以上,335,74343,169,38282,酒店之家
2026W37,2026,37,2026-09-07,2026-09-13,重庆,15间以下,13732,62441,19,210,酒店之家
2026W37,2026,37,2026-09-07,2026-09-13,重庆,30-69间,3648,153150,281,14280,酒店之家
2026W37,2026,37,2026-09-07,2026-09-13,重庆,70-149间,1143,112037,558,57297,酒店之家
2026W37,2026,37,2026-09-07,2026-09-13,重庆,全部,24852,524963,1129,112342,酒店之家
2026W37,2026,37,2026-09-07,2026-09-13,长沙,15-29间,3140,64151,38,884,酒店之家
2026W37,2026,37,2026-09-07,2026-09-13,长沙,150间及以上,220,52290,141,32780,酒店之家
2026W37,2026,37,2026-09-07,2026-09-13,长沙,15间以下,7065,30216,10,94,酒店之家
2026W37,2026,37,2026-09-07,2026-09-13,长沙,30-69间,2018,85431,248,12905,酒店之家
2026W37,2026,37,2026-09-07,2026-09-13,长沙,70-149间,809,80599,497,51385,酒店之家
2026W37,2026,37,2026-09-07,2026-09-13,长沙,全部,13252,312687,934,98048,酒店之家
2026W37,2026,37,2026-09-07,2026-09-13,青岛,15-29间,1868,37893,58,1362,酒店之家
2026W37,2026,37,2026-09-07,2026-09-13,青岛,150间及以上,200,50334,110,28431,酒店之家
2026W37,2026,37,2026-09-07,2026-09-13,青岛,15间以下,12223,33886,26,205,酒店之家
2026W37,2026,37,2026-09-07,2026-09-13,青岛,30-69间,1504,65468,307,15083,酒店之家
2026W37,2026,37,2026-09-07,2026-09-13,青岛,70-149间,843,82810,536,53428,酒店之家
2026W37,2026,37,2026-09-07,2026-09-13,青岛,全部,16638,270391,1037,98509,酒店之家
2026W38,2026,38,2026-09-14,2026-09-20,上海,15-29间,1999,41537,140,3280,酒店之家
2026W38,2026,38,2026-09-14,2026-09-20,上海,150间及以上,741,185921,596,149855,酒店之家
2026W38,2026,38,2026-09-14,2026-09-20,上海,15间以下,9378,32088,60,492,酒店之家
2026W38,2026,38,2026-09-14,2026-09-20,上海,30-69间,2429,109514,800,39634,酒店之家
2026W38,2026,38,2026-09-14,2026-09-20,上海,70-149间,1908,191164,1375,140713,酒店之家
2026W38,2026,38,2026-09-14,2026-09-20,上海,全部,16455,560224,2971,333974,酒店之家
2026W38,2026,38,2026-09-14,2026-09-20,东莞,15-29间,1666,33788,5,125,酒店之家
2026W38,2026,38,2026-09-14,2026-09-20,东莞,150间及以上,150,37865,47,8911,酒店之家
2026W38,2026,38,2026-09-14,2026-09-20,东莞,15间以下,2015,12801,0,0,酒店之家
2026W38,2026,38,2026-09-14,2026-09-20,东莞,30-69间,1806,79498,77,3964,酒店之家
2026W38,2026,38,2026-09-14,2026-09-20,东莞,70-149间,739,70656,245,25528,酒店之家
2026W38,2026,38,2026-09-14,2026-09-20,东莞,全部,6376,234608,374,38528,酒店之家
2026W38,2026,38,2026-09-14,2026-09-20,佛山,15-29间,1325,26841,18,389,酒店之家
2026W38,2026,38,2026-09-14,2026-09-20,佛山,150间及以上,130,29567,84,19164,酒店之家
2026W38,2026,38,2026-09-14,2026-09-20,佛山,15间以下,3267,15000,5,55,酒店之家
2026W38,2026,38,2026-09-14,2026-09-20,佛山,30-69间,1290,55602,74,3829,酒店之家
2026W38,2026,38,2026-09-14,2026-09-20,佛山,70-149间,561,55934,245,26639,酒店之家
2026W38,2026,38,2026-09-14,2026-09-20,佛山,全部,6573,182944,426,50076,酒店之家
2026W38,2026,38,2026-09-14,2026-09-20,全国,15-29间,191268,3891901,4082,92746,酒店之家
2026W38,2026,38,2026-09-14,2026-09-20,全国,150间及以上,15478,3686712,7244,1758301,酒店之家
2026W38,2026,38,2026-09-14,2026-09-20,全国,15间以下,613785,2611981,2000,18591,酒店之家
2026W38,2026,38,2026-09-14,2026-09-20,全国,30-69间,151416,6614754,21748,1093515,酒店之家
2026W38,2026,38,2026-09-14,2026-09-20,全国,70-149间,69499,6700316,34279,3390640,酒店之家
2026W38,2026,38,2026-09-14,2026-09-20,全国,全部,1041446,23505664,69353,6353793,酒店之家
2026W38,2026,38,2026-09-14,2026-09-20,北京,15-29间,1676,34582,140,3204,酒店之家
2026W38,2026,38,2026-09-14,2026-09-20,北京,150间及以上,680,179158,388,99604,酒店之家
2026W38,2026,38,2026-09-14,2026-09-20,北京,15间以下,12213,37493,95,761,酒店之家
2026W38,2026,38,2026-09-14,2026-09-20,北京,30-69间,2491,115875,908,46363,酒店之家
2026W38,2026,38,2026-09-14,2026-09-20,北京,70-149间,2263,224274,1572,157563,酒店之家
2026W38,2026,38,2026-09-14,2026-09-20,北京,全部,19323,591382,3103,307495,酒店之家
2026W38,2026,38,2026-09-14,2026-09-20,南京,15-29间,1543,31734,88,2091,酒店之家
2026W38,2026,38,2026-09-14,2026-09-20,南京,150间及以上,253,60136,164,38443,酒店之家
2026W38,2026,38,2026-09-14,2026-09-20,南京,15间以下,4733,18885,18,183,酒店之家
2026W38,2026,38,2026-09-14,2026-09-20,南京,30-69间,1624,71070,502,24704,酒店之家
2026W38,2026,38,2026-09-14,2026-09-20,南京,70-149间,854,84632,627,63299,酒店之家
2026W38,2026,38,2026-09-14,2026-09-20,南京,全部,9007,266457,1399,128720,酒店之家
2026W38,2026,38,2026-09-14,2026-09-20,合肥,15-29间,1414,28621,80,1835,酒店之家
2026W38,2026,38,2026-09-14,2026-09-20,合肥,150间及以上,137,36473,76,19975,酒店之家
2026W38,2026,38,2026-09-14,2026-09-20,合肥,15间以下,2487,13982,7,72,酒店之家
2026W38,2026,38,2026-09-14,2026-09-20,合肥,30-69间,1104,48360,298,14720,酒店之家
2026W38,2026,38,2026-09-14,2026-09-20,合肥,70-149间,659,63012,453,43911,酒店之家
2026W38,2026,38,2026-09-14,2026-09-20,合肥,全部,5801,190448,914,80513,酒店之家
2026W38,2026,38,2026-09-14,2026-09-20,天津,15-29间,1094,22332,43,1015,酒店之家
2026W38,2026,38,2026-09-14,2026-09-20,天津,150间及以上,140,32277,94,21676,酒店之家
2026W38,2026,38,2026-09-14,2026-09-20,天津,15间以下,7181,25263,3,27,酒店之家
2026W38,2026,38,2026-09-14,2026-09-20,天津,30-69间,939,42049,246,12489,酒店之家
2026W38,2026,38,2026-09-14,2026-09-20,天津,70-149间,787,76299,564,55638,酒店之家
2026W38,2026,38,2026-09-14,2026-09-20,天津,全部,10141,198220,950,90845,酒店之家
2026W38,2026,38,2026-09-14,2026-09-20,广州,15-29间,2993,62083,58,1325,酒店之家
2026W38,2026,38,2026-09-14,2026-09-20,广州,150间及以上,411,104405,285,75087,酒店之家
2026W38,2026,38,2026-09-14,2026-09-20,广州,15间以下,7565,28265,17,135,酒店之家
2026W38,2026,38,2026-09-14,2026-09-20,广州,30-69间,3311,144252,294,14904,酒店之家
2026W38,2026,38,2026-09-14,2026-09-20,广州,70-149间,1545,151723,790,81537,酒店之家
2026W38,2026,38,2026-09-14,2026-09-20,广州,全部,15825,490728,1444,172988,酒店之家
2026W38,2026,38,2026-09-14,2026-09-20,成都,15-29间,5098,103668,97,2275,酒店之家
2026W38,2026,38,2026-09-14,2026-09-20,成都,150间及以上,454,108647,266,63934,酒店之家
2026W38,2026,38,2026-09-14,2026-09-20,成都,15间以下,15833,61861,21,181,酒店之家
2026W38,2026,38,2026-09-14,2026-09-20,成都,30-69间,3592,152770,372,18286,酒店之家
2026W38,2026,38,2026-09-14,2026-09-20,成都,70-149间,1545,153093,738,76924,酒店之家
2026W38,2026,38,2026-09-14,2026-09-20,成都,全部,26522,580039,1494,161600,酒店之家
2026W38,2026,38,2026-09-14,2026-09-20,昆明,15-29间,3383,69145,20,454,酒店之家
2026W38,2026,38,2026-09-14,2026-09-20,昆明,150间及以上,198,49637,87,23313,酒店之家
2026W38,2026,38,2026-09-14,2026-09-20,昆明,15间以下,9787,30955,9,74,酒店之家
2026W38,2026,38,2026-09-14,2026-09-20,昆明,30-69间,1749,73706,128,6780,酒店之家
2026W38,2026,38,2026-09-14,2026-09-20,昆明,70-149间,760,74839,354,35957,酒店之家
2026W38,2026,38,2026-09-14,2026-09-20,昆明,全部,15877,298282,598,66578,酒店之家
2026W38,2026,38,2026-09-14,2026-09-20,杭州,15-29间,2298,46454,77,1736,酒店之家
2026W38,2026,38,2026-09-14,2026-09-20,杭州,150间及以上,455,106714,289,66854,酒店之家
2026W38,2026,38,2026-09-14,2026-09-20,杭州,15间以下,9136,43426,69,538,酒店之家
2026W38,2026,38,2026-09-14,2026-09-20,杭州,30-69间,2289,100151,321,16135,酒店之家
2026W38,2026,38,2026-09-14,2026-09-20,杭州,70-149间,1327,134909,791,84075,酒店之家
2026W38,2026,38,2026-09-14,2026-09-20,杭州,全部,15505,431654,1547,169338,酒店之家
2026W38,2026,38,2026-09-14,2026-09-20,武汉,15-29间,2192,44268,50,1144,酒店之家
2026W38,2026,38,2026-09-14,2026-09-20,武汉,150间及以上,236,54434,155,35592,酒店之家
2026W38,2026,38,2026-09-14,2026-09-20,武汉,15间以下,5879,27335,11,92,酒店之家
2026W38,2026,38,2026-09-14,2026-09-20,武汉,30-69间,1667,71987,277,14192,酒店之家
2026W38,2026,38,2026-09-14,2026-09-20,武汉,70-149间,1064,104389,734,74166,酒店之家
2026W38,2026,38,2026-09-14,2026-09-20,武汉,全部,11038,302413,1227,125186,酒店之家
2026W38,2026,38,2026-09-14,2026-09-20,沈阳,15-29间,1208,23870,15,369,酒店之家
2026W38,2026,38,2026-09-14,2026-09-20,沈阳,150间及以上,102,24956,64,15790,酒店之家
2026W38,2026,38,2026-09-14,2026-09-20,沈阳,15间以下,4966,17897,1,12,酒店之家
2026W38,2026,38,2026-09-14,2026-09-20,沈阳,30-69间,601,25533,115,5862,酒店之家
2026W38,2026,38,2026-09-14,2026-09-20,沈阳,70-149间,484,48983,353,36644,酒店之家
2026W38,2026,38,2026-09-14,2026-09-20,沈阳,全部,7361,141239,548,58677,酒店之家
2026W38,2026,38,2026-09-14,2026-09-20,深圳,15-29间,2284,48062,29,641,酒店之家
2026W38,2026,38,2026-09-14,2026-09-20,深圳,150间及以上,456,103672,286,67261,酒店之家
2026W38,2026,38,2026-09-14,2026-09-20,深圳,15间以下,6029,25804,8,78,酒店之家
2026W38,2026,38,2026-09-14,2026-09-20,深圳,30-69间,2630,113066,155,7646,酒店之家
2026W38,2026,38,2026-09-14,2026-09-20,深圳,70-149间,1290,127487,535,57277,酒店之家
2026W38,2026,38,2026-09-14,2026-09-20,深圳,全部,12689,418091,1013,132903,酒店之家
2026W38,2026,38,2026-09-14,2026-09-20,苏州,15-29间,1727,35526,103,2319,酒店之家
2026W38,2026,38,2026-09-14,2026-09-20,苏州,150间及以上,273,68697,184,44930,酒店之家
2026W38,2026,38,2026-09-14,2026-09-20,苏州,15间以下,6559,28427,142,1211,酒店之家
2026W38,2026,38,2026-09-14,2026-09-20,苏州,30-69间,1534,68107,419,20596,酒店之家
2026W38,2026,38,2026-09-14,2026-09-20,苏州,70-149间,891,87411,610,61383,酒店之家
2026W38,2026,38,2026-09-14,2026-09-20,苏州,全部,10984,288168,1458,130439,酒店之家
2026W38,2026,38,2026-09-14,2026-09-20,西安,15-29间,3285,65468,84,1917,酒店之家
2026W38,2026,38,2026-09-14,2026-09-20,西安,150间及以上,266,62951,160,36971,酒店之家
2026W38,2026,38,2026-09-14,2026-09-20,西安,15间以下,8868,38948,28,252,酒店之家
2026W38,2026,38,2026-09-14,2026-09-20,西安,30-69间,2122,92492,395,19809,酒店之家
2026W38,2026,38,2026-09-14,2026-09-20,西安,70-149间,1291,127670,769,78037,酒店之家
2026W38,2026,38,2026-09-14,2026-09-20,西安,全部,15832,387529,1436,136986,酒店之家
2026W38,2026,38,2026-09-14,2026-09-20,郑州,15-29间,2275,46842,33,784,酒店之家
2026W38,2026,38,2026-09-14,2026-09-20,郑州,150间及以上,178,39771,72,16232,酒店之家
2026W38,2026,38,2026-09-14,2026-09-20,郑州,15间以下,4074,18019,10,89,酒店之家
2026W38,2026,38,2026-09-14,2026-09-20,郑州,30-69间,2032,85323,183,9441,酒店之家
2026W38,2026,38,2026-09-14,2026-09-20,郑州,70-149间,885,86008,400,40658,酒店之家
2026W38,2026,38,2026-09-14,2026-09-20,郑州,全部,9444,275963,698,67204,酒店之家
2026W38,2026,38,2026-09-14,2026-09-20,重庆,15-29间,6008,123290,101,2257,酒店之家
2026W38,2026,38,2026-09-14,2026-09-20,重庆,150间及以上,333,74035,169,38282,酒店之家
2026W38,2026,38,2026-09-14,2026-09-20,重庆,15间以下,13867,62861,20,219,酒店之家
2026W38,2026,38,2026-09-14,2026-09-20,重庆,30-69间,3648,153034,283,14337,酒店之家
2026W38,2026,38,2026-09-14,2026-09-20,重庆,70-149间,1144,112145,559,57407,酒店之家
2026W38,2026,38,2026-09-14,2026-09-20,重庆,全部,25000,525365,1132,112502,酒店之家
2026W38,2026,38,2026-09-14,2026-09-20,长沙,15-29间,3150,64298,38,884,酒店之家
2026W38,2026,38,2026-09-14,2026-09-20,长沙,150间及以上,220,52101,141,32780,酒店之家
2026W38,2026,38,2026-09-14,2026-09-20,长沙,15间以下,7152,30526,10,94,酒店之家
2026W38,2026,38,2026-09-14,2026-09-20,长沙,30-69间,2030,85895,247,12837,酒店之家
2026W38,2026,38,2026-09-14,2026-09-20,长沙,70-149间,811,80716,495,51170,酒店之家
2026W38,2026,38,2026-09-14,2026-09-20,长沙,全部,13363,313536,931,97765,酒店之家
2026W38,2026,38,2026-09-14,2026-09-20,青岛,15-29间,1872,38002,58,1362,酒店之家
2026W38,2026,38,2026-09-14,2026-09-20,青岛,150间及以上,199,50117,110,28431,酒店之家
2026W38,2026,38,2026-09-14,2026-09-20,青岛,15间以下,12225,33956,28,225,酒店之家
2026W38,2026,38,2026-09-14,2026-09-20,青岛,30-69间,1511,65742,308,15133,酒店之家
2026W38,2026,38,2026-09-14,2026-09-20,青岛,70-149间,844,82895,535,53358,酒店之家
2026W38,2026,38,2026-09-14,2026-09-20,青岛,全部,16651,270712,1039,98509,酒店之家
2026W39,2026,39,2026-09-21,2026-09-27,上海,15-29间,2001,41589,141,3306,酒店之家
2026W39,2026,39,2026-09-21,2026-09-27,上海,150间及以上,740,185760,595,149694,酒店之家
2026W39,2026,39,2026-09-21,2026-09-27,上海,15间以下,9393,32082,61,502,酒店之家
2026W39,2026,39,2026-09-21,2026-09-27,上海,30-69间,2435,109739,800,39651,酒店之家
2026W39,2026,39,2026-09-21,2026-09-27,上海,70-149间,1918,192051,1381,141432,酒店之家
2026W39,2026,39,2026-09-21,2026-09-27,上海,全部,16487,561221,2978,334585,酒店之家
2026W39,2026,39,2026-09-21,2026-09-27,东莞,15-29间,1670,33857,5,125,酒店之家
2026W39,2026,39,2026-09-21,2026-09-27,东莞,150间及以上,149,37314,48,9105,酒店之家
2026W39,2026,39,2026-09-21,2026-09-27,东莞,15间以下,2028,12822,0,0,酒店之家
2026W39,2026,39,2026-09-21,2026-09-27,东莞,30-69间,1806,79461,76,3900,酒店之家
2026W39,2026,39,2026-09-21,2026-09-27,东莞,70-149间,743,71111,245,25528,酒店之家
2026W39,2026,39,2026-09-21,2026-09-27,东莞,全部,6396,234565,374,38658,酒店之家
2026W39,2026,39,2026-09-21,2026-09-27,佛山,15-29间,1329,26904,18,389,酒店之家
2026W39,2026,39,2026-09-21,2026-09-27,佛山,150间及以上,130,29567,84,19164,酒店之家
2026W39,2026,39,2026-09-21,2026-09-27,佛山,15间以下,3296,15008,5,55,酒店之家
2026W39,2026,39,2026-09-21,2026-09-27,佛山,30-69间,1295,55858,72,3705,酒店之家
2026W39,2026,39,2026-09-21,2026-09-27,佛山,70-149间,561,55954,244,26547,酒店之家
2026W39,2026,39,2026-09-21,2026-09-27,佛山,全部,6611,183291,423,49860,酒店之家
2026W39,2026,39,2026-09-21,2026-09-27,全国,15-29间,191596,3898987,4093,92987,酒店之家
2026W39,2026,39,2026-09-21,2026-09-27,全国,150间及以上,15484,3685473,7256,1758993,酒店之家
2026W39,2026,39,2026-09-21,2026-09-27,全国,15间以下,621399,2624171,2007,18679,酒店之家
2026W39,2026,39,2026-09-21,2026-09-27,全国,30-69间,151764,6629929,21801,1095882,酒店之家
2026W39,2026,39,2026-09-21,2026-09-27,全国,70-149间,69613,6711309,34346,3397593,酒店之家
2026W39,2026,39,2026-09-21,2026-09-27,全国,全部,1049856,23549869,69503,6364134,酒店之家
2026W39,2026,39,2026-09-21,2026-09-27,北京,15-29间,1690,34821,141,3227,酒店之家
2026W39,2026,39,2026-09-21,2026-09-27,北京,150间及以上,685,180498,391,100212,酒店之家
2026W39,2026,39,2026-09-21,2026-09-27,北京,15间以下,12515,38238,95,761,酒店之家
2026W39,2026,39,2026-09-21,2026-09-27,北京,30-69间,2498,116217,911,46517,酒店之家
2026W39,2026,39,2026-09-21,2026-09-27,北京,70-149间,2254,223507,1566,157105,酒店之家
2026W39,2026,39,2026-09-21,2026-09-27,北京,全部,19642,593281,3104,307822,酒店之家
2026W39,2026,39,2026-09-21,2026-09-27,南京,15-29间,1548,31841,88,2095,酒店之家
2026W39,2026,39,2026-09-21,2026-09-27,南京,150间及以上,252,59915,164,38443,酒店之家
2026W39,2026,39,2026-09-21,2026-09-27,南京,15间以下,4797,19004,18,183,酒店之家
2026W39,2026,39,2026-09-21,2026-09-27,南京,30-69间,1620,70859,501,24630,酒店之家
2026W39,2026,39,2026-09-21,2026-09-27,南京,70-149间,857,85018,632,63833,酒店之家
2026W39,2026,39,2026-09-21,2026-09-27,南京,全部,9074,266637,1403,129184,酒店之家
2026W39,2026,39,2026-09-21,2026-09-27,合肥,15-29间,1415,28613,81,1856,酒店之家
2026W39,2026,39,2026-09-21,2026-09-27,合肥,150间及以上,137,36473,76,19975,酒店之家
2026W39,2026,39,2026-09-21,2026-09-27,合肥,15间以下,2515,13994,7,72,酒店之家
2026W39,2026,39,2026-09-21,2026-09-27,合肥,30-69间,1107,48469,300,14779,酒店之家
2026W39,2026,39,2026-09-21,2026-09-27,合肥,70-149间,660,63169,452,43831,酒店之家
2026W39,2026,39,2026-09-21,2026-09-27,合肥,全部,5834,190718,916,80513,酒店之家
2026W39,2026,39,2026-09-21,2026-09-27,天津,15-29间,1098,22411,43,1015,酒店之家
2026W39,2026,39,2026-09-21,2026-09-27,天津,150间及以上,140,32277,94,21676,酒店之家
2026W39,2026,39,2026-09-21,2026-09-27,天津,15间以下,7233,25303,3,27,酒店之家
2026W39,2026,39,2026-09-21,2026-09-27,天津,30-69间,938,42024,246,12510,酒店之家
2026W39,2026,39,2026-09-21,2026-09-27,天津,70-149间,790,76679,566,55789,酒店之家
2026W39,2026,39,2026-09-21,2026-09-27,天津,全部,10199,198694,952,91017,酒店之家
2026W39,2026,39,2026-09-21,2026-09-27,广州,15-29间,3003,62334,61,1382,酒店之家
2026W39,2026,39,2026-09-21,2026-09-27,广州,150间及以上,411,104407,285,75089,酒店之家
2026W39,2026,39,2026-09-21,2026-09-27,广州,15间以下,7657,28401,17,135,酒店之家
2026W39,2026,39,2026-09-21,2026-09-27,广州,30-69间,3314,144296,294,14934,酒店之家
2026W39,2026,39,2026-09-21,2026-09-27,广州,70-149间,1544,151600,788,81419,酒店之家
2026W39,2026,39,2026-09-21,2026-09-27,广州,全部,15929,491038,1445,172959,酒店之家
2026W39,2026,39,2026-09-21,2026-09-27,成都,15-29间,5093,103582,97,2275,酒店之家
2026W39,2026,39,2026-09-21,2026-09-27,成都,150间及以上,455,108869,267,64137,酒店之家
2026W39,2026,39,2026-09-21,2026-09-27,成都,15间以下,15964,62211,20,171,酒店之家
2026W39,2026,39,2026-09-21,2026-09-27,成都,30-69间,3597,152811,370,18162,酒店之家
2026W39,2026,39,2026-09-21,2026-09-27,成都,70-149间,1546,153114,738,76898,酒店之家
2026W39,2026,39,2026-09-21,2026-09-27,成都,全部,26655,580587,1492,161643,酒店之家
2026W39,2026,39,2026-09-21,2026-09-27,昆明,15-29间,3399,69470,20,454,酒店之家
2026W39,2026,39,2026-09-21,2026-09-27,昆明,150间及以上,199,49986,87,23313,酒店之家
2026W39,2026,39,2026-09-21,2026-09-27,昆明,15间以下,9944,31125,8,68,酒店之家
2026W39,2026,39,2026-09-21,2026-09-27,昆明,30-69间,1755,73810,128,6747,酒店之家
2026W39,2026,39,2026-09-21,2026-09-27,昆明,70-149间,762,75004,353,35858,酒店之家
2026W39,2026,39,2026-09-21,2026-09-27,昆明,全部,16059,299395,596,66440,酒店之家
2026W39,2026,39,2026-09-21,2026-09-27,杭州,15-29间,2304,46577,75,1682,酒店之家
2026W39,2026,39,2026-09-21,2026-09-27,杭州,150间及以上,455,106677,288,66921,酒店之家
2026W39,2026,39,2026-09-21,2026-09-27,杭州,15间以下,9192,43601,69,538,酒店之家
2026W39,2026,39,2026-09-21,2026-09-27,杭州,30-69间,2303,100853,324,16273,酒店之家
2026W39,2026,39,2026-09-21,2026-09-27,杭州,70-149间,1328,134869,792,84089,酒店之家
2026W39,2026,39,2026-09-21,2026-09-27,杭州,全部,15582,432577,1548,169503,酒店之家
2026W39,2026,39,2026-09-21,2026-09-27,武汉,15-29间,2193,44288,51,1164,酒店之家
2026W39,2026,39,2026-09-21,2026-09-27,武汉,150间及以上,236,54329,155,35487,酒店之家
2026W39,2026,39,2026-09-21,2026-09-27,武汉,15间以下,5941,27333,11,92,酒店之家
2026W39,2026,39,2026-09-21,2026-09-27,武汉,30-69间,1669,72074,278,14244,酒店之家
2026W39,2026,39,2026-09-21,2026-09-27,武汉,70-149间,1065,104501,734,74228,酒店之家
2026W39,2026,39,2026-09-21,2026-09-27,武汉,全部,11104,302525,1229,125215,酒店之家
2026W39,2026,39,2026-09-21,2026-09-27,沈阳,15-29间,1211,23948,15,369,酒店之家
2026W39,2026,39,2026-09-21,2026-09-27,沈阳,150间及以上,103,25116,65,15950,酒店之家
2026W39,2026,39,2026-09-21,2026-09-27,沈阳,15间以下,5039,17982,1,12,酒店之家
2026W39,2026,39,2026-09-21,2026-09-27,沈阳,30-69间,606,25770,115,5862,酒店之家
2026W39,2026,39,2026-09-21,2026-09-27,沈阳,70-149间,488,49313,355,36803,酒店之家
2026W39,2026,39,2026-09-21,2026-09-27,沈阳,全部,7447,142129,551,58996,酒店之家
2026W39,2026,39,2026-09-21,2026-09-27,深圳,15-29间,2287,48140,29,641,酒店之家
2026W39,2026,39,2026-09-21,2026-09-27,深圳,150间及以上,455,103106,285,66736,酒店之家
2026W39,2026,39,2026-09-21,2026-09-27,深圳,15间以下,6021,25800,8,78,酒店之家
2026W39,2026,39,2026-09-21,2026-09-27,深圳,30-69间,2633,113313,156,7713,酒店之家
2026W39,2026,39,2026-09-21,2026-09-27,深圳,70-149间,1292,127705,536,57403,酒店之家
2026W39,2026,39,2026-09-21,2026-09-27,深圳,全部,12688,418064,1014,132571,酒店之家
2026W39,2026,39,2026-09-21,2026-09-27,苏州,15-29间,1730,35583,103,2323,酒店之家
2026W39,2026,39,2026-09-21,2026-09-27,苏州,150间及以上,271,68254,182,44523,酒店之家
2026W39,2026,39,2026-09-21,2026-09-27,苏州,15间以下,6660,28690,145,1236,酒店之家
2026W39,2026,39,2026-09-21,2026-09-27,苏州,30-69间,1540,68245,422,20728,酒店之家
2026W39,2026,39,2026-09-21,2026-09-27,苏州,70-149间,894,87594,614,61647,酒店之家
2026W39,2026,39,2026-09-21,2026-09-27,苏州,全部,11095,288366,1466,130457,酒店之家
2026W39,2026,39,2026-09-21,2026-09-27,西安,15-29间,3290,65618,84,1912,酒店之家
2026W39,2026,39,2026-09-21,2026-09-27,西安,150间及以上,263,62183,160,36970,酒店之家
2026W39,2026,39,2026-09-21,2026-09-27,西安,15间以下,8986,39061,28,251,酒店之家
2026W39,2026,39,2026-09-21,2026-09-27,西安,30-69间,2122,92492,395,19788,酒店之家
2026W39,2026,39,2026-09-21,2026-09-27,西安,70-149间,1285,127085,767,77921,酒店之家
2026W39,2026,39,2026-09-21,2026-09-27,西安,全部,15946,386439,1434,136842,酒店之家
2026W39,2026,39,2026-09-21,2026-09-27,郑州,15-29间,2268,46687,33,784,酒店之家
2026W39,2026,39,2026-09-21,2026-09-27,郑州,150间及以上,179,40069,72,16232,酒店之家
2026W39,2026,39,2026-09-21,2026-09-27,郑州,15间以下,4096,17978,10,89,酒店之家
2026W39,2026,39,2026-09-21,2026-09-27,郑州,30-69间,2039,85622,186,9623,酒店之家
2026W39,2026,39,2026-09-21,2026-09-27,郑州,70-149间,890,86517,401,40803,酒店之家
2026W39,2026,39,2026-09-21,2026-09-27,郑州,全部,9472,276873,702,67531,酒店之家
2026W39,2026,39,2026-09-21,2026-09-27,重庆,15-29间,6009,123246,102,2286,酒店之家
2026W39,2026,39,2026-09-21,2026-09-27,重庆,150间及以上,333,73917,171,38651,酒店之家
2026W39,2026,39,2026-09-21,2026-09-27,重庆,15间以下,14079,63058,20,219,酒店之家
2026W39,2026,39,2026-09-21,2026-09-27,重庆,30-69间,3668,153945,290,14684,酒店之家
2026W39,2026,39,2026-09-21,2026-09-27,重庆,70-149间,1149,112625,559,57431,酒店之家
2026W39,2026,39,2026-09-21,2026-09-27,重庆,全部,25238,526791,1142,113271,酒店之家
2026W39,2026,39,2026-09-21,2026-09-27,长沙,15-29间,3144,64212,39,908,酒店之家
2026W39,2026,39,2026-09-21,2026-09-27,长沙,150间及以上,220,52101,141,32780,酒店之家
2026W39,2026,39,2026-09-21,2026-09-27,长沙,15间以下,7298,30685,10,94,酒店之家
2026W39,2026,39,2026-09-21,2026-09-27,长沙,30-69间,2026,85709,247,12821,酒店之家
2026W39,2026,39,2026-09-21,2026-09-27,长沙,70-149间,809,80614,496,51330,酒店之家
2026W39,2026,39,2026-09-21,2026-09-27,长沙,全部,13497,313321,933,97933,酒店之家
2026W39,2026,39,2026-09-21,2026-09-27,青岛,15-29间,1875,38071,58,1362,酒店之家
2026W39,2026,39,2026-09-21,2026-09-27,青岛,150间及以上,198,49788,109,28179,酒店之家
2026W39,2026,39,2026-09-21,2026-09-27,青岛,15间以下,12335,34147,28,225,酒店之家
2026W39,2026,39,2026-09-21,2026-09-27,青岛,30-69间,1522,66275,309,15194,酒店之家
2026W39,2026,39,2026-09-21,2026-09-27,青岛,70-149间,843,82919,536,53493,酒店之家
2026W39,2026,39,2026-09-21,2026-09-27,青岛,全部,16773,271200,1040,98453,酒店之家
2026W40,2026,40,2026-09-28,2026-10-04,上海,15-29间,1995,41454,140,3286,酒店之家
2026W40,2026,40,2026-09-28,2026-10-04,上海,150间及以上,740,185738,593,149314,酒店之家
2026W40,2026,40,2026-09-28,2026-10-04,上海,15间以下,9293,31774,62,512,酒店之家
2026W40,2026,40,2026-09-28,2026-10-04,上海,30-69间,2439,109916,798,39588,酒店之家
2026W40,2026,40,2026-09-28,2026-10-04,上海,70-149间,1921,192360,1381,141452,酒店之家
2026W40,2026,40,2026-09-28,2026-10-04,上海,全部,16388,561242,2974,334152,酒店之家
2026W40,2026,40,2026-09-28,2026-10-04,东莞,15-29间,1626,33013,6,147,酒店之家
2026W40,2026,40,2026-09-28,2026-10-04,东莞,150间及以上,149,37314,48,9105,酒店之家
2026W40,2026,40,2026-09-28,2026-10-04,东莞,15间以下,1977,12251,0,0,酒店之家
2026W40,2026,40,2026-09-28,2026-10-04,东莞,30-69间,1802,79441,76,3900,酒店之家
2026W40,2026,40,2026-09-28,2026-10-04,东莞,70-149间,745,71346,249,25974,酒店之家
2026W40,2026,40,2026-09-28,2026-10-04,东莞,全部,6299,233365,379,39126,酒店之家
2026W40,2026,40,2026-09-28,2026-10-04,佛山,15-29间,1309,26517,17,363,酒店之家
2026W40,2026,40,2026-09-28,2026-10-04,佛山,150间及以上,128,29141,83,18779,酒店之家
2026W40,2026,40,2026-09-28,2026-10-04,佛山,15间以下,3213,14622,5,55,酒店之家
2026W40,2026,40,2026-09-28,2026-10-04,佛山,30-69间,1294,55921,73,3767,酒店之家
2026W40,2026,40,2026-09-28,2026-10-04,佛山,70-149间,564,56286,245,26656,酒店之家
2026W40,2026,40,2026-09-28,2026-10-04,佛山,全部,6508,182487,423,49620,酒店之家
2026W40,2026,40,2026-09-28,2026-10-04,全国,15-29间,191189,3892028,4097,93091,酒店之家
2026W40,2026,40,2026-09-28,2026-10-04,全国,150间及以上,15528,3692962,7281,1763283,酒店之家
2026W40,2026,40,2026-09-28,2026-10-04,全国,15间以下,623774,2615314,2007,18683,酒店之家
2026W40,2026,40,2026-09-28,2026-10-04,全国,30-69间,152012,6641840,21847,1098483,酒店之家
2026W40,2026,40,2026-09-28,2026-10-04,全国,70-149间,69853,6734536,34554,3417823,酒店之家
2026W40,2026,40,2026-09-28,2026-10-04,全国,全部,1052356,23576680,69786,6391363,酒店之家
2026W40,2026,40,2026-09-28,2026-10-04,北京,15-29间,1702,35079,139,3182,酒店之家
2026W40,2026,40,2026-09-28,2026-10-04,北京,150间及以上,683,179981,391,100188,酒店之家
2026W40,2026,40,2026-09-28,2026-10-04,北京,15间以下,12692,38969,92,742,酒店之家
2026W40,2026,40,2026-09-28,2026-10-04,北京,30-69间,2504,116581,909,46420,酒店之家
2026W40,2026,40,2026-09-28,2026-10-04,北京,70-149间,2258,223977,1571,157695,酒店之家
2026W40,2026,40,2026-09-28,2026-10-04,北京,全部,19839,594587,3102,308227,酒店之家
2026W40,2026,40,2026-09-28,2026-10-04,南京,15-29间,1551,31927,88,2095,酒店之家
2026W40,2026,40,2026-09-28,2026-10-04,南京,150间及以上,255,60402,165,38599,酒店之家
2026W40,2026,40,2026-09-28,2026-10-04,南京,15间以下,4818,18991,18,183,酒店之家
2026W40,2026,40,2026-09-28,2026-10-04,南京,30-69间,1632,71428,503,24765,酒店之家
2026W40,2026,40,2026-09-28,2026-10-04,南京,70-149间,861,85394,635,64165,酒店之家
2026W40,2026,40,2026-09-28,2026-10-04,南京,全部,9117,268142,1409,129807,酒店之家
2026W40,2026,40,2026-09-28,2026-10-04,合肥,15-29间,1409,28491,81,1846,酒店之家
2026W40,2026,40,2026-09-28,2026-10-04,合肥,150间及以上,137,36361,76,19975,酒店之家
2026W40,2026,40,2026-09-28,2026-10-04,合肥,15间以下,2499,13840,7,72,酒店之家
2026W40,2026,40,2026-09-28,2026-10-04,合肥,30-69间,1110,48581,300,14797,酒店之家
2026W40,2026,40,2026-09-28,2026-10-04,合肥,70-149间,661,63225,454,43947,酒店之家
2026W40,2026,40,2026-09-28,2026-10-04,合肥,全部,5816,190498,918,80637,酒店之家
2026W40,2026,40,2026-09-28,2026-10-04,天津,15-29间,1093,22312,41,961,酒店之家
2026W40,2026,40,2026-09-28,2026-10-04,天津,150间及以上,140,32284,94,21676,酒店之家
2026W40,2026,40,2026-09-28,2026-10-04,天津,15间以下,7261,25196,3,27,酒店之家
2026W40,2026,40,2026-09-28,2026-10-04,天津,30-69间,948,42423,247,12569,酒店之家
2026W40,2026,40,2026-09-28,2026-10-04,天津,70-149间,800,77626,571,56262,酒店之家
2026W40,2026,40,2026-09-28,2026-10-04,天津,全部,10242,199841,956,91495,酒店之家
2026W40,2026,40,2026-09-28,2026-10-04,广州,15-29间,2980,61905,60,1366,酒店之家
2026W40,2026,40,2026-09-28,2026-10-04,广州,150间及以上,413,104767,286,75219,酒店之家
2026W40,2026,40,2026-09-28,2026-10-04,广州,15间以下,7592,27875,17,135,酒店之家
2026W40,2026,40,2026-09-28,2026-10-04,广州,30-69间,3310,144180,294,14932,酒店之家
2026W40,2026,40,2026-09-28,2026-10-04,广州,70-149间,1558,152935,800,82673,酒店之家
2026W40,2026,40,2026-09-28,2026-10-04,广州,全部,15853,491662,1457,174325,酒店之家
2026W40,2026,40,2026-09-28,2026-10-04,成都,15-29间,5063,102967,97,2275,酒店之家
2026W40,2026,40,2026-09-28,2026-10-04,成都,150间及以上,457,109353,269,64621,酒店之家
2026W40,2026,40,2026-09-28,2026-10-04,成都,15间以下,15915,61705,21,181,酒店之家
2026W40,2026,40,2026-09-28,2026-10-04,成都,30-69间,3615,153695,372,18267,酒店之家
2026W40,2026,40,2026-09-28,2026-10-04,成都,70-149间,1543,152883,737,76835,酒店之家
2026W40,2026,40,2026-09-28,2026-10-04,成都,全部,26593,580603,1496,162179,酒店之家
2026W40,2026,40,2026-09-28,2026-10-04,昆明,15-29间,3405,69598,21,480,酒店之家
2026W40,2026,40,2026-09-28,2026-10-04,昆明,150间及以上,200,50105,87,23313,酒店之家
2026W40,2026,40,2026-09-28,2026-10-04,昆明,15间以下,10067,31328,7,54,酒店之家
2026W40,2026,40,2026-09-28,2026-10-04,昆明,30-69间,1756,73867,129,6792,酒店之家
2026W40,2026,40,2026-09-28,2026-10-04,昆明,70-149间,767,75477,355,36067,酒店之家
2026W40,2026,40,2026-09-28,2026-10-04,昆明,全部,16195,300375,599,66706,酒店之家
2026W40,2026,40,2026-09-28,2026-10-04,杭州,15-29间,2303,46635,75,1682,酒店之家
2026W40,2026,40,2026-09-28,2026-10-04,杭州,150间及以上,457,106912,288,66802,酒店之家
2026W40,2026,40,2026-09-28,2026-10-04,杭州,15间以下,9225,43656,69,538,酒店之家
2026W40,2026,40,2026-09-28,2026-10-04,杭州,30-69间,2309,101172,328,16476,酒店之家
2026W40,2026,40,2026-09-28,2026-10-04,杭州,70-149间,1324,134506,792,84094,酒店之家
2026W40,2026,40,2026-09-28,2026-10-04,杭州,全部,15618,432881,1552,169592,酒店之家
2026W40,2026,40,2026-09-28,2026-10-04,武汉,15-29间,2189,44199,49,1124,酒店之家
2026W40,2026,40,2026-09-28,2026-10-04,武汉,150间及以上,235,54180,156,35657,酒店之家
2026W40,2026,40,2026-09-28,2026-10-04,武汉,15间以下,5922,26962,8,74,酒店之家
2026W40,2026,40,2026-09-28,2026-10-04,武汉,30-69间,1672,72283,278,14197,酒店之家
2026W40,2026,40,2026-09-28,2026-10-04,武汉,70-149间,1072,105172,739,74744,酒店之家
2026W40,2026,40,2026-09-28,2026-10-04,武汉,全部,11090,302796,1230,125796,酒店之家
2026W40,2026,40,2026-09-28,2026-10-04,沈阳,15-29间,1210,23976,16,393,酒店之家
2026W40,2026,40,2026-09-28,2026-10-04,沈阳,150间及以上,103,25119,65,15953,酒店之家
2026W40,2026,40,2026-09-28,2026-10-04,沈阳,15间以下,5086,18010,1,12,酒店之家
2026W40,2026,40,2026-09-28,2026-10-04,沈阳,30-69间,614,26187,115,5879,酒店之家
2026W40,2026,40,2026-09-28,2026-10-04,沈阳,70-149间,492,49862,361,37470,酒店之家
2026W40,2026,40,2026-09-28,2026-10-04,沈阳,全部,7505,143154,558,59707,酒店之家
2026W40,2026,40,2026-09-28,2026-10-04,深圳,15-29间,2276,47932,28,621,酒店之家
2026W40,2026,40,2026-09-28,2026-10-04,深圳,150间及以上,459,104100,286,67205,酒店之家
2026W40,2026,40,2026-09-28,2026-10-04,深圳,15间以下,5913,25383,9,88,酒店之家
2026W40,2026,40,2026-09-28,2026-10-04,深圳,30-69间,2644,113849,155,7667,酒店之家
2026W40,2026,40,2026-09-28,2026-10-04,深圳,70-149间,1296,128068,538,57634,酒店之家
2026W40,2026,40,2026-09-28,2026-10-04,深圳,全部,12588,419332,1016,133215,酒店之家
2026W40,2026,40,2026-09-28,2026-10-04,苏州,15-29间,1727,35548,104,2344,酒店之家
2026W40,2026,40,2026-09-28,2026-10-04,苏州,150间及以上,271,68254,182,44527,酒店之家
2026W40,2026,40,2026-09-28,2026-10-04,苏州,15间以下,6709,28753,147,1252,酒店之家
2026W40,2026,40,2026-09-28,2026-10-04,苏州,30-69间,1542,68361,422,20732,酒店之家
2026W40,2026,40,2026-09-28,2026-10-04,苏州,70-149间,896,87790,615,61757,酒店之家
2026W40,2026,40,2026-09-28,2026-10-04,苏州,全部,11145,288706,1470,130612,酒店之家
2026W40,2026,40,2026-09-28,2026-10-04,西安,15-29间,3262,65109,83,1883,酒店之家
2026W40,2026,40,2026-09-28,2026-10-04,西安,150间及以上,264,62390,162,37301,酒店之家
2026W40,2026,40,2026-09-28,2026-10-04,西安,15间以下,9016,38935,28,251,酒店之家
2026W40,2026,40,2026-09-28,2026-10-04,西安,30-69间,2123,92586,394,19760,酒店之家
2026W40,2026,40,2026-09-28,2026-10-04,西安,70-149间,1288,127499,768,78085,酒店之家
2026W40,2026,40,2026-09-28,2026-10-04,西安,全部,15953,386519,1435,137280,酒店之家
2026W40,2026,40,2026-09-28,2026-10-04,郑州,15-29间,2256,46452,32,758,酒店之家
2026W40,2026,40,2026-09-28,2026-10-04,郑州,150间及以上,180,40269,73,16432,酒店之家
2026W40,2026,40,2026-09-28,2026-10-04,郑州,15间以下,4114,17823,10,89,酒店之家
2026W40,2026,40,2026-09-28,2026-10-04,郑州,30-69间,2035,85413,186,9614,酒店之家
2026W40,2026,40,2026-09-28,2026-10-04,郑州,70-149间,897,87251,408,41526,酒店之家
2026W40,2026,40,2026-09-28,2026-10-04,郑州,全部,9482,277208,709,68419,酒店之家
2026W40,2026,40,2026-09-28,2026-10-04,重庆,15-29间,5990,122886,103,2315,酒店之家
2026W40,2026,40,2026-09-28,2026-10-04,重庆,150间及以上,333,73999,174,39317,酒店之家
2026W40,2026,40,2026-09-28,2026-10-04,重庆,15间以下,14098,62614,19,210,酒店之家
2026W40,2026,40,2026-09-28,2026-10-04,重庆,30-69间,3666,153854,288,14558,酒店之家
2026W40,2026,40,2026-09-28,2026-10-04,重庆,70-149间,1154,113178,562,57767,酒店之家
2026W40,2026,40,2026-09-28,2026-10-04,重庆,全部,25241,526531,1146,114167,酒店之家
2026W40,2026,40,2026-09-28,2026-10-04,长沙,15-29间,3129,63908,39,908,酒店之家
2026W40,2026,40,2026-09-28,2026-10-04,长沙,150间及以上,223,52786,144,33300,酒店之家
2026W40,2026,40,2026-09-28,2026-10-04,长沙,15间以下,7224,30192,10,94,酒店之家
2026W40,2026,40,2026-09-28,2026-10-04,长沙,30-69间,2030,85898,247,12808,酒店之家
2026W40,2026,40,2026-09-28,2026-10-04,长沙,70-149间,813,80947,503,51957,酒店之家
2026W40,2026,40,2026-09-28,2026-10-04,长沙,全部,13419,313731,943,99067,酒店之家
2026W40,2026,40,2026-09-28,2026-10-04,青岛,15-29间,1868,37931,58,1362,酒店之家
2026W40,2026,40,2026-09-28,2026-10-04,青岛,150间及以上,199,49932,109,28179,酒店之家
2026W40,2026,40,2026-09-28,2026-10-04,青岛,15间以下,12258,33890,27,215,酒店之家
2026W40,2026,40,2026-09-28,2026-10-04,青岛,30-69间,1525,66409,313,15408,酒店之家
2026W40,2026,40,2026-09-28,2026-10-04,青岛,70-149间,848,83355,538,53676,酒店之家
2026W40,2026,40,2026-09-28,2026-10-04,青岛,全部,16698,271517,1045,98840,酒店之家
