数据分类,指标名称,指标代码,单位,频率,数据日期,数值,同比(%),年初至今(%),备注,数据来源
离岛免税销售,离岛免税购物人次(当月值),S004552711,万人次,月,2011-04-30T00:00:00Z,0.8501,,,,同花顺iFinD(海口海关)
离岛免税销售,离岛免税购物人次(当月值),S004552711,万人次,月,2011-05-31T00:00:00Z,5.2314,,,,同花顺iFinD(海口海关)
离岛免税销售,离岛免税购物人次(当月值),S004552711,万人次,月,2011-06-30T00:00:00Z,4.4431,,,,同花顺iFinD(海口海关)
离岛免税销售,离岛免税购物人次(当月值),S004552711,万人次,月,2011-07-31T00:00:00Z,4.2166,,,,同花顺iFinD(海口海关)
离岛免税销售,离岛免税购物人次(当月值),S004552711,万人次,月,2011-08-31T00:00:00Z,4.9785,,,,同花顺iFinD(海口海关)
离岛免税销售,离岛免税购物人次(当月值),S004552711,万人次,月,2011-09-30T00:00:00Z,4.3767,,,,同花顺iFinD(海口海关)
离岛免税销售,离岛免税购物人次(当月值),S004552711,万人次,月,2011-10-31T00:00:00Z,6.2817,,,,同花顺iFinD(海口海关)
离岛免税销售,离岛免税购物人次(当月值),S004552711,万人次,月,2011-11-30T00:00:00Z,8.331,,,,同花顺iFinD(海口海关)
离岛免税销售,离岛免税购物人次(当月值),S004552711,万人次,月,2011-12-31T00:00:00Z,9.9923,,,,同花顺iFinD(海口海关)
离岛免税销售,离岛免税购物人次(当月值),S004552711,万人次,月,2012-01-31T00:00:00Z,11.1868,,,,同花顺iFinD(海口海关)
离岛免税销售,离岛免税购物人次(当月值),S004552711,万人次,月,2012-02-29T00:00:00Z,13.5987,,,,同花顺iFinD(海口海关)
离岛免税销售,离岛免税购物人次(当月值),S004552711,万人次,月,2012-03-31T00:00:00Z,11.926,,,,同花顺iFinD(海口海关)
离岛免税销售,离岛免税购物人次(当月值),S004552711,万人次,月,2012-04-30T00:00:00Z,8.7456,928.77,,,同花顺iFinD(海口海关)
离岛免税销售,离岛免税购物人次(当月值),S004552711,万人次,月,2012-05-31T00:00:00Z,8.0592,54.05,,,同花顺iFinD(海口海关)
离岛免税销售,离岛免税购物人次(当月值),S004552711,万人次,月,2012-06-30T00:00:00Z,5.5878,25.76,,,同花顺iFinD(海口海关)
离岛免税销售,离岛免税购物人次(当月值),S004552711,万人次,月,2012-07-31T00:00:00Z,5.7002,35.18,,,同花顺iFinD(海口海关)
离岛免税销售,离岛免税购物人次(当月值),S004552711,万人次,月,2012-08-31T00:00:00Z,6.3518,27.58,,,同花顺iFinD(海口海关)
离岛免税销售,离岛免税购物人次(当月值),S004552711,万人次,月,2012-09-30T00:00:00Z,5.8911,34.6,,,同花顺iFinD(海口海关)
离岛免税销售,离岛免税购物人次(当月值),S004552711,万人次,月,2012-10-31T00:00:00Z,8.6171,37.18,,,同花顺iFinD(海口海关)
离岛免税销售,离岛免税购物人次(当月值),S004552711,万人次,月,2012-11-30T00:00:00Z,10.034,20.44,,,同花顺iFinD(海口海关)
离岛免税销售,离岛免税购物人次(当月值),S004552711,万人次,月,2012-12-31T00:00:00Z,10.2906,2.99,,,同花顺iFinD(海口海关)
离岛免税销售,离岛免税购物人次(当月值),S004552711,万人次,月,2013-01-31T00:00:00Z,10.6126,-5.13,,,同花顺iFinD(海口海关)
离岛免税销售,离岛免税购物人次(当月值),S004552711,万人次,月,2013-02-28T00:00:00Z,14.0093,3.02,,,同花顺iFinD(海口海关)
离岛免税销售,离岛免税购物人次(当月值),S004552711,万人次,月,2013-03-31T00:00:00Z,11.8295,-0.81,,,同花顺iFinD(海口海关)
离岛免税销售,离岛免税购物人次(当月值),S004552711,万人次,月,2013-04-30T00:00:00Z,8.7271,-0.21,,,同花顺iFinD(海口海关)
离岛免税销售,离岛免税购物人次(当月值),S004552711,万人次,月,2013-05-31T00:00:00Z,7.8109,-3.08,,,同花顺iFinD(海口海关)
离岛免税销售,离岛免税购物人次(当月值),S004552711,万人次,月,2013-06-30T00:00:00Z,6.622,18.51,,,同花顺iFinD(海口海关)
离岛免税销售,离岛免税购物人次(当月值),S004552711,万人次,月,2013-07-31T00:00:00Z,6.503,14.08,,,同花顺iFinD(海口海关)
离岛免税销售,离岛免税购物人次(当月值),S004552711,万人次,月,2013-08-31T00:00:00Z,7.6361,20.22,,,同花顺iFinD(海口海关)
离岛免税销售,离岛免税购物人次(当月值),S004552711,万人次,月,2013-09-30T00:00:00Z,6.9791,18.47,,,同花顺iFinD(海口海关)
离岛免税销售,离岛免税购物人次(当月值),S004552711,万人次,月,2013-10-31T00:00:00Z,8.9437,3.79,,,同花顺iFinD(海口海关)
离岛免税销售,离岛免税购物人次(当月值),S004552711,万人次,月,2013-11-30T00:00:00Z,10.1728,1.38,,,同花顺iFinD(海口海关)
离岛免税销售,离岛免税购物人次(当月值),S004552711,万人次,月,2013-12-31T00:00:00Z,11.8436,15.09,,,同花顺iFinD(海口海关)
离岛免税销售,离岛免税购物人次(当月值),S004552711,万人次,月,2014-01-31T00:00:00Z,12.7981,20.59,,,同花顺iFinD(海口海关)
离岛免税销售,离岛免税购物人次(当月值),S004552711,万人次,月,2014-02-28T00:00:00Z,19.9123,42.14,,,同花顺iFinD(海口海关)
离岛免税销售,离岛免税购物人次(当月值),S004552711,万人次,月,2014-03-31T00:00:00Z,13.4372,13.59,,,同花顺iFinD(海口海关)
离岛免税销售,离岛免税购物人次(当月值),S004552711,万人次,月,2014-04-30T00:00:00Z,10.2468,17.41,,,同花顺iFinD(海口海关)
离岛免税销售,离岛免税购物人次(当月值),S004552711,万人次,月,2014-05-31T00:00:00Z,9.1022,16.53,,,同花顺iFinD(海口海关)
离岛免税销售,离岛免税购物人次(当月值),S004552711,万人次,月,2014-06-30T00:00:00Z,7.95,20.05,,,同花顺iFinD(海口海关)
离岛免税销售,离岛免税购物人次(当月值),S004552711,万人次,月,2014-07-31T00:00:00Z,8.1054,24.64,,,同花顺iFinD(海口海关)
离岛免税销售,离岛免税购物人次(当月值),S004552711,万人次,月,2014-08-31T00:00:00Z,9.0663,18.73,,,同花顺iFinD(海口海关)
离岛免税销售,离岛免税购物人次(当月值),S004552711,万人次,月,2014-09-30T00:00:00Z,9.4331,35.16,,,同花顺iFinD(海口海关)
离岛免税销售,离岛免税购物人次(当月值),S004552711,万人次,月,2014-10-31T00:00:00Z,11.0001,22.99,,,同花顺iFinD(海口海关)
离岛免税销售,离岛免税购物人次(当月值),S004552711,万人次,月,2014-11-30T00:00:00Z,13.278,30.52,,,同花顺iFinD(海口海关)
离岛免税销售,离岛免税购物人次(当月值),S004552711,万人次,月,2014-12-31T00:00:00Z,14.6421,23.63,,,同花顺iFinD(海口海关)
离岛免税销售,离岛免税购物人次(当月值),S004552711,万人次,月,2015-01-31T00:00:00Z,16.2539,27,,,同花顺iFinD(海口海关)
离岛免税销售,离岛免税购物人次(当月值),S004552711,万人次,月,2015-02-28T00:00:00Z,23.263,16.83,,,同花顺iFinD(海口海关)
离岛免税销售,离岛免税购物人次(当月值),S004552711,万人次,月,2015-03-31T00:00:00Z,20.2495,50.7,,,同花顺iFinD(海口海关)
离岛免税销售,离岛免税购物人次(当月值),S004552711,万人次,月,2015-04-30T00:00:00Z,13.1449,28.28,,,同花顺iFinD(海口海关)
离岛免税销售,离岛免税购物人次(当月值),S004552711,万人次,月,2015-05-31T00:00:00Z,11.597,27.41,,,同花顺iFinD(海口海关)
离岛免税销售,离岛免税购物人次(当月值),S004552711,万人次,月,2015-06-30T00:00:00Z,9.6297,21.13,,,同花顺iFinD(海口海关)
离岛免税销售,离岛免税购物人次(当月值),S004552711,万人次,月,2015-07-31T00:00:00Z,9.4286,16.32,,,同花顺iFinD(海口海关)
离岛免税销售,离岛免税购物人次(当月值),S004552711,万人次,月,2015-08-31T00:00:00Z,10.9266,20.52,,,同花顺iFinD(海口海关)
离岛免税销售,离岛免税购物人次(当月值),S004552711,万人次,月,2015-09-30T00:00:00Z,8.8535,-6.14,,,同花顺iFinD(海口海关)
离岛免税销售,离岛免税购物人次(当月值),S004552711,万人次,月,2015-10-31T00:00:00Z,11.5789,5.26,,,同花顺iFinD(海口海关)
离岛免税销售,离岛免税购物人次(当月值),S004552711,万人次,月,2015-11-30T00:00:00Z,12.9457,-2.5,,,同花顺iFinD(海口海关)
离岛免税销售,离岛免税购物人次(当月值),S004552711,万人次,月,2015-12-31T00:00:00Z,16.0798,9.82,,,同花顺iFinD(海口海关)
离岛免税销售,离岛免税购物人次(当月值),S004552711,万人次,月,2016-01-31T00:00:00Z,16.2974,0.27,,,同花顺iFinD(海口海关)
离岛免税销售,离岛免税购物人次(当月值),S004552711,万人次,月,2016-02-29T00:00:00Z,25.0243,7.57,,,同花顺iFinD(海口海关)
离岛免税销售,离岛免税购物人次(当月值),S004552711,万人次,月,2016-03-31T00:00:00Z,15.5694,-23.11,,,同花顺iFinD(海口海关)
离岛免税销售,离岛免税购物人次(当月值),S004552711,万人次,月,2016-04-30T00:00:00Z,13.3933,1.89,,,同花顺iFinD(海口海关)
离岛免税销售,离岛免税购物人次(当月值),S004552711,万人次,月,2016-05-31T00:00:00Z,11.2689,-2.83,,,同花顺iFinD(海口海关)
离岛免税销售,离岛免税购物人次(当月值),S004552711,万人次,月,2016-06-30T00:00:00Z,10.4955,8.99,,,同花顺iFinD(海口海关)
离岛免税销售,离岛免税购物人次(当月值),S004552711,万人次,月,2016-07-31T00:00:00Z,9.9147,5.16,,,同花顺iFinD(海口海关)
离岛免税销售,离岛免税购物人次(当月值),S004552711,万人次,月,2016-08-31T00:00:00Z,11.5165,5.4,,,同花顺iFinD(海口海关)
离岛免税销售,离岛免税购物人次(当月值),S004552711,万人次,月,2016-09-30T00:00:00Z,11.2554,27.13,,,同花顺iFinD(海口海关)
离岛免税销售,离岛免税购物人次(当月值),S004552711,万人次,月,2016-10-31T00:00:00Z,13.9254,20.27,,,同花顺iFinD(海口海关)
离岛免税销售,离岛免税购物人次(当月值),S004552711,万人次,月,2016-11-30T00:00:00Z,15.1346,16.91,,,同花顺iFinD(海口海关)
离岛免税销售,离岛免税购物人次(当月值),S004552711,万人次,月,2016-12-31T00:00:00Z,19.3378,20.26,,,同花顺iFinD(海口海关)
离岛免税销售,离岛免税购物人次(当月值),S004552711,万人次,月,2017-01-31T00:00:00Z,20.5595,26.15,,,同花顺iFinD(海口海关)
离岛免税销售,离岛免税购物人次(当月值),S004552711,万人次,月,2017-02-28T00:00:00Z,28.7295,14.81,,,同花顺iFinD(海口海关)
离岛免税销售,离岛免税购物人次(当月值),S004552711,万人次,月,2017-03-31T00:00:00Z,20.4539,31.37,,,同花顺iFinD(海口海关)
离岛免税销售,离岛免税购物人次(当月值),S004552711,万人次,月,2017-04-30T00:00:00Z,17.5355,30.93,,,同花顺iFinD(海口海关)
离岛免税销售,离岛免税购物人次(当月值),S004552711,万人次,月,2017-05-31T00:00:00Z,17.1962,52.6,,,同花顺iFinD(海口海关)
离岛免税销售,离岛免税购物人次(当月值),S004552711,万人次,月,2017-06-30T00:00:00Z,15.6228,48.85,,,同花顺iFinD(海口海关)
离岛免税销售,离岛免税购物人次(当月值),S004552711,万人次,月,2017-07-31T00:00:00Z,14.8618,49.9,,,同花顺iFinD(海口海关)
离岛免税销售,离岛免税购物人次(当月值),S004552711,万人次,月,2017-08-31T00:00:00Z,17.9548,55.91,,,同花顺iFinD(海口海关)
离岛免税销售,离岛免税购物人次(当月值),S004552711,万人次,月,2017-09-30T00:00:00Z,16.7139,48.5,,,同花顺iFinD(海口海关)
离岛免税销售,离岛免税购物人次(当月值),S004552711,万人次,月,2017-10-31T00:00:00Z,19.1153,37.27,,,同花顺iFinD(海口海关)
离岛免税销售,离岛免税购物人次(当月值),S004552711,万人次,月,2017-11-30T00:00:00Z,20.005,32.18,,,同花顺iFinD(海口海关)
离岛免税销售,离岛免税购物人次(当月值),S004552711,万人次,月,2017-12-31T00:00:00Z,24.6505,27.47,,,同花顺iFinD(海口海关)
离岛免税销售,离岛免税购物人次(当月值),S004552711,万人次,月,2018-01-31T00:00:00Z,24.7641,20.45,,,同花顺iFinD(海口海关)
离岛免税销售,离岛免税购物人次(当月值),S004552711,万人次,月,2018-02-28T00:00:00Z,33.0918,15.18,,,同花顺iFinD(海口海关)
离岛免税销售,离岛免税购物人次(当月值),S004552711,万人次,月,2018-03-31T00:00:00Z,27.8631,36.22,,,同花顺iFinD(海口海关)
离岛免税销售,离岛免税购物人次(当月值),S004552711,万人次,月,2018-04-30T00:00:00Z,21.9939,25.42,,,同花顺iFinD(海口海关)
离岛免税销售,离岛免税购物人次(当月值),S004552711,万人次,月,2018-05-31T00:00:00Z,20.6864,20.3,,,同花顺iFinD(海口海关)
离岛免税销售,离岛免税购物人次(当月值),S004552711,万人次,月,2018-06-30T00:00:00Z,18.8788,20.84,,,同花顺iFinD(海口海关)
离岛免税销售,离岛免税购物人次(当月值),S004552711,万人次,月,2018-07-31T00:00:00Z,17.2974,16.39,,,同花顺iFinD(海口海关)
离岛免税销售,离岛免税购物人次(当月值),S004552711,万人次,月,2018-08-31T00:00:00Z,22.1588,23.41,,,同花顺iFinD(海口海关)
离岛免税销售,离岛免税购物人次(当月值),S004552711,万人次,月,2018-09-30T00:00:00Z,19.8455,18.74,,,同花顺iFinD(海口海关)
离岛免税销售,离岛免税购物人次(当月值),S004552711,万人次,月,2018-10-31T00:00:00Z,22.6465,18.47,,,同花顺iFinD(海口海关)
离岛免税销售,离岛免税购物人次(当月值),S004552711,万人次,月,2018-11-30T00:00:00Z,22.1197,10.57,,,同花顺iFinD(海口海关)
离岛免税销售,离岛免税购物人次(当月值),S004552711,万人次,月,2018-12-31T00:00:00Z,27.2398,10.5,,,同花顺iFinD(海口海关)
离岛免税销售,离岛免税购物人次(当月值),S004552711,万人次,月,2019-01-31T00:00:00Z,30.5825,23.5,,,同花顺iFinD(海口海关)
离岛免税销售,离岛免税购物人次(当月值),S004552711,万人次,月,2019-02-28T00:00:00Z,47.9641,44.94,,,同花顺iFinD(海口海关)
离岛免税销售,离岛免税购物人次(当月值),S004552711,万人次,月,2019-03-31T00:00:00Z,33.8808,21.6,,,同花顺iFinD(海口海关)
离岛免税销售,离岛免税购物人次(当月值),S004552711,万人次,月,2019-04-30T00:00:00Z,26.0674,18.52,,,同花顺iFinD(海口海关)
离岛免税销售,离岛免税购物人次(当月值),S004552711,万人次,月,2019-05-31T00:00:00Z,25.7147,24.31,,,同花顺iFinD(海口海关)
离岛免税销售,离岛免税购物人次(当月值),S004552711,万人次,月,2019-06-30T00:00:00Z,24.112,27.72,,,同花顺iFinD(海口海关)
离岛免税销售,离岛免税购物人次(当月值),S004552711,万人次,月,2019-07-31T00:00:00Z,24.8928,43.91,,,同花顺iFinD(海口海关)
离岛免税销售,离岛免税购物人次(当月值),S004552711,万人次,月,2019-08-31T00:00:00Z,28.8628,30.25,,,同花顺iFinD(海口海关)
离岛免税销售,离岛免税购物人次(当月值),S004552711,万人次,月,2019-09-30T00:00:00Z,25.9097,30.56,,,同花顺iFinD(海口海关)
离岛免税销售,离岛免税购物人次(当月值),S004552711,万人次,月,2019-10-31T00:00:00Z,32.5589,43.77,,,同花顺iFinD(海口海关)
离岛免税销售,离岛免税购物人次(当月值),S004552711,万人次,月,2019-11-30T00:00:00Z,35.8482,62.06,,,同花顺iFinD(海口海关)
离岛免税销售,离岛免税购物人次(当月值),S004552711,万人次,月,2019-12-31T00:00:00Z,39.7959,46.09,,,同花顺iFinD(海口海关)
离岛免税销售,离岛免税购物人次(当月值),S004552711,万人次,月,2020-01-31T00:00:00Z,39.4879,29.12,,,同花顺iFinD(海口海关)
离岛免税销售,离岛免税购物人次(当月值),S004552711,万人次,月,2020-02-29T00:00:00Z,8.4791,-82.32,,,同花顺iFinD(海口海关)
离岛免税销售,离岛免税购物人次(当月值),S004552711,万人次,月,2020-03-31T00:00:00Z,16.5594,-51.12,,,同花顺iFinD(海口海关)
离岛免税销售,离岛免税购物人次(当月值),S004552711,万人次,月,2020-04-30T00:00:00Z,22.5513,-13.49,,,同花顺iFinD(海口海关)
离岛免税销售,离岛免税购物人次(当月值),S004552711,万人次,月,2020-05-31T00:00:00Z,29.4388,14.48,,,同花顺iFinD(海口海关)
离岛免税销售,离岛免税购物人次(当月值),S004552711,万人次,月,2020-06-30T00:00:00Z,32.5568,35.02,,,同花顺iFinD(海口海关)
离岛免税销售,离岛免税购物人次(当月值),S004552711,万人次,月,2020-07-31T00:00:00Z,38.3707,54.14,,,同花顺iFinD(海口海关)
离岛免税销售,离岛免税购物人次(当月值),S004552711,万人次,月,2020-08-31T00:00:00Z,44.8267,55.31,,,同花顺iFinD(海口海关)
离岛免税销售,离岛免税购物人次(当月值),S004552711,万人次,月,2020-09-30T00:00:00Z,45.8327,76.89,,,同花顺iFinD(海口海关)
离岛免税销售,离岛免税购物人次(当月值),S004552711,万人次,月,2020-10-31T00:00:00Z,49.2298,51.2,,,同花顺iFinD(海口海关)
离岛免税销售,离岛免税购物人次(当月值),S004552711,万人次,月,2020-11-30T00:00:00Z,56.5641,57.79,,,同花顺iFinD(海口海关)
离岛免税销售,离岛免税购物人次(当月值),S004552711,万人次,月,2020-12-31T00:00:00Z,64.4685,62,,,同花顺iFinD(海口海关)
离岛免税销售,离岛免税购物人次(当月值),S004552711,万人次,月,2021-01-31T00:00:00Z,50.9364,28.99,,,同花顺iFinD(海口海关)
离岛免税销售,离岛免税购物人次(当月值),S004552711,万人次,月,2021-02-28T00:00:00Z,52.0898,514.33,,,同花顺iFinD(海口海关)
离岛免税销售,离岛免税购物人次(当月值),S004552711,万人次,月,2021-03-31T00:00:00Z,75.5788,356.41,,,同花顺iFinD(海口海关)
离岛免税销售,离岛免税购物人次(当月值),S004552711,万人次,月,2021-04-30T00:00:00Z,71.631,217.64,,,同花顺iFinD(海口海关)
离岛免税销售,离岛免税购物人次(当月值),S004552711,万人次,月,2021-05-31T00:00:00Z,75.3298,155.89,,,同花顺iFinD(海口海关)
离岛免税销售,离岛免税购物人次(当月值),S004552711,万人次,月,2021-06-30T00:00:00Z,56.7637,74.35,,,同花顺iFinD(海口海关)
离岛免税销售,离岛免税购物人次(当月值),S004552711,万人次,月,2021-07-31T00:00:00Z,61.4664,60.19,,,同花顺iFinD(海口海关)
离岛免税销售,离岛免税购物人次(当月值),S004552711,万人次,月,2021-08-31T00:00:00Z,22.3983,-50.03,,,同花顺iFinD(海口海关)
离岛免税销售,离岛免税购物人次(当月值),S004552711,万人次,月,2021-09-30T00:00:00Z,46.8603,2.24,,,同花顺iFinD(海口海关)
离岛免税销售,离岛免税购物人次(当月值),S004552711,万人次,月,2021-10-31T00:00:00Z,60.4188,22.73,,,同花顺iFinD(海口海关)
离岛免税销售,离岛免税购物人次(当月值),S004552711,万人次,月,2021-11-30T00:00:00Z,41.9224,-25.89,,,同花顺iFinD(海口海关)
离岛免税销售,离岛免税购物人次(当月值),S004552711,万人次,月,2021-12-31T00:00:00Z,56.0625,-13.04,,,同花顺iFinD(海口海关)
离岛免税销售,离岛免税购物人次(当月值),S004552711,万人次,月,2022-01-31T00:00:00Z,63.9462,25.54,,,同花顺iFinD(海口海关)
离岛免税销售,离岛免税购物人次(当月值),S004552711,万人次,月,2022-02-28T00:00:00Z,75.6199,45.17,,,同花顺iFinD(海口海关)
离岛免税销售,离岛免税购物人次(当月值),S004552711,万人次,月,2022-03-31T00:00:00Z,36.2088,-52.09,,,同花顺iFinD(海口海关)
离岛免税销售,离岛免税购物人次(当月值),S004552711,万人次,月,2022-04-30T00:00:00Z,14.083,-80.34,,,同花顺iFinD(海口海关)
离岛免税销售,离岛免税购物人次(当月值),S004552711,万人次,月,2022-05-31T00:00:00Z,25.9264,-65.58,,,同花顺iFinD(海口海关)
离岛免税销售,离岛免税购物人次(当月值),S004552711,万人次,月,2022-06-30T00:00:00Z,40.9957,-27.78,,,同花顺iFinD(海口海关)
离岛免税销售,离岛免税购物人次(当月值),S004552711,万人次,月,2022-07-31T00:00:00Z,47.5337,-22.67,,,同花顺iFinD(海口海关)
离岛免税销售,离岛免税购物人次(当月值),S004552711,万人次,月,2022-08-31T00:00:00Z,15.0438,-32.84,,,同花顺iFinD(海口海关)
离岛免税销售,离岛免税购物人次(当月值),S004552711,万人次,月,2022-09-30T00:00:00Z,16.578,-64.62,,,同花顺iFinD(海口海关)
离岛免税销售,离岛免税购物人次(当月值),S004552711,万人次,月,2022-10-31T00:00:00Z,24.9219,-58.75,,,同花顺iFinD(海口海关)
离岛免税销售,离岛免税购物人次(当月值),S004552711,万人次,月,2022-11-30T00:00:00Z,29.1774,-30.4,,,同花顺iFinD(海口海关)
离岛免税销售,离岛免税购物人次(当月值),S004552711,万人次,月,2022-12-31T00:00:00Z,32.3803,-42.24,,,同花顺iFinD(海口海关)
离岛免税销售,离岛免税购物人次(当月值),S004552711,万人次,月,2023-01-31T00:00:00Z,78.2722,22.4,,,同花顺iFinD(海口海关)
离岛免税销售,离岛免税购物人次(当月值),S004552711,万人次,月,2023-02-28T00:00:00Z,79.9481,5.72,,,同花顺iFinD(海口海关)
离岛免税销售,离岛免税购物人次(当月值),S004552711,万人次,月,2023-03-31T00:00:00Z,65.3789,80.56,,,同花顺iFinD(海口海关)
离岛免税销售,离岛免税购物人次(当月值),S004552711,万人次,月,2023-04-30T00:00:00Z,59.2725,320.88,,,同花顺iFinD(海口海关)
离岛免税销售,离岛免税购物人次(当月值),S004552711,万人次,月,2023-05-31T00:00:00Z,49.866,92.34,,,同花顺iFinD(海口海关)
离岛免税销售,离岛免税购物人次(当月值),S004552711,万人次,月,2023-06-30T00:00:00Z,40.6058,-0.95,,,同花顺iFinD(海口海关)
离岛免税销售,离岛免税购物人次(当月值),S004552711,万人次,月,2023-07-31T00:00:00Z,46.5983,-1.97,,,同花顺iFinD(海口海关)
离岛免税销售,离岛免税购物人次(当月值),S004552711,万人次,月,2023-08-31T00:00:00Z,54.6636,263.36,,,同花顺iFinD(海口海关)
离岛免税销售,离岛免税购物人次(当月值),S004552711,万人次,月,2023-09-30T00:00:00Z,50.4318,204.21,,,同花顺iFinD(海口海关)
离岛免税销售,离岛免税购物人次(当月值),S004552711,万人次,月,2023-10-31T00:00:00Z,54.2271,117.59,,,同花顺iFinD(海口海关)
离岛免税销售,离岛免税购物人次(当月值),S004552711,万人次,月,2023-11-30T00:00:00Z,43.4225,48.82,,,同花顺iFinD(海口海关)
离岛免税销售,离岛免税购物人次(当月值),S004552711,万人次,月,2023-12-31T00:00:00Z,52.9136,63.41,,,同花顺iFinD(海口海关)
离岛免税销售,离岛免税购物人次(当月值),S004552711,万人次,月,2024-01-31T00:00:00Z,61.8706,-20.95,,,同花顺iFinD(海口海关)
离岛免税销售,离岛免税购物人次(当月值),S004552711,万人次,月,2024-02-29T00:00:00Z,91.6334,14.62,,,同花顺iFinD(海口海关)
离岛免税销售,离岛免税购物人次(当月值),S004552711,万人次,月,2024-03-31T00:00:00Z,59.8139,-8.51,,,同花顺iFinD(海口海关)
离岛免税销售,离岛免税购物人次(当月值),S004552711,万人次,月,2024-04-30T00:00:00Z,45.2028,-23.74,,,同花顺iFinD(海口海关)
离岛免税销售,离岛免税购物人次(当月值),S004552711,万人次,月,2024-05-31T00:00:00Z,41.8776,-16.02,,,同花顺iFinD(海口海关)
离岛免税销售,离岛免税购物人次(当月值),S004552711,万人次,月,2024-06-30T00:00:00Z,35.7,-12.08,,,同花顺iFinD(海口海关)
离岛免税销售,离岛免税购物人次(当月值),S004552711,万人次,月,2024-07-31T00:00:00Z,36.9727,-20.66,,,同花顺iFinD(海口海关)
离岛免税销售,离岛免税购物人次(当月值),S004552711,万人次,月,2024-08-31T00:00:00Z,43.3046,-20.78,,,同花顺iFinD(海口海关)
离岛免税销售,离岛免税购物人次(当月值),S004552711,万人次,月,2024-09-30T00:00:00Z,30.2,-40.12,,,同花顺iFinD(海口海关)
离岛免税销售,离岛免税购物人次(当月值),S004552711,万人次,月,2024-10-31T00:00:00Z,38.7452,-28.55,,,同花顺iFinD(海口海关)
离岛免税销售,离岛免税购物人次(当月值),S004552711,万人次,月,2024-11-30T00:00:00Z,36.4833,-15.98,,,同花顺iFinD(海口海关)
离岛免税销售,离岛免税购物人次(当月值),S004552711,万人次,月,2024-12-31T00:00:00Z,46.4183,-12.28,,,同花顺iFinD(海口海关)
离岛免税销售,离岛免税购物人次(当月值),S004552711,万人次,月,2025-01-31T00:00:00Z,46.2541,-25.24,,,同花顺iFinD(海口海关)
离岛免税销售,离岛免税购物人次(当月值),S004552711,万人次,月,2025-02-28T00:00:00Z,63.463,-30.74,,,同花顺iFinD(海口海关)
离岛免税销售,离岛免税购物人次(当月值),S004552711,万人次,月,2025-03-31T00:00:00Z,44.2585,-26.01,,,同花顺iFinD(海口海关)
离岛免税销售,离岛免税购物人次(当月值),S004552711,万人次,月,2025-04-30T00:00:00Z,34.8047,-23,,,同花顺iFinD(海口海关)
离岛免税销售,离岛免税购物人次(当月值),S004552711,万人次,月,2025-05-31T00:00:00Z,33.0902,-20.98,,,同花顺iFinD(海口海关)
离岛免税销售,离岛免税购物人次(当月值),S004552711,万人次,月,2025-06-30T00:00:00Z,26.2964,-26.34,,,同花顺iFinD(海口海关)
离岛免税销售,离岛免税购物人次(当月值),S004552711,万人次,月,2025-07-31T00:00:00Z,29.7396,-19.56,,,同花顺iFinD(海口海关)
离岛免税销售,离岛免税购物人次(当月值),S004552711,万人次,月,2025-08-31T00:00:00Z,36.94,-14.7,,,同花顺iFinD(海口海关)
离岛免税销售,离岛免税购物人次(当月值),S004552711,万人次,月,2025-09-30T00:00:00Z,28.0438,-7.14,,,同花顺iFinD(海口海关)
离岛免税销售,离岛免税购物人次(当月值),S004552711,万人次,月,2025-10-31T00:00:00Z,33.5874,-13.31,,,同花顺iFinD(海口海关)
离岛免税销售,离岛免税购物人次(当月值),S004552711,万人次,月,2025-11-30T00:00:00Z,32.9238,-9.76,,,同花顺iFinD(海口海关)
离岛免税销售,离岛免税购物人次(当月值),S004552711,万人次,月,2025-12-31T00:00:00Z,44.8206,-3.44,,,同花顺iFinD(海口海关)
离岛免税销售,离岛免税购物人次(当月值),S004552711,万人次,月,2026-01-31T00:00:00Z,55.973,21.01,,,同花顺iFinD(海口海关)
离岛免税销售,离岛免税购物人次(当月值),S004552711,万人次,月,2026-02-28T00:00:00Z,71.9237,13.33,,,同花顺iFinD(海口海关)
离岛免税销售,离岛免税购物人次(当月值),S004552711,万人次,月,2026-03-31T00:00:00Z,53.7362,21.41,,,同花顺iFinD(海口海关)
离岛免税销售,离岛免税购物人次(当月值),S004552711,万人次,月,2026-04-30T00:00:00Z,38.0272,9.26,,,同花顺iFinD(海口海关)
离岛免税销售,离岛免税购物人次(当月值),S004552711,万人次,月,2026-05-31T00:00:00Z,32.5063,-1.76,,,同花顺iFinD(海口海关)
离岛免税销售,离岛免税购物人次(当月值),S004552711,万人次,月,2026-06-30T00:00:00Z,26.7826,1.85,,,同花顺iFinD(海口海关)
离岛免税销售,离岛免税购物人次(当月值),S004552711,万人次,月,2026-07-31T00:00:00Z,31.7601,6.79,,,同花顺iFinD(海口海关)
离岛免税销售,离岛免税客单价(当月值),,元,月,2011-04-30T00:00:00Z,2162.52,,,,同花顺iFinD(海口海关)
离岛免税销售,离岛免税客单价(当月值),,元,月,2011-05-31T00:00:00Z,2050.67,,,,同花顺iFinD(海口海关)
离岛免税销售,离岛免税客单价(当月值),,元,月,2011-06-30T00:00:00Z,1820.67,,,,同花顺iFinD(海口海关)
离岛免税销售,离岛免税客单价(当月值),,元,月,2011-07-31T00:00:00Z,1903.04,,,,同花顺iFinD(海口海关)
离岛免税销售,离岛免税客单价(当月值),,元,月,2011-08-31T00:00:00Z,2078.02,,,,同花顺iFinD(海口海关)
离岛免税销售,离岛免税客单价(当月值),,元,月,2011-09-30T00:00:00Z,1977.6,,,,同花顺iFinD(海口海关)
离岛免税销售,离岛免税客单价(当月值),,元,月,2011-10-31T00:00:00Z,1979.61,,,,同花顺iFinD(海口海关)
离岛免税销售,离岛免税客单价(当月值),,元,月,2011-11-30T00:00:00Z,2037.52,,,,同花顺iFinD(海口海关)
离岛免税销售,离岛免税客单价(当月值),,元,月,2011-12-31T00:00:00Z,1999.18,,,,同花顺iFinD(海口海关)
离岛免税销售,离岛免税客单价(当月值),,元,月,2012-01-31T00:00:00Z,2034.08,,,,同花顺iFinD(海口海关)
离岛免税销售,离岛免税客单价(当月值),,元,月,2012-02-29T00:00:00Z,2114.25,,,,同花顺iFinD(海口海关)
离岛免税销售,离岛免税客单价(当月值),,元,月,2012-03-31T00:00:00Z,1838.16,,,,同花顺iFinD(海口海关)
离岛免税销售,离岛免税客单价(当月值),,元,月,2012-04-30T00:00:00Z,1933.18,-10.61,,,同花顺iFinD(海口海关)
离岛免税销售,离岛免税客单价(当月值),,元,月,2012-05-31T00:00:00Z,2033.68,-0.83,,,同花顺iFinD(海口海关)
离岛免税销售,离岛免税客单价(当月值),,元,月,2012-06-30T00:00:00Z,2168.87,19.12,,,同花顺iFinD(海口海关)
离岛免税销售,离岛免税客单价(当月值),,元,月,2012-07-31T00:00:00Z,2219.09,16.61,,,同花顺iFinD(海口海关)
离岛免税销售,离岛免税客单价(当月值),,元,月,2012-08-31T00:00:00Z,2412.65,16.1,,,同花顺iFinD(海口海关)
离岛免税销售,离岛免税客单价(当月值),,元,月,2012-09-30T00:00:00Z,2246.17,13.58,,,同花顺iFinD(海口海关)
离岛免税销售,离岛免税客单价(当月值),,元,月,2012-10-31T00:00:00Z,2415.41,22.01,,,同花顺iFinD(海口海关)
离岛免税销售,离岛免税客单价(当月值),,元,月,2012-11-30T00:00:00Z,2698.82,32.46,,,同花顺iFinD(海口海关)
离岛免税销售,离岛免税客单价(当月值),,元,月,2012-12-31T00:00:00Z,2753.77,37.74,,,同花顺iFinD(海口海关)
离岛免税销售,离岛免税客单价(当月值),,元,月,2013-01-31T00:00:00Z,3050.85,49.99,,,同花顺iFinD(海口海关)
离岛免税销售,离岛免税客单价(当月值),,元,月,2013-02-28T00:00:00Z,3618.29,71.14,,,同花顺iFinD(海口海关)
离岛免税销售,离岛免税客单价(当月值),,元,月,2013-03-31T00:00:00Z,2868.6,56.06,,,同花顺iFinD(海口海关)
离岛免税销售,离岛免税客单价(当月值),,元,月,2013-04-30T00:00:00Z,2734.02,41.43,,,同花顺iFinD(海口海关)
离岛免税销售,离岛免税客单价(当月值),,元,月,2013-05-31T00:00:00Z,2643.11,29.97,,,同花顺iFinD(海口海关)
离岛免税销售,离岛免税客单价(当月值),,元,月,2013-06-30T00:00:00Z,2532.64,16.77,,,同花顺iFinD(海口海关)
离岛免税销售,离岛免税客单价(当月值),,元,月,2013-07-31T00:00:00Z,2605.02,17.39,,,同花顺iFinD(海口海关)
离岛免税销售,离岛免税客单价(当月值),,元,月,2013-08-31T00:00:00Z,2833,17.42,,,同花顺iFinD(海口海关)
离岛免税销售,离岛免税客单价(当月值),,元,月,2013-09-30T00:00:00Z,2860.76,27.36,,,同花顺iFinD(海口海关)
离岛免税销售,离岛免税客单价(当月值),,元,月,2013-10-31T00:00:00Z,2957.69,22.45,,,同花顺iFinD(海口海关)
离岛免税销售,离岛免税客单价(当月值),,元,月,2013-11-30T00:00:00Z,2960.14,9.68,,,同花顺iFinD(海口海关)
离岛免税销售,离岛免税客单价(当月值),,元,月,2013-12-31T00:00:00Z,3021.14,9.71,,,同花顺iFinD(海口海关)
离岛免税销售,离岛免税客单价(当月值),,元,月,2014-01-31T00:00:00Z,3143.57,3.04,,,同花顺iFinD(海口海关)
离岛免税销售,离岛免税客单价(当月值),,元,月,2014-02-28T00:00:00Z,3661,1.18,,,同花顺iFinD(海口海关)
离岛免税销售,离岛免税客单价(当月值),,元,月,2014-03-31T00:00:00Z,2849.87,-0.65,,,同花顺iFinD(海口海关)
离岛免税销售,离岛免税客单价(当月值),,元,月,2014-04-30T00:00:00Z,2732.97,-0.04,,,同花顺iFinD(海口海关)
离岛免税销售,离岛免税客单价(当月值),,元,月,2014-05-31T00:00:00Z,2678.93,1.36,,,同花顺iFinD(海口海关)
离岛免税销售,离岛免税客单价(当月值),,元,月,2014-06-30T00:00:00Z,2539.59,0.27,,,同花顺iFinD(海口海关)
离岛免税销售,离岛免税客单价(当月值),,元,月,2014-07-31T00:00:00Z,2641.22,1.39,,,同花顺iFinD(海口海关)
离岛免税销售,离岛免税客单价(当月值),,元,月,2014-08-31T00:00:00Z,2717.98,-4.06,,,同花顺iFinD(海口海关)
离岛免税销售,离岛免税客单价(当月值),,元,月,2014-09-30T00:00:00Z,3854.94,34.75,,,同花顺iFinD(海口海关)
离岛免税销售,离岛免税客单价(当月值),,元,月,2014-10-31T00:00:00Z,3217.66,8.79,,,同花顺iFinD(海口海关)
离岛免税销售,离岛免税客单价(当月值),,元,月,2014-11-30T00:00:00Z,3124.16,5.54,,,同花顺iFinD(海口海关)
离岛免税销售,离岛免税客单价(当月值),,元,月,2014-12-31T00:00:00Z,3307.2,9.47,,,同花顺iFinD(海口海关)
离岛免税销售,离岛免税客单价(当月值),,元,月,2015-01-31T00:00:00Z,3412.38,8.55,,,同花顺iFinD(海口海关)
离岛免税销售,离岛免税客单价(当月值),,元,月,2015-02-28T00:00:00Z,3715.82,1.5,,,同花顺iFinD(海口海关)
离岛免税销售,离岛免税客单价(当月值),,元,月,2015-03-31T00:00:00Z,3513.43,23.28,,,同花顺iFinD(海口海关)
离岛免税销售,离岛免税客单价(当月值),,元,月,2015-04-30T00:00:00Z,3169.9,15.99,,,同花顺iFinD(海口海关)
离岛免税销售,离岛免税客单价(当月值),,元,月,2015-05-31T00:00:00Z,3087.19,15.24,,,同花顺iFinD(海口海关)
离岛免税销售,离岛免税客单价(当月值),,元,月,2015-06-30T00:00:00Z,2980.53,17.36,,,同花顺iFinD(海口海关)
离岛免税销售,离岛免税客单价(当月值),,元,月,2015-07-31T00:00:00Z,3026.65,14.59,,,同花顺iFinD(海口海关)
离岛免税销售,离岛免税客单价(当月值),,元,月,2015-08-31T00:00:00Z,3416.13,25.69,,,同花顺iFinD(海口海关)
离岛免税销售,离岛免税客单价(当月值),,元,月,2015-09-30T00:00:00Z,3296.01,-14.5,,,同花顺iFinD(海口海关)
离岛免税销售,离岛免税客单价(当月值),,元,月,2015-10-31T00:00:00Z,3463.4,7.64,,,同花顺iFinD(海口海关)
离岛免税销售,离岛免税客单价(当月值),,元,月,2015-11-30T00:00:00Z,3361.51,7.6,,,同花顺iFinD(海口海关)
离岛免税销售,离岛免税客单价(当月值),,元,月,2015-12-31T00:00:00Z,3476.55,5.12,,,同花顺iFinD(海口海关)
离岛免税销售,离岛免税客单价(当月值),,元,月,2016-01-31T00:00:00Z,3641.58,6.72,,,同花顺iFinD(海口海关)
离岛免税销售,离岛免税客单价(当月值),,元,月,2016-02-29T00:00:00Z,4431.9,19.27,,,同花顺iFinD(海口海关)
离岛免税销售,离岛免税客单价(当月值),,元,月,2016-03-31T00:00:00Z,3573.86,1.72,,,同花顺iFinD(海口海关)
离岛免税销售,离岛免税客单价(当月值),,元,月,2016-04-30T00:00:00Z,2981.63,-5.94,,,同花顺iFinD(海口海关)
离岛免税销售,离岛免税客单价(当月值),,元,月,2016-05-31T00:00:00Z,3093.77,0.21,,,同花顺iFinD(海口海关)
离岛免税销售,离岛免税客单价(当月值),,元,月,2016-06-30T00:00:00Z,3129.36,4.99,,,同花顺iFinD(海口海关)
离岛免税销售,离岛免税客单价(当月值),,元,月,2016-07-31T00:00:00Z,3135.56,3.6,,,同花顺iFinD(海口海关)
离岛免税销售,离岛免税客单价(当月值),,元,月,2016-08-31T00:00:00Z,3262.57,-4.5,,,同花顺iFinD(海口海关)
离岛免税销售,离岛免税客单价(当月值),,元,月,2016-09-30T00:00:00Z,3040.59,-7.75,,,同花顺iFinD(海口海关)
离岛免税销售,离岛免税客单价(当月值),,元,月,2016-10-31T00:00:00Z,3342.49,-3.49,,,同花顺iFinD(海口海关)
离岛免税销售,离岛免税客单价(当月值),,元,月,2016-11-30T00:00:00Z,3416.72,1.64,,,同花顺iFinD(海口海关)
离岛免税销售,离岛免税客单价(当月值),,元,月,2016-12-31T00:00:00Z,3746.21,7.76,,,同花顺iFinD(海口海关)
离岛免税销售,离岛免税客单价(当月值),,元,月,2017-01-31T00:00:00Z,3677.62,0.99,,,同花顺iFinD(海口海关)
离岛免税销售,离岛免税客单价(当月值),,元,月,2017-02-28T00:00:00Z,4309.05,-2.77,,,同花顺iFinD(海口海关)
离岛免税销售,离岛免税客单价(当月值),,元,月,2017-03-31T00:00:00Z,3422.01,-4.25,,,同花顺iFinD(海口海关)
离岛免税销售,离岛免税客单价(当月值),,元,月,2017-04-30T00:00:00Z,3172.71,6.41,,,同花顺iFinD(海口海关)
离岛免税销售,离岛免税客单价(当月值),,元,月,2017-05-31T00:00:00Z,3047.83,-1.48,,,同花顺iFinD(海口海关)
离岛免税销售,离岛免税客单价(当月值),,元,月,2017-06-30T00:00:00Z,2934.73,-6.22,,,同花顺iFinD(海口海关)
离岛免税销售,离岛免税客单价(当月值),,元,月,2017-07-31T00:00:00Z,3045.38,-2.88,,,同花顺iFinD(海口海关)
离岛免税销售,离岛免税客单价(当月值),,元,月,2017-08-31T00:00:00Z,3242.17,-0.63,,,同花顺iFinD(海口海关)
离岛免税销售,离岛免税客单价(当月值),,元,月,2017-09-30T00:00:00Z,3107.79,2.21,,,同花顺iFinD(海口海关)
离岛免税销售,离岛免税客单价(当月值),,元,月,2017-10-31T00:00:00Z,3375.05,0.97,,,同花顺iFinD(海口海关)
离岛免税销售,离岛免税客单价(当月值),,元,月,2017-11-30T00:00:00Z,3392.2,-0.72,,,同花顺iFinD(海口海关)
离岛免税销售,离岛免税客单价(当月值),,元,月,2017-12-31T00:00:00Z,3625.36,-3.23,,,同花顺iFinD(海口海关)
离岛免税销售,离岛免税客单价(当月值),,元,月,2018-01-31T00:00:00Z,3668.13,-0.26,,,同花顺iFinD(海口海关)
离岛免税销售,离岛免税客单价(当月值),,元,月,2018-02-28T00:00:00Z,4266.77,-0.98,,,同花顺iFinD(海口海关)
离岛免税销售,离岛免税客单价(当月值),,元,月,2018-03-31T00:00:00Z,3669.76,7.24,,,同花顺iFinD(海口海关)
离岛免税销售,离岛免税客单价(当月值),,元,月,2018-04-30T00:00:00Z,3273.04,3.16,,,同花顺iFinD(海口海关)
离岛免税销售,离岛免税客单价(当月值),,元,月,2018-05-31T00:00:00Z,3186.34,4.54,,,同花顺iFinD(海口海关)
离岛免税销售,离岛免税客单价(当月值),,元,月,2018-06-30T00:00:00Z,2982.08,1.61,,,同花顺iFinD(海口海关)
离岛免税销售,离岛免税客单价(当月值),,元,月,2018-07-31T00:00:00Z,3295.7,8.22,,,同花顺iFinD(海口海关)
离岛免税销售,离岛免税客单价(当月值),,元,月,2018-08-31T00:00:00Z,3381.55,4.3,,,同花顺iFinD(海口海关)
离岛免税销售,离岛免税客单价(当月值),,元,月,2018-09-30T00:00:00Z,3117.73,0.32,,,同花顺iFinD(海口海关)
离岛免税销售,离岛免税客单价(当月值),,元,月,2018-10-31T00:00:00Z,3335.7,-1.17,,,同花顺iFinD(海口海关)
离岛免税销售,离岛免税客单价(当月值),,元,月,2018-11-30T00:00:00Z,3416.55,0.72,,,同花顺iFinD(海口海关)
离岛免税销售,离岛免税客单价(当月值),,元,月,2018-12-31T00:00:00Z,3717.72,2.55,,,同花顺iFinD(海口海关)
离岛免税销售,离岛免税客单价(当月值),,元,月,2019-01-31T00:00:00Z,3651.74,-0.45,,,同花顺iFinD(海口海关)
离岛免税销售,离岛免税客单价(当月值),,元,月,2019-02-28T00:00:00Z,4213.45,-1.25,,,同花顺iFinD(海口海关)
离岛免税销售,离岛免税客单价(当月值),,元,月,2019-03-31T00:00:00Z,3352.71,-8.64,,,同花顺iFinD(海口海关)
离岛免税销售,离岛免税客单价(当月值),,元,月,2019-04-30T00:00:00Z,3217.41,-1.7,,,同花顺iFinD(海口海关)
离岛免税销售,离岛免税客单价(当月值),,元,月,2019-05-31T00:00:00Z,3176.53,-0.31,,,同花顺iFinD(海口海关)
离岛免税销售,离岛免税客单价(当月值),,元,月,2019-06-30T00:00:00Z,2937.08,-1.51,,,同花顺iFinD(海口海关)
离岛免税销售,离岛免税客单价(当月值),,元,月,2019-07-31T00:00:00Z,3047.53,-7.53,,,同花顺iFinD(海口海关)
离岛免税销售,离岛免税客单价(当月值),,元,月,2019-08-31T00:00:00Z,3380.13,-0.04,,,同花顺iFinD(海口海关)
离岛免税销售,离岛免税客单价(当月值),,元,月,2019-09-30T00:00:00Z,3447.56,10.58,,,同花顺iFinD(海口海关)
离岛免税销售,离岛免税客单价(当月值),,元,月,2019-10-31T00:00:00Z,3676.73,10.22,,,同花顺iFinD(海口海关)
离岛免税销售,离岛免税客单价(当月值),,元,月,2019-11-30T00:00:00Z,3694.74,8.14,,,同花顺iFinD(海口海关)
离岛免税销售,离岛免税客单价(当月值),,元,月,2019-12-31T00:00:00Z,4286.34,15.29,,,同花顺iFinD(海口海关)
离岛免税销售,离岛免税客单价(当月值),,元,月,2020-01-31T00:00:00Z,3930.76,7.64,,,同花顺iFinD(海口海关)
离岛免税销售,离岛免税客单价(当月值),,元,月,2020-02-29T00:00:00Z,5083.22,20.64,,,同花顺iFinD(海口海关)
离岛免税销售,离岛免税客单价(当月值),,元,月,2020-03-31T00:00:00Z,6008.31,79.21,,,同花顺iFinD(海口海关)
离岛免税销售,离岛免税客单价(当月值),,元,月,2020-04-30T00:00:00Z,6123.57,90.33,,,同花顺iFinD(海口海关)
离岛免税销售,离岛免税客单价(当月值),,元,月,2020-05-31T00:00:00Z,5024.5,58.18,,,同花顺iFinD(海口海关)
离岛免税销售,离岛免税客单价(当月值),,元,月,2020-06-30T00:00:00Z,5084.95,73.13,,,同花顺iFinD(海口海关)
离岛免税销售,离岛免税客单价(当月值),,元,月,2020-07-31T00:00:00Z,6482.58,112.72,,,同花顺iFinD(海口海关)
离岛免税销售,离岛免税客单价(当月值),,元,月,2020-08-31T00:00:00Z,6904.34,104.26,,,同花顺iFinD(海口海关)
离岛免税销售,离岛免税客单价(当月值),,元,月,2020-09-30T00:00:00Z,6596.51,91.34,,,同花顺iFinD(海口海关)
离岛免税销售,离岛免税客单价(当月值),,元,月,2020-10-31T00:00:00Z,6921.01,88.24,,,同花顺iFinD(海口海关)
离岛免税销售,离岛免税客单价(当月值),,元,月,2020-11-30T00:00:00Z,6567.54,77.75,,,同花顺iFinD(海口海关)
离岛免税销售,离岛免税客单价(当月值),,元,月,2020-12-31T00:00:00Z,6604.26,54.08,,,同花顺iFinD(海口海关)
离岛免税销售,离岛免税客单价(当月值),,元,月,2021-01-31T00:00:00Z,7422.39,88.83,,,同花顺iFinD(海口海关)
离岛免税销售,离岛免税客单价(当月值),,元,月,2021-02-28T00:00:00Z,8722.19,71.59,,,同花顺iFinD(海口海关)
离岛免税销售,离岛免税客单价(当月值),,元,月,2021-03-31T00:00:00Z,6942.5,15.55,,,同花顺iFinD(海口海关)
离岛免税销售,离岛免税客单价(当月值),,元,月,2021-04-30T00:00:00Z,6524.63,6.55,,,同花顺iFinD(海口海关)
离岛免税销售,离岛免税客单价(当月值),,元,月,2021-05-31T00:00:00Z,6614.31,31.64,,,同花顺iFinD(海口海关)
离岛免税销售,离岛免税客单价(当月值),,元,月,2021-06-30T00:00:00Z,6235.71,22.63,,,同花顺iFinD(海口海关)
离岛免税销售,离岛免税客单价(当月值),,元,月,2021-07-31T00:00:00Z,5957.73,-8.1,,,同花顺iFinD(海口海关)
离岛免税销售,离岛免税客单价(当月值),,元,月,2021-08-31T00:00:00Z,7584.59,9.85,,,同花顺iFinD(海口海关)
离岛免税销售,离岛免税客单价(当月值),,元,月,2021-09-30T00:00:00Z,7291.12,10.53,,,同花顺iFinD(海口海关)
离岛免税销售,离岛免税客单价(当月值),,元,月,2021-10-31T00:00:00Z,8243.3,19.11,,,同花顺iFinD(海口海关)
离岛免税销售,离岛免税客单价(当月值),,元,月,2021-11-30T00:00:00Z,8834.97,34.52,,,同花顺iFinD(海口海关)
离岛免税销售,离岛免税客单价(当月值),,元,月,2021-12-31T00:00:00Z,9348.28,41.55,,,同花顺iFinD(海口海关)
离岛免税销售,离岛免税客单价(当月值),,元,月,2022-01-31T00:00:00Z,8141.25,9.69,,,同花顺iFinD(海口海关)
离岛免税销售,离岛免税客单价(当月值),,元,月,2022-02-28T00:00:00Z,9079.09,4.09,,,同花顺iFinD(海口海关)
离岛免税销售,离岛免税客单价(当月值),,元,月,2022-03-31T00:00:00Z,7301.87,5.18,,,同花顺iFinD(海口海关)
离岛免税销售,离岛免税客单价(当月值),,元,月,2022-04-30T00:00:00Z,7514.45,15.17,,,同花顺iFinD(海口海关)
离岛免税销售,离岛免税客单价(当月值),,元,月,2022-05-31T00:00:00Z,8617.59,30.29,,,同花顺iFinD(海口海关)
离岛免税销售,离岛免税客单价(当月值),,元,月,2022-06-30T00:00:00Z,7685.76,23.25,,,同花顺iFinD(海口海关)
离岛免税销售,离岛免税客单价(当月值),,元,月,2022-07-31T00:00:00Z,8374.9,40.57,,,同花顺iFinD(海口海关)
离岛免税销售,离岛免税客单价(当月值),,元,月,2022-08-31T00:00:00Z,6411.74,-15.46,,,同花顺iFinD(海口海关)
离岛免税销售,离岛免税客单价(当月值),,元,月,2022-09-30T00:00:00Z,6372.66,-12.6,,,同花顺iFinD(海口海关)
离岛免税销售,离岛免税客单价(当月值),,元,月,2022-10-31T00:00:00Z,9257.2,12.3,,,同花顺iFinD(海口海关)
离岛免税销售,离岛免税客单价(当月值),,元,月,2022-11-30T00:00:00Z,9521.03,7.77,,,同花顺iFinD(海口海关)
离岛免税销售,离岛免税客单价(当月值),,元,月,2022-12-31T00:00:00Z,8192.67,-12.36,,,同花顺iFinD(海口海关)
离岛免税销售,离岛免税客单价(当月值),,元,月,2023-01-31T00:00:00Z,8150.61,0.11,,,同花顺iFinD(海口海关)
离岛免税销售,离岛免税客单价(当月值),,元,月,2023-02-28T00:00:00Z,7437.93,-18.08,,,同花顺iFinD(海口海关)
离岛免税销售,离岛免税客单价(当月值),,元,月,2023-03-31T00:00:00Z,6949.89,-4.82,,,同花顺iFinD(海口海关)
离岛免税销售,离岛免税客单价(当月值),,元,月,2023-04-30T00:00:00Z,6604.66,-12.11,,,同花顺iFinD(海口海关)
离岛免税销售,离岛免税客单价(当月值),,元,月,2023-05-31T00:00:00Z,6414.29,-25.57,,,同花顺iFinD(海口海关)
离岛免税销售,离岛免税客单价(当月值),,元,月,2023-06-30T00:00:00Z,5680.84,-26.09,,,同花顺iFinD(海口海关)
离岛免税销售,离岛免税客单价(当月值),,元,月,2023-07-31T00:00:00Z,5608.32,-33.03,,,同花顺iFinD(海口海关)
离岛免税销售,离岛免税客单价(当月值),,元,月,2023-08-31T00:00:00Z,6009.48,-6.27,,,同花顺iFinD(海口海关)
离岛免税销售,离岛免税客单价(当月值),,元,月,2023-09-30T00:00:00Z,5393.32,-15.37,,,同花顺iFinD(海口海关)
离岛免税销售,离岛免税客单价(当月值),,元,月,2023-10-31T00:00:00Z,6117.29,-33.92,,,同花顺iFinD(海口海关)
离岛免税销售,离岛免税客单价(当月值),,元,月,2023-11-30T00:00:00Z,5556.11,-41.64,,,同花顺iFinD(海口海关)
离岛免税销售,离岛免税客单价(当月值),,元,月,2023-12-31T00:00:00Z,5852.31,-28.57,,,同花顺iFinD(海口海关)
离岛免税销售,离岛免税客单价(当月值),,元,月,2024-01-31T00:00:00Z,5831.46,-28.45,,,同花顺iFinD(海口海关)
离岛免税销售,离岛免税客单价(当月值),,元,月,2024-02-29T00:00:00Z,6649.66,-10.6,,,同花顺iFinD(海口海关)
离岛免税销售,离岛免税客单价(当月值),,元,月,2024-03-31T00:00:00Z,5119.78,-26.33,,,同花顺iFinD(海口海关)
离岛免税销售,离岛免税客单价(当月值),,元,月,2024-04-30T00:00:00Z,4805.26,-27.24,,,同花顺iFinD(海口海关)
离岛免税销售,离岛免税客单价(当月值),,元,月,2024-05-31T00:00:00Z,4714.45,-26.5,,,同花顺iFinD(海口海关)
离岛免税销售,离岛免税客单价(当月值),,元,月,2024-06-30T00:00:00Z,4332.86,-23.73,,,同花顺iFinD(海口海关)
离岛免税销售,离岛免税客单价(当月值),,元,月,2024-07-31T00:00:00Z,4532.8,-19.18,,,同花顺iFinD(海口海关)
离岛免税销售,离岛免税客单价(当月值),,元,月,2024-08-31T00:00:00Z,5073.39,-15.58,,,同花顺iFinD(海口海关)
离岛免税销售,离岛免税客单价(当月值),,元,月,2024-09-30T00:00:00Z,5550.3,2.91,,,同花顺iFinD(海口海关)
离岛免税销售,离岛免税客单价(当月值),,元,月,2024-10-31T00:00:00Z,5533.28,-9.55,,,同花顺iFinD(海口海关)
离岛免税销售,离岛免税客单价(当月值),,元,月,2024-11-30T00:00:00Z,5130.79,-7.65,,,同花顺iFinD(海口海关)
离岛免税销售,离岛免税客单价(当月值),,元,月,2024-12-31T00:00:00Z,6284.72,7.39,,,同花顺iFinD(海口海关)
离岛免税销售,离岛免税客单价(当月值),,元,月,2025-01-31T00:00:00Z,6763.21,15.98,,,同花顺iFinD(海口海关)
离岛免税销售,离岛免税客单价(当月值),,元,月,2025-02-28T00:00:00Z,8319.41,25.11,,,同花顺iFinD(海口海关)
离岛免税销售,离岛免税客单价(当月值),,元,月,2025-03-31T00:00:00Z,6549.27,27.92,,,同花顺iFinD(海口海关)
离岛免税销售,离岛免税客单价(当月值),,元,月,2025-04-30T00:00:00Z,5813.58,20.98,,,同花顺iFinD(海口海关)
离岛免税销售,离岛免税客单价(当月值),,元,月,2025-05-31T00:00:00Z,5914.83,25.46,,,同花顺iFinD(海口海关)
离岛免税销售,离岛免税客单价(当月值),,元,月,2025-06-30T00:00:00Z,5605.06,29.36,,,同花顺iFinD(海口海关)
离岛免税销售,离岛免税客单价(当月值),,元,月,2025-07-31T00:00:00Z,5260.23,16.05,,,同花顺iFinD(海口海关)
离岛免税销售,离岛免税客单价(当月值),,元,月,2025-08-31T00:00:00Z,5699.35,12.34,,,同花顺iFinD(海口海关)
离岛免税销售,离岛免税客单价(当月值),,元,月,2025-09-30T00:00:00Z,6181.19,11.37,,,同花顺iFinD(海口海关)
离岛免税销售,离岛免税客单价(当月值),,元,月,2025-10-31T00:00:00Z,7220.59,30.49,,,同花顺iFinD(海口海关)
离岛免税销售,离岛免税客单价(当月值),,元,月,2025-11-30T00:00:00Z,7227.2,40.86,,,同花顺iFinD(海口海关)
离岛免税销售,离岛免税客单价(当月值),,元,月,2025-12-31T00:00:00Z,7619.8,21.24,,,同花顺iFinD(海口海关)
离岛免税销售,离岛免税客单价(当月值),,元,月,2026-01-31T00:00:00Z,8090.24,19.62,,,同花顺iFinD(海口海关)
离岛免税销售,离岛免税客单价(当月值),,元,月,2026-02-28T00:00:00Z,8423.12,1.25,,,同花顺iFinD(海口海关)
离岛免税销售,离岛免税客单价(当月值),,元,月,2026-03-31T00:00:00Z,6739.4,2.9,,,同花顺iFinD(海口海关)
离岛免税销售,离岛免税客单价(当月值),,元,月,2026-04-30T00:00:00Z,5827.88,0.25,,,同花顺iFinD(海口海关)
离岛免税销售,离岛免税客单价(当月值),,元,月,2026-05-31T00:00:00Z,6043.23,2.17,,,同花顺iFinD(海口海关)
离岛免税销售,离岛免税客单价(当月值),,元,月,2026-06-30T00:00:00Z,5639.22,0.61,,,同花顺iFinD(海口海关)
离岛免税销售,离岛免税客单价(当月值),,元,月,2026-07-31T00:00:00Z,5291.92,0.6,,,同花顺iFinD(海口海关)
离岛免税销售,离岛免税购物金额(当月值),S004552709,亿元,月,2011-04-30T00:00:00Z,0.1838,,,由iFinD原始口径(万元)折算为亿元,同花顺iFinD(海口海关)
离岛免税销售,离岛免税购物金额(当月值),S004552709,亿元,月,2011-05-31T00:00:00Z,1.0728,,,由iFinD原始口径(万元)折算为亿元,同花顺iFinD(海口海关)
离岛免税销售,离岛免税购物金额(当月值),S004552709,亿元,月,2011-06-30T00:00:00Z,0.8089,,,由iFinD原始口径(万元)折算为亿元,同花顺iFinD(海口海关)
离岛免税销售,离岛免税购物金额(当月值),S004552709,亿元,月,2011-07-31T00:00:00Z,0.8024,,,由iFinD原始口径(万元)折算为亿元,同花顺iFinD(海口海关)
离岛免税销售,离岛免税购物金额(当月值),S004552709,亿元,月,2011-08-31T00:00:00Z,1.0345,,,由iFinD原始口径(万元)折算为亿元,同花顺iFinD(海口海关)
离岛免税销售,离岛免税购物金额(当月值),S004552709,亿元,月,2011-09-30T00:00:00Z,0.8655,,,由iFinD原始口径(万元)折算为亿元,同花顺iFinD(海口海关)
离岛免税销售,离岛免税购物金额(当月值),S004552709,亿元,月,2011-10-31T00:00:00Z,1.2435,,,由iFinD原始口径(万元)折算为亿元,同花顺iFinD(海口海关)
离岛免税销售,离岛免税购物金额(当月值),S004552709,亿元,月,2011-11-30T00:00:00Z,1.6975,,,由iFinD原始口径(万元)折算为亿元,同花顺iFinD(海口海关)
离岛免税销售,离岛免税购物金额(当月值),S004552709,亿元,月,2011-12-31T00:00:00Z,1.9976,,,由iFinD原始口径(万元)折算为亿元,同花顺iFinD(海口海关)
离岛免税销售,离岛免税购物金额(当月值),S004552709,亿元,月,2012-01-31T00:00:00Z,2.2755,,,由iFinD原始口径(万元)折算为亿元,同花顺iFinD(海口海关)
离岛免税销售,离岛免税购物金额(当月值),S004552709,亿元,月,2012-02-29T00:00:00Z,2.8751,,,由iFinD原始口径(万元)折算为亿元,同花顺iFinD(海口海关)
离岛免税销售,离岛免税购物金额(当月值),S004552709,亿元,月,2012-03-31T00:00:00Z,2.1922,,,由iFinD原始口径(万元)折算为亿元,同花顺iFinD(海口海关)
离岛免税销售,离岛免税购物金额(当月值),S004552709,亿元,月,2012-04-30T00:00:00Z,1.6907,819.86,,由iFinD原始口径(万元)折算为亿元,同花顺iFinD(海口海关)
离岛免税销售,离岛免税购物金额(当月值),S004552709,亿元,月,2012-05-31T00:00:00Z,1.639,52.78,,由iFinD原始口径(万元)折算为亿元,同花顺iFinD(海口海关)
离岛免税销售,离岛免税购物金额(当月值),S004552709,亿元,月,2012-06-30T00:00:00Z,1.2119,49.82,,由iFinD原始口径(万元)折算为亿元,同花顺iFinD(海口海关)
离岛免税销售,离岛免税购物金额(当月值),S004552709,亿元,月,2012-07-31T00:00:00Z,1.2649,57.64,,由iFinD原始口径(万元)折算为亿元,同花顺iFinD(海口海关)
离岛免税销售,离岛免税购物金额(当月值),S004552709,亿元,月,2012-08-31T00:00:00Z,1.5325,48.14,,由iFinD原始口径(万元)折算为亿元,同花顺iFinD(海口海关)
离岛免税销售,离岛免税购物金额(当月值),S004552709,亿元,月,2012-09-30T00:00:00Z,1.3232,52.88,,由iFinD原始口径(万元)折算为亿元,同花顺iFinD(海口海关)
离岛免税销售,离岛免税购物金额(当月值),S004552709,亿元,月,2012-10-31T00:00:00Z,2.0814,67.38,,由iFinD原始口径(万元)折算为亿元,同花顺iFinD(海口海关)
离岛免税销售,离岛免税购物金额(当月值),S004552709,亿元,月,2012-11-30T00:00:00Z,2.708,59.53,,由iFinD原始口径(万元)折算为亿元,同花顺iFinD(海口海关)
离岛免税销售,离岛免税购物金额(当月值),S004552709,亿元,月,2012-12-31T00:00:00Z,2.8338,41.86,,由iFinD原始口径(万元)折算为亿元,同花顺iFinD(海口海关)
离岛免税销售,离岛免税购物金额(当月值),S004552709,亿元,月,2013-01-31T00:00:00Z,3.2377,42.29,,由iFinD原始口径(万元)折算为亿元,同花顺iFinD(海口海关)
离岛免税销售,离岛免税购物金额(当月值),S004552709,亿元,月,2013-02-28T00:00:00Z,5.069,76.31,,由iFinD原始口径(万元)折算为亿元,同花顺iFinD(海口海关)
离岛免税销售,离岛免税购物金额(当月值),S004552709,亿元,月,2013-03-31T00:00:00Z,3.3934,54.79,,由iFinD原始口径(万元)折算为亿元,同花顺iFinD(海口海关)
离岛免税销售,离岛免税购物金额(当月值),S004552709,亿元,月,2013-04-30T00:00:00Z,2.386,41.12,,由iFinD原始口径(万元)折算为亿元,同花顺iFinD(海口海关)
离岛免税销售,离岛免税购物金额(当月值),S004552709,亿元,月,2013-05-31T00:00:00Z,2.0645,25.96,,由iFinD原始口径(万元)折算为亿元,同花顺iFinD(海口海关)
离岛免税销售,离岛免税购物金额(当月值),S004552709,亿元,月,2013-06-30T00:00:00Z,1.6771,38.39,,由iFinD原始口径(万元)折算为亿元,同花顺iFinD(海口海关)
离岛免税销售,离岛免税购物金额(当月值),S004552709,亿元,月,2013-07-31T00:00:00Z,1.694,33.92,,由iFinD原始口径(万元)折算为亿元,同花顺iFinD(海口海关)
离岛免税销售,离岛免税购物金额(当月值),S004552709,亿元,月,2013-08-31T00:00:00Z,2.1633,41.16,,由iFinD原始口径(万元)折算为亿元,同花顺iFinD(海口海关)
离岛免税销售,离岛免税购物金额(当月值),S004552709,亿元,月,2013-09-30T00:00:00Z,1.9966,50.89,,由iFinD原始口径(万元)折算为亿元,同花顺iFinD(海口海关)
离岛免税销售,离岛免税购物金额(当月值),S004552709,亿元,月,2013-10-31T00:00:00Z,2.6453,27.09,,由iFinD原始口径(万元)折算为亿元,同花顺iFinD(海口海关)
离岛免税销售,离岛免税购物金额(当月值),S004552709,亿元,月,2013-11-30T00:00:00Z,3.0113,11.2,,由iFinD原始口径(万元)折算为亿元,同花顺iFinD(海口海关)
离岛免税销售,离岛免税购物金额(当月值),S004552709,亿元,月,2013-12-31T00:00:00Z,3.5781,26.27,,由iFinD原始口径(万元)折算为亿元,同花顺iFinD(海口海关)
离岛免税销售,离岛免税购物金额(当月值),S004552709,亿元,月,2014-01-31T00:00:00Z,4.0232,24.26,,由iFinD原始口径(万元)折算为亿元,同花顺iFinD(海口海关)
离岛免税销售,离岛免税购物金额(当月值),S004552709,亿元,月,2014-02-28T00:00:00Z,7.2899,43.81,,由iFinD原始口径(万元)折算为亿元,同花顺iFinD(海口海关)
离岛免税销售,离岛免税购物金额(当月值),S004552709,亿元,月,2014-03-31T00:00:00Z,3.8294,12.85,,由iFinD原始口径(万元)折算为亿元,同花顺iFinD(海口海关)
离岛免税销售,离岛免税购物金额(当月值),S004552709,亿元,月,2014-04-30T00:00:00Z,2.8004,17.37,,由iFinD原始口径(万元)折算为亿元,同花顺iFinD(海口海关)
离岛免税销售,离岛免税购物金额(当月值),S004552709,亿元,月,2014-05-31T00:00:00Z,2.4384,18.11,,由iFinD原始口径(万元)折算为亿元,同花顺iFinD(海口海关)
离岛免税销售,离岛免税购物金额(当月值),S004552709,亿元,月,2014-06-30T00:00:00Z,2.019,20.39,,由iFinD原始口径(万元)折算为亿元,同花顺iFinD(海口海关)
离岛免税销售,离岛免税购物金额(当月值),S004552709,亿元,月,2014-07-31T00:00:00Z,2.1408,26.38,,由iFinD原始口径(万元)折算为亿元,同花顺iFinD(海口海关)
离岛免税销售,离岛免税购物金额(当月值),S004552709,亿元,月,2014-08-31T00:00:00Z,2.4642,13.91,,由iFinD原始口径(万元)折算为亿元,同花顺iFinD(海口海关)
离岛免税销售,离岛免税购物金额(当月值),S004552709,亿元,月,2014-09-30T00:00:00Z,3.6364,82.13,,由iFinD原始口径(万元)折算为亿元,同花顺iFinD(海口海关)
离岛免税销售,离岛免税购物金额(当月值),S004552709,亿元,月,2014-10-31T00:00:00Z,3.5395,33.8,,由iFinD原始口径(万元)折算为亿元,同花顺iFinD(海口海关)
离岛免税销售,离岛免税购物金额(当月值),S004552709,亿元,月,2014-11-30T00:00:00Z,4.1483,37.76,,由iFinD原始口径(万元)折算为亿元,同花顺iFinD(海口海关)
离岛免税销售,离岛免税购物金额(当月值),S004552709,亿元,月,2014-12-31T00:00:00Z,4.8424,35.33,,由iFinD原始口径(万元)折算为亿元,同花顺iFinD(海口海关)
离岛免税销售,离岛免税购物金额(当月值),S004552709,亿元,月,2015-01-31T00:00:00Z,5.5464,37.86,,由iFinD原始口径(万元)折算为亿元,同花顺iFinD(海口海关)
离岛免税销售,离岛免税购物金额(当月值),S004552709,亿元,月,2015-02-28T00:00:00Z,8.6441,18.58,,由iFinD原始口径(万元)折算为亿元,同花顺iFinD(海口海关)
离岛免税销售,离岛免税购物金额(当月值),S004552709,亿元,月,2015-03-31T00:00:00Z,7.1145,85.79,,由iFinD原始口径(万元)折算为亿元,同花顺iFinD(海口海关)
离岛免税销售,离岛免税购物金额(当月值),S004552709,亿元,月,2015-04-30T00:00:00Z,4.1668,48.79,,由iFinD原始口径(万元)折算为亿元,同花顺iFinD(海口海关)
离岛免税销售,离岛免税购物金额(当月值),S004552709,亿元,月,2015-05-31T00:00:00Z,3.5802,46.83,,由iFinD原始口径(万元)折算为亿元,同花顺iFinD(海口海关)
离岛免税销售,离岛免税购物金额(当月值),S004552709,亿元,月,2015-06-30T00:00:00Z,2.8702,42.16,,由iFinD原始口径(万元)折算为亿元,同花顺iFinD(海口海关)
离岛免税销售,离岛免税购物金额(当月值),S004552709,亿元,月,2015-07-31T00:00:00Z,2.8537,33.3,,由iFinD原始口径(万元)折算为亿元,同花顺iFinD(海口海关)
离岛免税销售,离岛免税购物金额(当月值),S004552709,亿元,月,2015-08-31T00:00:00Z,3.7327,51.48,,由iFinD原始口径(万元)折算为亿元,同花顺iFinD(海口海关)
离岛免税销售,离岛免税购物金额(当月值),S004552709,亿元,月,2015-09-30T00:00:00Z,2.9181,-19.75,,由iFinD原始口径(万元)折算为亿元,同花顺iFinD(海口海关)
离岛免税销售,离岛免税购物金额(当月值),S004552709,亿元,月,2015-10-31T00:00:00Z,4.0102,13.3,,由iFinD原始口径(万元)折算为亿元,同花顺iFinD(海口海关)
离岛免税销售,离岛免税购物金额(当月值),S004552709,亿元,月,2015-11-30T00:00:00Z,4.3517,4.9,,由iFinD原始口径(万元)折算为亿元,同花顺iFinD(海口海关)
离岛免税销售,离岛免税购物金额(当月值),S004552709,亿元,月,2015-12-31T00:00:00Z,5.5902,15.44,,由iFinD原始口径(万元)折算为亿元,同花顺iFinD(海口海关)
离岛免税销售,离岛免税购物金额(当月值),S004552709,亿元,月,2016-01-31T00:00:00Z,5.9348,7,,由iFinD原始口径(万元)折算为亿元,同花顺iFinD(海口海关)
离岛免税销售,离岛免税购物金额(当月值),S004552709,亿元,月,2016-02-29T00:00:00Z,11.0905,28.3,,由iFinD原始口径(万元)折算为亿元,同花顺iFinD(海口海关)
离岛免税销售,离岛免税购物金额(当月值),S004552709,亿元,月,2016-03-31T00:00:00Z,5.5643,-21.79,,由iFinD原始口径(万元)折算为亿元,同花顺iFinD(海口海关)
离岛免税销售,离岛免税购物金额(当月值),S004552709,亿元,月,2016-04-30T00:00:00Z,3.9934,-4.16,,由iFinD原始口径(万元)折算为亿元,同花顺iFinD(海口海关)
离岛免税销售,离岛免税购物金额(当月值),S004552709,亿元,月,2016-05-31T00:00:00Z,3.4863,-2.62,,由iFinD原始口径(万元)折算为亿元,同花顺iFinD(海口海关)
离岛免税销售,离岛免税购物金额(当月值),S004552709,亿元,月,2016-06-30T00:00:00Z,3.2844,14.43,,由iFinD原始口径(万元)折算为亿元,同花顺iFinD(海口海关)
离岛免税销售,离岛免税购物金额(当月值),S004552709,亿元,月,2016-07-31T00:00:00Z,3.1088,8.94,,由iFinD原始口径(万元)折算为亿元,同花顺iFinD(海口海关)
离岛免税销售,离岛免税购物金额(当月值),S004552709,亿元,月,2016-08-31T00:00:00Z,3.7573,0.66,,由iFinD原始口径(万元)折算为亿元,同花顺iFinD(海口海关)
离岛免税销售,离岛免税购物金额(当月值),S004552709,亿元,月,2016-09-30T00:00:00Z,3.4223,17.28,,由iFinD原始口径(万元)折算为亿元,同花顺iFinD(海口海关)
离岛免税销售,离岛免税购物金额(当月值),S004552709,亿元,月,2016-10-31T00:00:00Z,4.6546,16.07,,由iFinD原始口径(万元)折算为亿元,同花顺iFinD(海口海关)
离岛免税销售,离岛免税购物金额(当月值),S004552709,亿元,月,2016-11-30T00:00:00Z,5.1711,18.83,,由iFinD原始口径(万元)折算为亿元,同花顺iFinD(海口海关)
离岛免税销售,离岛免税购物金额(当月值),S004552709,亿元,月,2016-12-31T00:00:00Z,7.2443,29.59,,由iFinD原始口径(万元)折算为亿元,同花顺iFinD(海口海关)
离岛免税销售,离岛免税购物金额(当月值),S004552709,亿元,月,2017-01-31T00:00:00Z,7.561,27.4,,由iFinD原始口径(万元)折算为亿元,同花顺iFinD(海口海关)
离岛免税销售,离岛免税购物金额(当月值),S004552709,亿元,月,2017-02-28T00:00:00Z,12.3797,11.62,,由iFinD原始口径(万元)折算为亿元,同花顺iFinD(海口海关)
离岛免税销售,离岛免税购物金额(当月值),S004552709,亿元,月,2017-03-31T00:00:00Z,6.9993,25.79,,由iFinD原始口径(万元)折算为亿元,同花顺iFinD(海口海关)
离岛免税销售,离岛免税购物金额(当月值),S004552709,亿元,月,2017-04-30T00:00:00Z,5.5635,39.32,,由iFinD原始口径(万元)折算为亿元,同花顺iFinD(海口海关)
离岛免税销售,离岛免税购物金额(当月值),S004552709,亿元,月,2017-05-31T00:00:00Z,5.2411,50.33,,由iFinD原始口径(万元)折算为亿元,同花顺iFinD(海口海关)
离岛免税销售,离岛免税购物金额(当月值),S004552709,亿元,月,2017-06-30T00:00:00Z,4.5849,39.6,,由iFinD原始口径(万元)折算为亿元,同花顺iFinD(海口海关)
离岛免税销售,离岛免税购物金额(当月值),S004552709,亿元,月,2017-07-31T00:00:00Z,4.526,45.59,,由iFinD原始口径(万元)折算为亿元,同花顺iFinD(海口海关)
离岛免税销售,离岛免税购物金额(当月值),S004552709,亿元,月,2017-08-31T00:00:00Z,5.8212,54.93,,由iFinD原始口径(万元)折算为亿元,同花顺iFinD(海口海关)
离岛免税销售,离岛免税购物金额(当月值),S004552709,亿元,月,2017-09-30T00:00:00Z,5.1943,51.78,,由iFinD原始口径(万元)折算为亿元,同花顺iFinD(海口海关)
离岛免税销售,离岛免税购物金额(当月值),S004552709,亿元,月,2017-10-31T00:00:00Z,6.4515,38.6,,由iFinD原始口径(万元)折算为亿元,同花顺iFinD(海口海关)
离岛免税销售,离岛免税购物金额(当月值),S004552709,亿元,月,2017-11-30T00:00:00Z,6.7861,31.23,,由iFinD原始口径(万元)折算为亿元,同花顺iFinD(海口海关)
离岛免税销售,离岛免税购物金额(当月值),S004552709,亿元,月,2017-12-31T00:00:00Z,8.9367,23.36,,由iFinD原始口径(万元)折算为亿元,同花顺iFinD(海口海关)
离岛免税销售,离岛免税购物金额(当月值),S004552709,亿元,月,2018-01-31T00:00:00Z,9.0838,20.14,,由iFinD原始口径(万元)折算为亿元,同花顺iFinD(海口海关)
离岛免税销售,离岛免税购物金额(当月值),S004552709,亿元,月,2018-02-28T00:00:00Z,14.1195,14.05,,由iFinD原始口径(万元)折算为亿元,同花顺iFinD(海口海关)
离岛免税销售,离岛免税购物金额(当月值),S004552709,亿元,月,2018-03-31T00:00:00Z,10.2251,46.09,,由iFinD原始口径(万元)折算为亿元,同花顺iFinD(海口海关)
离岛免税销售,离岛免税购物金额(当月值),S004552709,亿元,月,2018-04-30T00:00:00Z,7.1987,29.39,,由iFinD原始口径(万元)折算为亿元,同花顺iFinD(海口海关)
离岛免税销售,离岛免税购物金额(当月值),S004552709,亿元,月,2018-05-31T00:00:00Z,6.5914,25.76,,由iFinD原始口径(万元)折算为亿元,同花顺iFinD(海口海关)
离岛免税销售,离岛免税购物金额(当月值),S004552709,亿元,月,2018-06-30T00:00:00Z,5.6298,22.79,,由iFinD原始口径(万元)折算为亿元,同花顺iFinD(海口海关)
离岛免税销售,离岛免税购物金额(当月值),S004552709,亿元,月,2018-07-31T00:00:00Z,5.7007,25.95,,由iFinD原始口径(万元)折算为亿元,同花顺iFinD(海口海关)
离岛免税销售,离岛免税购物金额(当月值),S004552709,亿元,月,2018-08-31T00:00:00Z,7.4931,28.72,,由iFinD原始口径(万元)折算为亿元,同花顺iFinD(海口海关)
离岛免税销售,离岛免税购物金额(当月值),S004552709,亿元,月,2018-09-30T00:00:00Z,6.1873,19.12,,由iFinD原始口径(万元)折算为亿元,同花顺iFinD(海口海关)
离岛免税销售,离岛免税购物金额(当月值),S004552709,亿元,月,2018-10-31T00:00:00Z,7.5542,17.09,,由iFinD原始口径(万元)折算为亿元,同花顺iFinD(海口海关)
离岛免税销售,离岛免税购物金额(当月值),S004552709,亿元,月,2018-11-30T00:00:00Z,7.5573,11.36,,由iFinD原始口径(万元)折算为亿元,同花顺iFinD(海口海关)
离岛免税销售,离岛免税购物金额(当月值),S004552709,亿元,月,2018-12-31T00:00:00Z,10.127,13.32,,由iFinD原始口径(万元)折算为亿元,同花顺iFinD(海口海关)
离岛免税销售,离岛免税购物金额(当月值),S004552709,亿元,月,2019-01-31T00:00:00Z,11.1679,22.94,,由iFinD原始口径(万元)折算为亿元,同花顺iFinD(海口海关)
离岛免税销售,离岛免税购物金额(当月值),S004552709,亿元,月,2019-02-28T00:00:00Z,20.2094,43.13,,由iFinD原始口径(万元)折算为亿元,同花顺iFinD(海口海关)
离岛免税销售,离岛免税购物金额(当月值),S004552709,亿元,月,2019-03-31T00:00:00Z,11.3592,11.09,,由iFinD原始口径(万元)折算为亿元,同花顺iFinD(海口海关)
离岛免税销售,离岛免税购物金额(当月值),S004552709,亿元,月,2019-04-30T00:00:00Z,8.387,16.51,,由iFinD原始口径(万元)折算为亿元,同花顺iFinD(海口海关)
离岛免税销售,离岛免税购物金额(当月值),S004552709,亿元,月,2019-05-31T00:00:00Z,8.1684,23.93,,由iFinD原始口径(万元)折算为亿元,同花顺iFinD(海口海关)
离岛免税销售,离岛免税购物金额(当月值),S004552709,亿元,月,2019-06-30T00:00:00Z,7.0819,25.79,,由iFinD原始口径(万元)折算为亿元,同花顺iFinD(海口海关)
离岛免税销售,离岛免税购物金额(当月值),S004552709,亿元,月,2019-07-31T00:00:00Z,7.5862,33.07,,由iFinD原始口径(万元)折算为亿元,同花顺iFinD(海口海关)
离岛免税销售,离岛免税购物金额(当月值),S004552709,亿元,月,2019-08-31T00:00:00Z,9.756,30.2,,由iFinD原始口径(万元)折算为亿元,同花顺iFinD(海口海关)
离岛免税销售,离岛免税购物金额(当月值),S004552709,亿元,月,2019-09-30T00:00:00Z,8.9325,44.37,,由iFinD原始口径(万元)折算为亿元,同花顺iFinD(海口海关)
离岛免税销售,离岛免税购物金额(当月值),S004552709,亿元,月,2019-10-31T00:00:00Z,11.971,58.47,,由iFinD原始口径(万元)折算为亿元,同花顺iFinD(海口海关)
离岛免税销售,离岛免税购物金额(当月值),S004552709,亿元,月,2019-11-30T00:00:00Z,13.245,75.26,,由iFinD原始口径(万元)折算为亿元,同花顺iFinD(海口海关)
离岛免税销售,离岛免税购物金额(当月值),S004552709,亿元,月,2019-12-31T00:00:00Z,17.0579,68.44,,由iFinD原始口径(万元)折算为亿元,同花顺iFinD(海口海关)
离岛免税销售,离岛免税购物金额(当月值),S004552709,亿元,月,2020-01-31T00:00:00Z,15.5218,38.99,,由iFinD原始口径(万元)折算为亿元,同花顺iFinD(海口海关)
离岛免税销售,离岛免税购物金额(当月值),S004552709,亿元,月,2020-02-29T00:00:00Z,4.3101,-78.67,,由iFinD原始口径(万元)折算为亿元,同花顺iFinD(海口海关)
离岛免税销售,离岛免税购物金额(当月值),S004552709,亿元,月,2020-03-31T00:00:00Z,9.9494,-12.41,,由iFinD原始口径(万元)折算为亿元,同花顺iFinD(海口海关)
离岛免税销售,离岛免税购物金额(当月值),S004552709,亿元,月,2020-04-30T00:00:00Z,13.8095,64.65,,由iFinD原始口径(万元)折算为亿元,同花顺iFinD(海口海关)
离岛免税销售,离岛免税购物金额(当月值),S004552709,亿元,月,2020-05-31T00:00:00Z,14.7915,81.08,,由iFinD原始口径(万元)折算为亿元,同花顺iFinD(海口海关)
离岛免税销售,离岛免税购物金额(当月值),S004552709,亿元,月,2020-06-30T00:00:00Z,16.555,133.76,,由iFinD原始口径(万元)折算为亿元,同花顺iFinD(海口海关)
离岛免税销售,离岛免税购物金额(当月值),S004552709,亿元,月,2020-07-31T00:00:00Z,24.8741,227.89,,由iFinD原始口径(万元)折算为亿元,同花顺iFinD(海口海关)
离岛免税销售,离岛免税购物金额(当月值),S004552709,亿元,月,2020-08-31T00:00:00Z,30.9499,217.24,,由iFinD原始口径(万元)折算为亿元,同花顺iFinD(海口海关)
离岛免税销售,离岛免税购物金额(当月值),S004552709,亿元,月,2020-09-30T00:00:00Z,30.2336,238.47,,由iFinD原始口径(万元)折算为亿元,同花顺iFinD(海口海关)
离岛免税销售,离岛免税购物金额(当月值),S004552709,亿元,月,2020-10-31T00:00:00Z,34.072,184.62,,由iFinD原始口径(万元)折算为亿元,同花顺iFinD(海口海关)
离岛免税销售,离岛免税购物金额(当月值),S004552709,亿元,月,2020-11-30T00:00:00Z,37.1487,180.47,,由iFinD原始口径(万元)折算为亿元,同花顺iFinD(海口海关)
离岛免税销售,离岛免税购物金额(当月值),S004552709,亿元,月,2020-12-31T00:00:00Z,42.5767,149.6,,由iFinD原始口径(万元)折算为亿元,同花顺iFinD(海口海关)
离岛免税销售,离岛免税购物金额(当月值),S004552709,亿元,月,2021-01-31T00:00:00Z,37.807,143.57,,由iFinD原始口径(万元)折算为亿元,同花顺iFinD(海口海关)
离岛免税销售,离岛免税购物金额(当月值),S004552709,亿元,月,2021-02-28T00:00:00Z,45.4337,954.12,,由iFinD原始口径(万元)折算为亿元,同花顺iFinD(海口海关)
离岛免税销售,离岛免税购物金额(当月值),S004552709,亿元,月,2021-03-31T00:00:00Z,52.4706,427.37,,由iFinD原始口径(万元)折算为亿元,同花顺iFinD(海口海关)
离岛免税销售,离岛免税购物金额(当月值),S004552709,亿元,月,2021-04-30T00:00:00Z,46.7366,238.44,,由iFinD原始口径(万元)折算为亿元,同花顺iFinD(海口海关)
离岛免税销售,离岛免税购物金额(当月值),S004552709,亿元,月,2021-05-31T00:00:00Z,49.8255,236.85,,由iFinD原始口径(万元)折算为亿元,同花顺iFinD(海口海关)
离岛免税销售,离岛免税购物金额(当月值),S004552709,亿元,月,2021-06-30T00:00:00Z,35.3962,113.81,,由iFinD原始口径(万元)折算为亿元,同花顺iFinD(海口海关)
离岛免税销售,离岛免税购物金额(当月值),S004552709,亿元,月,2021-07-31T00:00:00Z,36.62,47.22,,由iFinD原始口径(万元)折算为亿元,同花顺iFinD(海口海关)
离岛免税销售,离岛免税购物金额(当月值),S004552709,亿元,月,2021-08-31T00:00:00Z,16.9882,-45.11,,由iFinD原始口径(万元)折算为亿元,同花顺iFinD(海口海关)
离岛免税销售,离岛免税购物金额(当月值),S004552709,亿元,月,2021-09-30T00:00:00Z,34.1664,13.01,,由iFinD原始口径(万元)折算为亿元,同花顺iFinD(海口海关)
离岛免税销售,离岛免税购物金额(当月值),S004552709,亿元,月,2021-10-31T00:00:00Z,49.805,46.18,,由iFinD原始口径(万元)折算为亿元,同花顺iFinD(海口海关)
离岛免税销售,离岛免税购物金额(当月值),S004552709,亿元,月,2021-11-30T00:00:00Z,37.0383,-0.3,,由iFinD原始口径(万元)折算为亿元,同花顺iFinD(海口海关)
离岛免税销售,离岛免税购物金额(当月值),S004552709,亿元,月,2021-12-31T00:00:00Z,52.4088,23.09,,由iFinD原始口径(万元)折算为亿元,同花顺iFinD(海口海关)
离岛免税销售,离岛免税购物金额(当月值),S004552709,亿元,月,2022-01-31T00:00:00Z,52.0602,37.7,,由iFinD原始口径(万元)折算为亿元,同花顺iFinD(海口海关)
离岛免税销售,离岛免税购物金额(当月值),S004552709,亿元,月,2022-02-28T00:00:00Z,68.656,51.11,,由iFinD原始口径(万元)折算为亿元,同花顺iFinD(海口海关)
离岛免税销售,离岛免税购物金额(当月值),S004552709,亿元,月,2022-03-31T00:00:00Z,26.4392,-49.61,,由iFinD原始口径(万元)折算为亿元,同花顺iFinD(海口海关)
离岛免税销售,离岛免税购物金额(当月值),S004552709,亿元,月,2022-04-30T00:00:00Z,10.5826,-77.36,,由iFinD原始口径(万元)折算为亿元,同花顺iFinD(海口海关)
离岛免税销售,离岛免税购物金额(当月值),S004552709,亿元,月,2022-05-31T00:00:00Z,22.3423,-55.16,,由iFinD原始口径(万元)折算为亿元,同花顺iFinD(海口海关)
离岛免税销售,离岛免税购物金额(当月值),S004552709,亿元,月,2022-06-30T00:00:00Z,31.5083,-10.98,,由iFinD原始口径(万元)折算为亿元,同花顺iFinD(海口海关)
离岛免税销售,离岛免税购物金额(当月值),S004552709,亿元,月,2022-07-31T00:00:00Z,39.809,8.71,,由iFinD原始口径(万元)折算为亿元,同花顺iFinD(海口海关)
离岛免税销售,离岛免税购物金额(当月值),S004552709,亿元,月,2022-08-31T00:00:00Z,9.6457,-43.22,,由iFinD原始口径(万元)折算为亿元,同花顺iFinD(海口海关)
离岛免税销售,离岛免税购物金额(当月值),S004552709,亿元,月,2022-09-30T00:00:00Z,10.5646,-69.08,,由iFinD原始口径(万元)折算为亿元,同花顺iFinD(海口海关)
离岛免税销售,离岛免税购物金额(当月值),S004552709,亿元,月,2022-10-31T00:00:00Z,23.0707,-53.68,,由iFinD原始口径(万元)折算为亿元,同花顺iFinD(海口海关)
离岛免税销售,离岛免税购物金额(当月值),S004552709,亿元,月,2022-11-30T00:00:00Z,27.7799,-25,,由iFinD原始口径(万元)折算为亿元,同花顺iFinD(海口海关)
离岛免税销售,离岛免税购物金额(当月值),S004552709,亿元,月,2022-12-31T00:00:00Z,26.5281,-49.38,,由iFinD原始口径(万元)折算为亿元,同花顺iFinD(海口海关)
离岛免税销售,离岛免税购物金额(当月值),S004552709,亿元,月,2023-01-31T00:00:00Z,63.7966,22.54,,由iFinD原始口径(万元)折算为亿元,同花顺iFinD(海口海关)
离岛免税销售,离岛免税购物金额(当月值),S004552709,亿元,月,2023-02-28T00:00:00Z,59.4648,-13.39,,由iFinD原始口径(万元)折算为亿元,同花顺iFinD(海口海关)
离岛免税销售,离岛免税购物金额(当月值),S004552709,亿元,月,2023-03-31T00:00:00Z,45.4376,71.86,,由iFinD原始口径(万元)折算为亿元,同花顺iFinD(海口海关)
离岛免税销售,离岛免税购物金额(当月值),S004552709,亿元,月,2023-04-30T00:00:00Z,39.1475,269.92,,由iFinD原始口径(万元)折算为亿元,同花顺iFinD(海口海关)
离岛免税销售,离岛免税购物金额(当月值),S004552709,亿元,月,2023-05-31T00:00:00Z,31.9855,43.16,,由iFinD原始口径(万元)折算为亿元,同花顺iFinD(海口海关)
离岛免税销售,离岛免税购物金额(当月值),S004552709,亿元,月,2023-06-30T00:00:00Z,23.0675,-26.79,,由iFinD原始口径(万元)折算为亿元,同花顺iFinD(海口海关)
离岛免税销售,离岛免税购物金额(当月值),S004552709,亿元,月,2023-07-31T00:00:00Z,26.1338,-34.35,,由iFinD原始口径(万元)折算为亿元,同花顺iFinD(海口海关)
离岛免税销售,离岛免税购物金额(当月值),S004552709,亿元,月,2023-08-31T00:00:00Z,32.85,240.57,,由iFinD原始口径(万元)折算为亿元,同花顺iFinD(海口海关)
离岛免税销售,离岛免税购物金额(当月值),S004552709,亿元,月,2023-09-30T00:00:00Z,27.1995,157.46,,由iFinD原始口径(万元)折算为亿元,同花顺iFinD(海口海关)
离岛免税销售,离岛免税购物金额(当月值),S004552709,亿元,月,2023-10-31T00:00:00Z,33.1723,43.79,,由iFinD原始口径(万元)折算为亿元,同花顺iFinD(海口海关)
离岛免税销售,离岛免税购物金额(当月值),S004552709,亿元,月,2023-11-30T00:00:00Z,24.126,-13.15,,由iFinD原始口径(万元)折算为亿元,同花顺iFinD(海口海关)
离岛免税销售,离岛免税购物金额(当月值),S004552709,亿元,月,2023-12-31T00:00:00Z,30.9667,16.73,,由iFinD原始口径(万元)折算为亿元,同花顺iFinD(海口海关)
离岛免税销售,离岛免税购物金额(当月值),S004552709,亿元,月,2024-01-31T00:00:00Z,36.0796,-43.45,,由iFinD原始口径(万元)折算为亿元,同花顺iFinD(海口海关)
离岛免税销售,离岛免税购物金额(当月值),S004552709,亿元,月,2024-02-29T00:00:00Z,60.9331,2.47,,由iFinD原始口径(万元)折算为亿元,同花顺iFinD(海口海关)
离岛免税销售,离岛免税购物金额(当月值),S004552709,亿元,月,2024-03-31T00:00:00Z,30.6234,-32.6,,由iFinD原始口径(万元)折算为亿元,同花顺iFinD(海口海关)
离岛免税销售,离岛免税购物金额(当月值),S004552709,亿元,月,2024-04-30T00:00:00Z,21.7211,-44.51,,由iFinD原始口径(万元)折算为亿元,同花顺iFinD(海口海关)
离岛免税销售,离岛免税购物金额(当月值),S004552709,亿元,月,2024-05-31T00:00:00Z,19.743,-38.28,,由iFinD原始口径(万元)折算为亿元,同花顺iFinD(海口海关)
离岛免税销售,离岛免税购物金额(当月值),S004552709,亿元,月,2024-06-30T00:00:00Z,15.4683,-32.94,,由iFinD原始口径(万元)折算为亿元,同花顺iFinD(海口海关)
离岛免税销售,离岛免税购物金额(当月值),S004552709,亿元,月,2024-07-31T00:00:00Z,16.759,-35.87,,由iFinD原始口径(万元)折算为亿元,同花顺iFinD(海口海关)
离岛免税销售,离岛免税购物金额(当月值),S004552709,亿元,月,2024-08-31T00:00:00Z,21.9701,-33.12,,由iFinD原始口径(万元)折算为亿元,同花顺iFinD(海口海关)
离岛免税销售,离岛免税购物金额(当月值),S004552709,亿元,月,2024-09-30T00:00:00Z,16.7619,-38.37,,由iFinD原始口径(万元)折算为亿元,同花顺iFinD(海口海关)
离岛免税销售,离岛免税购物金额(当月值),S004552709,亿元,月,2024-10-31T00:00:00Z,21.4388,-35.37,,由iFinD原始口径(万元)折算为亿元,同花顺iFinD(海口海关)
离岛免税销售,离岛免税购物金额(当月值),S004552709,亿元,月,2024-11-30T00:00:00Z,18.7188,-22.41,,由iFinD原始口径(万元)折算为亿元,同花顺iFinD(海口海关)
离岛免税销售,离岛免税购物金额(当月值),S004552709,亿元,月,2024-12-31T00:00:00Z,29.1726,-5.79,,由iFinD原始口径(万元)折算为亿元,同花顺iFinD(海口海关)
离岛免税销售,离岛免税购物金额(当月值),S004552709,亿元,月,2025-01-31T00:00:00Z,31.2826,-13.3,,由iFinD原始口径(万元)折算为亿元,同花顺iFinD(海口海关)
离岛免税销售,离岛免税购物金额(当月值),S004552709,亿元,月,2025-02-28T00:00:00Z,52.7975,-13.35,,由iFinD原始口径(万元)折算为亿元,同花顺iFinD(海口海关)
离岛免税销售,离岛免税购物金额(当月值),S004552709,亿元,月,2025-03-31T00:00:00Z,28.9861,-5.35,,由iFinD原始口径(万元)折算为亿元,同花顺iFinD(海口海关)
离岛免税销售,离岛免税购物金额(当月值),S004552709,亿元,月,2025-04-30T00:00:00Z,20.234,-6.85,,由iFinD原始口径(万元)折算为亿元,同花顺iFinD(海口海关)
离岛免税销售,离岛免税购物金额(当月值),S004552709,亿元,月,2025-05-31T00:00:00Z,19.5723,-0.86,,由iFinD原始口径(万元)折算为亿元,同花顺iFinD(海口海关)
离岛免税销售,离岛免税购物金额(当月值),S004552709,亿元,月,2025-06-30T00:00:00Z,14.7393,-4.71,,由iFinD原始口径(万元)折算为亿元,同花顺iFinD(海口海关)
离岛免税销售,离岛免税购物金额(当月值),S004552709,亿元,月,2025-07-31T00:00:00Z,15.6437,-6.65,,由iFinD原始口径(万元)折算为亿元,同花顺iFinD(海口海关)
离岛免税销售,离岛免税购物金额(当月值),S004552709,亿元,月,2025-08-31T00:00:00Z,21.0534,-4.17,,由iFinD原始口径(万元)折算为亿元,同花顺iFinD(海口海关)
离岛免税销售,离岛免税购物金额(当月值),S004552709,亿元,月,2025-09-30T00:00:00Z,17.3344,3.42,,由iFinD原始口径(万元)折算为亿元,同花顺iFinD(海口海关)
离岛免税销售,离岛免税购物金额(当月值),S004552709,亿元,月,2025-10-31T00:00:00Z,24.2521,13.12,,由iFinD原始口径(万元)折算为亿元,同花顺iFinD(海口海关)
离岛免税销售,离岛免税购物金额(当月值),S004552709,亿元,月,2025-11-30T00:00:00Z,23.7947,27.12,,由iFinD原始口径(万元)折算为亿元,同花顺iFinD(海口海关)
离岛免税销售,离岛免税购物金额(当月值),S004552709,亿元,月,2025-12-31T00:00:00Z,34.1524,17.07,,由iFinD原始口径(万元)折算为亿元,同花顺iFinD(海口海关)
离岛免税销售,离岛免税购物金额(当月值),S004552709,亿元,月,2026-01-31T00:00:00Z,45.2835,44.76,,由iFinD原始口径(万元)折算为亿元,同花顺iFinD(海口海关)
离岛免税销售,离岛免税购物金额(当月值),S004552709,亿元,月,2026-02-28T00:00:00Z,60.5822,14.74,,由iFinD原始口径(万元)折算为亿元,同花顺iFinD(海口海关)
离岛免税销售,离岛免税购物金额(当月值),S004552709,亿元,月,2026-03-31T00:00:00Z,36.215,24.94,,由iFinD原始口径(万元)折算为亿元,同花顺iFinD(海口海关)
离岛免税销售,离岛免税购物金额(当月值),S004552709,亿元,月,2026-04-30T00:00:00Z,22.1618,9.53,,由iFinD原始口径(万元)折算为亿元,同花顺iFinD(海口海关)
离岛免税销售,离岛免税购物金额(当月值),S004552709,亿元,月,2026-05-31T00:00:00Z,19.6443,0.37,,由iFinD原始口径(万元)折算为亿元,同花顺iFinD(海口海关)
离岛免税销售,离岛免税购物金额(当月值),S004552709,亿元,月,2026-06-30T00:00:00Z,15.1033,2.47,,由iFinD原始口径(万元)折算为亿元,同花顺iFinD(海口海关)
离岛免税销售,离岛免税购物金额(当月值),S004552709,亿元,月,2026-07-31T00:00:00Z,16.8072,7.44,,由iFinD原始口径(万元)折算为亿元,同花顺iFinD(海口海关)
离岛免税销售,离岛免税购物件数(当月值),S004552710,万件,月,2011-04-30T00:00:00Z,6.106,,,,同花顺iFinD(海口海关)
离岛免税销售,离岛免税购物件数(当月值),S004552710,万件,月,2011-05-31T00:00:00Z,12.9465,,,,同花顺iFinD(海口海关)
离岛免税销售,离岛免税购物件数(当月值),S004552710,万件,月,2011-06-30T00:00:00Z,10.472,,,,同花顺iFinD(海口海关)
离岛免税销售,离岛免税购物件数(当月值),S004552710,万件,月,2011-07-31T00:00:00Z,12.4448,,,,同花顺iFinD(海口海关)
离岛免税销售,离岛免税购物件数(当月值),S004552710,万件,月,2011-08-31T00:00:00Z,15.8185,,,,同花顺iFinD(海口海关)
离岛免税销售,离岛免税购物件数(当月值),S004552710,万件,月,2011-09-30T00:00:00Z,14.0696,,,,同花顺iFinD(海口海关)
离岛免税销售,离岛免税购物件数(当月值),S004552710,万件,月,2011-10-31T00:00:00Z,20.8361,,,,同花顺iFinD(海口海关)
离岛免税销售,离岛免税购物件数(当月值),S004552710,万件,月,2011-11-30T00:00:00Z,28.0358,,,,同花顺iFinD(海口海关)
离岛免税销售,离岛免税购物件数(当月值),S004552710,万件,月,2011-12-31T00:00:00Z,32.5649,,,,同花顺iFinD(海口海关)
离岛免税销售,离岛免税购物件数(当月值),S004552710,万件,月,2012-01-31T00:00:00Z,36.6485,,,,同花顺iFinD(海口海关)
离岛免税销售,离岛免税购物件数(当月值),S004552710,万件,月,2012-02-29T00:00:00Z,44.6615,,,,同花顺iFinD(海口海关)
离岛免税销售,离岛免税购物件数(当月值),S004552710,万件,月,2012-03-31T00:00:00Z,38.7083,,,,同花顺iFinD(海口海关)
离岛免税销售,离岛免税购物件数(当月值),S004552710,万件,月,2012-04-30T00:00:00Z,29.8339,388.6,,,同花顺iFinD(海口海关)
离岛免税销售,离岛免税购物件数(当月值),S004552710,万件,月,2012-05-31T00:00:00Z,22.6603,75.03,,,同花顺iFinD(海口海关)
离岛免税销售,离岛免税购物件数(当月值),S004552710,万件,月,2012-06-30T00:00:00Z,17.1144,63.43,,,同花顺iFinD(海口海关)
离岛免税销售,离岛免税购物件数(当月值),S004552710,万件,月,2012-07-31T00:00:00Z,17.3432,39.36,,,同花顺iFinD(海口海关)
离岛免税销售,离岛免税购物件数(当月值),S004552710,万件,月,2012-08-31T00:00:00Z,19.8249,25.33,,,同花顺iFinD(海口海关)
离岛免税销售,离岛免税购物件数(当月值),S004552710,万件,月,2012-09-30T00:00:00Z,18.3782,30.62,,,同花顺iFinD(海口海关)
离岛免税销售,离岛免税购物件数(当月值),S004552710,万件,月,2012-10-31T00:00:00Z,27.9026,33.91,,,同花顺iFinD(海口海关)
离岛免税销售,离岛免税购物件数(当月值),S004552710,万件,月,2012-11-30T00:00:00Z,39.1589,39.67,,,同花顺iFinD(海口海关)
离岛免税销售,离岛免税购物件数(当月值),S004552710,万件,月,2012-12-31T00:00:00Z,39.1727,20.29,,,同花顺iFinD(海口海关)
离岛免税销售,离岛免税购物件数(当月值),S004552710,万件,月,2013-01-31T00:00:00Z,41.5994,13.51,,,同花顺iFinD(海口海关)
离岛免税销售,离岛免税购物件数(当月值),S004552710,万件,月,2013-02-28T00:00:00Z,61.2167,37.07,,,同花顺iFinD(海口海关)
离岛免税销售,离岛免税购物件数(当月值),S004552710,万件,月,2013-03-31T00:00:00Z,47.8114,23.52,,,同花顺iFinD(海口海关)
离岛免税销售,离岛免税购物件数(当月值),S004552710,万件,月,2013-04-30T00:00:00Z,32.6265,9.36,,,同花顺iFinD(海口海关)
离岛免税销售,离岛免税购物件数(当月值),S004552710,万件,月,2013-05-31T00:00:00Z,29.247,29.07,,,同花顺iFinD(海口海关)
离岛免税销售,离岛免税购物件数(当月值),S004552710,万件,月,2013-06-30T00:00:00Z,24.4176,42.67,,,同花顺iFinD(海口海关)
离岛免税销售,离岛免税购物件数(当月值),S004552710,万件,月,2013-07-31T00:00:00Z,24.1291,39.13,,,同花顺iFinD(海口海关)
离岛免税销售,离岛免税购物件数(当月值),S004552710,万件,月,2013-08-31T00:00:00Z,29.72,49.91,,,同花顺iFinD(海口海关)
离岛免税销售,离岛免税购物件数(当月值),S004552710,万件,月,2013-09-30T00:00:00Z,26.532,44.37,,,同花顺iFinD(海口海关)
离岛免税销售,离岛免税购物件数(当月值),S004552710,万件,月,2013-10-31T00:00:00Z,35.0054,25.46,,,同花顺iFinD(海口海关)
离岛免税销售,离岛免税购物件数(当月值),S004552710,万件,月,2013-11-30T00:00:00Z,39.412,0.65,,,同花顺iFinD(海口海关)
离岛免税销售,离岛免税购物件数(当月值),S004552710,万件,月,2013-12-31T00:00:00Z,45.4281,15.97,,,同花顺iFinD(海口海关)
离岛免税销售,离岛免税购物件数(当月值),S004552710,万件,月,2014-01-31T00:00:00Z,50.332,20.99,,,同花顺iFinD(海口海关)
离岛免税销售,离岛免税购物件数(当月值),S004552710,万件,月,2014-02-28T00:00:00Z,83.8456,36.97,,,同花顺iFinD(海口海关)
离岛免税销售,离岛免税购物件数(当月值),S004552710,万件,月,2014-03-31T00:00:00Z,50.3179,5.24,,,同花顺iFinD(海口海关)
离岛免税销售,离岛免税购物件数(当月值),S004552710,万件,月,2014-04-30T00:00:00Z,37.3881,14.59,,,同花顺iFinD(海口海关)
离岛免税销售,离岛免税购物件数(当月值),S004552710,万件,月,2014-05-31T00:00:00Z,33.1239,13.26,,,同花顺iFinD(海口海关)
离岛免税销售,离岛免税购物件数(当月值),S004552710,万件,月,2014-06-30T00:00:00Z,28.7182,17.61,,,同花顺iFinD(海口海关)
离岛免税销售,离岛免税购物件数(当月值),S004552710,万件,月,2014-07-31T00:00:00Z,29.4574,22.08,,,同花顺iFinD(海口海关)
离岛免税销售,离岛免税购物件数(当月值),S004552710,万件,月,2014-08-31T00:00:00Z,33.81,13.76,,,同花顺iFinD(海口海关)
离岛免税销售,离岛免税购物件数(当月值),S004552710,万件,月,2014-09-30T00:00:00Z,38.5018,45.11,,,同花顺iFinD(海口海关)
离岛免税销售,离岛免税购物件数(当月值),S004552710,万件,月,2014-10-31T00:00:00Z,41.4437,18.39,,,同花顺iFinD(海口海关)
离岛免税销售,离岛免税购物件数(当月值),S004552710,万件,月,2014-11-30T00:00:00Z,49.917,26.65,,,同花顺iFinD(海口海关)
离岛免税销售,离岛免税购物件数(当月值),S004552710,万件,月,2014-12-31T00:00:00Z,55.5908,22.37,,,同花顺iFinD(海口海关)
离岛免税销售,离岛免税购物件数(当月值),S004552710,万件,月,2015-01-31T00:00:00Z,63.0022,25.17,,,同花顺iFinD(海口海关)
离岛免税销售,离岛免税购物件数(当月值),S004552710,万件,月,2015-02-28T00:00:00Z,91.7691,9.45,,,同花顺iFinD(海口海关)
离岛免税销售,离岛免税购物件数(当月值),S004552710,万件,月,2015-03-31T00:00:00Z,78.2898,55.59,,,同花顺iFinD(海口海关)
离岛免税销售,离岛免税购物件数(当月值),S004552710,万件,月,2015-04-30T00:00:00Z,50.2968,34.53,,,同花顺iFinD(海口海关)
离岛免税销售,离岛免税购物件数(当月值),S004552710,万件,月,2015-05-31T00:00:00Z,44.0666,33.04,,,同花顺iFinD(海口海关)
离岛免税销售,离岛免税购物件数(当月值),S004552710,万件,月,2015-06-30T00:00:00Z,36.8348,28.26,,,同花顺iFinD(海口海关)
离岛免税销售,离岛免税购物件数(当月值),S004552710,万件,月,2015-07-31T00:00:00Z,36.8825,25.21,,,同花顺iFinD(海口海关)
离岛免税销售,离岛免税购物件数(当月值),S004552710,万件,月,2015-08-31T00:00:00Z,44.5502,31.77,,,同花顺iFinD(海口海关)
离岛免税销售,离岛免税购物件数(当月值),S004552710,万件,月,2015-09-30T00:00:00Z,36.4353,-5.37,,,同花顺iFinD(海口海关)
离岛免税销售,离岛免税购物件数(当月值),S004552710,万件,月,2015-10-31T00:00:00Z,47.1554,13.78,,,同花顺iFinD(海口海关)
离岛免税销售,离岛免税购物件数(当月值),S004552710,万件,月,2015-11-30T00:00:00Z,54.317,8.81,,,同花顺iFinD(海口海关)
离岛免税销售,离岛免税购物件数(当月值),S004552710,万件,月,2015-12-31T00:00:00Z,65.5445,17.91,,,同花顺iFinD(海口海关)
离岛免税销售,离岛免税购物件数(当月值),S004552710,万件,月,2016-01-31T00:00:00Z,65.3863,3.78,,,同花顺iFinD(海口海关)
离岛免税销售,离岛免税购物件数(当月值),S004552710,万件,月,2016-02-29T00:00:00Z,113.5667,23.75,,,同花顺iFinD(海口海关)
离岛免税销售,离岛免税购物件数(当月值),S004552710,万件,月,2016-03-31T00:00:00Z,67.8897,-13.28,,,同花顺iFinD(海口海关)
离岛免税销售,离岛免税购物件数(当月值),S004552710,万件,月,2016-04-30T00:00:00Z,52.6193,4.62,,,同花顺iFinD(海口海关)
离岛免税销售,离岛免税购物件数(当月值),S004552710,万件,月,2016-05-31T00:00:00Z,47.1148,6.92,,,同花顺iFinD(海口海关)
离岛免税销售,离岛免税购物件数(当月值),S004552710,万件,月,2016-06-30T00:00:00Z,46.2115,25.46,,,同花顺iFinD(海口海关)
离岛免税销售,离岛免税购物件数(当月值),S004552710,万件,月,2016-07-31T00:00:00Z,43.7188,18.54,,,同花顺iFinD(海口海关)
离岛免税销售,离岛免税购物件数(当月值),S004552710,万件,月,2016-08-31T00:00:00Z,48.2442,8.29,,,同花顺iFinD(海口海关)
离岛免税销售,离岛免税购物件数(当月值),S004552710,万件,月,2016-09-30T00:00:00Z,46.6076,27.92,,,同花顺iFinD(海口海关)
离岛免税销售,离岛免税购物件数(当月值),S004552710,万件,月,2016-10-31T00:00:00Z,57.9723,22.94,,,同花顺iFinD(海口海关)
离岛免税销售,离岛免税购物件数(当月值),S004552710,万件,月,2016-11-30T00:00:00Z,64.3639,18.5,,,同花顺iFinD(海口海关)
离岛免税销售,离岛免税购物件数(当月值),S004552710,万件,月,2016-12-31T00:00:00Z,86.9077,32.59,,,同花顺iFinD(海口海关)
离岛免税销售,离岛免税购物件数(当月值),S004552710,万件,月,2017-01-31T00:00:00Z,89.825,37.38,,,同花顺iFinD(海口海关)
离岛免税销售,离岛免税购物件数(当月值),S004552710,万件,月,2017-02-28T00:00:00Z,136.4132,20.12,,,同花顺iFinD(海口海关)
离岛免税销售,离岛免税购物件数(当月值),S004552710,万件,月,2017-03-31T00:00:00Z,91.2365,34.39,,,同花顺iFinD(海口海关)
离岛免税销售,离岛免税购物件数(当月值),S004552710,万件,月,2017-04-30T00:00:00Z,74.0726,40.77,,,同花顺iFinD(海口海关)
离岛免税销售,离岛免税购物件数(当月值),S004552710,万件,月,2017-05-31T00:00:00Z,73.1386,55.23,,,同花顺iFinD(海口海关)
离岛免税销售,离岛免税购物件数(当月值),S004552710,万件,月,2017-06-30T00:00:00Z,67.5297,46.13,,,同花顺iFinD(海口海关)
离岛免税销售,离岛免税购物件数(当月值),S004552710,万件,月,2017-07-31T00:00:00Z,63.7726,45.87,,,同花顺iFinD(海口海关)
离岛免税销售,离岛免税购物件数(当月值),S004552710,万件,月,2017-08-31T00:00:00Z,79.8956,65.61,,,同花顺iFinD(海口海关)
离岛免税销售,离岛免税购物件数(当月值),S004552710,万件,月,2017-09-30T00:00:00Z,76.8349,64.85,,,同花顺iFinD(海口海关)
离岛免税销售,离岛免税购物件数(当月值),S004552710,万件,月,2017-10-31T00:00:00Z,87.246,50.5,,,同花顺iFinD(海口海关)
离岛免税销售,离岛免税购物件数(当月值),S004552710,万件,月,2017-11-30T00:00:00Z,92.3757,43.52,,,同花顺iFinD(海口海关)
离岛免税销售,离岛免税购物件数(当月值),S004552710,万件,月,2017-12-31T00:00:00Z,117.6708,35.4,,,同花顺iFinD(海口海关)
离岛免税销售,离岛免税购物件数(当月值),S004552710,万件,月,2018-01-31T00:00:00Z,113.1763,26,,,同花顺iFinD(海口海关)
离岛免税销售,离岛免税购物件数(当月值),S004552710,万件,月,2018-02-28T00:00:00Z,165.0474,20.99,,,同花顺iFinD(海口海关)
离岛免税销售,离岛免税购物件数(当月值),S004552710,万件,月,2018-03-31T00:00:00Z,133.2987,46.1,,,同花顺iFinD(海口海关)
离岛免税销售,离岛免税购物件数(当月值),S004552710,万件,月,2018-04-30T00:00:00Z,104.811,41.5,,,同花顺iFinD(海口海关)
离岛免税销售,离岛免税购物件数(当月值),S004552710,万件,月,2018-05-31T00:00:00Z,99.3363,35.82,,,同花顺iFinD(海口海关)
离岛免税销售,离岛免税购物件数(当月值),S004552710,万件,月,2018-06-30T00:00:00Z,87.7383,29.93,,,同花顺iFinD(海口海关)
离岛免税销售,离岛免税购物件数(当月值),S004552710,万件,月,2018-07-31T00:00:00Z,80.6916,26.53,,,同花顺iFinD(海口海关)
离岛免税销售,离岛免税购物件数(当月值),S004552710,万件,月,2018-08-31T00:00:00Z,106.2977,33.05,,,同花顺iFinD(海口海关)
离岛免税销售,离岛免税购物件数(当月值),S004552710,万件,月,2018-09-30T00:00:00Z,97.0839,26.35,,,同花顺iFinD(海口海关)
离岛免税销售,离岛免税购物件数(当月值),S004552710,万件,月,2018-10-31T00:00:00Z,106.9961,22.64,,,同花顺iFinD(海口海关)
离岛免税销售,离岛免税购物件数(当月值),S004552710,万件,月,2018-11-30T00:00:00Z,102.3789,10.83,,,同花顺iFinD(海口海关)
离岛免税销售,离岛免税购物件数(当月值),S004552710,万件,月,2018-12-31T00:00:00Z,128.4058,9.12,,,同花顺iFinD(海口海关)
离岛免税销售,离岛免税购物件数(当月值),S004552710,万件,月,2019-01-31T00:00:00Z,143.9731,27.21,,,同花顺iFinD(海口海关)
离岛免税销售,离岛免税购物件数(当月值),S004552710,万件,月,2019-02-28T00:00:00Z,241.0116,46.03,,,同花顺iFinD(海口海关)
离岛免税销售,离岛免税购物件数(当月值),S004552710,万件,月,2019-03-31T00:00:00Z,163.0546,22.32,,,同花顺iFinD(海口海关)
离岛免税销售,离岛免税购物件数(当月值),S004552710,万件,月,2019-04-30T00:00:00Z,121.8064,16.22,,,同花顺iFinD(海口海关)
离岛免税销售,离岛免税购物件数(当月值),S004552710,万件,月,2019-05-31T00:00:00Z,119.3229,20.12,,,同花顺iFinD(海口海关)
离岛免税销售,离岛免税购物件数(当月值),S004552710,万件,月,2019-06-30T00:00:00Z,108.0548,23.16,,,同花顺iFinD(海口海关)
离岛免税销售,离岛免税购物件数(当月值),S004552710,万件,月,2019-07-31T00:00:00Z,109.951,36.26,,,同花顺iFinD(海口海关)
离岛免税销售,离岛免税购物件数(当月值),S004552710,万件,月,2019-08-31T00:00:00Z,137.6378,29.48,,,同花顺iFinD(海口海关)
离岛免税销售,离岛免税购物件数(当月值),S004552710,万件,月,2019-09-30T00:00:00Z,130.9444,34.88,,,同花顺iFinD(海口海关)
离岛免税销售,离岛免税购物件数(当月值),S004552710,万件,月,2019-10-31T00:00:00Z,158.3959,48.04,,,同花顺iFinD(海口海关)
离岛免税销售,离岛免税购物件数(当月值),S004552710,万件,月,2019-11-30T00:00:00Z,173.0251,69,,,同花顺iFinD(海口海关)
离岛免税销售,离岛免税购物件数(当月值),S004552710,万件,月,2019-12-31T00:00:00Z,212.7613,65.69,,,同花顺iFinD(海口海关)
离岛免税销售,离岛免税购物件数(当月值),S004552710,万件,月,2020-01-31T00:00:00Z,207.0482,43.81,,,同花顺iFinD(海口海关)
离岛免税销售,离岛免税购物件数(当月值),S004552710,万件,月,2020-02-29T00:00:00Z,67.3021,-72.08,,,同花顺iFinD(海口海关)
离岛免税销售,离岛免税购物件数(当月值),S004552710,万件,月,2020-03-31T00:00:00Z,140.6853,-13.72,,,同花顺iFinD(海口海关)
离岛免税销售,离岛免税购物件数(当月值),S004552710,万件,月,2020-04-30T00:00:00Z,182.9584,50.2,,,同花顺iFinD(海口海关)
离岛免税销售,离岛免税购物件数(当月值),S004552710,万件,月,2020-05-31T00:00:00Z,212.2302,77.86,,,同花顺iFinD(海口海关)
离岛免税销售,离岛免税购物件数(当月值),S004552710,万件,月,2020-06-30T00:00:00Z,218.0324,101.78,,,同花顺iFinD(海口海关)
离岛免税销售,离岛免税购物件数(当月值),S004552710,万件,月,2020-07-31T00:00:00Z,287.6715,161.64,,,同花顺iFinD(海口海关)
离岛免税销售,离岛免税购物件数(当月值),S004552710,万件,月,2020-08-31T00:00:00Z,324.614,135.85,,,同花顺iFinD(海口海关)
离岛免税销售,离岛免税购物件数(当月值),S004552710,万件,月,2020-09-30T00:00:00Z,322.1701,146.04,,,同花顺iFinD(海口海关)
离岛免税销售,离岛免税购物件数(当月值),S004552710,万件,月,2020-10-31T00:00:00Z,352.4438,122.51,,,同花顺iFinD(海口海关)
离岛免税销售,离岛免税购物件数(当月值),S004552710,万件,月,2020-11-30T00:00:00Z,517.2117,198.92,,,同花顺iFinD(海口海关)
离岛免税销售,离岛免税购物件数(当月值),S004552710,万件,月,2020-12-31T00:00:00Z,577.8796,171.61,,,同花顺iFinD(海口海关)
离岛免税销售,离岛免税购物件数(当月值),S004552710,万件,月,2021-01-31T00:00:00Z,510.6048,146.61,,,同花顺iFinD(海口海关)
离岛免税销售,离岛免税购物件数(当月值),S004552710,万件,月,2021-02-28T00:00:00Z,544.6397,709.25,,,同花顺iFinD(海口海关)
离岛免税销售,离岛免税购物件数(当月值),S004552710,万件,月,2021-03-31T00:00:00Z,719.6584,411.54,,,同花顺iFinD(海口海关)
离岛免税销售,离岛免税购物件数(当月值),S004552710,万件,月,2021-04-30T00:00:00Z,679.9097,271.62,,,同花顺iFinD(海口海关)
离岛免税销售,离岛免税购物件数(当月值),S004552710,万件,月,2021-05-31T00:00:00Z,714.0126,236.43,,,同花顺iFinD(海口海关)
离岛免税销售,离岛免税购物件数(当月值),S004552710,万件,月,2021-06-30T00:00:00Z,521.1329,139.02,,,同花顺iFinD(海口海关)
离岛免税销售,离岛免税购物件数(当月值),S004552710,万件,月,2021-07-31T00:00:00Z,536.1749,86.38,,,同花顺iFinD(海口海关)
离岛免税销售,离岛免税购物件数(当月值),S004552710,万件,月,2021-08-31T00:00:00Z,270.6437,-16.63,,,同花顺iFinD(海口海关)
离岛免税销售,离岛免税购物件数(当月值),S004552710,万件,月,2021-09-30T00:00:00Z,575.8515,78.74,,,同花顺iFinD(海口海关)
离岛免税销售,离岛免税购物件数(当月值),S004552710,万件,月,2021-10-31T00:00:00Z,748.122,112.27,,,同花顺iFinD(海口海关)
离岛免税销售,离岛免税购物件数(当月值),S004552710,万件,月,2021-11-30T00:00:00Z,537.8044,3.98,,,同花顺iFinD(海口海关)
离岛免税销售,离岛免税购物件数(当月值),S004552710,万件,月,2021-12-31T00:00:00Z,686.8475,18.86,,,同花顺iFinD(海口海关)
离岛免税销售,离岛免税购物件数(当月值),S004552710,万件,月,2022-01-31T00:00:00Z,736.825,44.3,,,同花顺iFinD(海口海关)
离岛免税销售,离岛免税购物件数(当月值),S004552710,万件,月,2022-02-28T00:00:00Z,852.5691,56.54,,,同花顺iFinD(海口海关)
离岛免税销售,离岛免税购物件数(当月值),S004552710,万件,月,2022-03-31T00:00:00Z,437.8802,-39.15,,,同花顺iFinD(海口海关)
离岛免税销售,离岛免税购物件数(当月值),S004552710,万件,月,2022-04-30T00:00:00Z,174.0343,-74.4,,,同花顺iFinD(海口海关)
离岛免税销售,离岛免税购物件数(当月值),S004552710,万件,月,2022-05-31T00:00:00Z,344.323,-51.78,,,同花顺iFinD(海口海关)
离岛免税销售,离岛免税购物件数(当月值),S004552710,万件,月,2022-06-30T00:00:00Z,504.9381,-3.11,,,同花顺iFinD(海口海关)
离岛免税销售,离岛免税购物件数(当月值),S004552710,万件,月,2022-07-31T00:00:00Z,520.7108,-2.88,,,同花顺iFinD(海口海关)
离岛免税销售,离岛免税购物件数(当月值),S004552710,万件,月,2022-08-31T00:00:00Z,134.1986,-50.42,,,同花顺iFinD(海口海关)
离岛免税销售,离岛免税购物件数(当月值),S004552710,万件,月,2022-09-30T00:00:00Z,183.3739,-68.16,,,同花顺iFinD(海口海关)
离岛免税销售,离岛免税购物件数(当月值),S004552710,万件,月,2022-10-31T00:00:00Z,338.9249,-54.7,,,同花顺iFinD(海口海关)
离岛免税销售,离岛免税购物件数(当月值),S004552710,万件,月,2022-11-30T00:00:00Z,366.4203,-31.87,,,同花顺iFinD(海口海关)
离岛免税销售,离岛免税购物件数(当月值),S004552710,万件,月,2022-12-31T00:00:00Z,349.8966,-49.06,,,同花顺iFinD(海口海关)
离岛免税销售,离岛免税购物件数(当月值),S004552710,万件,月,2023-01-31T00:00:00Z,711.1303,-3.49,,,同花顺iFinD(海口海关)
离岛免税销售,离岛免税购物件数(当月值),S004552710,万件,月,2023-02-28T00:00:00Z,708.4475,-16.9,,,同花顺iFinD(海口海关)
离岛免税销售,离岛免税购物件数(当月值),S004552710,万件,月,2023-03-31T00:00:00Z,548.06,25.16,,,同花顺iFinD(海口海关)
离岛免税销售,离岛免税购物件数(当月值),S004552710,万件,月,2023-04-30T00:00:00Z,474.0418,172.38,,,同花顺iFinD(海口海关)
离岛免税销售,离岛免税购物件数(当月值),S004552710,万件,月,2023-05-31T00:00:00Z,375.2077,8.97,,,同花顺iFinD(海口海关)
离岛免税销售,离岛免税购物件数(当月值),S004552710,万件,月,2023-06-30T00:00:00Z,269.362,-46.65,,,同花顺iFinD(海口海关)
离岛免税销售,离岛免税购物件数(当月值),S004552710,万件,月,2023-07-31T00:00:00Z,317.231,-39.08,,,同花顺iFinD(海口海关)
离岛免税销售,离岛免税购物件数(当月值),S004552710,万件,月,2023-08-31T00:00:00Z,400.6819,198.57,,,同花顺iFinD(海口海关)
离岛免税销售,离岛免税购物件数(当月值),S004552710,万件,月,2023-09-30T00:00:00Z,345.3894,88.35,,,同花顺iFinD(海口海关)
离岛免税销售,离岛免税购物件数(当月值),S004552710,万件,月,2023-10-31T00:00:00Z,377.7785,11.46,,,同花顺iFinD(海口海关)
离岛免税销售,离岛免税购物件数(当月值),S004552710,万件,月,2023-11-30T00:00:00Z,272.1567,-25.73,,,同花顺iFinD(海口海关)
离岛免税销售,离岛免税购物件数(当月值),S004552710,万件,月,2023-12-31T00:00:00Z,330.9512,-5.41,,,同花顺iFinD(海口海关)
离岛免税销售,离岛免税购物件数(当月值),S004552710,万件,月,2024-01-31T00:00:00Z,390.4965,-45.09,,,同花顺iFinD(海口海关)
离岛免税销售,离岛免税购物件数(当月值),S004552710,万件,月,2024-02-29T00:00:00Z,590.755,-16.61,,,同花顺iFinD(海口海关)
离岛免税销售,离岛免税购物件数(当月值),S004552710,万件,月,2024-03-31T00:00:00Z,341.1466,-37.75,,,同花顺iFinD(海口海关)
离岛免税销售,离岛免税购物件数(当月值),S004552710,万件,月,2024-04-30T00:00:00Z,240.1427,-49.34,,,同花顺iFinD(海口海关)
离岛免税销售,离岛免税购物件数(当月值),S004552710,万件,月,2024-05-31T00:00:00Z,230.8805,-38.47,,,同花顺iFinD(海口海关)
离岛免税销售,离岛免税购物件数(当月值),S004552710,万件,月,2024-06-30T00:00:00Z,183.7648,-31.78,,,同花顺iFinD(海口海关)
离岛免税销售,离岛免税购物件数(当月值),S004552710,万件,月,2024-07-31T00:00:00Z,205.9437,-35.08,,,同花顺iFinD(海口海关)
离岛免税销售,离岛免税购物件数(当月值),S004552710,万件,月,2024-08-31T00:00:00Z,252.6712,-36.94,,,同花顺iFinD(海口海关)
离岛免税销售,离岛免税购物件数(当月值),S004552710,万件,月,2024-09-30T00:00:00Z,165.9,-51.97,,,同花顺iFinD(海口海关)
离岛免税销售,离岛免税购物件数(当月值),S004552710,万件,月,2024-10-31T00:00:00Z,222.4899,-41.11,,,同花顺iFinD(海口海关)
离岛免税销售,离岛免税购物件数(当月值),S004552710,万件,月,2024-11-30T00:00:00Z,211.1247,-22.43,,,同花顺iFinD(海口海关)
离岛免税销售,离岛免税购物件数(当月值),S004552710,万件,月,2024-12-31T00:00:00Z,272.9758,-17.52,,,同花顺iFinD(海口海关)
离岛免税销售,离岛免税购物件数(当月值),S004552710,万件,月,2025-01-31T00:00:00Z,295.3572,-24.36,,,同花顺iFinD(海口海关)
离岛免税销售,离岛免税购物件数(当月值),S004552710,万件,月,2025-02-28T00:00:00Z,433.3903,-26.64,,,同花顺iFinD(海口海关)
离岛免税销售,离岛免税购物件数(当月值),S004552710,万件,月,2025-03-31T00:00:00Z,251.6408,-26.24,,,同花顺iFinD(海口海关)
离岛免税销售,离岛免税购物件数(当月值),S004552710,万件,月,2025-04-30T00:00:00Z,189.5627,-21.06,,,同花顺iFinD(海口海关)
离岛免税销售,离岛免税购物件数(当月值),S004552710,万件,月,2025-05-31T00:00:00Z,177.2969,-23.21,,,同花顺iFinD(海口海关)
离岛免税销售,离岛免税购物件数(当月值),S004552710,万件,月,2025-06-30T00:00:00Z,140.2281,-23.69,,,同花顺iFinD(海口海关)
离岛免税销售,离岛免税购物件数(当月值),S004552710,万件,月,2025-07-31T00:00:00Z,163.4615,-20.63,,,同花顺iFinD(海口海关)
离岛免税销售,离岛免税购物件数(当月值),S004552710,万件,月,2025-08-31T00:00:00Z,216.1332,-14.46,,,同花顺iFinD(海口海关)
离岛免税销售,离岛免税购物件数(当月值),S004552710,万件,月,2025-09-30T00:00:00Z,149.7046,-9.76,,,同花顺iFinD(海口海关)
离岛免税销售,离岛免税购物件数(当月值),S004552710,万件,月,2025-10-31T00:00:00Z,197.3994,-11.28,,,同花顺iFinD(海口海关)
离岛免税销售,离岛免税购物件数(当月值),S004552710,万件,月,2025-11-30T00:00:00Z,190.4894,-9.77,,,同花顺iFinD(海口海关)
离岛免税销售,离岛免税购物件数(当月值),S004552710,万件,月,2025-12-31T00:00:00Z,262.5539,-3.82,,,同花顺iFinD(海口海关)
离岛免税销售,离岛免税购物件数(当月值),S004552710,万件,月,2026-01-31T00:00:00Z,336.6639,13.99,,,同花顺iFinD(海口海关)
离岛免税销售,离岛免税购物件数(当月值),S004552710,万件,月,2026-02-28T00:00:00Z,464.569,7.19,,,同花顺iFinD(海口海关)
离岛免税销售,离岛免税购物件数(当月值),S004552710,万件,月,2026-03-31T00:00:00Z,296.5026,17.83,,,同花顺iFinD(海口海关)
离岛免税销售,离岛免税购物件数(当月值),S004552710,万件,月,2026-04-30T00:00:00Z,194.3057,2.5,,,同花顺iFinD(海口海关)
离岛免税销售,离岛免税购物件数(当月值),S004552710,万件,月,2026-05-31T00:00:00Z,168.6376,-4.88,,,同花顺iFinD(海口海关)
离岛免税销售,离岛免税购物件数(当月值),S004552710,万件,月,2026-06-30T00:00:00Z,133.3221,-4.92,,,同花顺iFinD(海口海关)
离岛免税销售,离岛免税购物件数(当月值),S004552710,万件,月,2026-07-31T00:00:00Z,168.8263,3.28,,,同花顺iFinD(海口海关)
客流与旅游,海南接待游客总人数(当月值),Q005531432,万人次,月,2014-12-31T00:00:00Z,539.16,,,,同花顺iFinD(海南省统计局)
客流与旅游,海南接待游客总人数(当月值),Q005531432,万人次,月,2015-01-31T00:00:00Z,434.24,,,,同花顺iFinD(海南省统计局)
客流与旅游,海南接待游客总人数(当月值),Q005531432,万人次,月,2015-02-28T00:00:00Z,566.41,,,,同花顺iFinD(海南省统计局)
客流与旅游,海南接待游客总人数(当月值),Q005531432,万人次,月,2015-03-31T00:00:00Z,419.3,,,,同花顺iFinD(海南省统计局)
客流与旅游,海南接待游客总人数(当月值),Q005531432,万人次,月,2015-04-30T00:00:00Z,366.2,,,,同花顺iFinD(海南省统计局)
客流与旅游,海南接待游客总人数(当月值),Q005531432,万人次,月,2015-05-31T00:00:00Z,380.07,,,,同花顺iFinD(海南省统计局)
客流与旅游,海南接待游客总人数(当月值),Q005531432,万人次,月,2015-06-30T00:00:00Z,324.29,,,,同花顺iFinD(海南省统计局)
客流与旅游,海南接待游客总人数(当月值),Q005531432,万人次,月,2015-07-31T00:00:00Z,373.26,,,,同花顺iFinD(海南省统计局)
客流与旅游,海南接待游客总人数(当月值),Q005531432,万人次,月,2015-08-31T00:00:00Z,406.55,,,,同花顺iFinD(海南省统计局)
客流与旅游,海南接待游客总人数(当月值),Q005531432,万人次,月,2015-09-30T00:00:00Z,369.66,,,,同花顺iFinD(海南省统计局)
客流与旅游,海南接待游客总人数(当月值),Q005531432,万人次,月,2015-10-31T00:00:00Z,532.13,,,,同花顺iFinD(海南省统计局)
客流与旅游,海南接待游客总人数(当月值),Q005531432,万人次,月,2015-11-30T00:00:00Z,554.31,,,,同花顺iFinD(海南省统计局)
客流与旅游,海南接待游客总人数(当月值),Q005531432,万人次,月,2015-12-31T00:00:00Z,609.27,13,,,同花顺iFinD(海南省统计局)
客流与旅游,海南接待游客总人数(当月值),Q005531432,万人次,月,2016-01-31T00:00:00Z,489.12,12.64,,,同花顺iFinD(海南省统计局)
客流与旅游,海南接待游客总人数(当月值),Q005531432,万人次,月,2016-02-29T00:00:00Z,650.19,14.79,,,同花顺iFinD(海南省统计局)
客流与旅游,海南接待游客总人数(当月值),Q005531432,万人次,月,2016-03-31T00:00:00Z,471.38,12.42,,,同花顺iFinD(海南省统计局)
客流与旅游,海南接待游客总人数(当月值),Q005531432,万人次,月,2016-04-30T00:00:00Z,403.38,10.15,,,同花顺iFinD(海南省统计局)
客流与旅游,海南接待游客总人数(当月值),Q005531432,万人次,月,2016-05-31T00:00:00Z,418.29,10.06,,,同花顺iFinD(海南省统计局)
客流与旅游,海南接待游客总人数(当月值),Q005531432,万人次,月,2016-06-30T00:00:00Z,363.95,12.23,,,同花顺iFinD(海南省统计局)
客流与旅游,海南接待游客总人数(当月值),Q005531432,万人次,月,2016-07-31T00:00:00Z,413.93,10.9,,,同花顺iFinD(海南省统计局)
客流与旅游,海南接待游客总人数(当月值),Q005531432,万人次,月,2016-08-31T00:00:00Z,448.92,10.42,,,同花顺iFinD(海南省统计局)
客流与旅游,海南接待游客总人数(当月值),Q005531432,万人次,月,2016-09-30T00:00:00Z,417.75,13.01,,,同花顺iFinD(海南省统计局)
客流与旅游,海南接待游客总人数(当月值),Q005531432,万人次,月,2016-10-31T00:00:00Z,676.4,27.11,,,同花顺iFinD(海南省统计局)
客流与旅游,海南接待游客总人数(当月值),Q005531432,万人次,月,2016-11-30T00:00:00Z,611.09,10.24,,,同花顺iFinD(海南省统计局)
客流与旅游,海南接待游客总人数(当月值),Q005531432,万人次,月,2016-12-31T00:00:00Z,659.27,8.21,,,同花顺iFinD(海南省统计局)
客流与旅游,海南接待游客总人数(当月值),Q005531432,万人次,月,2017-01-31T00:00:00Z,652.28,33.36,,,同花顺iFinD(海南省统计局)
客流与旅游,海南接待游客总人数(当月值),Q005531432,万人次,月,2017-02-28T00:00:00Z,628.7,-3.31,,,同花顺iFinD(海南省统计局)
客流与旅游,海南接待游客总人数(当月值),Q005531432,万人次,月,2017-03-31T00:00:00Z,528.44,12.1,,,同花顺iFinD(海南省统计局)
客流与旅游,海南接待游客总人数(当月值),Q005531432,万人次,月,2017-04-30T00:00:00Z,452.06,12.07,,,同花顺iFinD(海南省统计局)
客流与旅游,海南接待游客总人数(当月值),Q005531432,万人次,月,2017-05-31T00:00:00Z,473.39,13.17,,,同花顺iFinD(海南省统计局)
客流与旅游,海南接待游客总人数(当月值),Q005531432,万人次,月,2017-06-30T00:00:00Z,410.85,12.89,,,同花顺iFinD(海南省统计局)
客流与旅游,海南接待游客总人数(当月值),Q005531432,万人次,月,2017-07-31T00:00:00Z,463.38,11.95,,,同花顺iFinD(海南省统计局)
客流与旅游,海南接待游客总人数(当月值),Q005531432,万人次,月,2017-08-31T00:00:00Z,505.23,12.54,,,同花顺iFinD(海南省统计局)
客流与旅游,海南接待游客总人数(当月值),Q005531432,万人次,月,2017-09-30T00:00:00Z,469.34,12.35,,,同花顺iFinD(海南省统计局)
客流与旅游,海南接待游客总人数(当月值),Q005531432,万人次,月,2017-10-31T00:00:00Z,761.07,12.52,,,同花顺iFinD(海南省统计局)
客流与旅游,海南接待游客总人数(当月值),Q005531432,万人次,月,2017-11-30T00:00:00Z,671.39,9.87,,,同花顺iFinD(海南省统计局)
客流与旅游,海南接待游客总人数(当月值),Q005531432,万人次,月,2017-12-31T00:00:00Z,728.86,10.56,,,同花顺iFinD(海南省统计局)
客流与旅游,海南接待游客总人数(当月值),Q005531432,万人次,月,2018-01-31T00:00:00Z,625.51,-4.1,,,同花顺iFinD(海南省统计局)
客流与旅游,海南接待游客总人数(当月值),Q005531432,万人次,月,2018-02-28T00:00:00Z,908.23,44.46,,,同花顺iFinD(海南省统计局)
客流与旅游,海南接待游客总人数(当月值),Q005531432,万人次,月,2018-03-31T00:00:00Z,589.01,11.46,,,同花顺iFinD(海南省统计局)
客流与旅游,海南接待游客总人数(当月值),Q005531432,万人次,月,2018-04-30T00:00:00Z,506.95,12.14,,,同花顺iFinD(海南省统计局)
客流与旅游,海南接待游客总人数(当月值),Q005531432,万人次,月,2018-05-31T00:00:00Z,504.73,6.62,,,同花顺iFinD(海南省统计局)
客流与旅游,海南接待游客总人数(当月值),Q005531432,万人次,月,2018-06-30T00:00:00Z,472.07,14.9,,,同花顺iFinD(海南省统计局)
客流与旅游,海南接待游客总人数(当月值),Q005531432,万人次,月,2018-07-31T00:00:00Z,510.58,10.19,,,同花顺iFinD(海南省统计局)
客流与旅游,海南接待游客总人数(当月值),Q005531432,万人次,月,2018-08-31T00:00:00Z,547.36,8.34,,,同花顺iFinD(海南省统计局)
客流与旅游,海南接待游客总人数(当月值),Q005531432,万人次,月,2018-09-30T00:00:00Z,533.99,13.77,,,同花顺iFinD(海南省统计局)
客流与旅游,海南接待游客总人数(当月值),Q005531432,万人次,月,2018-10-31T00:00:00Z,842.47,10.7,,,同花顺iFinD(海南省统计局)
客流与旅游,海南接待游客总人数(当月值),Q005531432,万人次,月,2018-11-30T00:00:00Z,754.05,12.31,,,同花顺iFinD(海南省统计局)
客流与旅游,海南接待游客总人数(当月值),Q005531432,万人次,月,2018-12-31T00:00:00Z,799.08,9.63,,,同花顺iFinD(海南省统计局)
客流与旅游,海南接待游客总人数(当月值),Q005531432,万人次,月,2019-01-31T00:00:00Z,654.55,4.64,,,同花顺iFinD(海南省统计局)
客流与旅游,海南接待游客总人数(当月值),Q005531432,万人次,月,2019-02-28T00:00:00Z,961.85,5.9,,,同花顺iFinD(海南省统计局)
客流与旅游,海南接待游客总人数(当月值),Q005531432,万人次,月,2019-03-31T00:00:00Z,625.25,6.15,,,同花顺iFinD(海南省统计局)
客流与旅游,海南接待游客总人数(当月值),Q005531432,万人次,月,2019-04-30T00:00:00Z,543.19,7.15,,,同花顺iFinD(海南省统计局)
客流与旅游,海南接待游客总人数(当月值),Q005531432,万人次,月,2019-05-31T00:00:00Z,571.39,13.21,,,同花顺iFinD(海南省统计局)
客流与旅游,海南接待游客总人数(当月值),Q005531432,万人次,月,2019-06-30T00:00:00Z,500.75,6.08,,,同花顺iFinD(海南省统计局)
客流与旅游,海南接待游客总人数(当月值),Q005531432,万人次,月,2019-07-31T00:00:00Z,559.71,9.62,,,同花顺iFinD(海南省统计局)
客流与旅游,海南接待游客总人数(当月值),Q005531432,万人次,月,2019-08-31T00:00:00Z,593.86,8.5,,,同花顺iFinD(海南省统计局)
客流与旅游,海南接待游客总人数(当月值),Q005531432,万人次,月,2019-09-30T00:00:00Z,590.13,10.51,,,同花顺iFinD(海南省统计局)
客流与旅游,海南接待游客总人数(当月值),Q005531432,万人次,月,2019-10-31T00:00:00Z,932.39,10.67,,,同花顺iFinD(海南省统计局)
客流与旅游,海南接待游客总人数(当月值),Q005531432,万人次,月,2019-11-30T00:00:00Z,856.97,13.65,,,同花顺iFinD(海南省统计局)
客流与旅游,海南接待游客总人数(当月值),Q005531432,万人次,月,2019-12-31T00:00:00Z,921.16,15.28,,,同花顺iFinD(海南省统计局)
客流与旅游,海南接待游客总人数(当月值),Q005531432,万人次,月,2020-01-31T00:00:00Z,503.77,-23.04,,,同花顺iFinD(海南省统计局)
客流与旅游,海南接待游客总人数(当月值),Q005531432,万人次,月,2020-02-29T00:00:00Z,128.75,-86.61,,,同花顺iFinD(海南省统计局)
客流与旅游,海南接待游客总人数(当月值),Q005531432,万人次,月,2020-03-31T00:00:00Z,222.03,-64.49,,,同花顺iFinD(海南省统计局)
客流与旅游,海南接待游客总人数(当月值),Q005531432,万人次,月,2020-04-30T00:00:00Z,304.43,-43.96,,,同花顺iFinD(海南省统计局)
客流与旅游,海南接待游客总人数(当月值),Q005531432,万人次,月,2020-05-31T00:00:00Z,411.01,-28.07,,,同花顺iFinD(海南省统计局)
客流与旅游,海南接待游客总人数(当月值),Q005531432,万人次,月,2020-06-30T00:00:00Z,396.44,-20.83,,,同花顺iFinD(海南省统计局)
客流与旅游,海南接待游客总人数(当月值),Q005531432,万人次,月,2020-07-31T00:00:00Z,503.12,-10.11,,,同花顺iFinD(海南省统计局)
客流与旅游,海南接待游客总人数(当月值),Q005531432,万人次,月,2020-08-31T00:00:00Z,584.5,-1.58,,,同花顺iFinD(海南省统计局)
客流与旅游,海南接待游客总人数(当月值),Q005531432,万人次,月,2020-09-30T00:00:00Z,592.03,0.32,,,同花顺iFinD(海南省统计局)
客流与旅游,海南接待游客总人数(当月值),Q005531432,万人次,月,2020-10-31T00:00:00Z,960.84,3.05,,,同花顺iFinD(海南省统计局)
客流与旅游,海南接待游客总人数(当月值),Q005531432,万人次,月,2020-11-30T00:00:00Z,887.46,3.56,,,同花顺iFinD(海南省统计局)
客流与旅游,海南接待游客总人数(当月值),Q005531432,万人次,月,2020-12-31T00:00:00Z,957.19,3.91,,,同花顺iFinD(海南省统计局)
客流与旅游,海南接待游客总人数(当月值),Q005531432,万人次,月,2021-01-31T00:00:00Z,588.46,16.81,,,同花顺iFinD(海南省统计局)
客流与旅游,海南接待游客总人数(当月值),Q005531432,万人次,月,2021-02-28T00:00:00Z,977.99,659.6,,,同花顺iFinD(海南省统计局)
客流与旅游,海南接待游客总人数(当月值),Q005531432,万人次,月,2021-03-31T00:00:00Z,724.86,226.47,,,同花顺iFinD(海南省统计局)
客流与旅游,海南接待游客总人数(当月值),Q005531432,万人次,月,2021-04-30T00:00:00Z,715.53,135.04,,,同花顺iFinD(海南省统计局)
客流与旅游,海南接待游客总人数(当月值),Q005531432,万人次,月,2021-05-31T00:00:00Z,722.3,75.74,,,同花顺iFinD(海南省统计局)
客流与旅游,海南接待游客总人数(当月值),Q005531432,万人次,月,2021-06-30T00:00:00Z,591.95,49.32,,,同花顺iFinD(海南省统计局)
客流与旅游,海南接待游客总人数(当月值),Q005531432,万人次,月,2021-07-31T00:00:00Z,602.81,19.81,,,同花顺iFinD(海南省统计局)
客流与旅游,海南接待游客总人数(当月值),Q005531432,万人次,月,2021-08-31T00:00:00Z,334.26,-42.81,,,同花顺iFinD(海南省统计局)
客流与旅游,海南接待游客总人数(当月值),Q005531432,万人次,月,2021-09-30T00:00:00Z,501.12,-15.36,,,同花顺iFinD(海南省统计局)
客流与旅游,海南接待游客总人数(当月值),Q005531432,万人次,月,2021-10-31T00:00:00Z,851.44,-11.39,,,同花顺iFinD(海南省统计局)
客流与旅游,海南接待游客总人数(当月值),Q005531432,万人次,月,2021-11-30T00:00:00Z,675.3,-23.91,,,同花顺iFinD(海南省统计局)
客流与旅游,海南接待游客总人数(当月值),Q005531432,万人次,月,2021-12-31T00:00:00Z,814.39,-14.92,,,同花顺iFinD(海南省统计局)
客流与旅游,海南接待游客总人数(当月值),Q005531432,万人次,月,2022-01-31T00:00:00Z,665.41,13.08,,,同花顺iFinD(海南省统计局)
客流与旅游,海南接待游客总人数(当月值),Q005531432,万人次,月,2022-02-28T00:00:00Z,1103.21,12.8,,,同花顺iFinD(海南省统计局)
客流与旅游,海南接待游客总人数(当月值),Q005531432,万人次,月,2022-03-31T00:00:00Z,465.11,-35.83,,,同花顺iFinD(海南省统计局)
客流与旅游,海南接待游客总人数(当月值),Q005531432,万人次,月,2022-04-30T00:00:00Z,312.65,-56.31,,,同花顺iFinD(海南省统计局)
客流与旅游,海南接待游客总人数(当月值),Q005531432,万人次,月,2022-05-31T00:00:00Z,432.43,-40.13,,,同花顺iFinD(海南省统计局)
客流与旅游,海南接待游客总人数(当月值),Q005531432,万人次,月,2022-06-30T00:00:00Z,490.34,-17.17,,,同花顺iFinD(海南省统计局)
客流与旅游,海南接待游客总人数(当月值),Q005531432,万人次,月,2022-07-31T00:00:00Z,604.16,0.22,,,同花顺iFinD(海南省统计局)
客流与旅游,海南接待游客总人数(当月值),Q005531432,万人次,月,2022-08-31T00:00:00Z,158.2,-52.67,,,同花顺iFinD(海南省统计局)
客流与旅游,海南接待游客总人数(当月值),Q005531432,万人次,月,2022-09-30T00:00:00Z,183.79,-63.32,,,同花顺iFinD(海南省统计局)
客流与旅游,海南接待游客总人数(当月值),Q005531432,万人次,月,2022-10-31T00:00:00Z,449.67,-47.19,,,同花顺iFinD(海南省统计局)
客流与旅游,海南接待游客总人数(当月值),Q005531432,万人次,月,2022-11-30T00:00:00Z,486.35,-27.98,,,同花顺iFinD(海南省统计局)
客流与旅游,海南接待游客总人数(当月值),Q005531432,万人次,月,2022-12-31T00:00:00Z,652.69,-19.86,,,同花顺iFinD(海南省统计局)
客流与旅游,海南接待游客总人数(当月值),Q005531432,万人次,月,2023-01-31T00:00:00Z,1145,72.07,,,同花顺iFinD(海南省统计局)
客流与旅游,海南接待游客总人数(当月值),Q005531432,万人次,月,2023-02-28T00:00:00Z,859.34,-22.11,,,同花顺iFinD(海南省统计局)
客流与旅游,海南接待游客总人数(当月值),Q005531432,万人次,月,2023-03-31T00:00:00Z,732.61,57.51,,,同花顺iFinD(海南省统计局)
客流与旅游,海南接待游客总人数(当月值),Q005531432,万人次,月,2023-04-30T00:00:00Z,661.41,111.55,,,同花顺iFinD(海南省统计局)
客流与旅游,海南接待游客总人数(当月值),Q005531432,万人次,月,2023-05-31T00:00:00Z,609.85,41.03,,,同花顺iFinD(海南省统计局)
客流与旅游,海南接待游客总人数(当月值),Q005531432,万人次,月,2023-06-30T00:00:00Z,598.37,22.03,,,同花顺iFinD(海南省统计局)
客流与旅游,海南接待游客总人数(当月值),Q005531432,万人次,月,2023-07-31T00:00:00Z,646.49,7.01,,,同花顺iFinD(海南省统计局)
客流与旅游,海南接待游客总人数(当月值),Q005531432,万人次,月,2023-08-31T00:00:00Z,611.93,286.81,,,同花顺iFinD(海南省统计局)
客流与旅游,海南接待游客总人数(当月值),Q005531432,万人次,月,2023-09-30T00:00:00Z,533.34,190.19,,,同花顺iFinD(海南省统计局)
客流与旅游,海南接待游客总人数(当月值),Q005531432,万人次,月,2023-10-31T00:00:00Z,794.93,76.78,,,同花顺iFinD(海南省统计局)
客流与旅游,海南接待游客总人数(当月值),Q005531432,万人次,月,2023-11-30T00:00:00Z,818.13,68.22,,,同花顺iFinD(海南省统计局)
客流与旅游,海南接待游客总人数(当月值),Q005531432,万人次,月,2023-12-31T00:00:00Z,989.21,51.56,,,同花顺iFinD(海南省统计局)
客流与旅游,海南接待游客总人数(当月值),Q005531432,万人次,月,2024-01-31T00:00:00Z,998.32,-12.81,,,同花顺iFinD(海南省统计局)
客流与旅游,海南接待游客总人数(当月值),Q005531432,万人次,月,2024-02-29T00:00:00Z,1417.52,64.95,,,同花顺iFinD(海南省统计局)
客流与旅游,海南接待游客总人数(当月值),Q005531432,万人次,月,2024-03-31T00:00:00Z,790.3,7.87,,,同花顺iFinD(海南省统计局)
客流与旅游,海南接待游客总人数(当月值),Q005531432,万人次,月,2024-04-30T00:00:00Z,644.92,-2.49,,,同花顺iFinD(海南省统计局)
客流与旅游,海南接待游客总人数(当月值),Q005531432,万人次,月,2024-05-31T00:00:00Z,651.57,6.84,,,同花顺iFinD(海南省统计局)
客流与旅游,海南接待游客总人数(当月值),Q005531432,万人次,月,2024-06-30T00:00:00Z,606.14,1.3,,,同花顺iFinD(海南省统计局)
客流与旅游,海南接待游客总人数(当月值),Q005531432,万人次,月,2024-07-31T00:00:00Z,654.65,1.26,,,同花顺iFinD(海南省统计局)
客流与旅游,海南接待游客总人数(当月值),Q005531432,万人次,月,2024-08-31T00:00:00Z,658.28,7.57,,,同花顺iFinD(海南省统计局)
客流与旅游,海南接待游客总人数(当月值),Q005531432,万人次,月,2024-09-30T00:00:00Z,571.88,7.23,,,同花顺iFinD(海南省统计局)
客流与旅游,海南接待游客总人数(当月值),Q005531432,万人次,月,2024-10-31T00:00:00Z,851.47,7.11,,,同花顺iFinD(海南省统计局)
客流与旅游,海南接待游客总人数(当月值),Q005531432,万人次,月,2024-11-30T00:00:00Z,842.09,2.93,,,同花顺iFinD(海南省统计局)
客流与旅游,海南接待游客总人数(当月值),Q005531432,万人次,月,2024-12-31T00:00:00Z,1033.64,4.49,,,同花顺iFinD(海南省统计局)
客流与旅游,海南接待游客总人数(当月值),Q005531432,万人次,月,2025-01-31T00:00:00Z,1105.89,10.78,,,同花顺iFinD(海南省统计局)
客流与旅游,海南接待游客总人数(当月值),Q005531432,万人次,月,2025-02-28T00:00:00Z,1383.21,-2.42,,,同花顺iFinD(海南省统计局)
客流与旅游,海南接待游客总人数(当月值),Q005531432,万人次,月,2025-03-31T00:00:00Z,897.35,13.55,,,同花顺iFinD(海南省统计局)
客流与旅游,海南接待游客总人数(当月值),Q005531432,万人次,月,2025-04-30T00:00:00Z,704.44,9.23,,,同花顺iFinD(海南省统计局)
客流与旅游,海南接待游客总人数(当月值),Q005531432,万人次,月,2025-05-31T00:00:00Z,756.65,16.13,,,同花顺iFinD(海南省统计局)
客流与旅游,海南接待游客总人数(当月值),Q005531432,万人次,月,2025-06-30T00:00:00Z,673.74,11.15,,,同花顺iFinD(海南省统计局)
客流与旅游,海南接待游客总人数(当月值),Q005531432,万人次,月,2025-07-31T00:00:00Z,706.87,7.98,,,同花顺iFinD(海南省统计局)
客流与旅游,海南接待游客总人数(当月值),Q005531432,万人次,月,2025-08-31T00:00:00Z,725.11,10.15,,,同花顺iFinD(海南省统计局)
客流与旅游,海南接待游客总人数(当月值),Q005531432,万人次,月,2025-09-30T00:00:00Z,597.46,4.47,,,同花顺iFinD(海南省统计局)
客流与旅游,海南接待游客总人数(当月值),Q005531432,万人次,月,2025-10-31T00:00:00Z,942.38,10.68,,,同花顺iFinD(海南省统计局)
客流与旅游,海南接待游客总人数(当月值),Q005531432,万人次,月,2025-11-30T00:00:00Z,943.5,12.04,,,同花顺iFinD(海南省统计局)
客流与旅游,海南接待游客总人数(当月值),Q005531432,万人次,月,2025-12-31T00:00:00Z,1170.87,13.28,,,同花顺iFinD(海南省统计局)
客流与旅游,海南接待游客总人数(当月值),Q005531432,万人次,月,2026-02-28T00:00:00Z,1711.63,23.74,,,同花顺iFinD(海南省统计局)
客流与旅游,海南接待游客总人数(当月值),Q005531432,万人次,月,2026-03-31T00:00:00Z,975.75,8.74,,,同花顺iFinD(海南省统计局)
客流与旅游,海南接待过夜外国人(当月值),S002903816,万人次,月,2011-04-30T00:00:00Z,6.06,,,,同花顺iFinD(海南省统计局)
客流与旅游,海南接待过夜外国人(当月值),S002903816,万人次,月,2011-05-31T00:00:00Z,4.07,,,,同花顺iFinD(海南省统计局)
客流与旅游,海南接待过夜外国人(当月值),S002903816,万人次,月,2011-06-30T00:00:00Z,3.52,,,,同花顺iFinD(海南省统计局)
客流与旅游,海南接待过夜外国人(当月值),S002903816,万人次,月,2011-07-31T00:00:00Z,3.16,,,,同花顺iFinD(海南省统计局)
客流与旅游,海南接待过夜外国人(当月值),S002903816,万人次,月,2011-08-31T00:00:00Z,3.58,,,,同花顺iFinD(海南省统计局)
客流与旅游,海南接待过夜外国人(当月值),S002903816,万人次,月,2011-09-30T00:00:00Z,3.3,,,,同花顺iFinD(海南省统计局)
客流与旅游,海南接待过夜外国人(当月值),S002903816,万人次,月,2011-10-31T00:00:00Z,4.25,,,,同花顺iFinD(海南省统计局)
客流与旅游,海南接待过夜外国人(当月值),S002903816,万人次,月,2011-11-30T00:00:00Z,7.49,,,,同花顺iFinD(海南省统计局)
客流与旅游,海南接待过夜外国人(当月值),S002903816,万人次,月,2011-12-31T00:00:00Z,7,,,,同花顺iFinD(海南省统计局)
客流与旅游,海南接待过夜外国人(当月值),S002903816,万人次,月,2012-01-31T00:00:00Z,4.77,,,,同花顺iFinD(海南省统计局)
客流与旅游,海南接待过夜外国人(当月值),S002903816,万人次,月,2012-02-29T00:00:00Z,4.3,,,,同花顺iFinD(海南省统计局)
客流与旅游,海南接待过夜外国人(当月值),S002903816,万人次,月,2012-03-31T00:00:00Z,5.08,,,,同花顺iFinD(海南省统计局)
客流与旅游,海南接待过夜外国人(当月值),S002903816,万人次,月,2012-04-30T00:00:00Z,5.96,-1.65,,,同花顺iFinD(海南省统计局)
客流与旅游,海南接待过夜外国人(当月值),S002903816,万人次,月,2012-05-31T00:00:00Z,3.42,-15.97,,,同花顺iFinD(海南省统计局)
客流与旅游,海南接待过夜外国人(当月值),S002903816,万人次,月,2012-06-30T00:00:00Z,2.65,-24.72,,,同花顺iFinD(海南省统计局)
客流与旅游,海南接待过夜外国人(当月值),S002903816,万人次,月,2012-07-31T00:00:00Z,4.15,31.33,,,同花顺iFinD(海南省统计局)
客流与旅游,海南接待过夜外国人(当月值),S002903816,万人次,月,2012-08-31T00:00:00Z,3.23,-9.78,,,同花顺iFinD(海南省统计局)
客流与旅游,海南接待过夜外国人(当月值),S002903816,万人次,月,2012-09-30T00:00:00Z,2.78,-15.76,,,同花顺iFinD(海南省统计局)
客流与旅游,海南接待过夜外国人(当月值),S002903816,万人次,月,2012-10-31T00:00:00Z,3.64,-14.35,,,同花顺iFinD(海南省统计局)
客流与旅游,海南接待过夜外国人(当月值),S002903816,万人次,月,2012-11-30T00:00:00Z,5.19,-30.71,,,同花顺iFinD(海南省统计局)
客流与旅游,海南接待过夜外国人(当月值),S002903816,万人次,月,2012-12-31T00:00:00Z,6.8,-2.86,,,同花顺iFinD(海南省统计局)
客流与旅游,海南接待过夜外国人(当月值),S002903816,万人次,月,2013-01-31T00:00:00Z,4.84,1.47,,,同花顺iFinD(海南省统计局)
客流与旅游,海南接待过夜外国人(当月值),S002903816,万人次,月,2013-02-28T00:00:00Z,2.46,-42.79,,,同花顺iFinD(海南省统计局)
客流与旅游,海南接待过夜外国人(当月值),S002903816,万人次,月,2013-03-31T00:00:00Z,6.48,27.56,,,同花顺iFinD(海南省统计局)
客流与旅游,海南接待过夜外国人(当月值),S002903816,万人次,月,2013-04-30T00:00:00Z,8.29,39.09,,,同花顺iFinD(海南省统计局)
客流与旅游,海南接待过夜外国人(当月值),S002903816,万人次,月,2013-05-31T00:00:00Z,3.38,-1.17,,,同花顺iFinD(海南省统计局)
客流与旅游,海南接待过夜外国人(当月值),S002903816,万人次,月,2013-06-30T00:00:00Z,2.38,-10.19,,,同花顺iFinD(海南省统计局)
客流与旅游,海南接待过夜外国人(当月值),S002903816,万人次,月,2013-07-31T00:00:00Z,2.06,-50.36,,,同花顺iFinD(海南省统计局)
客流与旅游,海南接待过夜外国人(当月值),S002903816,万人次,月,2013-08-31T00:00:00Z,2.9,-10.22,,,同花顺iFinD(海南省统计局)
客流与旅游,海南接待过夜外国人(当月值),S002903816,万人次,月,2013-09-30T00:00:00Z,2.09,-24.82,,,同花顺iFinD(海南省统计局)
客流与旅游,海南接待过夜外国人(当月值),S002903816,万人次,月,2013-10-31T00:00:00Z,3.43,-5.77,,,同花顺iFinD(海南省统计局)
客流与旅游,海南接待过夜外国人(当月值),S002903816,万人次,月,2013-11-30T00:00:00Z,5.54,6.74,,,同花顺iFinD(海南省统计局)
客流与旅游,海南接待过夜外国人(当月值),S002903816,万人次,月,2013-12-31T00:00:00Z,5.96,-12.35,,,同花顺iFinD(海南省统计局)
客流与旅游,海南接待过夜外国人(当月值),S002903816,万人次,月,2014-01-31T00:00:00Z,5.85,20.87,,,同花顺iFinD(海南省统计局)
客流与旅游,海南接待过夜外国人(当月值),S002903816,万人次,月,2014-02-28T00:00:00Z,3,21.95,,,同花顺iFinD(海南省统计局)
客流与旅游,海南接待过夜外国人(当月值),S002903816,万人次,月,2014-03-31T00:00:00Z,4.81,-25.77,,,同花顺iFinD(海南省统计局)
客流与旅游,海南接待过夜外国人(当月值),S002903816,万人次,月,2014-04-30T00:00:00Z,3.85,-53.56,,,同花顺iFinD(海南省统计局)
客流与旅游,海南接待过夜外国人(当月值),S002903816,万人次,月,2014-05-31T00:00:00Z,3.2,-5.33,,,同花顺iFinD(海南省统计局)
客流与旅游,海南接待过夜外国人(当月值),S002903816,万人次,月,2014-06-30T00:00:00Z,2.67,12.18,,,同花顺iFinD(海南省统计局)
客流与旅游,海南接待过夜外国人(当月值),S002903816,万人次,月,2014-07-31T00:00:00Z,2.25,9.22,,,同花顺iFinD(海南省统计局)
客流与旅游,海南接待过夜外国人(当月值),S002903816,万人次,月,2014-08-31T00:00:00Z,2.55,-12.07,,,同花顺iFinD(海南省统计局)
客流与旅游,海南接待过夜外国人(当月值),S002903816,万人次,月,2014-09-30T00:00:00Z,2.81,34.45,,,同花顺iFinD(海南省统计局)
客流与旅游,海南接待过夜外国人(当月值),S002903816,万人次,月,2014-10-31T00:00:00Z,3.52,2.62,,,同花顺iFinD(海南省统计局)
客流与旅游,海南接待过夜外国人(当月值),S002903816,万人次,月,2014-11-30T00:00:00Z,3.57,-35.56,,,同花顺iFinD(海南省统计局)
客流与旅游,海南接待过夜外国人(当月值),S002903816,万人次,月,2014-12-31T00:00:00Z,4.04,-32.21,,,同花顺iFinD(海南省统计局)
客流与旅游,海南接待过夜外国人(当月值),S002903816,万人次,月,2015-01-31T00:00:00Z,3.29,-43.76,,,同花顺iFinD(海南省统计局)
客流与旅游,海南接待过夜外国人(当月值),S002903816,万人次,月,2015-02-28T00:00:00Z,1.7,-43.33,,,同花顺iFinD(海南省统计局)
客流与旅游,海南接待过夜外国人(当月值),S002903816,万人次,月,2015-03-31T00:00:00Z,2.73,-43.24,,,同花顺iFinD(海南省统计局)
客流与旅游,海南接待过夜外国人(当月值),S002903816,万人次,月,2015-04-30T00:00:00Z,3.9,1.3,,,同花顺iFinD(海南省统计局)
客流与旅游,海南接待过夜外国人(当月值),S002903816,万人次,月,2015-05-31T00:00:00Z,2.68,-16.25,,,同花顺iFinD(海南省统计局)
客流与旅游,海南接待过夜外国人(当月值),S002903816,万人次,月,2015-06-30T00:00:00Z,2.5,-6.37,,,同花顺iFinD(海南省统计局)
客流与旅游,海南接待过夜外国人(当月值),S002903816,万人次,月,2015-07-31T00:00:00Z,2.15,-4.44,,,同花顺iFinD(海南省统计局)
客流与旅游,海南接待过夜外国人(当月值),S002903816,万人次,月,2015-08-31T00:00:00Z,2.63,3.14,,,同花顺iFinD(海南省统计局)
客流与旅游,海南接待过夜外国人(当月值),S002903816,万人次,月,2015-09-30T00:00:00Z,2.4,-14.59,,,同花顺iFinD(海南省统计局)
客流与旅游,海南接待过夜外国人(当月值),S002903816,万人次,月,2015-10-31T00:00:00Z,3.52,0,,,同花顺iFinD(海南省统计局)
客流与旅游,海南接待过夜外国人(当月值),S002903816,万人次,月,2015-11-30T00:00:00Z,3.86,8.12,,,同花顺iFinD(海南省统计局)
客流与旅游,海南接待过夜外国人(当月值),S002903816,万人次,月,2015-12-31T00:00:00Z,4.24,4.95,,,同花顺iFinD(海南省统计局)
客流与旅游,海南接待过夜外国人(当月值),S002903816,万人次,月,2016-01-31T00:00:00Z,4.53,37.69,,,同花顺iFinD(海南省统计局)
客流与旅游,海南接待过夜外国人(当月值),S002903816,万人次,月,2016-02-29T00:00:00Z,2.79,64.12,,,同花顺iFinD(海南省统计局)
客流与旅游,海南接待过夜外国人(当月值),S002903816,万人次,月,2016-03-31T00:00:00Z,3.98,45.79,,,同花顺iFinD(海南省统计局)
客流与旅游,海南接待过夜外国人(当月值),S002903816,万人次,月,2016-04-30T00:00:00Z,3.58,-8.21,,,同花顺iFinD(海南省统计局)
客流与旅游,海南接待过夜外国人(当月值),S002903816,万人次,月,2016-05-31T00:00:00Z,2.83,5.6,,,同花顺iFinD(海南省统计局)
客流与旅游,海南接待过夜外国人(当月值),S002903816,万人次,月,2016-06-30T00:00:00Z,2.7,8,,,同花顺iFinD(海南省统计局)
客流与旅游,海南接待过夜外国人(当月值),S002903816,万人次,月,2016-07-31T00:00:00Z,3.02,40.47,,,同花顺iFinD(海南省统计局)
客流与旅游,海南接待过夜外国人(当月值),S002903816,万人次,月,2016-08-31T00:00:00Z,2.85,8.37,,,同花顺iFinD(海南省统计局)
客流与旅游,海南接待过夜外国人(当月值),S002903816,万人次,月,2016-09-30T00:00:00Z,2.99,24.58,,,同花顺iFinD(海南省统计局)
客流与旅游,海南接待过夜外国人(当月值),S002903816,万人次,月,2016-10-31T00:00:00Z,4.86,38.07,,,同花顺iFinD(海南省统计局)
客流与旅游,海南接待过夜外国人(当月值),S002903816,万人次,月,2016-11-30T00:00:00Z,5.59,44.82,,,同花顺iFinD(海南省统计局)
客流与旅游,海南接待过夜外国人(当月值),S002903816,万人次,月,2016-12-31T00:00:00Z,7.27,71.46,,,同花顺iFinD(海南省统计局)
客流与旅游,海南接待过夜外国人(当月值),S002903816,万人次,月,2017-01-31T00:00:00Z,5.89,30.02,,,同花顺iFinD(海南省统计局)
客流与旅游,海南接待过夜外国人(当月值),S002903816,万人次,月,2017-02-28T00:00:00Z,5.9,111.47,,,同花顺iFinD(海南省统计局)
客流与旅游,海南接待过夜外国人(当月值),S002903816,万人次,月,2017-03-31T00:00:00Z,7,75.88,,,同花顺iFinD(海南省统计局)
客流与旅游,海南接待过夜外国人(当月值),S002903816,万人次,月,2017-04-30T00:00:00Z,6.51,81.84,,,同花顺iFinD(海南省统计局)
客流与旅游,海南接待过夜外国人(当月值),S002903816,万人次,月,2017-05-31T00:00:00Z,5.39,90.46,,,同花顺iFinD(海南省统计局)
客流与旅游,海南接待过夜外国人(当月值),S002903816,万人次,月,2017-06-30T00:00:00Z,5.44,101.48,,,同花顺iFinD(海南省统计局)
客流与旅游,海南接待过夜外国人(当月值),S002903816,万人次,月,2017-07-31T00:00:00Z,5.83,93.05,,,同花顺iFinD(海南省统计局)
客流与旅游,海南接待过夜外国人(当月值),S002903816,万人次,月,2017-08-31T00:00:00Z,6.7,135.09,,,同花顺iFinD(海南省统计局)
客流与旅游,海南接待过夜外国人(当月值),S002903816,万人次,月,2017-09-30T00:00:00Z,6.01,101,,,同花顺iFinD(海南省统计局)
客流与旅游,海南接待过夜外国人(当月值),S002903816,万人次,月,2017-10-31T00:00:00Z,6.5,33.74,,,同花顺iFinD(海南省统计局)
客流与旅游,海南接待过夜外国人(当月值),S002903816,万人次,月,2017-11-30T00:00:00Z,8.01,43.29,,,同花顺iFinD(海南省统计局)
客流与旅游,海南接待过夜外国人(当月值),S002903816,万人次,月,2017-12-31T00:00:00Z,9.52,30.95,,,同花顺iFinD(海南省统计局)
客流与旅游,海南接待过夜外国人(当月值),S002903816,万人次,月,2018-01-31T00:00:00Z,7.54,28.01,,,同花顺iFinD(海南省统计局)
客流与旅游,海南接待过夜外国人(当月值),S002903816,万人次,月,2018-02-28T00:00:00Z,4.89,-17.12,,,同花顺iFinD(海南省统计局)
客流与旅游,海南接待过夜外国人(当月值),S002903816,万人次,月,2018-03-31T00:00:00Z,6.95,-0.71,,,同花顺iFinD(海南省统计局)
客流与旅游,海南接待过夜外国人(当月值),S002903816,万人次,月,2018-04-30T00:00:00Z,6.94,6.61,,,同花顺iFinD(海南省统计局)
客流与旅游,海南接待过夜外国人(当月值),S002903816,万人次,月,2018-05-31T00:00:00Z,6.12,13.54,,,同花顺iFinD(海南省统计局)
客流与旅游,海南接待过夜外国人(当月值),S002903816,万人次,月,2018-06-30T00:00:00Z,6.62,21.69,,,同花顺iFinD(海南省统计局)
客流与旅游,海南接待过夜外国人(当月值),S002903816,万人次,月,2018-07-31T00:00:00Z,6.59,13.04,,,同花顺iFinD(海南省统计局)
客流与旅游,海南接待过夜外国人(当月值),S002903816,万人次,月,2018-08-31T00:00:00Z,7.42,10.75,,,同花顺iFinD(海南省统计局)
客流与旅游,海南接待过夜外国人(当月值),S002903816,万人次,月,2018-09-30T00:00:00Z,6.95,15.64,,,同花顺iFinD(海南省统计局)
客流与旅游,海南接待过夜外国人(当月值),S002903816,万人次,月,2018-10-31T00:00:00Z,8.36,28.62,,,同花顺iFinD(海南省统计局)
客流与旅游,海南接待过夜外国人(当月值),S002903816,万人次,月,2018-11-30T00:00:00Z,10.47,30.71,,,同花顺iFinD(海南省统计局)
客流与旅游,海南接待过夜外国人(当月值),S002903816,万人次,月,2018-12-31T00:00:00Z,10.85,13.97,,,同花顺iFinD(海南省统计局)
客流与旅游,海南接待过夜外国人(当月值),S002903816,万人次,月,2019-01-31T00:00:00Z,7.67,1.72,,,同花顺iFinD(海南省统计局)
客流与旅游,海南接待过夜外国人(当月值),S002903816,万人次,月,2019-02-28T00:00:00Z,5.71,16.77,,,同花顺iFinD(海南省统计局)
客流与旅游,海南接待过夜外国人(当月值),S002903816,万人次,月,2019-03-31T00:00:00Z,10.37,49.21,,,同花顺iFinD(海南省统计局)
客流与旅游,海南接待过夜外国人(当月值),S002903816,万人次,月,2019-04-30T00:00:00Z,9.04,30.26,,,同花顺iFinD(海南省统计局)
客流与旅游,海南接待过夜外国人(当月值),S002903816,万人次,月,2019-05-31T00:00:00Z,7.94,29.74,,,同花顺iFinD(海南省统计局)
客流与旅游,海南接待过夜外国人(当月值),S002903816,万人次,月,2019-06-30T00:00:00Z,7.53,13.75,,,同花顺iFinD(海南省统计局)
客流与旅游,海南接待过夜外国人(当月值),S002903816,万人次,月,2019-07-31T00:00:00Z,7.38,11.99,,,同花顺iFinD(海南省统计局)
客流与旅游,海南接待过夜外国人(当月值),S002903816,万人次,月,2019-08-31T00:00:00Z,8.26,11.32,,,同花顺iFinD(海南省统计局)
客流与旅游,海南接待过夜外国人(当月值),S002903816,万人次,月,2019-09-30T00:00:00Z,8.65,24.46,,,同花顺iFinD(海南省统计局)
客流与旅游,海南接待过夜外国人(当月值),S002903816,万人次,月,2019-10-31T00:00:00Z,9.43,12.8,,,同花顺iFinD(海南省统计局)
客流与旅游,海南接待过夜外国人(当月值),S002903816,万人次,月,2019-11-30T00:00:00Z,11.89,13.56,,,同花顺iFinD(海南省统计局)
客流与旅游,海南接待过夜外国人(当月值),S002903816,万人次,月,2019-12-31T00:00:00Z,14.04,29.4,,,同花顺iFinD(海南省统计局)
客流与旅游,海南接待过夜外国人(当月值),S002903816,万人次,月,2020-01-31T00:00:00Z,7.59,-1.04,,,同花顺iFinD(海南省统计局)
客流与旅游,海南接待过夜外国人(当月值),S002903816,万人次,月,2020-02-29T00:00:00Z,0.19,-96.67,,,同花顺iFinD(海南省统计局)
客流与旅游,海南接待过夜外国人(当月值),S002903816,万人次,月,2020-03-31T00:00:00Z,0.25,-97.59,,,同花顺iFinD(海南省统计局)
客流与旅游,海南接待过夜外国人(当月值),S002903816,万人次,月,2020-04-30T00:00:00Z,0.34,-96.24,,,同花顺iFinD(海南省统计局)
客流与旅游,海南接待过夜外国人(当月值),S002903816,万人次,月,2020-05-31T00:00:00Z,0.51,-93.58,,,同花顺iFinD(海南省统计局)
客流与旅游,海南接待过夜外国人(当月值),S002903816,万人次,月,2020-06-30T00:00:00Z,0.78,-89.64,,,同花顺iFinD(海南省统计局)
客流与旅游,海南接待过夜外国人(当月值),S002903816,万人次,月,2020-07-31T00:00:00Z,1.26,-82.93,,,同花顺iFinD(海南省统计局)
客流与旅游,海南接待过夜外国人(当月值),S002903816,万人次,月,2020-08-31T00:00:00Z,1.33,-83.9,,,同花顺iFinD(海南省统计局)
客流与旅游,海南接待过夜外国人(当月值),S002903816,万人次,月,2020-09-30T00:00:00Z,1,-88.44,,,同花顺iFinD(海南省统计局)
客流与旅游,海南接待过夜外国人(当月值),S002903816,万人次,月,2020-10-31T00:00:00Z,1.07,-88.65,,,同花顺iFinD(海南省统计局)
客流与旅游,海南接待过夜外国人(当月值),S002903816,万人次,月,2020-11-30T00:00:00Z,0.98,-91.76,,,同花顺iFinD(海南省统计局)
客流与旅游,海南接待过夜外国人(当月值),S002903816,万人次,月,2020-12-31T00:00:00Z,2.29,-83.69,,,同花顺iFinD(海南省统计局)
客流与旅游,海南接待过夜外国人(当月值),S002903816,万人次,月,2021-01-31T00:00:00Z,1.01,-86.69,,,同花顺iFinD(海南省统计局)
客流与旅游,海南接待过夜外国人(当月值),S002903816,万人次,月,2021-02-28T00:00:00Z,0.94,394.74,,,同花顺iFinD(海南省统计局)
客流与旅游,海南接待过夜外国人(当月值),S002903816,万人次,月,2021-03-31T00:00:00Z,1.05,320,,,同花顺iFinD(海南省统计局)
客流与旅游,海南接待过夜外国人(当月值),S002903816,万人次,月,2021-04-30T00:00:00Z,1.75,414.71,,,同花顺iFinD(海南省统计局)
客流与旅游,海南接待过夜外国人(当月值),S002903816,万人次,月,2021-05-31T00:00:00Z,1.23,141.18,,,同花顺iFinD(海南省统计局)
客流与旅游,海南接待过夜外国人(当月值),S002903816,万人次,月,2021-06-30T00:00:00Z,1.39,78.21,,,同花顺iFinD(海南省统计局)
客流与旅游,海南接待过夜外国人(当月值),S002903816,万人次,月,2021-07-31T00:00:00Z,1.89,50,,,同花顺iFinD(海南省统计局)
客流与旅游,海南接待过夜外国人(当月值),S002903816,万人次,月,2021-08-31T00:00:00Z,0.8,-39.85,,,同花顺iFinD(海南省统计局)
客流与旅游,海南接待过夜外国人(当月值),S002903816,万人次,月,2021-09-30T00:00:00Z,0.72,-28,,,同花顺iFinD(海南省统计局)
客流与旅游,海南接待过夜外国人(当月值),S002903816,万人次,月,2021-10-31T00:00:00Z,0.95,-11.21,,,同花顺iFinD(海南省统计局)
客流与旅游,海南接待过夜外国人(当月值),S002903816,万人次,月,2021-11-30T00:00:00Z,0.65,-33.67,,,同花顺iFinD(海南省统计局)
客流与旅游,海南接待过夜外国人(当月值),S002903816,万人次,月,2021-12-31T00:00:00Z,2.17,-5.24,,,同花顺iFinD(海南省统计局)
客流与旅游,海南接待过夜外国人(当月值),S002903816,万人次,月,2022-01-31T00:00:00Z,2,98.02,,,同花顺iFinD(海南省统计局)
客流与旅游,海南接待过夜外国人(当月值),S002903816,万人次,月,2022-02-28T00:00:00Z,1.41,50,,,同花顺iFinD(海南省统计局)
客流与旅游,海南接待过夜外国人(当月值),S002903816,万人次,月,2022-03-31T00:00:00Z,0.48,-54.29,,,同花顺iFinD(海南省统计局)
客流与旅游,海南接待过夜外国人(当月值),S002903816,万人次,月,2022-04-30T00:00:00Z,0.27,-84.57,,,同花顺iFinD(海南省统计局)
客流与旅游,海南接待过夜外国人(当月值),S002903816,万人次,月,2022-05-31T00:00:00Z,0.37,-69.92,,,同花顺iFinD(海南省统计局)
客流与旅游,海南接待过夜外国人(当月值),S002903816,万人次,月,2022-06-30T00:00:00Z,1.07,-23.02,,,同花顺iFinD(海南省统计局)
客流与旅游,海南接待过夜外国人(当月值),S002903816,万人次,月,2022-07-31T00:00:00Z,2.59,37.04,,,同花顺iFinD(海南省统计局)
客流与旅游,海南接待过夜外国人(当月值),S002903816,万人次,月,2022-08-31T00:00:00Z,0.51,-36.25,,,同花顺iFinD(海南省统计局)
客流与旅游,海南接待过夜外国人(当月值),S002903816,万人次,月,2022-09-30T00:00:00Z,0.15,-79.17,,,同花顺iFinD(海南省统计局)
客流与旅游,海南接待过夜外国人(当月值),S002903816,万人次,月,2022-10-31T00:00:00Z,0.42,-55.79,,,同花顺iFinD(海南省统计局)
客流与旅游,海南接待过夜外国人(当月值),S002903816,万人次,月,2022-11-30T00:00:00Z,0.45,-30.77,,,同花顺iFinD(海南省统计局)
客流与旅游,海南接待过夜外国人(当月值),S002903816,万人次,月,2022-12-31T00:00:00Z,1.61,-25.81,,,同花顺iFinD(海南省统计局)
客流与旅游,海南接待过夜外国人(当月值),S002903816,万人次,月,2023-01-31T00:00:00Z,1.55,-22.5,,,同花顺iFinD(海南省统计局)
客流与旅游,海南接待过夜外国人(当月值),S002903816,万人次,月,2023-02-28T00:00:00Z,0.88,-37.59,,,同花顺iFinD(海南省统计局)
客流与旅游,海南接待过夜外国人(当月值),S002903816,万人次,月,2023-03-31T00:00:00Z,1.87,289.58,,,同花顺iFinD(海南省统计局)
客流与旅游,海南接待过夜外国人(当月值),S002903816,万人次,月,2023-04-30T00:00:00Z,2.49,822.22,,,同花顺iFinD(海南省统计局)
客流与旅游,海南接待过夜外国人(当月值),S002903816,万人次,月,2023-05-31T00:00:00Z,1.69,356.76,,,同花顺iFinD(海南省统计局)
客流与旅游,海南接待过夜外国人(当月值),S002903816,万人次,月,2023-06-30T00:00:00Z,2.22,107.48,,,同花顺iFinD(海南省统计局)
客流与旅游,海南接待过夜外国人(当月值),S002903816,万人次,月,2023-07-31T00:00:00Z,2.34,-9.65,,,同花顺iFinD(海南省统计局)
客流与旅游,海南接待过夜外国人(当月值),S002903816,万人次,月,2023-08-31T00:00:00Z,2.97,482.35,,,同花顺iFinD(海南省统计局)
客流与旅游,海南接待过夜外国人(当月值),S002903816,万人次,月,2023-09-30T00:00:00Z,3.55,2266.67,,,同花顺iFinD(海南省统计局)
客流与旅游,海南接待过夜外国人(当月值),S002903816,万人次,月,2023-10-31T00:00:00Z,5.14,1123.81,,,同花顺iFinD(海南省统计局)
客流与旅游,海南接待过夜外国人(当月值),S002903816,万人次,月,2023-11-30T00:00:00Z,6.85,1422.22,,,同花顺iFinD(海南省统计局)
客流与旅游,海南接待过夜外国人(当月值),S002903816,万人次,月,2023-12-31T00:00:00Z,9.38,482.61,,,同花顺iFinD(海南省统计局)
客流与旅游,海南接待过夜外国人(当月值),S002903816,万人次,月,2024-01-31T00:00:00Z,8.31,436.13,,,同花顺iFinD(海南省统计局)
客流与旅游,海南接待过夜外国人(当月值),S002903816,万人次,月,2024-02-29T00:00:00Z,4.85,451.14,,,同花顺iFinD(海南省统计局)
客流与旅游,海南接待过夜外国人(当月值),S002903816,万人次,月,2024-03-31T00:00:00Z,8.73,366.84,,,同花顺iFinD(海南省统计局)
客流与旅游,海南接待过夜外国人(当月值),S002903816,万人次,月,2024-04-30T00:00:00Z,7.89,216.87,,,同花顺iFinD(海南省统计局)
客流与旅游,海南接待过夜外国人(当月值),S002903816,万人次,月,2024-05-31T00:00:00Z,6.16,264.5,,,同花顺iFinD(海南省统计局)
客流与旅游,海南接待过夜外国人(当月值),S002903816,万人次,月,2024-06-30T00:00:00Z,6.34,185.59,,,同花顺iFinD(海南省统计局)
客流与旅游,海南接待过夜外国人(当月值),S002903816,万人次,月,2024-07-31T00:00:00Z,6.89,194.44,,,同花顺iFinD(海南省统计局)
客流与旅游,海南接待过夜外国人(当月值),S002903816,万人次,月,2024-08-31T00:00:00Z,7.56,154.55,,,同花顺iFinD(海南省统计局)
客流与旅游,海南接待过夜外国人(当月值),S002903816,万人次,月,2024-09-30T00:00:00Z,7.69,116.62,,,同花顺iFinD(海南省统计局)
客流与旅游,海南接待过夜外国人(当月值),S002903816,万人次,月,2024-10-31T00:00:00Z,8.97,74.51,,,同花顺iFinD(海南省统计局)
客流与旅游,海南接待过夜外国人(当月值),S002903816,万人次,月,2024-11-30T00:00:00Z,9.56,39.56,,,同花顺iFinD(海南省统计局)
客流与旅游,海南接待过夜外国人(当月值),S002903816,万人次,月,2024-12-31T00:00:00Z,12.72,35.61,,,同花顺iFinD(海南省统计局)
客流与旅游,海南接待过夜外国人(当月值),S002903816,万人次,月,2025-01-31T00:00:00Z,9.11,9.63,,,同花顺iFinD(海南省统计局)
客流与旅游,海南接待过夜外国人(当月值),S002903816,万人次,月,2025-02-28T00:00:00Z,7.54,55.46,,,同花顺iFinD(海南省统计局)
客流与旅游,海南接待过夜外国人(当月值),S002903816,万人次,月,2025-03-31T00:00:00Z,10.49,20.16,,,同花顺iFinD(海南省统计局)
客流与旅游,海南接待过夜外国人(当月值),S002903816,万人次,月,2025-04-30T00:00:00Z,10.61,34.47,,,同花顺iFinD(海南省统计局)
客流与旅游,海南接待过夜外国人(当月值),S002903816,万人次,月,2025-05-31T00:00:00Z,8.71,41.4,,,同花顺iFinD(海南省统计局)
客流与旅游,海南接待过夜外国人(当月值),S002903816,万人次,月,2025-06-30T00:00:00Z,9.26,46.06,,,同花顺iFinD(海南省统计局)
客流与旅游,海南接待过夜外国人(当月值),S002903816,万人次,月,2025-07-31T00:00:00Z,8.79,27.58,,,同花顺iFinD(海南省统计局)
客流与旅游,海南接待过夜外国人(当月值),S002903816,万人次,月,2025-08-31T00:00:00Z,9.15,21.03,,,同花顺iFinD(海南省统计局)
客流与旅游,海南接待过夜外国人(当月值),S002903816,万人次,月,2025-09-30T00:00:00Z,8.59,11.7,,,同花顺iFinD(海南省统计局)
客流与旅游,海南接待过夜外国人(当月值),S002903816,万人次,月,2025-10-31T00:00:00Z,11.93,33,,,同花顺iFinD(海南省统计局)
客流与旅游,海南接待过夜外国人(当月值),S002903816,万人次,月,2025-11-30T00:00:00Z,14,46.44,,,同花顺iFinD(海南省统计局)
客流与旅游,海南接待过夜外国人(当月值),S002903816,万人次,月,2025-12-31T00:00:00Z,20.09,57.94,,,同花顺iFinD(海南省统计局)
离岛免税销售,离岛免税购物金额(年度),,亿元,年,2011-12-31T00:00:00Z,9.7067,,,,海口海关/海南省统计局
离岛免税销售,离岛免税购物人次(年度),,万人次,年,2011-12-31T00:00:00Z,48.7014,,,,海口海关/海南省统计局
离岛免税销售,离岛免税购物件数(年度),,万件,年,2011-12-31T00:00:00Z,153.2942,,,,海口海关/海南省统计局
离岛免税销售,离岛免税客单价(年度),,元,年,2011-12-31T00:00:00Z,1993.1069,,,,海口海关/海南省统计局
离岛免税销售,离岛免税购物金额(年度),,亿元,年,2012-12-31T00:00:00Z,23.6282,143.42,,,海口海关/海南省统计局
离岛免税销售,离岛免税购物人次(年度),,万人次,年,2012-12-31T00:00:00Z,105.9889,117.63,,,海口海关/海南省统计局
离岛免税销售,离岛免税购物件数(年度),,万件,年,2012-12-31T00:00:00Z,351.4074,129.24,,,海口海关/海南省统计局
离岛免税销售,离岛免税客单价(年度),,元,年,2012-12-31T00:00:00Z,2229.3068,11.85,,,海口海关/海南省统计局
离岛免税销售,离岛免税购物金额(年度),,亿元,年,2013-12-31T00:00:00Z,32.9164,39.31,,,海口海关/海南省统计局
离岛免税销售,离岛免税购物人次(年度),,万人次,年,2013-12-31T00:00:00Z,111.6897,5.38,,,海口海关/海南省统计局
离岛免税销售,离岛免税购物件数(年度),,万件,年,2013-12-31T00:00:00Z,437.1452,24.4,,,海口海关/海南省统计局
离岛免税销售,离岛免税客单价(年度),,元,年,2013-12-31T00:00:00Z,2947.1252,32.2,,,海口海关/海南省统计局
离岛免税销售,离岛免税购物金额(年度),,亿元,年,2014-12-31T00:00:00Z,43.1719,31.16,,,海口海关/海南省统计局
离岛免税销售,离岛免税购物人次(年度),,万人次,年,2014-12-31T00:00:00Z,138.9716,24.43,,,海口海关/海南省统计局
离岛免税销售,离岛免税购物件数(年度),,万件,年,2014-12-31T00:00:00Z,532.4464,21.8,,,海口海关/海南省统计局
离岛免税销售,离岛免税客单价(年度),,元,年,2014-12-31T00:00:00Z,3106.5249,5.41,,,海口海关/海南省统计局
离岛免税销售,离岛免税购物金额(年度),,亿元,年,2015-12-31T00:00:00Z,55.3789,28.28,,,海口海关/海南省统计局
离岛免税销售,离岛免税购物人次(年度),,万人次,年,2015-12-31T00:00:00Z,163.9511,17.97,,,海口海关/海南省统计局
离岛免税销售,离岛免税购物件数(年度),,万件,年,2015-12-31T00:00:00Z,649.1442,21.92,,,海口海关/海南省统计局
离岛免税销售,离岛免税客单价(年度),,元,年,2015-12-31T00:00:00Z,3377.7693,8.73,,,海口海关/海南省统计局
离岛免税销售,离岛免税购物金额(年度),,亿元,年,2016-12-31T00:00:00Z,60.7122,9.63,,,海口海关/海南省统计局
离岛免税销售,离岛免税购物人次(年度),,万人次,年,2016-12-31T00:00:00Z,173.1332,5.6,,,海口海关/海南省统计局
离岛免税销售,离岛免税购物件数(年度),,万件,年,2016-12-31T00:00:00Z,740.6028,14.09,,,海口海关/海南省统计局
离岛免税销售,离岛免税客单价(年度),,元,年,2016-12-31T00:00:00Z,3506.677,3.82,,,海口海关/海南省统计局
离岛免税销售,离岛免税购物金额(年度),,亿元,年,2017-12-31T00:00:00Z,80.0454,31.84,,,海口海关/海南省统计局
离岛免税销售,离岛免税购物人次(年度),,万人次,年,2017-12-31T00:00:00Z,233.3987,34.81,,,海口海关/海南省统计局
离岛免税销售,离岛免税购物件数(年度),,万件,年,2017-12-31T00:00:00Z,1050.0112,41.78,,,海口海关/海南省统计局
离岛免税销售,离岛免税客单价(年度),,元,年,2017-12-31T00:00:00Z,3429.5559,-2.2,,,海口海关/海南省统计局
离岛免税销售,离岛免税购物金额(年度),,亿元,年,2018-12-31T00:00:00Z,97.4679,21.77,,,海口海关/海南省统计局
离岛免税销售,离岛免税购物人次(年度),,万人次,年,2018-12-31T00:00:00Z,278.5858,19.36,,,海口海关/海南省统计局
离岛免税销售,离岛免税购物件数(年度),,万件,年,2018-12-31T00:00:00Z,1325.262,26.21,,,海口海关/海南省统计局
离岛免税销售,离岛免税客单价(年度),,元,年,2018-12-31T00:00:00Z,3498.6672,2.02,,,海口海关/海南省统计局
离岛免税销售,离岛免税购物金额(年度),,亿元,年,2019-12-31T00:00:00Z,134.9224,38.43,,,海口海关/海南省统计局
离岛免税销售,离岛免税购物人次(年度),,万人次,年,2019-12-31T00:00:00Z,376.1898,35.04,,,海口海关/海南省统计局
离岛免税销售,离岛免税购物件数(年度),,万件,年,2019-12-31T00:00:00Z,1819.9389,37.33,,,海口海关/海南省统计局
离岛免税销售,离岛免税客单价(年度),,元,年,2019-12-31T00:00:00Z,3586.5503,2.51,,,海口海关/海南省统计局
离岛免税销售,离岛免税购物金额(年度),,亿元,年,2020-12-31T00:00:00Z,274.7922,103.67,,,海口海关/海南省统计局
离岛免税销售,离岛免税购物人次(年度),,万人次,年,2020-12-31T00:00:00Z,448.3658,19.19,,,海口海关/海南省统计局
离岛免税销售,离岛免税购物件数(年度),,万件,年,2020-12-31T00:00:00Z,3410.2473,87.38,,,海口海关/海南省统计局
离岛免税销售,离岛免税客单价(年度),,元,年,2020-12-31T00:00:00Z,6128.7509,70.88,,,海口海关/海南省统计局
离岛免税销售,离岛免税购物金额(年度),,亿元,年,2021-12-31T00:00:00Z,494.6963,80.03,,,海口海关/海南省统计局
离岛免税销售,离岛免税购物人次(年度),,万人次,年,2021-12-31T00:00:00Z,671.4582,49.76,,,海口海关/海南省统计局
离岛免税销售,离岛免税购物件数(年度),,万件,年,2021-12-31T00:00:00Z,7045.4021,106.6,,,海口海关/海南省统计局
离岛免税销售,离岛免税客单价(年度),,元,年,2021-12-31T00:00:00Z,7367.4921,20.21,,,海口海关/海南省统计局
离岛免税销售,离岛免税购物金额(年度),,亿元,年,2022-12-31T00:00:00Z,348.9866,-29.45,,,海口海关/海南省统计局
离岛免税销售,离岛免税购物人次(年度),,万人次,年,2022-12-31T00:00:00Z,422.4151,-37.09,,,海口海关/海南省统计局
离岛免税销售,离岛免税购物件数(年度),,万件,年,2022-12-31T00:00:00Z,4944.0948,-29.83,,,海口海关/海南省统计局
离岛免税销售,离岛免税客单价(年度),,元,年,2022-12-31T00:00:00Z,8261.698,12.14,,,海口海关/海南省统计局
离岛免税销售,离岛免税购物金额(年度),,亿元,年,2023-12-31T00:00:00Z,437.3478,25.32,,,海口海关/海南省统计局
离岛免税销售,离岛免税购物人次(年度),,万人次,年,2023-12-31T00:00:00Z,675.6004,59.94,,,海口海关/海南省统计局
离岛免税销售,离岛免税购物件数(年度),,万件,年,2023-12-31T00:00:00Z,5130.438,3.77,,,海口海关/海南省统计局
离岛免税销售,离岛免税客单价(年度),,元,年,2023-12-31T00:00:00Z,6473.4686,-21.64,,,海口海关/海南省统计局
离岛免税销售,离岛免税购物金额(年度),,亿元,年,2024-12-31T00:00:00Z,309.3897,-29.26,,,海口海关/海南省统计局
离岛免税销售,离岛免税购物人次(年度),,万人次,年,2024-12-31T00:00:00Z,568.2224,-15.89,,,海口海关/海南省统计局
离岛免税销售,离岛免税购物件数(年度),,万件,年,2024-12-31T00:00:00Z,3308.2914,-35.52,,,海口海关/海南省统计局
离岛免税销售,离岛免税客单价(年度),,元,年,2024-12-31T00:00:00Z,5444.8696,-15.89,,,海口海关/海南省统计局
离岛免税销售,离岛免税购物金额(年度),,亿元,年,2025-12-31T00:00:00Z,303.8425,-1.79,,,海口海关/海南省统计局
离岛免税销售,离岛免税购物人次(年度),,万人次,年,2025-12-31T00:00:00Z,454.2221,-20.06,,,海口海关/海南省统计局
离岛免税销售,离岛免税购物件数(年度),,万件,年,2025-12-31T00:00:00Z,2667.218,-19.38,,,海口海关/海南省统计局
离岛免税销售,离岛免税客单价(年度),,元,年,2025-12-31T00:00:00Z,6689.2936,22.85,,,海口海关/海南省统计局
假期销售,主要假期日均销售额,,亿元,不定期,2025-01-01T00:00:00Z,1.2951,-18.2,,2025年元旦假期,海口海关
假期销售,主要假期日均销售额,,亿元,不定期,2025-01-29T00:00:00Z,2.6175,-15.9,,2025年春节假期,海口海关
假期销售,主要假期日均销售额,,亿元,不定期,2025-05-01T00:00:00Z,1.02,-6.8,,2025年五一假期,海口海关
假期销售,主要假期日均销售额,,亿元,不定期,2025-05-31T00:00:00Z,0.6233,-8.8,,2025年端午假期,海口海关
假期销售,主要假期日均销售额,,亿元,不定期,2025-10-01T00:00:00Z,1.18,5.2,,2025年中秋国庆假期,海口海关
假期销售,主要假期日均销售额,,亿元,不定期,2026-01-01T00:00:00Z,2.3733,,,2026年元旦假期,海口海关
假期销售,主要假期日均销售额,,亿元,不定期,2026-02-17T00:00:00Z,3.0222,15.5,,2026年春节假期,海口海关
假期销售,主要假期日均销售额,,亿元,不定期,2026-04-05T00:00:00Z,0.93,14.8,,2026年清明假期,海口海关
假期销售,主要假期日均销售额,,亿元,不定期,2026-05-01T00:00:00Z,1.108,8.6,,2026年五一假期,海口海关
假期销售,主要假期日均销售额,,亿元,不定期,2026-06-19T00:00:00Z,0.6733,8,,2026年端午假期,海口海关
海外免税,韩国免税销售额(当月值),S021159661,亿美元,月,2023-01-31T00:00:00Z,6.4259,,,,韩国免税店协会
海外免税,韩国免税销售额(当月值),S021159661,亿美元,月,2023-02-28T00:00:00Z,8.5628,,,,韩国免税店协会
海外免税,韩国免税销售额(当月值),S021159661,亿美元,月,2023-03-31T00:00:00Z,9.3642,,,,韩国免税店协会
海外免税,韩国免税销售额(当月值),S021159661,亿美元,月,2023-04-30T00:00:00Z,8.895,,,,韩国免税店协会
海外免税,韩国免税销售额(当月值),S021159661,亿美元,月,2023-05-31T00:00:00Z,8.7192,,,,韩国免税店协会
海外免税,韩国免税销售额(当月值),S021159661,亿美元,月,2023-06-30T00:00:00Z,8.2689,,,,韩国免税店协会
海外免税,韩国免税销售额(当月值),S021159661,亿美元,月,2023-07-31T00:00:00Z,7.716,,,,韩国免税店协会
海外免税,韩国免税销售额(当月值),S021159661,亿美元,月,2023-08-31T00:00:00Z,8.5976,,,,韩国免税店协会
海外免税,韩国免税销售额(当月值),S021159661,亿美元,月,2023-09-30T00:00:00Z,9.9762,,,,韩国免税店协会
海外免税,韩国免税销售额(当月值),S021159661,亿美元,月,2023-10-31T00:00:00Z,9.8453,,,,韩国免税店协会
海外免税,韩国免税销售额(当月值),S021159661,亿美元,月,2023-11-30T00:00:00Z,8.8237,,,,韩国免税店协会
海外免税,韩国免税销售额(当月值),S021159661,亿美元,月,2023-12-31T00:00:00Z,10.0359,,,,韩国免税店协会
海外免税,韩国免税销售额(当月值),S021159661,亿美元,月,2024-01-31T00:00:00Z,11.9946,86.66,,,韩国免税店协会
海外免税,韩国免税销售额(当月值),S021159661,亿美元,月,2024-02-29T00:00:00Z,6.8752,-19.71,,,韩国免税店协会
海外免税,韩国免税销售额(当月值),S021159661,亿美元,月,2024-03-31T00:00:00Z,8.9116,-4.83,,,韩国免税店协会
海外免税,韩国免税销售额(当月值),S021159661,亿美元,月,2024-04-30T00:00:00Z,9.1376,2.73,,,韩国免税店协会
海外免税,韩国免税销售额(当月值),S021159661,亿美元,月,2024-05-31T00:00:00Z,9.1885,5.38,,,韩国免税店协会
海外免税,韩国免税销售额(当月值),S021159661,亿美元,月,2024-06-30T00:00:00Z,8.6788,4.96,,,韩国免税店协会
海外免税,韩国免税销售额(当月值),S021159661,亿美元,月,2024-07-31T00:00:00Z,7.2735,-5.73,,,韩国免税店协会
海外免税,韩国免税销售额(当月值),S021159661,亿美元,月,2024-08-31T00:00:00Z,9.2201,7.24,,,韩国免税店协会
海外免税,韩国免税销售额(当月值),S021159661,亿美元,月,2024-09-30T00:00:00Z,8.9532,-10.25,,,韩国免税店协会
海外免税,韩国免税销售额(当月值),S021159661,亿美元,月,2024-10-31T00:00:00Z,8.1823,-16.89,,,韩国免税店协会
海外免税,韩国免税销售额(当月值),S021159661,亿美元,月,2024-11-30T00:00:00Z,7.2792,-17.5,,,韩国免税店协会
海外免税,韩国免税销售额(当月值),S021159661,亿美元,月,2024-12-31T00:00:00Z,8.7522,-12.79,,,韩国免税店协会
海外免税,韩国免税销售额(当月值),S021159661,亿美元,月,2025-01-31T00:00:00Z,6.5564,-45.34,,,韩国免税店协会
海外免税,韩国免税销售额(当月值),S021159661,亿美元,月,2025-02-28T00:00:00Z,6.9331,0.84,,,韩国免税店协会
海外免税,韩国免税销售额(当月值),S021159661,亿美元,月,2025-03-31T00:00:00Z,7.4481,-16.42,,,韩国免税店协会
海外免税,韩国免税销售额(当月值),S021159661,亿美元,月,2025-04-30T00:00:00Z,8.2183,-10.06,,,韩国免税店协会
海外免税,韩国免税销售额(当月值),S021159661,亿美元,月,2025-05-31T00:00:00Z,7.5514,-17.82,,,韩国免税店协会
海外免税,韩国免税销售额(当月值),S021159661,亿美元,月,2025-06-30T00:00:00Z,7.9371,-8.55,,,韩国免税店协会
海外免税,韩国免税销售额(当月值),S021159661,亿美元,月,2025-07-31T00:00:00Z,6.687,-8.06,,,韩国免税店协会
海外免税,韩国免税销售额(当月值),S021159661,亿美元,月,2025-08-31T00:00:00Z,7.3332,-20.47,,,韩国免税店协会
海外免税,韩国免税销售额(当月值),S021159661,亿美元,月,2025-09-30T00:00:00Z,7.6694,-14.34,,,韩国免税店协会
海外免税,韩国免税销售额(当月值),S021159661,亿美元,月,2025-10-31T00:00:00Z,7.3774,-9.84,,,韩国免税店协会
海外免税,韩国免税销售额(当月值),S021159661,亿美元,月,2025-11-30T00:00:00Z,6.8399,-6.03,,,韩国免税店协会
海外免税,韩国免税销售额(当月值),S021159661,亿美元,月,2025-12-31T00:00:00Z,7.6118,-13.03,,,韩国免税店协会
海外免税,韩国免税销售额(当月值),S021159661,亿美元,月,2026-01-31T00:00:00Z,7.3578,12.22,,,韩国免税店协会
海外免税,韩国免税销售额(当月值),S021159661,亿美元,月,2026-02-28T00:00:00Z,6.6478,-4.12,,,韩国免税店协会
海外免税,韩国免税销售额(当月值),S021159661,亿美元,月,2026-03-31T00:00:00Z,7.3012,-1.97,,,韩国免税店协会
海外免税,韩国免税销售额(当月值),S021159661,亿美元,月,2026-04-30T00:00:00Z,7.5247,-8.44,,,韩国免税店协会
海外免税,韩国免税销售额(当月值),S021159661,亿美元,月,2026-05-31T00:00:00Z,7.4651,-1.14,,,韩国免税店协会
海外免税,韩国免税销售额(当月值),S021159661,亿美元,月,2026-06-30T00:00:00Z,7.3794,-7.03,,,韩国免税店协会
海外免税,韩国免税销售额(当月值),S021159661,亿美元,月,2026-07-31T00:00:00Z,7.1153,6.4,,,韩国免税店协会
海外免税,韩国免税购物人数(当月值),S021159659,万人,月,2023-01-31T00:00:00Z,143.433,,,,韩国免税店协会
海外免税,韩国免税购物人数(当月值),S021159659,万人,月,2023-02-28T00:00:00Z,138.6019,,,,韩国免税店协会
海外免税,韩国免税购物人数(当月值),S021159659,万人,月,2023-03-31T00:00:00Z,147.0883,,,,韩国免税店协会
海外免税,韩国免税购物人数(当月值),S021159659,万人,月,2023-04-30T00:00:00Z,163.5613,,,,韩国免税店协会
海外免税,韩国免税购物人数(当月值),S021159659,万人,月,2023-05-31T00:00:00Z,175.495,,,,韩国免税店协会
海外免税,韩国免税购物人数(当月值),S021159659,万人,月,2023-06-30T00:00:00Z,181.5696,,,,韩国免税店协会
海外免税,韩国免税购物人数(当月值),S021159659,万人,月,2023-07-31T00:00:00Z,195.9923,,,,韩国免税店协会
海外免税,韩国免税购物人数(当月值),S021159659,万人,月,2023-08-31T00:00:00Z,206.3989,,,,韩国免税店协会
海外免税,韩国免税购物人数(当月值),S021159659,万人,月,2023-09-30T00:00:00Z,209.7037,,,,韩国免税店协会
海外免税,韩国免税购物人数(当月值),S021159659,万人,月,2023-10-31T00:00:00Z,215.7243,,,,韩国免税店协会
海外免税,韩国免税购物人数(当月值),S021159659,万人,月,2023-11-30T00:00:00Z,212.1431,,,,韩国免税店协会
海外免税,韩国免税购物人数(当月值),S021159659,万人,月,2023-12-31T00:00:00Z,218.6073,,,,韩国免税店协会
海外免税,韩国免税购物人数(当月值),S021159659,万人,月,2024-01-31T00:00:00Z,225.4248,57.16,,,韩国免税店协会
海外免税,韩国免税购物人数(当月值),S021159659,万人,月,2024-02-29T00:00:00Z,213.5384,54.07,,,韩国免税店协会
海外免税,韩国免税购物人数(当月值),S021159659,万人,月,2024-03-31T00:00:00Z,230.4003,56.64,,,韩国免税店协会
海外免税,韩国免税购物人数(当月值),S021159659,万人,月,2024-04-30T00:00:00Z,233.7354,42.9,,,韩国免税店协会
海外免税,韩国免税购物人数(当月值),S021159659,万人,月,2024-05-31T00:00:00Z,243.142,38.55,,,韩国免税店协会
海外免税,韩国免税购物人数(当月值),S021159659,万人,月,2024-06-30T00:00:00Z,236.3328,30.16,,,韩国免税店协会
海外免税,韩国免税购物人数(当月值),S021159659,万人,月,2024-07-31T00:00:00Z,236.3113,20.57,,,韩国免税店协会
海外免税,韩国免税购物人数(当月值),S021159659,万人,月,2024-08-31T00:00:00Z,249.8123,21.03,,,韩国免税店协会
海外免税,韩国免税购物人数(当月值),S021159659,万人,月,2024-09-30T00:00:00Z,249.5045,18.98,,,韩国免税店协会
海外免税,韩国免税购物人数(当月值),S021159659,万人,月,2024-10-31T00:00:00Z,256.7163,19,,,韩国免税店协会
海外免税,韩国免税购物人数(当月值),S021159659,万人,月,2024-11-30T00:00:00Z,239.4529,12.87,,,韩国免税店协会
海外免税,韩国免税购物人数(当月值),S021159659,万人,月,2024-12-31T00:00:00Z,229.828,5.13,,,韩国免税店协会
海外免税,韩国免税购物人数(当月值),S021159659,万人,月,2025-01-31T00:00:00Z,229.0817,1.62,,,韩国免税店协会
海外免税,韩国免税购物人数(当月值),S021159659,万人,月,2025-02-28T00:00:00Z,209.9095,-1.7,,,韩国免税店协会
海外免税,韩国免税购物人数(当月值),S021159659,万人,月,2025-03-31T00:00:00Z,226.6219,-1.64,,,韩国免税店协会
海外免税,韩国免税购物人数(当月值),S021159659,万人,月,2025-04-30T00:00:00Z,242.9724,3.95,,,韩国免税店协会
海外免税,韩国免税购物人数(当月值),S021159659,万人,月,2025-05-31T00:00:00Z,257.1666,5.77,,,韩国免税店协会
海外免税,韩国免税购物人数(当月值),S021159659,万人,月,2025-06-30T00:00:00Z,253.0544,7.08,,,韩国免税店协会
海外免税,韩国免税购物人数(当月值),S021159659,万人,月,2025-07-31T00:00:00Z,258.0339,9.19,,,韩国免税店协会
海外免税,韩国免税购物人数(当月值),S021159659,万人,月,2025-08-31T00:00:00Z,262.6278,5.13,,,韩国免税店协会
海外免税,韩国免税购物人数(当月值),S021159659,万人,月,2025-09-30T00:00:00Z,261.9835,5,,,韩国免税店协会
海外免税,韩国免税购物人数(当月值),S021159659,万人,月,2025-10-31T00:00:00Z,254.323,-0.93,,,韩国免税店协会
海外免税,韩国免税购物人数(当月值),S021159659,万人,月,2025-11-30T00:00:00Z,248.7018,3.86,,,韩国免税店协会
海外免税,韩国免税购物人数(当月值),S021159659,万人,月,2025-12-31T00:00:00Z,243.3039,5.86,,,韩国免税店协会
海外免税,韩国免税购物人数(当月值),S021159659,万人,月,2026-01-31T00:00:00Z,257.5444,12.42,,,韩国免税店协会
海外免税,韩国免税购物人数(当月值),S021159659,万人,月,2026-02-28T00:00:00Z,236.3206,12.58,,,韩国免税店协会
海外免税,韩国免税购物人数(当月值),S021159659,万人,月,2026-03-31T00:00:00Z,245.245,8.22,,,韩国免税店协会
海外免税,韩国免税购物人数(当月值),S021159659,万人,月,2026-04-30T00:00:00Z,256.9195,5.74,,,韩国免税店协会
海外免税,韩国免税购物人数(当月值),S021159659,万人,月,2026-05-31T00:00:00Z,261.8794,1.83,,,韩国免税店协会
海外免税,韩国免税购物人数(当月值),S021159659,万人,月,2026-06-30T00:00:00Z,247.6071,-2.15,,,韩国免税店协会
海外免税,韩国免税购物人数(当月值),S021159659,万人,月,2026-07-31T00:00:00Z,266.6899,3.35,,,韩国免税店协会
海外免税,韩国免税外国人销售额(当月值),,亿美元,月,2023-01-31T00:00:00Z,4.8121,,,,韩国免税店协会
海外免税,韩国免税外国人销售额(当月值),,亿美元,月,2023-02-28T00:00:00Z,7.012,,,,韩国免税店协会
海外免税,韩国免税外国人销售额(当月值),,亿美元,月,2023-03-31T00:00:00Z,7.8644,,,,韩国免税店协会
海外免税,韩国免税外国人销售额(当月值),,亿美元,月,2023-04-30T00:00:00Z,7.3084,,,,韩国免税店协会
海外免税,韩国免税外国人销售额(当月值),,亿美元,月,2023-05-31T00:00:00Z,7.074,,,,韩国免税店协会
海外免税,韩国免税外国人销售额(当月值),,亿美元,月,2023-06-30T00:00:00Z,6.6003,,,,韩国免税店协会
海外免税,韩国免税外国人销售额(当月值),,亿美元,月,2023-07-31T00:00:00Z,5.8443,,,,韩国免税店协会
海外免税,韩国免税外国人销售额(当月值),,亿美元,月,2023-08-31T00:00:00Z,6.7945,,,,韩国免税店协会
海外免税,韩国免税外国人销售额(当月值),,亿美元,月,2023-09-30T00:00:00Z,8.122,,,,韩国免税店协会
海外免税,韩国免税外国人销售额(当月值),,亿美元,月,2023-10-31T00:00:00Z,8.1009,,,,韩国免税店协会
海外免税,韩国免税外国人销售额(当月值),,亿美元,月,2023-11-30T00:00:00Z,7.0384,,,,韩国免税店协会
海外免税,韩国免税外国人销售额(当月值),,亿美元,月,2023-12-31T00:00:00Z,8.089,,,,韩国免税店协会
海外免税,韩国免税外国人销售额(当月值),,亿美元,月,2024-01-31T00:00:00Z,10.013,108.08,,,韩国免税店协会
海外免税,韩国免税外国人销售额(当月值),,亿美元,月,2024-02-29T00:00:00Z,4.9818,-28.95,,,韩国免税店协会
海外免税,韩国免税外国人销售额(当月值),,亿美元,月,2024-03-31T00:00:00Z,7.0021,-10.96,,,韩国免税店协会
海外免税,韩国免税外国人销售额(当月值),,亿美元,月,2024-04-30T00:00:00Z,7.2679,-0.56,,,韩国免税店协会
海外免税,韩国免税外国人销售额(当月值),,亿美元,月,2024-05-31T00:00:00Z,7.2194,2.06,,,韩国免税店协会
海外免税,韩国免税外国人销售额(当月值),,亿美元,月,2024-06-30T00:00:00Z,6.8518,3.81,,,韩国免税店协会
海外免税,韩国免税外国人销售额(当月值),,亿美元,月,2024-07-31T00:00:00Z,5.3947,-7.69,,,韩国免税店协会
海外免税,韩国免税外国人销售额(当月值),,亿美元,月,2024-08-31T00:00:00Z,7.2459,6.64,,,韩国免税店协会
海外免税,韩国免税外国人销售额(当月值),,亿美元,月,2024-09-30T00:00:00Z,6.9118,-14.9,,,韩国免税店协会
海外免税,韩国免税外国人销售额(当月值),,亿美元,月,2024-10-31T00:00:00Z,6.2444,-22.92,,,韩国免税店协会
海外免税,韩国免税外国人销售额(当月值),,亿美元,月,2024-11-30T00:00:00Z,5.4204,-22.99,,,韩国免税店协会
海外免税,韩国免税外国人销售额(当月值),,亿美元,月,2024-12-31T00:00:00Z,7.0571,-12.76,,,韩国免税店协会
海外免税,韩国免税外国人销售额(当月值),,亿美元,月,2025-01-31T00:00:00Z,4.7594,-52.47,,,韩国免税店协会
海外免税,韩国免税外国人销售额(当月值),,亿美元,月,2025-02-28T00:00:00Z,5.2912,6.21,,,韩国免税店协会
海外免税,韩国免税外国人销售额(当月值),,亿美元,月,2025-03-31T00:00:00Z,5.8388,-16.61,,,韩国免税店协会
海外免税,韩国免税外国人销售额(当月值),,亿美元,月,2025-04-30T00:00:00Z,6.5052,-10.49,,,韩国免税店协会
海外免税,韩国免税外国人销售额(当月值),,亿美元,月,2025-05-31T00:00:00Z,5.561,-22.97,,,韩国免税店协会
海外免税,韩国免税外国人销售额(当月值),,亿美元,月,2025-06-30T00:00:00Z,6.014,-12.23,,,韩国免税店协会
海外免税,韩国免税外国人销售额(当月值),,亿美元,月,2025-07-31T00:00:00Z,4.6529,-13.75,,,韩国免税店协会
海外免税,韩国免税外国人销售额(当月值),,亿美元,月,2025-08-31T00:00:00Z,5.2713,-27.25,,,韩国免税店协会
海外免税,韩国免税外国人销售额(当月值),,亿美元,月,2025-09-30T00:00:00Z,5.61,-18.83,,,韩国免税店协会
海外免税,韩国免税外国人销售额(当月值),,亿美元,月,2025-10-31T00:00:00Z,5.2813,-15.42,,,韩国免税店协会
海外免税,韩国免税外国人销售额(当月值),,亿美元,月,2025-11-30T00:00:00Z,4.9881,-7.97,,,韩国免税店协会
海外免税,韩国免税外国人销售额(当月值),,亿美元,月,2025-12-31T00:00:00Z,5.8361,-17.3,,,韩国免税店协会
海外免税,韩国免税外国人销售额(当月值),,亿美元,月,2026-01-31T00:00:00Z,5.4032,13.53,,,韩国免税店协会
海外免税,韩国免税外国人销售额(当月值),,亿美元,月,2026-02-28T00:00:00Z,4.8669,-8.02,,,韩国免税店协会
海外免税,韩国免税外国人销售额(当月值),,亿美元,月,2026-03-31T00:00:00Z,5.7384,-1.72,,,韩国免税店协会
海外免税,韩国免税外国人销售额(当月值),,亿美元,月,2026-04-30T00:00:00Z,5.9122,-9.12,,,韩国免税店协会
海外免税,韩国免税外国人销售额(当月值),,亿美元,月,2026-05-31T00:00:00Z,5.7528,3.45,,,韩国免税店协会
海外免税,韩国免税外国人销售额(当月值),,亿美元,月,2026-06-30T00:00:00Z,5.9975,-0.27,,,韩国免税店协会
海外免税,韩国免税外国人购物人数(当月值),,万人,月,2023-01-31T00:00:00Z,4.8121,,,,韩国免税店协会
海外免税,韩国免税外国人购物人数(当月值),,万人,月,2023-02-28T00:00:00Z,7.012,,,,韩国免税店协会
海外免税,韩国免税外国人购物人数(当月值),,万人,月,2023-03-31T00:00:00Z,7.8644,,,,韩国免税店协会
海外免税,韩国免税外国人购物人数(当月值),,万人,月,2023-04-30T00:00:00Z,7.3084,,,,韩国免税店协会
海外免税,韩国免税外国人购物人数(当月值),,万人,月,2023-05-31T00:00:00Z,7.074,,,,韩国免税店协会
海外免税,韩国免税外国人购物人数(当月值),,万人,月,2023-06-30T00:00:00Z,6.6003,,,,韩国免税店协会
海外免税,韩国免税外国人购物人数(当月值),,万人,月,2023-07-31T00:00:00Z,5.8443,,,,韩国免税店协会
海外免税,韩国免税外国人购物人数(当月值),,万人,月,2023-08-31T00:00:00Z,6.7945,,,,韩国免税店协会
海外免税,韩国免税外国人购物人数(当月值),,万人,月,2023-09-30T00:00:00Z,8.122,,,,韩国免税店协会
海外免税,韩国免税外国人购物人数(当月值),,万人,月,2023-10-31T00:00:00Z,8.1009,,,,韩国免税店协会
海外免税,韩国免税外国人购物人数(当月值),,万人,月,2023-11-30T00:00:00Z,7.0384,,,,韩国免税店协会
海外免税,韩国免税外国人购物人数(当月值),,万人,月,2023-12-31T00:00:00Z,8.089,,,,韩国免税店协会
海外免税,韩国免税外国人购物人数(当月值),,万人,月,2024-01-31T00:00:00Z,10.013,108.08,,,韩国免税店协会
海外免税,韩国免税外国人购物人数(当月值),,万人,月,2024-02-29T00:00:00Z,4.9818,-28.95,,,韩国免税店协会
海外免税,韩国免税外国人购物人数(当月值),,万人,月,2024-03-31T00:00:00Z,7.0021,-10.96,,,韩国免税店协会
海外免税,韩国免税外国人购物人数(当月值),,万人,月,2024-04-30T00:00:00Z,7.2679,-0.56,,,韩国免税店协会
海外免税,韩国免税外国人购物人数(当月值),,万人,月,2024-05-31T00:00:00Z,7.2194,2.06,,,韩国免税店协会
海外免税,韩国免税外国人购物人数(当月值),,万人,月,2024-06-30T00:00:00Z,6.8518,3.81,,,韩国免税店协会
海外免税,韩国免税外国人购物人数(当月值),,万人,月,2024-07-31T00:00:00Z,5.3947,-7.69,,,韩国免税店协会
海外免税,韩国免税外国人购物人数(当月值),,万人,月,2024-08-31T00:00:00Z,7.2459,6.64,,,韩国免税店协会
海外免税,韩国免税外国人购物人数(当月值),,万人,月,2024-09-30T00:00:00Z,6.9118,-14.9,,,韩国免税店协会
海外免税,韩国免税外国人购物人数(当月值),,万人,月,2024-10-31T00:00:00Z,6.2444,-22.92,,,韩国免税店协会
海外免税,韩国免税外国人购物人数(当月值),,万人,月,2024-11-30T00:00:00Z,5.4204,-22.99,,,韩国免税店协会
海外免税,韩国免税外国人购物人数(当月值),,万人,月,2024-12-31T00:00:00Z,7.0571,-12.76,,,韩国免税店协会
海外免税,韩国免税外国人购物人数(当月值),,万人,月,2025-01-31T00:00:00Z,4.7594,-52.47,,,韩国免税店协会
海外免税,韩国免税外国人购物人数(当月值),,万人,月,2025-02-28T00:00:00Z,5.2912,6.21,,,韩国免税店协会
海外免税,韩国免税外国人购物人数(当月值),,万人,月,2025-03-31T00:00:00Z,5.8388,-16.61,,,韩国免税店协会
海外免税,韩国免税外国人购物人数(当月值),,万人,月,2025-04-30T00:00:00Z,6.5052,-10.49,,,韩国免税店协会
海外免税,韩国免税外国人购物人数(当月值),,万人,月,2025-05-31T00:00:00Z,5.561,-22.97,,,韩国免税店协会
海外免税,韩国免税外国人购物人数(当月值),,万人,月,2025-06-30T00:00:00Z,6.014,-12.23,,,韩国免税店协会
海外免税,韩国免税外国人购物人数(当月值),,万人,月,2025-07-31T00:00:00Z,4.6529,-13.75,,,韩国免税店协会
海外免税,韩国免税外国人购物人数(当月值),,万人,月,2025-08-31T00:00:00Z,5.2713,-27.25,,,韩国免税店协会
海外免税,韩国免税外国人购物人数(当月值),,万人,月,2025-09-30T00:00:00Z,5.61,-18.83,,,韩国免税店协会
海外免税,韩国免税外国人购物人数(当月值),,万人,月,2025-10-31T00:00:00Z,5.2813,-15.42,,,韩国免税店协会
海外免税,韩国免税外国人购物人数(当月值),,万人,月,2025-11-30T00:00:00Z,4.9881,-7.97,,,韩国免税店协会
海外免税,韩国免税外国人购物人数(当月值),,万人,月,2025-12-31T00:00:00Z,5.8361,-17.3,,,韩国免税店协会
海外免税,韩国免税外国人购物人数(当月值),,万人,月,2026-01-31T00:00:00Z,5.4032,13.53,,,韩国免税店协会
海外免税,韩国免税外国人购物人数(当月值),,万人,月,2026-02-28T00:00:00Z,4.8669,-8.02,,,韩国免税店协会
海外免税,韩国免税外国人购物人数(当月值),,万人,月,2026-03-31T00:00:00Z,5.7384,-1.72,,,韩国免税店协会
海外免税,韩国免税外国人购物人数(当月值),,万人,月,2026-04-30T00:00:00Z,5.9122,-9.12,,,韩国免税店协会
海外免税,韩国免税外国人购物人数(当月值),,万人,月,2026-05-31T00:00:00Z,5.7528,3.45,,,韩国免税店协会
海外免税,韩国免税外国人购物人数(当月值),,万人,月,2026-06-30T00:00:00Z,5.9975,-0.27,,,韩国免税店协会
海外免税,韩国免税外国人人均消费(当月值),,美元,月,2023-01-31T00:00:00Z,1961.6279,,,,韩国免税店协会
海外免税,韩国免税外国人人均消费(当月值),,美元,月,2023-02-28T00:00:00Z,3344.5682,,,,韩国免税店协会
海外免税,韩国免税外国人人均消费(当月值),,美元,月,2023-03-31T00:00:00Z,2499.0264,,,,韩国免税店协会
海外免税,韩国免税外国人人均消费(当月值),,美元,月,2023-04-30T00:00:00Z,1663.0628,,,,韩国免税店协会
海外免税,韩国免税外国人人均消费(当月值),,美元,月,2023-05-31T00:00:00Z,1387.0093,,,,韩国免税店协会
海外免税,韩国免税外国人人均消费(当月值),,美元,月,2023-06-30T00:00:00Z,1234.6819,,,,韩国免税店协会
海外免税,韩国免税外国人人均消费(当月值),,美元,月,2023-07-31T00:00:00Z,1030.6711,,,,韩国免税店协会
海外免税,韩国免税外国人人均消费(当月值),,美元,月,2023-08-31T00:00:00Z,1143.1223,,,,韩国免税店协会
海外免税,韩国免税外国人人均消费(当月值),,美元,月,2023-09-30T00:00:00Z,1272.9835,,,,韩国免税店协会
海外免税,韩国免税外国人人均消费(当月值),,美元,月,2023-10-31T00:00:00Z,1189.695,,,,韩国免税店协会
海外免税,韩国免税外国人人均消费(当月值),,美元,月,2023-11-30T00:00:00Z,1089.1234,,,,韩国免税店协会
海外免税,韩国免税外国人人均消费(当月值),,美元,月,2023-12-31T00:00:00Z,1260.2234,,,,韩国免税店协会
海外免税,韩国免税外国人人均消费(当月值),,美元,月,2024-01-31T00:00:00Z,1588.3033,-19.03,,,韩国免税店协会
海外免税,韩国免税外国人人均消费(当月值),,美元,月,2024-02-29T00:00:00Z,802.8648,-75.99,,,韩国免税店协会
海外免税,韩国免税外国人人均消费(当月值),,美元,月,2024-03-31T00:00:00Z,943.203,-62.26,,,韩国免税店协会
海外免税,韩国免税外国人人均消费(当月值),,美元,月,2024-04-30T00:00:00Z,910.878,-45.23,,,韩国免税店协会
海外免税,韩国免税外国人人均消费(当月值),,美元,月,2024-05-31T00:00:00Z,882.5816,-36.37,,,韩国免税店协会
海外免税,韩国免税外国人人均消费(当月值),,美元,月,2024-06-30T00:00:00Z,841.6454,-31.83,,,韩国免税店协会
海外免税,韩国免税外国人人均消费(当月值),,美元,月,2024-07-31T00:00:00Z,681.3106,-33.9,,,韩国免税店协会
海外免税,韩国免税外国人人均消费(当月值),,美元,月,2024-08-31T00:00:00Z,849.8652,-25.65,,,韩国免税店协会
海外免税,韩国免税外国人人均消费(当月值),,美元,月,2024-09-30T00:00:00Z,813.6197,-36.09,,,韩国免税店协会
海外免税,韩国免税外国人人均消费(当月值),,美元,月,2024-10-31T00:00:00Z,691.7251,-41.86,,,韩国免税店协会
海外免税,韩国免税外国人人均消费(当月值),,美元,月,2024-11-30T00:00:00Z,713.265,-34.51,,,韩国免税店协会
海外免税,韩国免税外国人人均消费(当月值),,美元,月,2024-12-31T00:00:00Z,934.5775,-25.84,,,韩国免税店协会
海外免税,韩国免税外国人人均消费(当月值),,美元,月,2025-01-31T00:00:00Z,640.1071,-59.7,,,韩国免税店协会
海外免税,韩国免税外国人人均消费(当月值),,美元,月,2025-02-28T00:00:00Z,808.0843,0.65,,,韩国免税店协会
海外免税,韩国免税外国人人均消费(当月值),,美元,月,2025-03-31T00:00:00Z,690.0485,-26.84,,,韩国免税店协会
海外免税,韩国免税外国人人均消费(当月值),,美元,月,2025-04-30T00:00:00Z,675.3209,-25.86,,,韩国免税店协会
海外免税,韩国免税外国人人均消费(当月值),,美元,月,2025-05-31T00:00:00Z,581.2165,-34.15,,,韩国免税店协会
海外免税,韩国免税外国人人均消费(当月值),,美元,月,2025-06-30T00:00:00Z,620.297,-26.3,,,韩国免税店协会
海外免税,韩国免税外国人人均消费(当月值),,美元,月,2025-07-31T00:00:00Z,469.5923,-31.08,,,韩国免税店协会
海外免税,韩国免税外国人人均消费(当月值),,美元,月,2025-08-31T00:00:00Z,528.9031,-37.77,,,韩国免税店协会
海外免税,韩国免税外国人人均消费(当月值),,美元,月,2025-09-30T00:00:00Z,554.1493,-31.89,,,韩国免税店协会
海外免税,韩国免税外国人人均消费(当月值),,美元,月,2025-10-31T00:00:00Z,582.7355,-15.76,,,韩国免税店协会
海外免税,韩国免税外国人人均消费(当月值),,美元,月,2025-11-30T00:00:00Z,531.6873,-25.46,,,韩国免税店协会
海外免税,韩国免税外国人人均消费(当月值),,美元,月,2025-12-31T00:00:00Z,622.1901,-33.43,,,韩国免税店协会
海外免税,韩国免税外国人人均消费(当月值),,美元,月,2026-01-31T00:00:00Z,573.3288,-10.43,,,韩国免税店协会
海外免税,韩国免税外国人人均消费(当月值),,美元,月,2026-02-28T00:00:00Z,534.2666,-33.88,,,韩国免税店协会
海外免税,韩国免税外国人人均消费(当月值),,美元,月,2026-03-31T00:00:00Z,526.8408,-23.65,,,韩国免税店协会
海外免税,韩国免税外国人人均消费(当月值),,美元,月,2026-04-30T00:00:00Z,495.2196,-26.67,,,韩国免税店协会
海外免税,韩国免税外国人人均消费(当月值),,美元,月,2026-05-31T00:00:00Z,467.9862,-19.48,,,韩国免税店协会
海外免税,韩国免税外国人人均消费(当月值),,美元,月,2026-06-30T00:00:00Z,468.8484,-24.42,,,韩国免税店协会
海外免税,日本全国百货店免税商品销售额(当月值),,亿日元,月,2025-01-31T00:00:00Z,619.3,54.9,,,日本百货店协会(JDS)
海外免税,日本全国百货店免税商品销售额(当月值),,亿日元,月,2025-02-28T00:00:00Z,538,14.5,,,日本百货店协会(JDS)
海外免税,日本全国百货店免税商品销售额(当月值),,亿日元,月,2025-03-31T00:00:00Z,442.2,-10.7,,,日本百货店协会(JDS)
海外免税,日本全国百货店免税商品销售额(当月值),,亿日元,月,2025-04-30T00:00:00Z,439.4,-26.7,,,日本百货店协会(JDS)
海外免税,日本全国百货店免税商品销售额(当月值),,亿日元,月,2025-05-31T00:00:00Z,425.6,-40.8,,,日本百货店协会(JDS)
海外免税,日本全国百货店免税商品销售额(当月值),,亿日元,月,2025-06-30T00:00:00Z,392.6,-40.6,,,日本百货店协会(JDS)
海外免税,日本全国百货店免税商品销售额(当月值),,亿日元,月,2025-07-31T00:00:00Z,403.4,-36.3,,,日本百货店协会(JDS)
海外免税,日本全国百货店免税商品销售额(当月值),,亿日元,月,2025-08-31T00:00:00Z,441.7,-4.7,,,日本百货店协会(JDS)
海外免税,日本全国百货店免税商品销售额(当月值),,亿日元,月,2025-09-30T00:00:00Z,396,-0.3,,,日本百货店协会(JDS)
海外免税,日本全国百货店免税商品销售额(当月值),,亿日元,月,2025-10-31T00:00:00Z,546.7,7.5,,,日本百货店协会(JDS)
海外免税,日本全国百货店免税商品销售额(当月值),,亿日元,月,2025-11-30T00:00:00Z,502.2,-2.5,,,日本百货店协会(JDS)
海外免税,日本全国百货店免税商品销售额(当月值),,亿日元,月,2025-12-31T00:00:00Z,519.3,-17.1,,,日本百货店协会(JDS)
海外免税,日本全国百货店免税商品销售额(当月值),,亿日元,月,2026-01-31T00:00:00Z,501.3,-19.1,,,日本百货店协会(JDS)
海外免税,日本全国百货店免税商品销售额(当月值),,亿日元,月,2026-02-28T00:00:00Z,453.6,-15.5,,,日本百货店协会(JDS)
