公司名称,财报期,子行业,营业收入(亿元),营收同比(%),归母净利润(亿元),归母同比(%),毛利率(%),业绩点评,来源,净利率(%),销售费用率(%),管理费用率(%),财务费用率(%),经营现金流净额(亿元),投资现金流净额(亿元),筹资现金流净额(亿元),总资产(亿元),归母净资产(亿元),资产负债率(%),报告类型
锦江酒店,2023Q1,酒店,146.4938,29.5264,10.0175,691.1379,41.9882,,Wind 万得（报告期累计口径）,8.7184,7.9186,18.7377,4.709,51.6172,11.1094,-35.6949,505.8704,166.7704,65.6818,
锦江酒店,FY2023,酒店,107.9034,-2.547,11.0567,12.1343,41.4756,,Wind 万得（报告期累计口径）,11.9002,7.5001,18.1643,5.5969,34.6888,28.0663,-51.8255,478.7928,169.6882,63.2647,
锦江酒店,2023H1,酒店,140.6298,-4.0029,9.1103,-9.0558,39.524,,Wind 万得（报告期累计口径）,8.137,7.5915,18.1077,5.3358,35.6168,28.4932,-62.4701,461.0997,154.0856,65.9889,
锦江酒店,2024Q1,酒店,29.4158,-8.254,0.3601,-81.0349,31.8453,,Wind 万得（报告期累计口径）,1.7625,6.8353,19.5325,5.5283,6.0281,1.1974,-13.7291,455.0857,154.8676,65.3368,
锦江酒店,2024H1,酒店,65.2635,-5.3058,3.7067,-56.2665,36.2807,,Wind 万得（报告期累计口径）,6.1753,6.797,15.6166,5.0581,13.3121,-4.9709,-25.2254,456.6269,154.7995,65.4349,
锦江酒店,2024Q3,酒店,102.4111,-5.09,7.4606,-32.5238,38.2438,,Wind 万得（报告期累计口径）,7.805,7.0642,14.8864,4.686,27.8976,-19.6334,-36.1964,456.8608,158.41,64.7566,
锦江酒店,2023Q3,酒店,138.1083,-1.793,9.2546,1.5839,38.3762,,Wind 万得（报告期累计口径）,7.1638,7.2859,16.4329,4.5998,33.0135,-20.5655,-32.4168,459.049,160.0453,64.546,
锦江酒店,FY2024,酒店,140.6298,-4.0029,9.1103,-9.0558,39.524,,Wind 万得（报告期累计口径，2026-09-07 重拉校准）,8.137,7.5915,18.28,5.3358,35.6168,28.4932,-62.4701,461.0997,154.0856,65.9889,
锦江酒店,2025Q1,酒店,68.0117,4.2109,5.4509,47.0545,36.9338,,Wind 万得（报告期累计口径）,8.368,7.0427,15.4537,4.0597,21.0265,-4.066,-10.9662,450.4036,159.7188,64.0271,
首旅酒店,2023Q1,酒店,77.9292,53.0959,7.9507,237.8451,38.1173,,Wind 万得（报告期累计口径）,10.4053,6.342,11.1677,5.1418,40.1378,-7.2797,-31.0684,252.4015,111.3582,55.3373,
首旅酒店,FY2023,酒店,58.8875,-0.3705,7.2318,5.6271,39.5929,,Wind 万得（报告期累计口径）,12.4154,7.1385,10.8458,4.5989,26.9981,-8.4697,-16.5983,254.7823,116.1398,53.9449,
首旅酒店,2023H1,酒店,77.5122,-0.5351,8.0631,1.4138,38.3557,,Wind 万得（报告期累计口径）,10.5801,7.4459,10.8033,4.5788,33.7087,-9.8941,-22.6798,248.8518,116.9823,52.4998,
首旅酒店,2024Q1,酒店,17.6541,-4.3374,1.427,18.3654,35.3589,,Wind 万得（报告期累计口径）,9.0699,7.8559,12.9491,4.1796,6.7344,-1.5342,-4.2394,247.9499,118.4065,51.6824,
首旅酒店,2024H1,酒店,36.6093,-1.9312,3.9714,11.0782,38.3323,,Wind 万得（报告期累计口径）,11.4996,8.0396,11.1965,3.9791,15.4649,-0.8711,-14.8112,244.6647,116.9249,51.6129,
首旅酒店,2024Q3,酒店,57.8213,-1.8107,7.547,4.3573,40.7018,,Wind 万得（报告期累计口径）,13.5001,8.3367,10.7274,3.7276,26.308,-7.9425,-18.5113,249.5063,120.5019,51.11,
首旅酒店,2023Q3,酒店,76.068,-1.8633,8.1114,0.5982,39.881,,Wind 万得（报告期累计口径）,10.7047,8.7425,11.2077,3.664,33.1334,-8.6332,-23.2562,243.8909,120.7346,50.1814,
首旅酒店,FY2024,酒店,77.5122,-0.5351,8.0631,1.4138,38.3557,,Wind 万得（报告期累计口径，2026-09-07 重拉校准）,10.5801,7.4459,11.6353,4.5788,33.7087,-9.8941,-22.6798,248.8518,116.9823,52.4998,
首旅酒店,2025Q1,酒店,35.7978,-2.2165,4.4074,10.9774,40.2695,,Wind 万得（报告期累计口径）,13.3798,7.7865,11.5961,3.1519,14.6189,-2.8001,-15.5384,237.4496,120.1163,48.9364,
君亭酒店,2023Q1,酒店,5.3398,56.1627,0.3052,2.6021,39.7375,,Wind 万得（报告期累计口径）,7.9242,8.4308,14.6456,6.1442,2.4485,-1.7449,-2.6141,24.2479,9.7794,59.7552,
君亭酒店,FY2023,酒店,5.0302,31.8443,0.1831,-23.5897,30.8324,,Wind 万得（报告期累计口径）,4.6085,7.2902,11.295,7.1324,1.748,-2.3814,-1.4998,24.5818,9.6708,60.7981,
君亭酒店,2023H1,酒店,6.7585,26.5686,0.252,-17.4319,32.6556,,Wind 万得（报告期累计口径）,4.7502,7.6598,11.679,7.2113,2.6142,-1.3458,-2.1653,25.4734,9.7397,61.82,
君亭酒店,2024Q1,酒店,1.6219,1.2945,0.0286,-38.7002,27.9921,,Wind 万得（报告期累计口径）,2.6203,7.323,11.0046,8.557,0.6307,-0.8106,-0.2678,25.397,9.7683,61.4985,
君亭酒店,2024H1,酒店,3.2641,-1.2384,0.0617,-54.9576,28.1592,,Wind 万得（报告期累计口径）,2.375,7.7562,11.043,8.4279,1.1753,-1.1778,-1.1311,24.4302,9.5097,61.1797,
君亭酒店,2024Q3,酒店,5.0592,0.577,0.099,-45.9225,28.839,,Wind 万得（报告期累计口径）,2.1564,7.6584,10.9794,8.1309,1.9061,-1.2698,-1.6138,24.4099,9.5471,61.1123,
君亭酒店,2023Q3,酒店,6.731,-0.4067,0.2308,-8.3926,31.2889,,Wind 万得（报告期累计口径）,3.7993,7.5446,11.749,7.8885,2.7065,-0.4093,-2.8844,23.3781,8.79,63.0646,
君亭酒店,FY2024,酒店,6.7585,26.5686,0.252,-17.4319,32.6556,,Wind 万得（报告期累计口径，2026-09-07 重拉校准）,4.7502,7.6598,11.679,7.2113,2.6142,-1.3458,-2.1653,25.4734,9.7397,61.82,
君亭酒店,2025Q1,酒店,3.3102,1.4122,0.095,54.0374,32.0604,,Wind 万得（报告期累计口径）,2.905,9.1952,11.7459,7.7025,1.2309,-1.234,-0.8799,23.361,8.8849,62.5832,
中国中免,2023Q1,免税,675.401,24.0797,67.1369,33.4628,31.8192,,Wind 万得（报告期累计口径）,10.7584,13.9485,3.2697,-1.2863,151.2642,-47.1579,-46.2778,788.6941,538.3395,24.9625,
中国中免,FY2023,免税,430.2059,-15.3755,39.193,-24.7191,33.123,,Wind 万得（报告期累计口径）,10.0211,15.7964,3.2958,-1.5223,51.0365,-4.0893,-41.3191,755.8392,542.3157,20.6741,
中国中免,2023H1,免税,564.7385,-16.3847,42.6711,-36.4416,32.0302,,Wind 万得（报告期累计口径）,8.6102,16.048,3.5228,-1.6346,79.3933,-4.543,-43.6707,762.6037,550.9671,20.0786,
中国中免,2024Q1,免税,167.4605,-10.9592,19.3785,-15.9813,32.9782,,Wind 万得（报告期累计口径）,12.2762,13.1231,2.5267,-1.2117,47.9698,-2.5708,4.1941,804.6233,569.6761,21.802,
中国中免,2024H1,免税,281.5075,-9.9608,25.9975,-20.8092,32.7651,,Wind 万得（报告期累计口径）,10.3243,15.1392,3.0416,-1.778,26.0712,-18.8681,-19.543,750.0913,551.9858,18.6074,
中国中免,2024Q3,免税,398.6212,-7.3418,30.5196,-22.1299,32.5444,,Wind 万得（报告期累计口径）,8.6892,16.1986,3.3063,-1.4947,33.8799,-33.0574,-26.2198,754.9631,556.7389,18.3368,
中国中免,2023Q3,免税,536.9358,-4.9231,35.8618,-15.9577,32.7504,,Wind 万得（报告期累计口径）,6.8715,16.1729,4.1052,-1.4468,60.5856,-34.8034,-31.8198,749.8287,554.6926,18.4807,
中国中免,FY2024,免税,564.7385,-16.3847,42.6711,-36.4416,32.0302,,Wind 万得（报告期累计口径，2026-09-07 重拉校准）,8.6102,16.048,3.558,-1.6346,79.3933,-4.543,-43.6707,762.6037,550.9671,20.0786,
中国中免,2025Q1,免税,276.552,-1.7603,31.0643,19.4895,33.9005,,Wind 万得（报告期累计口径）,11.0078,14.9992,3.2303,-0.9777,24.7963,-84.3202,-3.009,849.3995,574.5297,25.6588,
丽江股份,2023Q1,旅游,7.989,152.3747,2.2741,5971.9138,58.6807,,Wind 万得（报告期累计口径）,31.5229,3.3626,15.4179,-0.5897,4.0541,-2.6752,-1.3664,29.2403,25.0549,9.8664,
丽江股份,FY2023,旅游,6.3565,-0.9615,1.9228,-9.2214,60.7625,,Wind 万得（报告期累计口径）,34.1617,3.4872,15.6293,-0.1585,2.7699,0.5497,-2.1511,30.1434,25.0916,12.2614,
丽江股份,2023H1,旅游,8.0845,1.1949,2.1087,-7.273,57.3682,,Wind 万得（报告期累计口径）,29.2518,3.5787,15.9793,-0.1406,3.2913,0.073,-2.1573,30.1639,25.2769,11.682,
丽江股份,2024Q1,旅游,1.6249,-9.6947,0.3447,-38.2449,51.6347,,Wind 万得（报告期累计口径）,23.583,5.2722,15.8723,-0.2533,0.4528,-0.3466,-0.0016,30.2225,25.6209,10.5877,
丽江股份,2024H1,旅游,3.777,-1.8518,0.945,-15.8567,53.7931,,Wind 万得（报告期累计口径）,28.055,3.8457,14.0938,-0.0688,1.1894,-0.7745,-1.1416,29.9973,24.4005,10.9443,
丽江股份,2024Q3,旅游,6.5973,3.7882,1.9193,-0.182,58.4282,,Wind 万得（报告期累计口径）,33.0682,4.0628,13.6243,0.0924,3.1522,-4.1905,-1.4419,31.2163,25.375,10.8218,
丽江股份,2023Q3,旅游,8.6037,6.4215,2.1348,1.2358,56.177,,Wind 万得（报告期累计口径）,27.7939,4.2151,14.9479,0.1419,3.8763,-5.885,-1.4468,30.6903,25.5903,8.623,
丽江股份,FY2024,旅游,8.0845,1.1949,2.1087,-7.273,57.3682,,Wind 万得（报告期累计口径，2026-09-07 重拉校准）,29.2518,3.5787,15.9793,-0.1406,3.2913,0.073,-2.1573,30.1639,25.2769,11.682,
丽江股份,2025Q1,旅游,4.1905,10.9455,1.3274,40.4602,59.7677,,Wind 万得（报告期累计口径）,35.4605,3.8855,13.1223,0.3908,1.383,-0.6,-1.7243,29.8247,24.9955,6.755,
长白山,2023Q1,旅游,6.2043,218.7332,1.3806,340.5866,42.9753,,Wind 万得（报告期累计口径）,22.2527,3.3508,9.126,0.4894,2.5055,-0.8635,-0.2001,12.3194,10.3914,15.6496,
长白山,FY2023,旅游,5.9469,19.5504,1.4783,-2.5166,45.7194,,Wind 万得（报告期累计口径）,24.8583,2.7866,7.147,0.2507,2.2801,-1.1076,-0.3411,13.8096,11.6751,15.4569,
长白山,2023H1,旅游,7.4332,19.8082,1.4425,4.4841,41.6659,,Wind 万得（报告期累计口径）,19.4064,3.2215,8.8372,0.2398,2.0548,-1.6695,0.3658,14.4667,11.6203,19.6756,
长白山,2024Q1,旅游,1.2883,0.7304,0.0439,-58.9345,22.8563,,Wind 万得（报告期累计口径）,3.4177,3.1618,11.9443,0.6237,0.0028,-0.1719,0.0366,14.1768,11.6537,17.4441,
长白山,2024H1,旅游,2.3548,-7.4432,-0.0205,-109.7529,19.0394,,Wind 万得（报告期累计口径）,-1.1291,3.659,13.3896,0.7334,0.0817,-0.7892,-0.26,14.1421,11.3876,18.8136,
长白山,2024Q3,旅游,6.3625,6.9886,1.4938,1.0468,43.2654,,Wind 万得（报告期累计口径）,23.0827,2.7349,7.7434,0.4902,2.163,-1.138,-0.2344,16.8642,12.9051,22.7687,
长白山,2023Q3,旅游,7.8778,5.9811,1.2935,-10.3327,37.4696,,Wind 万得（报告期累计口径）,15.8682,3.5225,10.2404,0.568,1.7314,-1.5022,1.1736,18.4324,14.9652,18.0447,
长白山,FY2024,旅游,7.4332,19.8082,1.4425,4.4841,41.6659,,Wind 万得（报告期累计口径，2026-09-07 重拉校准）,19.4064,3.2215,8.8372,0.2398,2.0548,-1.6695,0.3658,14.4667,11.6203,19.6756,
长白山,2025Q1,旅游,2.7726,17.7442,0.0127,161.8384,19.4394,,Wind 万得（报告期累计口径）,0.2538,3.8923,14.4953,0.6102,0.304,-0.6953,-0.0555,18.1016,15.0065,15.9299,
中公教育,2023Q1,教育,30.8632,-36.0324,-2.0943,80.9778,54.1207,,Wind 万得（报告期累计口径）,-6.7857,22.6726,15.9913,3.3238,-8.0006,-0.1057,7.8837,71.3962,5.671,92.057,
中公教育,FY2023,教育,21.004,-21.2107,1.6816,-30.5251,59.7564,,Wind 万得（报告期累计口径）,8.0058,20.9542,14.3293,4.9095,5.6972,0.1986,-7.5601,65.2757,7.3525,88.7362,
中公教育,2023H1,教育,26.2663,-14.8946,1.8368,187.7043,59.6644,,Wind 万得（报告期累计口径）,6.9983,21.3006,15.0532,7.582,5.5683,0.3493,-6.8827,65.1013,7.244,88.8706,
中公教育,2024Q1,教育,5.7502,-24.686,0.3999,-51.6933,59.7892,,Wind 万得（报告期累计口径）,6.9553,18.6424,15.3407,8.1759,0.8353,-0.0798,-2.4254,62.9923,7.6439,87.8631,
中公教育,2024H1,教育,11.5524,-20.2115,0.6178,-46.6931,59.6082,,Wind 万得（报告期累计口径）,5.3482,25.4571,12.464,6.7957,2.7274,-0.1128,-3.7461,61.3019,7.8618,87.173,
中公教育,2024Q3,教育,16.5737,-21.0928,0.9197,-45.3085,59.5624,,Wind 万得（报告期累计口径）,5.5489,24.6306,12.8255,6.9573,3.3385,0.1583,-5.352,59.8372,8.1636,86.3546,
中公教育,2023Q3,教育,22.3693,-14.8363,0.4889,-73.3822,59.6998,,Wind 万得（报告期累计口径）,2.1814,22.0676,15.0243,8.0951,4.2259,0.1324,-6.431,56.8842,7.5724,86.6873,
中公教育,FY2024,教育,26.2663,-14.8946,1.8368,187.7043,59.6644,,Wind 万得（报告期累计口径，2026-09-07 重拉校准）,6.9983,21.3006,22.9319,7.582,5.5683,0.3493,-6.8827,65.1013,7.244,88.8706,
中公教育,2025Q1,教育,11.6931,1.2182,0.7322,18.5161,60.3493,,Wind 万得（报告期累计口径）,6.1051,22.5326,12.2984,7.5097,2.8788,-0.1002,-1.9352,57.2625,8.3046,85.5286,
华图山鼎,2023Q1,教育,2.4712,131.2667,-0.9197,-939.0077,21.4596,,Wind 万得（报告期累计口径）,-37.2166,29.9316,28.121,2.3384,1.9441,0.0295,-0.4997,10.2093,2.0961,79.4682,
华图山鼎,FY2023,教育,21.3088,4702.2129,1.2943,3594.6714,57.9039,,Wind 万得（报告期累计口径）,6.074,31.5702,16.8213,0.9786,8.9268,-5.2284,-1.7536,19.9566,3.6436,81.7424,
华图山鼎,2023H1,教育,28.328,1046.3371,0.5299,157.6197,53.4835,,Wind 万得（报告期累计口径）,1.8707,26.8842,15.8826,0.8881,8.2417,-3.6739,-2.6325,18.67,2.8797,84.5755,
华图山鼎,2024Q1,教育,8.2699,18.9124,1.2145,67.3792,61.3634,,Wind 万得（报告期累计口径）,14.6854,23.3389,14.4153,0.8831,1.4277,0.9779,-0.7576,20.0855,3.8132,81.0149,
华图山鼎,2024H1,教育,17.2434,14.4955,2.1291,75.0917,59.1109,,Wind 万得（报告期累计口径）,12.3473,22.8324,15.2264,1.0307,4.8892,-2.2639,1.0754,24.6423,4.1885,83.0029,
华图山鼎,2024Q3,教育,24.6434,15.6493,2.4912,92.4753,58.992,,Wind 万得（报告期累计口径）,10.109,23.2871,17.02,1.1122,6.5164,-3.9568,-2.2435,24.1813,3.9711,83.5778,
华图山鼎,2023Q3,教育,31.9783,12.886,2.4062,354.0698,59.4037,,Wind 万得（报告期累计口径）,7.5245,26.6826,14.7988,1.0271,6.7003,-1.9556,-4.1439,21.6113,1.342,93.7902,
华图山鼎,FY2024,教育,28.328,1046.3371,0.5299,157.6197,53.4835,,Wind 万得（报告期累计口径，2026-09-07 重拉校准）,1.8707,26.8842,22.9078,0.8881,8.2417,-3.6739,-2.6325,18.67,2.8797,84.5755,
华图山鼎,2025Q1,教育,15.4342,-10.4918,0.3255,-84.7131,55.3809,,Wind 万得（报告期累计口径）,2.1088,24.8016,19.8235,1.4635,1.9769,0.5548,-1.6765,23.148,2.0485,91.1502,
行动教育,2023Q1,教育,6.7224,49.0823,2.1945,97.9512,78.2569,,Wind 万得（报告期累计口径）,32.7658,26.5201,13.5827,-3.8226,4.5402,0.5658,-3.4457,20.9648,9.5907,54.0906,
行动教育,FY2023,教育,5.6286,22.0688,1.946,21.1242,75.9064,,Wind 万得（报告期累计口径）,34.9509,24.9808,11.7709,-3.2049,1.8789,-2.7793,-2.3054,20.5065,9.3744,54.0007,
行动教育,2023H1,教育,7.8343,16.5407,2.6857,22.3867,76.0512,,Wind 万得（报告期累计口径）,34.6491,25.3982,14.0385,-2.9962,3.9955,-2.4147,-2.851,22.3201,9.6139,56.6315,
行动教育,2024Q1,教育,1.3069,-7.2066,0.2826,17.7991,73.7694,,Wind 万得（报告期累计口径）,21.9897,32.103,18.8999,-3.0573,-0.5062,-0.1299,-0.0325,21.825,9.8966,54.3305,
行动教育,2024H1,教育,3.4394,-11.6825,1.3141,-3.5052,77.4897,,Wind 万得（报告期累计口径）,38.2817,24.4962,12.3872,-3.1977,0.6808,-1.237,-0.9833,22.1023,10.0075,54.5266,
行动教育,2024Q3,教育,5.6581,0.5233,2.1481,10.3884,78.5369,,Wind 万得（报告期累计口径）,38.3796,24.5468,11.8021,-2.8043,1.5557,-0.4178,-2.2178,21.7658,9.6493,55.3734,
行动教育,2023Q3,教育,8.1122,3.5461,3.1992,19.1199,78.8588,,Wind 万得（报告期累计口径）,39.8368,25.209,11.8962,-2.5605,4.1477,-2.686,-2.8512,23.9131,10.1046,57.4394,
行动教育,FY2024,教育,7.8343,16.5407,2.6857,22.3867,76.0512,,Wind 万得（报告期累计口径，2026-09-07 重拉校准）,34.6491,25.3982,16.8023,-2.9962,3.9955,-2.4147,-2.851,22.3201,9.6139,56.6315,
行动教育,2025Q1,教育,4.28,24.4397,1.7172,30.6707,78.8631,,Wind 万得（报告期累计口径）,40.2795,24.3646,12.1131,-2.1163,2.2229,2.5846,-1.4905,24.6561,10.4352,57.4779,
老凤祥,2023Q1,黄金珠宝,714.3564,13.3717,22.144,30.2323,8.3019,,Wind 万得（报告期累计口径）,4.1651,1.4752,0.6854,0.1968,72.1158,-3.0617,-31.7388,243.3385,115.7398,43.5556,
老凤祥,FY2023,黄金珠宝,525.8167,-15.2811,17.7586,-9.6011,8.563,,Wind 万得（报告期累计口径）,4.3406,1.2995,0.7853,0.2231,65.4714,-1.5643,-32.5868,241.922,123.3214,40.0817,
老凤祥,2023H1,黄金珠宝,567.9288,-20.4978,19.498,-11.9488,8.9253,,Wind 万得（报告期累计口径）,4.4792,1.6099,1.047,0.2226,29.3865,-1.2933,-39.8071,227.3114,124.9809,35.1131,
老凤祥,2024Q1,黄金珠宝,175.2131,-31.637,6.1305,-23.5503,9.0557,,Wind 万得（报告期累计口径）,4.5909,1.2178,0.6232,0.3251,35.4829,-0.6415,43.985,292.8036,131.1567,46.8459,
老凤祥,2024H1,黄金珠宝,333.5585,-16.5246,12.2028,-13.0734,8.6798,,Wind 万得（报告期累计口径）,4.6732,1.264,0.6398,0.2585,47.0543,-1.5422,7.4557,239.1508,128.1818,37.1113,
老凤祥,2024Q3,黄金珠宝,480.0146,-8.7107,14.3754,-19.0511,8.1706,,Wind 万得（报告期累计口径）,3.8289,1.4245,0.7503,0.2544,23.6594,-1.9201,3.7311,248.9068,128.6056,39.2457,
老凤祥,2023Q3,黄金珠宝,528.2338,-6.9894,17.5496,-9.9927,9.093,,Wind 万得（报告期累计口径）,4.276,1.8125,0.91,0.3249,59.6247,-2.4312,-38.201,207.2641,131.8591,25.0958,
老凤祥,FY2024,黄金珠宝,567.9288,-20.4978,19.498,-11.9488,8.9253,,Wind 万得（报告期累计口径，2026-09-07 重拉校准）,4.4792,1.6099,1.1012,0.2226,29.3865,-1.2933,-39.8071,227.3114,124.9809,35.1131,
老凤祥,2025Q1,黄金珠宝,199.8675,-40.0802,7.1582,-41.3402,12.1605,,Wind 万得（报告期累计口径）,4.7099,2.3704,0.9595,0.4101,-2.0803,-2.5935,2.1062,214.8314,132.4074,28.0136,
潮宏基,2023Q1,黄金珠宝,58.9985,33.559,3.3335,67.406,26.0718,,Wind 万得（报告期累计口径）,5.5938,14.0325,2.1337,0.5326,6.1524,-2.1856,-3.6919,57.3749,36.318,33.4636,
潮宏基,FY2023,黄金珠宝,48.5931,8.0076,3.1591,0.9511,24.1648,,Wind 万得（报告期累计口径）,6.5017,11.6214,1.998,0.4895,4.449,-0.9069,-4.5436,59.7662,37.3647,34.7466,
潮宏基,2023H1,黄金珠宝,65.1787,10.4752,1.9365,-41.9081,23.6,,Wind 万得（报告期累计口径）,2.5955,11.6869,2.0686,0.4921,4.3546,-0.2665,-6.2901,57.4473,35.2994,36.1169,
潮宏基,2024Q1,黄金珠宝,22.5207,25.3645,1.889,44.3807,22.9317,,Wind 万得（报告期累计口径）,8.4329,8.7647,1.2958,0.3907,-2.8277,1.0823,1.8918,66.0951,37.2092,41.565,
潮宏基,2024H1,黄金珠宝,41.0176,19.5351,3.3124,44.3404,23.8085,,Wind 万得（报告期累计口径）,8.108,9.2693,1.5585,0.406,4.0495,-1.4927,-1.6073,59.4077,36.4281,36.2994,
潮宏基,2024Q3,黄金珠宝,62.3671,28.3458,3.1696,0.3311,23.1646,,Wind 万得（报告期累计口径）,5.0709,8.9125,1.5631,0.3941,6.0196,-1.3396,-2.3951,63.3874,35.426,41.9051,
潮宏基,2023Q3,黄金珠宝,93.1786,42.9585,4.9701,156.6557,22.0632,,Wind 万得（报告期累计口径）,5.0606,8.5035,1.8786,0.3585,-0.7142,0.6229,1.8834,75.6141,37.6385,49.4983,
潮宏基,FY2024,黄金珠宝,65.1787,10.4752,1.9365,-41.9081,23.6,,Wind 万得（报告期累计口径，2026-09-07 重拉校准）,2.5955,11.6869,3.1133,0.4921,4.3546,-0.2665,-6.2901,57.4473,35.2994,36.1169,
潮宏基,2025Q1,黄金珠宝,43.7434,6.6455,4.2205,27.4162,27.3894,,Wind 万得（报告期累计口径）,9.6759,9.6492,1.4875,0.4819,13.0948,-2.8335,-6.3666,62.5053,38.8057,37.6864,
周大生,2023Q1,黄金珠宝,162.9006,46.5187,13.1605,20.6722,18.1442,,Wind 万得（报告期累计口径）,8.0587,5.7963,0.652,0.0233,1.3861,-2.2984,-8.7542,80.1244,63.813,20.3155,
周大生,FY2023,黄金珠宝,108.0865,-13.4892,8.5481,-21.9482,20.578,,Wind 万得（报告期累计口径）,7.8915,7.623,0.7104,0.2327,13.15,-1.5676,-5.9433,82.6529,62.0484,24.9104,
周大生,2023H1,黄金珠宝,138.913,-14.7253,10.1011,-23.2471,20.7994,,Wind 万得（报告期累计口径）,7.2121,8.3998,0.8017,0.1553,18.559,-2.0527,-13.4565,78.3573,63.5598,18.947,
周大生,2024Q1,黄金珠宝,26.7304,-47.2811,2.5212,-26.1207,26.2128,,Wind 万得（报告期累计口径）,9.4113,9.456,1.0264,0.0518,3.7412,-0.4072,0.758,83.1078,66.081,20.553,
周大生,2024H1,黄金珠宝,45.9671,-43.9211,5.9381,-1.2702,30.3376,,Wind 万得（报告期累计口径）,12.8938,10.7981,1.0954,0.055,4.0323,-0.6029,-5.7041,78.539,62.4423,20.5716,
周大生,2024Q3,黄金珠宝,67.72,-37.3465,8.8154,3.1273,29.736,,Wind 万得（报告期累计口径）,12.9946,10.9058,1.2002,0.0931,5.8045,-1.4937,-4.9556,81.9164,62.6059,23.6519,
周大生,2023Q3,黄金珠宝,88.1507,-36.5425,11.0322,9.2187,31.3535,,Wind 万得（报告期累计口径）,12.5019,12.1977,1.3615,0.1507,4.6401,-1.8349,-5.4324,83.1152,64.823,22.081,
周大生,FY2024,黄金珠宝,138.913,-14.7253,10.1011,-23.2471,20.7994,,Wind 万得（报告期累计口径，2026-09-07 重拉校准）,7.2121,8.3998,0.9048,0.1553,18.559,-2.0527,-13.4565,78.3573,63.5598,18.947,
周大生,2025Q1,黄金珠宝,36.4083,-20.7949,4.4989,-24.2371,36.9478,,Wind 万得（报告期累计口径）,12.3818,13.2761,1.7435,0.3528,2.0366,-0.4926,-0.074,84.1551,62.2161,26.1308,
豫园股份,2023Q1,黄金珠宝,581.4692,15.8308,20.2406,-44.9977,14.1131,,Wind 万得（报告期累计口径）,3.127,5.2867,5.5061,2.6062,47.4725,26.5635,-91.2378,1240.4475,363.2697,68.0277,
豫园股份,FY2023,黄金珠宝,361.0082,-8.7155,11.5939,-48.1249,13.0602,,Wind 万得（报告期累计口径）,2.6786,5.3387,5.4471,3.5845,25.4466,6.0915,-25.6979,1258.7054,364.3555,68.539,
豫园股份,2023H1,黄金珠宝,469.2447,-19.3002,1.2526,-93.8116,13.5958,,Wind 万得（报告期累计口径）,-0.9145,5.8978,5.8548,4.1058,42.5316,3.8812,-38.2212,1206.915,355.4508,67.8187,
豫园股份,2024Q1,黄金珠宝,87.8216,-49.0035,0.5183,-71.244,16.1004,,Wind 万得（报告期累计口径）,-0.0108,7.2991,6.8744,5.0441,3.1778,0.6608,-7.8956,1189.4008,354.8187,68.0714,
豫园股份,2024H1,黄金珠宝,191.1247,-30.6814,0.6281,-94.4984,15.0879,,Wind 万得（报告期累计口径）,-0.496,6.473,5.8496,4.3079,22.7729,-0.9077,-18.6441,1193.1543,350.8459,68.1842,
豫园股份,2024Q3,黄金珠宝,283.9983,-21.3319,-4.8775,-142.0697,13.1077,,Wind 万得（报告期累计口径）,-2.5975,6.3721,5.4699,3.816,11.0244,5.8253,-16.5132,1198.1688,344.7776,68.908,
豫园股份,2023Q3,黄金珠宝,363.733,-22.4854,-48.9666,-4009.2553,13.3383,,Wind 万得（报告期累计口径）,-14.9298,7.011,6.0776,4.5784,24.5052,6.8655,-26.0596,1148.9232,300.1129,71.2283,
豫园股份,FY2024,黄金珠宝,469.2447,-19.3002,1.2526,-93.8116,13.5958,,Wind 万得（报告期累计口径，2026-09-07 重拉校准）,-0.9145,5.8978,5.9588,4.1058,42.5316,3.8812,-38.2212,1206.915,355.4508,67.8187,
豫园股份,2025Q1,黄金珠宝,170.1689,-10.9645,1.6154,157.1702,20.8212,,Wind 万得（报告期累计口径）,1.1064,6.9095,5.3101,4.9477,7.5711,3.5098,-25.4623,1086.2217,298.8584,69.7068,
安克创新,2023Q1,跨境电商与出海,175.072,22.8531,16.1487,41.2236,43.536,,Wind 万得（报告期累计口径）,9.6757,22.2001,3.3311,0.4939,14.2991,-0.0445,-6.1318,127.767,79.9992,36.1236,
安克创新,FY2023,跨境电商与出海,164.4865,39.5554,14.7156,21.292,44.2756,,Wind 万得（报告期累计口径）,9.2972,21.9529,3.787,-0.13,16.512,-7.9544,-8.327,161.2008,82.7709,47.7672,
安克创新,2023H1,跨境电商与出海,247.1008,41.1424,21.1443,30.9348,43.6732,,Wind 万得（报告期累计口径）,8.9483,22.5406,3.5157,0.101,27.4546,-15.0348,-8.0983,166.0371,89.5804,44.9248,
安克创新,2024Q1,跨境电商与出海,59.9338,36.9062,4.9576,59.5656,43.2786,,Wind 万得（报告期累计口径）,8.7483,21.3549,3.751,-0.3807,-2.8766,0.8016,-0.6367,173.0574,93.6015,44.6577,
安克创新,2024H1,跨境电商与出海,128.6676,33.3574,11.6692,33.8014,44.7302,,Wind 万得（报告期累计口径）,9.0643,21.9716,3.6232,-0.2824,-11.3222,11.0624,4.3605,186.7221,91.3701,50.0436,
安克创新,2024Q3,跨境电商与出海,210.1923,27.7869,19.3277,31.3417,44.6809,,Wind 万得（报告期累计口径）,9.3679,22.3571,3.4877,0.083,-8.6487,6.4375,2.4308,200.2025,98.9356,49.5173,
安克创新,2023Q3,跨境电商与出海,305.144,23.4897,25.4513,20.3697,45.0654,,Wind 万得（报告期累计口径）,8.5769,22.3724,3.5821,0.1724,4.8081,3.0601,-1.2948,200.6689,105.276,46.6202,
安克创新,FY2024,跨境电商与出海,247.1008,41.1424,21.1443,30.9348,43.6732,,Wind 万得（报告期累计口径，2026-09-07 重拉校准）,8.9483,22.5406,12.0484,0.101,27.4546,-15.0348,-8.0983,166.0371,89.5804,44.9248,
安克创新,2025Q1,跨境电商与出海,166.0501,29.0535,17.0204,45.8576,49.8227,,Wind 万得（报告期累计口径）,10.5078,20.6209,3.3242,0.8712,7.2253,3.6244,-10.5349,224.2016,115.9172,47.5785,
小商品城,2023Q1,跨境电商与出海,112.9969,48.2958,26.7618,142.25,26.4958,,Wind 万得（报告期累计口径）,23.7299,2.1266,4.9517,1.1063,18.4506,-13.7499,4.6049,362.1895,176.8839,51.1197,
小商品城,FY2023,跨境电商与出海,106.1305,34.247,23.2887,0.5271,31.997,,Wind 万得（报告期累计口径）,21.9729,1.2228,3.1845,0.7526,4.5265,8.2785,-24.2768,358.9817,197.5697,44.7766,
小商品城,2023H1,跨境电商与出海,157.3738,39.2727,30.7368,14.8531,31.387,,Wind 万得（报告期累计口径）,19.5601,2.0425,3.6894,0.6497,44.9134,12.2281,-30.9503,391.6846,205.0376,47.477,
小商品城,2024Q1,跨境电商与出海,31.6117,17.9276,8.0332,12.6649,36.1796,,Wind 万得（报告期累计口径）,25.4244,1.5501,2.4955,0.153,-2.7814,-8.5104,-1.114,377.6305,213.1431,43.3751,
小商品城,2024H1,跨境电商与出海,77.128,13.9946,16.9094,16.7788,31.5503,,Wind 万得（报告期累计口径）,22.0032,1.3606,2.544,0.2224,13.8285,-8.9186,-13.4181,383.8411,203.928,46.6769,
小商品城,2024Q3,跨境电商与出海,130.6113,23.0667,34.5731,48.4544,37.2253,,Wind 万得（报告期累计口径）,26.5264,1.2384,2.6046,0.0967,96.052,-15.3576,-56.8804,452.985,221.8471,50.8577,
小商品城,2023Q3,跨境电商与出海,199.2725,26.6237,42.0355,36.7595,31.4444,,Wind 万得（报告期累计口径）,21.1555,2.3624,3.071,-0.055,105.2921,-56.4945,-61.0563,444.0544,229.4791,48.1399,
小商品城,FY2024,跨境电商与出海,157.3738,39.2727,30.7368,14.8531,31.387,,Wind 万得（报告期累计口径，2026-09-07 重拉校准）,19.5601,2.0425,3.8369,0.6497,44.9134,12.2281,-30.9503,391.6846,205.0376,47.477,
小商品城,2025Q1,跨境电商与出海,102.8154,33.3049,19.792,17.0476,29.0444,,Wind 万得（报告期累计口径）,19.3151,1.2542,2.068,-0.0012,-1.288,-2.9828,-14.6194,431.7932,221.0201,48.611,
赛维时代,2023Q1,跨境电商与出海,65.6366,33.7035,3.3555,81.6156,45.8442,,Wind 万得（报告期累计口径）,5.1122,35.6742,2.355,-0.0665,5.4961,-11.6427,6.1073,36.2314,24.1443,33.361,
赛维时代,FY2023,跨境电商与出海,68.0165,55.4955,1.9541,-12.1981,44.9296,,Wind 万得（报告期累计口径）,2.8729,38.0021,2.1141,-0.2259,-4.853,1.1148,3.9337,49.8278,24.1646,51.5037,
赛维时代,2023H1,跨境电商与出海,102.7538,56.5495,2.141,-36.1941,43.7759,,Wind 万得（报告期累计口径）,2.0836,37.7781,2.1348,-0.2765,-4.6854,4.8888,1.1129,47.4266,24.6077,48.1141,
赛维时代,2024Q1,跨境电商与出海,24.5828,36.6458,0.4703,-45.347,43.8892,,Wind 万得（报告期累计口径）,1.913,38.2116,2.0463,-0.4125,-0.0938,-2.1023,0.1713,46.2189,25.3043,45.2511,
赛维时代,2024H1,跨境电商与出海,53.4559,27.9621,1.6919,-28.1829,44.4739,,Wind 万得（报告期累计口径）,3.1651,36.5718,2.1352,-0.4122,5.1041,-1.2406,-1.5118,47.3897,27.0969,42.8211,
赛维时代,2024Q3,跨境电商与出海,81.8842,20.3887,2.0974,7.3376,43.5558,,Wind 万得（报告期累计口径）,2.5615,36.3531,1.9913,-0.2073,7.4215,-3.483,-3.2129,48.2641,26.6167,44.852,
赛维时代,2023Q3,跨境电商与出海,118.1653,14.9985,2.8298,32.1713,42.6885,,Wind 万得（报告期累计口径）,2.3948,35.4379,1.8962,0.0206,12.4973,-4.2581,-5.8546,48.2323,27.4178,43.1547,
赛维时代,FY2024,跨境电商与出海,102.7538,56.5495,2.141,-36.1941,43.7759,,Wind 万得（报告期累计口径，2026-09-07 重拉校准）,2.0836,37.7781,3.2924,-0.2765,-4.6854,4.8888,1.1129,47.4266,24.6077,48.1141,
赛维时代,2025Q1,跨境电商与出海,62.0126,16.0071,1.6571,-2.0562,42.7064,,Wind 万得（报告期累计口径）,2.6722,34.0874,1.9152,0.709,3.1946,-5.0924,-1.9181,53.5331,28.6572,46.4682,
永辉超市,2023Q1,商超与线下零售,786.4217,-12.7079,-13.2905,51.9011,21.2384,,Wind 万得（报告期累计口径）,-1.8625,18.667,2.3997,1.6824,45.6888,2.5649,-65.7195,520.5204,59.3907,88.5985,
永辉超市,FY2023,商超与线下零售,545.4892,-12.1426,-0.7787,-248.9079,20.8428,,Wind 万得（报告期累计口径）,-0.2983,17.8115,2.5127,1.6596,37.7556,-35.007,-22.8555,448.7541,57.9487,87.135,
永辉超市,2023H1,商超与线下零售,675.7382,-14.0743,-14.6546,-10.2632,20.4565,,Wind 万得（报告期累计口径）,-2.425,19.3254,2.6516,1.6834,21.9143,-11.2312,-29.3233,427.4916,44.3952,89.8723,
永辉超市,2024Q1,商超与线下零售,174.7905,-19.3206,1.4756,-79.9617,21.4997,,Wind 万得（报告期累计口径）,0.7589,16.6313,2.45,1.4605,5.7244,8.407,-4.408,393.351,45.5992,88.7251,
永辉超市,2024H1,商超与线下零售,299.4846,-20.7276,-2.4057,-187.3806,20.8021,,Wind 万得（报告期累计口径）,-0.9942,19.232,2.9312,1.2772,12.0781,15.5509,-20.0713,339.633,41.6999,88.2096,
永辉超市,2024Q3,商超与线下零售,424.3421,-22.2089,-7.0982,-811.6005,20.5193,,Wind 万得（报告期累计口径）,-1.877,19.995,2.998,1.3217,11.3955,6.3749,-24.9882,316.1978,36.9075,88.9604,
永辉超市,2023Q3,商超与线下零售,535.0757,-20.8161,-25.5234,-74.1671,19.8255,,Wind 万得（报告期累计口径）,-4.9725,20.7156,3.4844,1.5216,6.4568,4.8852,-22.7884,304.6199,18.5922,94.6136,
永辉超市,FY2024,商超与线下零售,675.7382,-14.0743,-14.6546,-10.2632,20.4565,,Wind 万得（报告期累计口径，2026-09-07 重拉校准）,-2.425,19.3254,2.9224,1.6834,21.9143,-11.2312,-29.3233,427.4916,44.3952,89.8723,
永辉超市,2025Q1,商超与线下零售,237.9112,-20.5598,2.5316,205.2327,22.5213,,Wind 万得（报告期累计口径）,0.9534,17.9668,2.3796,1.3622,1.9935,-0.0091,-8.9869,276.3174,21.6815,93.0392,
重百集团,2023Q1,商超与线下零售,189.8514,3.723,13.1483,48.8407,25.6659,,Wind 万得（报告期累计口径）,7.0467,13.7519,5.0492,0.6464,14.3294,-13.4832,0.8381,186.3169,62.3697,65.9298,
重百集团,FY2023,商超与线下零售,130.0384,-12.0011,9.2305,-19.2366,25.944,,Wind 万得（报告期累计口径）,7.0973,14.3501,4.7968,0.3242,15.2342,-4.9039,-8.8013,193.4499,71.0225,62.7323,
重百集团,2023H1,商超与线下零售,171.3885,-9.7523,13.1464,0.4607,26.5155,,Wind 万得（报告期累计口径）,7.7942,14.7432,4.4607,0.3191,20.2302,-7.4849,-13.9312,196.4122,74.7274,61.383,
重百集团,2024Q1,商超与线下零售,42.7562,-11.8451,4.7499,9.2346,29.6385,,Wind 万得（报告期累计口径）,11.2156,14.19,4.7256,0.2919,7.1318,-1.2344,-4.2825,197.1312,79.4902,59.1036,
重百集团,2024H1,商超与线下零售,80.4158,-10.4487,7.7381,8.7404,28.4309,,Wind 万得（报告期累计口径）,9.7271,14.9604,4.8766,0.2307,8.4406,-0.5635,-6.7727,196.7564,76.4984,60.5464,
重百集团,2024Q3,商超与线下零售,116.304,-10.5618,9.9121,7.3849,27.8337,,Wind 万得（报告期累计口径）,8.6229,15.5637,4.9739,0.222,13.5928,0.0989,-12.1415,194.0349,78.7984,58.7946,
重百集团,2023Q3,商超与线下零售,146.9815,-14.2407,10.4545,-20.4764,28.5922,,Wind 万得（报告期累计口径）,7.1748,16.2588,5.3413,0.2861,18.0752,-3.0378,-13.6065,198.1159,78.4767,59.8595,
重百集团,FY2024,商超与线下零售,171.3885,-9.7523,13.1464,0.4607,26.5155,,Wind 万得（报告期累计口径，2026-09-07 重拉校准）,7.7942,14.7432,4.5417,0.3191,20.2302,-7.4849,-13.9312,196.4122,74.7274,61.383,
重百集团,2025Q1,商超与线下零售,75.8704,-5.6523,4.4628,-42.3275,28.6598,,Wind 万得（报告期累计口径）,5.949,15.0285,4.9538,0.2438,13.7276,0.1079,-13.9023,196.5773,79.4555,59.0216,
步步高,2023Q1,商超与线下零售,30.873,-64.4556,-18.8856,25.5049,43.2199,,Wind 万得（报告期累计口径）,-60.9705,48.9194,7.8434,17.2688,-13.5235,-6.1208,-4.4381,241.4273,28.6202,86.7599,
步步高,FY2023,商超与线下零售,25.2537,5.6225,20.1954,409.8938,37.2778,,Wind 万得（报告期累计口径）,80.353,36.0653,8.1267,5.3068,-2.4827,-6.1208,-4.4381,235.1288,85.7491,62.0701,
步步高,2023H1,商超与线下零售,34.3122,11.14,12.1169,164.1595,36.8073,,Wind 万得（报告期累计口径）,35.7556,35.3094,6.1573,6.0294,-2.0914,-6.1208,-4.4381,221.2913,78.6918,62.8626,
步步高,2024Q1,商超与线下零售,11.5317,24.2159,1.1904,488.4425,36.6447,,Wind 万得（报告期累计口径）,10.8033,20.887,3.8744,6.0037,1.2957,-6.1208,-4.4381,221.0182,80.2248,62.0981,
步步高,2024H1,商超与线下零售,21.2907,24.4483,2.0066,357.7122,36.3235,,Wind 万得（报告期累计口径）,9.8922,22.4589,4.3455,6.2934,3.5003,-6.1208,-4.4381,220.3677,81.5287,61.3772,
步步高,2024Q3,商超与线下零售,31.9407,26.4792,2.2553,-88.8325,35.106,,Wind 万得（报告期累计口径）,7.4398,22.7781,4.3825,6.357,3.9944,-6.1208,-4.4381,220.0716,82.0705,61.0693,
步步高,2023Q3,商超与线下零售,42.1031,22.706,1.1281,-90.6895,34.0758,,Wind 万得（报告期累计口径）,3.0361,23.6023,4.5997,6.5129,6.4964,-6.1208,-4.4381,217.1386,83.6342,59.8001,
步步高,FY2024,商超与线下零售,34.3122,11.14,12.1169,164.1595,36.8073,,Wind 万得（报告期累计口径，2026-09-07 重拉校准）,35.7556,34.1964,6.6188,5.8394,-2.0914,-3.1369,10.2632,221.2913,78.6918,62.8626,
步步高,2025Q1,商超与线下零售,23.3917,9.8681,1.4323,-28.6191,35.1283,,Wind 万得（报告期累计口径）,6.5414,19.4493,4.6419,5.7532,5.3925,-6.1208,-4.4381,217.9568,85.2647,59.1581,
科锐国际,2023Q1,人服,97.785,7.5499,2.005,-31.05,7.3118,,Wind 万得（报告期累计口径）,2.2754,1.8759,2.6265,0.0002,1.75,-0.2357,-0.6308,37.4836,17.9532,50.5848,
科锐国际,FY2023,人服,85.1605,18.766,1.3525,-10.9632,6.7521,,Wind 万得（报告期累计口径）,1.5651,1.5423,2.4136,0.2178,0.342,-0.2357,-0.6308,38.8752,19.2331,48.8016,
科锐国际,2023H1,人服,117.8766,20.5467,2.0535,2.4183,6.3604,,Wind 万得（报告期累计口径）,1.7368,1.4169,2.3627,0.2424,1.183,-0.2357,-0.6308,40.2455,19.7218,48.9436,
科锐国际,2024Q1,人服,33.0252,25.1253,0.5778,42.1478,5.5158,,Wind 万得（报告期累计口径）,2.0699,1.257,1.8349,0.1441,-0.1488,-0.2357,-0.6308,40.5734,20.3845,47.437,
科锐国际,2024H1,人服,70.7475,27.6739,1.2651,46.9575,5.5217,,Wind 万得（报告期累计口径）,1.9736,1.2885,1.7427,0.1531,-1.9313,-0.2357,-0.6308,41.9764,20.9998,47.7565,
科锐国际,2024Q3,人服,107.5464,26.2867,2.1974,62.4648,5.7961,,Wind 万得（报告期累计口径）,2.3174,1.2848,1.7032,0.1459,-0.5966,-0.2357,-0.6308,42.6001,21.7175,46.6303,
科锐国际,2023Q3,人服,145.4026,23.3515,3.1352,52.678,5.8692,,Wind 万得（报告期累计口径）,2.4562,1.234,1.8889,0.1473,1.359,-0.2357,-0.6308,45.3846,22.7452,47.4104,
科锐国际,FY2024,人服,117.8766,20.5467,2.0535,2.4183,6.3604,,Wind 万得（报告期累计口径，2026-09-07 重拉校准）,1.7368,1.4094,2.7005,0.2412,1.183,-0.6663,-2.7573,40.2455,19.7218,48.9436,
科锐国际,2025Q1,人服,81.1856,14.7541,1.5146,19.723,5.5574,,Wind 万得（报告期累计口径）,2.0058,1.0157,1.5747,0.1551,-1.0737,-0.2357,-0.6308,47.9691,24.011,47.2195,
北京人力,2023Q1,人服,383.1183,18.4702,5.4798,32.2372,6.8974,,Wind 万得（报告期累计口径）,2.2664,1.4942,2.6189,-0.2193,6.4388,-4.9888,-8.2068,163.5916,60.147,58.8263,
北京人力,FY2023,人服,331.7893,15.4578,6.4136,84.7498,5.7312,,Wind 万得（报告期累计口径）,2.5649,1.2252,2.1122,-0.1865,-0.3287,-4.9888,-8.2068,170.6815,63.8198,57.4832,
北京人力,2023H1,人服,430.3162,12.3194,7.914,44.4216,5.8937,,Wind 万得（报告期累计口径）,2.4121,1.2651,2.124,-0.1641,3.0569,-4.9888,-8.2068,164.2409,65.3256,55.1833,
北京人力,2024Q1,人服,108.3679,2.7169,5.908,180.4081,5.6302,,Wind 万得（报告期累计口径）,6.9765,1.3016,2.0216,-0.0933,4.3206,-4.9888,-8.2068,175.1029,71.2336,53.6458,
北京人力,2024H1,人服,226.9064,3.7699,8.132,87.4297,5.342,,Wind 万得（报告期累计口径）,4.5103,1.0658,1.8182,-0.154,4.7461,-4.9888,-8.2068,167.8943,69.5005,52.4257,
北京人力,2024Q3,人服,338.0656,1.8917,10.0704,57.0159,5.4622,,Wind 万得（报告期累计口径）,3.7657,1.0746,1.8451,-0.1357,9.6516,-4.9888,-8.2068,163.4433,71.4389,49.907,
北京人力,2023Q3,人服,451.8523,5.0047,11.6984,47.8185,5.5126,,Wind 万得（报告期累计口径）,3.2107,1.0962,1.9778,-0.1241,12.7984,-4.9888,-8.2068,166.8833,73.0758,50.1395,
北京人力,FY2024,人服,430.3162,12.3194,7.914,44.4216,5.8937,,Wind 万得（报告期累计口径，2026-09-07 重拉校准）,2.4121,1.2573,2.2232,-0.1631,3.0569,-0.0558,-5.8689,164.2409,65.3256,55.1833,
北京人力,2025Q1,人服,225.1196,-0.7875,4.1017,-49.5608,4.6153,,Wind 万得（报告期累计口径）,2.7603,1.0974,1.8458,-0.093,-2.8831,-4.9888,-8.2068,162.4045,71.3279,48.5414,
亚朵集团,2023Q1,酒店,46.6597,106.1866,7.3714,651.4215,39.4175,,Wind 万得（报告期累计口径）,15.8393,,9.6758,,19.8867,-13.3207,-9.2489,65.8703,20.6807,68.725,
亚朵集团,FY2023,酒店,51.6392,63.3765,9.452,82.7944,41.1337,,Wind 万得（报告期累计口径）,18.2482,,4.8436,,11.528,-13.3207,-9.2489,72.0933,26.0136,64.0673,
亚朵集团,2023H1,酒店,72.4793,55.3361,12.7535,73.0137,41.5503,,Wind 万得（报告期累计口径）,17.5634,,4.8647,,17.2595,-13.3207,-9.2489,78.7881,29.5623,62.61,
亚朵集团,2024Q1,酒店,19.0581,29.7979,2.427,-5.6211,43.2684,,Wind 万得（报告期累计口径）,12.7808,,8.4905,,0.0197,-13.3207,-9.2489,79.1665,32.9257,58.5291,
亚朵集团,2024H1,酒店,43.7436,33.9635,6.6693,18.9233,44.4133,,Wind 万得（报告期累计口径）,15.2806,,5.7462,,7.6847,-13.3207,-9.2489,83.5553,32.9694,60.6477,
亚朵集团,2024Q3,酒店,70.0233,35.6011,11.4065,20.6787,44.0025,,Wind 万得（报告期累计口径）,16.3205,,5.0242,,13.9931,-13.3207,-9.2489,89.526,36.9906,58.7731,
亚朵集团,2023Q3,酒店,97.9016,35.0752,16.2099,27.1019,43.9917,,Wind 万得（报告期累计口径）,16.5601,,5.2775,,19.9282,-13.3207,-9.2489,91.6751,35.9348,60.9403,
亚朵集团,FY2024,酒店,72.4793,55.3361,12.7535,73.0137,41.5503,,Wind 万得（报告期累计口径，2026-09-07 重拉校准）,17.5634,,4.8647,-0.6251,17.2595,-5.2055,-4.266,78.7881,29.5623,62.61,
亚朵集团,2025Q1,酒店,63.0159,44.0573,10.1107,51.5999,42.6102,,Wind 万得（报告期累计口径）,16.0501,,4.2815,,11.2755,-13.3207,-9.2489,86.8253,33.7261,61.2985,
锦江酒店,2023Q1,酒店,29.2226,25.2188,1.3025,207.009,35.7789,,Wind 万得（报告期累计口径）,6.4065,6.8485,20.1351,5.2084,13.1257,-1.0552,-4.4292,482.4433,167.0372,64.0612,
锦江酒店,2023H1,酒店,68.0608,32.152,5.2312,550.7625,41.9409,,Wind 万得（报告期累计口径）,9.8313,7.5509,19.6988,4.741,26.8255,16.3917,-18.1147,497.701,163.8289,65.6488,
锦江酒店,2023Q3,酒店,109.6224,32.709,9.7502,1783.6925,42.6111,,Wind 万得（报告期累计口径）,10.9421,6.8188,18.9148,4.7401,43.6465,14.3631,-24.173,499.2536,168.4822,64.764,
锦江酒店,2024Q1,酒店,32.0622,6.7683,1.8989,34.562,35.3783,,Wind 万得（报告期累计口径）,7.94,7.4981,18.7238,6.681,10.1898,-3.3342,-4.6376,504.4886,168.8759,65.049,
锦江酒店,2024H1,酒店,68.9203,0.2322,8.4757,59.1519,39.8544,,Wind 万得（报告期累计口径）,14.3801,7.0771,18.2761,6.1195,20.5152,27.1354,-31.0361,487.2851,170.0087,63.4217,
首旅酒店,2023Q1,酒店,16.5554,36.5714,0.7719,133.2181,30.6599,,Wind 万得（报告期累计口径）,5.7077,5.9769,12.0222,6.488,8.8636,0.461,-4.8574,254.9871,105.6459,58.0218,
首旅酒店,2023H1,酒店,36.0813,54.7606,2.8043,172.8677,36.118,,Wind 万得（报告期累计口径）,8.3227,6.4795,11.7019,5.7968,19.9351,-3.7654,-12.5545,254.6963,106.1351,57.7744,
首旅酒店,2023Q3,酒店,59.1065,53.9754,6.8466,308.8152,39.7401,,Wind 万得（报告期累计口径）,11.9973,6.2664,11.2771,5.282,33.7806,-4.0995,-24.1115,253.4368,110.1753,55.9539,
首旅酒店,2024Q1,酒店,18.4546,11.4718,1.2056,49.8256,36.5883,,Wind 万得（报告期累计口径）,7.2494,8.2156,13.3506,5.2287,5.9624,0.2902,-2.1367,256.7831,112.5639,55.5613,
首旅酒店,2024H1,酒店,37.3302,3.4613,3.5753,27.4934,37.5757,,Wind 万得（报告期累计口径）,9.8222,7.1025,11.8871,4.9584,14.9179,0.2783,-8.7505,252.2267,112.4888,54.7636,
君亭酒店,2023Q1,酒店,0.9572,55.6275,0.0409,4.2081,33.0562,,Wind 万得（报告期累计口径）,6.09,7.2898,14.5421,4.6817,0.1953,-0.5282,-0.3312,21.617,9.7744,55.327,
君亭酒店,2023H1,酒店,2.2071,57.1254,0.2009,36.4015,42.7436,,Wind 万得（报告期累计口径）,11.6295,7.7572,15.562,5.5099,0.4587,-0.9005,-0.9117,23.9442,9.6751,59.9232,
君亭酒店,2023Q3,酒店,3.8152,54.144,0.2397,-7.5448,41.4623,,Wind 万得（报告期累计口径）,8.7278,7.4318,15.0666,5.8127,1.45,-1.2851,-1.7801,24.2829,9.7138,60.1845,
君亭酒店,2024Q1,酒店,1.6012,67.2784,0.0466,13.9401,30.1248,,Wind 万得（报告期累计口径）,3.882,7.6141,12.3287,6.5048,0.5093,-0.5593,-0.2881,24.2834,9.826,59.558,
君亭酒店,2024H1,酒店,3.3051,49.7456,0.137,-31.8164,31.1777,,Wind 万得（报告期累计口径）,5.1815,7.2433,11.3527,6.8088,1.1355,-1.5393,-0.9961,24.4491,9.6247,60.5788,
中国中免,2023Q1,免税,207.6943,23.7581,23.0077,-10.2485,29.003,,Wind 万得（报告期累计口径）,11.8731,9.8613,2.1496,-1.4941,74.2464,-4.0816,-0.9443,798.6401,505.7009,29.5263,
中国中免,2023H1,免税,358.5849,29.6836,38.6559,-1.8348,30.6143,,Wind 万得（报告期累计口径）,11.4191,11.9197,2.8082,-0.9966,85.7323,-12.1122,-13.687,789.0962,513.5873,27.6203,
中国中免,2023Q3,免税,508.3701,29.1446,52.0623,12.4918,31.7469,,Wind 万得（报告期累计口径）,10.6677,13.6512,3.0287,-1.1445,134.429,-20.9374,-36.5934,791.8192,526.1194,26.3142,
中国中免,2024Q1,免税,188.0717,-9.4478,23.0645,0.247,33.3113,,Wind 万得（报告期累计口径）,12.9483,12.8398,2.529,-0.6643,53.0186,-4.1852,-2.5613,802.5254,561.522,23.2126,
中国中免,2024H1,免税,312.65,-12.81,32.829,-15.0739,33.5334,,Wind 万得（报告期累计口径）,11.665,14.8338,3.015,-1.5078,43.0915,-1.0015,-36.4962,758.3718,538.2936,21.5073,
丽江股份,2023Q1,旅游,1.8001,331.7293,0.552,295.219,61.4223,,Wind 万得（报告期累计口径）,34.3539,3.4245,14.3795,-0.6672,1.0857,-0.54,,28.1712,24.7071,8.3475,
丽江股份,2023H1,旅游,3.9239,396.8771,1.2105,326.4781,62.1417,,Wind 万得（报告期累计口径）,34.7572,3.202,15.1271,-0.5918,2.1277,0.3658,0.0097,29.139,23.9926,13.5107,
丽江股份,2023Q3,旅游,6.4182,150.2594,2.1181,694.9991,62.2029,,Wind 万得（报告期累计口径）,37.0293,3.0945,14.5304,-0.5835,3.6144,-1.2855,-1.3595,29.0478,24.9058,9.7329,
丽江股份,2024Q1,旅游,1.7993,-0.0453,0.5581,1.1056,58.2426,,Wind 万得（报告期累计口径）,34.9215,2.9263,12.7423,-0.499,0.8316,1.0513,0.002,29.7856,25.6124,9.4021,
丽江股份,2024H1,旅游,3.8483,-1.9268,1.1231,-7.2212,57.2087,,Wind 万得（报告期累计口径）,33.0241,3.1737,13.1656,-0.3133,1.3859,0.4127,-2.1875,27.8739,24.2539,8.738,
长白山,2023Q1,旅游,0.6961,235.4927,-0.0414,88.0363,13.1428,,Wind 万得（报告期累计口径）,-5.9422,2.9991,13.4698,1.3828,0.0594,-0.0283,-0.0098,10.6838,9.0178,15.5932,
长白山,2023H1,旅游,1.6767,507.7822,0.1225,117.0914,25.2167,,Wind 万得（报告期累计口径）,7.3061,2.9532,12.4102,1.1134,0.3686,-0.481,-0.0982,10.8631,9.1773,15.5191,
长白山,2023Q3,旅游,4.9744,209.3726,1.5165,693.2623,50.4402,,Wind 万得（报告期累计口径）,30.4855,2.6756,6.6171,0.5317,2.5788,-0.5836,-0.107,12.6033,10.5649,16.1739,
长白山,2024Q1,旅游,1.2789,83.7303,0.107,358.7251,28.2185,,Wind 万得（报告期累计口径）,8.3677,3.6233,9.8908,0.3887,-0.1045,-0.0758,-0.0116,12.1186,10.5093,13.2795,
长白山,2024H1,旅游,2.5441,51.7348,0.2103,71.697,29.425,,Wind 万得（报告期累计口径）,8.2672,3.3331,10.6115,0.3901,0.1001,-0.4614,-0.3237,12.1149,10.4133,14.0456,
中公教育,2023Q1,教育,8.8859,-26.7291,0.243,105.2396,52.6387,,Wind 万得（报告期累计口径）,2.735,21.2746,16.0795,2.8451,-4.9415,-0.0142,9.1919,84.1764,8.0424,90.4463,
中公教育,2023H1,教育,17.2834,-22.3813,0.8198,109.2018,56.1989,,Wind 万得（报告期累计口径）,4.7434,20.3621,15.3884,3.9405,-5.2881,-0.0013,8.9982,81.5463,8.6192,89.4309,
中公教育,2023Q3,教育,26.6585,-31.5375,2.4204,129.4201,57.8765,,Wind 万得（报告期累计口径）,9.0789,20.127,14.389,2.9954,-3.8847,0.0011,11.8442,83.7211,10.2197,87.7937,
中公教育,2024Q1,教育,7.635,-14.0771,0.8279,240.6723,58.7136,,Wind 万得（报告期累计口径）,10.8439,20.6662,14.9287,4.0714,1.4516,0.0838,0.9171,72.8497,6.4989,91.079,
中公教育,2024H1,教育,14.4788,-16.2272,1.159,41.3766,57.9169,,Wind 万得（报告期累计口径）,8.005,19.2469,14.9674,5.0471,4.4986,0.0668,-4.6912,68.1764,6.83,89.9818,
华图山鼎,2023Q1,教育,0.1514,-25.072,-0.0258,-289.2864,15.3958,,Wind 万得（报告期累计口径）,-17.0167,3.3067,17.1643,-0.5735,-0.0425,-0.0474,-0.0041,3.383,3.0225,10.6552,
华图山鼎,2023H1,教育,0.3203,-26.4816,-0.0389,-162.3089,20.289,,Wind 万得（报告期累计口径）,-12.1484,4.0964,19.5944,-0.3511,-0.1085,-0.0926,-0.0362,3.3067,2.9821,9.8171,
华图山鼎,2023Q3,教育,0.4437,-34.0796,-0.037,-162.7626,16.6987,,Wind 万得（报告期累计口径）,-8.3466,3.95,20.1425,-0.2561,-0.0944,-0.0908,-0.0403,3.2825,2.9786,9.2579,
华图山鼎,2024Q1,教育,6.9547,4494.2368,0.7256,2916.7573,55.7372,,Wind 万得（报告期累计口径）,10.4331,25.8102,20.0638,1.0293,3.3675,-3.8474,-0.4231,15.6247,2.8217,81.9406,
华图山鼎,2024H1,教育,15.0603,4601.2634,1.216,3224.5732,56.5448,,Wind 万得（报告期累计口径）,8.0741,29.4922,16.4597,0.9011,7.3357,-5.1589,-1.1806,18.3272,3.5653,80.5462,
行动教育,2023Q1,教育,1.0994,12.0233,0.1785,123.9682,77.6785,,Wind 万得（报告期累计口径）,15.2597,35.9096,22.5561,-2.9994,0.3511,1.3852,-0.0178,19.8184,10.8492,45.1278,
行动教育,2023H1,教育,2.8814,43.0567,1.0542,113.8011,78.3466,,Wind 万得（报告期累计口径）,36.4846,25.4051,13.6726,-4.5574,2.3977,-0.1506,-2.4127,19.4088,9.3733,51.5873,
行动教育,2023Q3,教育,4.611,35.3648,1.6066,70.7193,78.7991,,Wind 万得（报告期累计口径）,34.9092,26.1014,12.8578,-4.1342,2.9927,-1.047,-3.3959,19.1717,8.9899,52.9572,
行动教育,2024Q1,教育,1.4084,28.114,0.2399,34.4228,71.7754,,Wind 万得（报告期累计口径）,17.6829,28.6038,18.8093,-3.4911,0.1277,-1.3793,-0.0328,21.0221,9.8394,52.9416,
行动教育,2024H1,教育,3.8943,35.1556,1.3619,29.1873,76.1397,,Wind 万得（报告期累计口径）,35.3323,23.0152,11.3415,-3.1597,1.7412,-2.4804,-1.2551,21.4347,9.7952,54.063,
老凤祥,2023Q1,黄金珠宝,245.5846,33.1688,7.1596,76.0961,8.0192,,Wind 万得（报告期累计口径）,3.8926,1.4183,0.6051,0.2524,67.6892,-3.3639,11.0942,275.8717,108.4435,54.3156,
老凤祥,2023H1,黄金珠宝,403.4356,19.5735,12.7291,42.9528,8.4596,,Wind 万得（报告期累计口径）,4.2242,1.4046,0.6111,0.234,91.5967,-3.417,-16.9344,233.3806,106.3213,46.2689,
老凤祥,2023Q3,黄金珠宝,620.6604,15.929,19.6447,44.8657,8.1241,,Wind 万得（报告期累计口径）,4.2303,1.2239,0.5652,0.2099,71.4408,-0.5671,-18.1589,263.1028,113.2403,49.0069,
老凤祥,2024Q1,黄金珠宝,256.2982,4.3625,8.0189,12.0031,8.3683,,Wind 万得（报告期累计口径）,4.1102,1.2516,0.4935,0.2319,40.8134,-1.4705,36.1953,326.7828,123.7794,56.0054,
老凤祥,2024H1,黄金珠宝,399.5888,-0.9535,14.0381,10.2832,9.2093,,Wind 万得（报告期累计口径）,4.5507,1.3434,0.6923,0.1978,51.1487,-2.3725,6.8053,257.4639,119.5898,45.392,
潮宏基,2023Q1,黄金珠宝,15.2402,21.5881,1.2405,30.1141,28.0338,,Wind 万得（报告期累计口径）,8.3363,13.6215,1.3071,0.5533,1.212,-0.1356,0.0948,57.6746,36.707,35.1917,
潮宏基,2023H1,黄金珠宝,30.0601,38.2627,2.0854,38.8462,26.8977,,Wind 万得（报告期累计口径）,7.0356,14.096,1.5981,0.5581,3.6993,-0.8097,-2.1688,55.9139,35.8823,34.6618,
潮宏基,2023Q3,黄金珠宝,44.9904,33.0731,3.1294,33.2814,26.7495,,Wind 万得（报告期累计口径）,7.0199,13.5827,1.8652,0.5571,4.8578,-1.2125,-3.0673,57.3391,36.9473,34.4112,
潮宏基,2024Q1,黄金珠宝,17.9642,17.8738,1.3083,5.4698,24.9225,,Wind 万得（报告期累计口径）,7.346,11.3857,1.7957,0.5092,1.2428,-1.3172,-0.011,61.3321,37.6568,35.5486,
潮宏基,2024H1,黄金珠宝,34.3142,14.1523,2.2948,10.0424,24.1499,,Wind 万得（报告期累计口径）,6.7274,11.3611,1.9165,0.5116,3.388,-0.9836,-3.8375,58.2528,36.481,34.5494,
周大生,2023Q1,黄金珠宝,41.2191,49.6464,3.654,26.0612,17.9148,,Wind 万得（报告期累计口径）,8.8442,4.5106,0.542,0.0137,6.911,-5.4596,3.7975,84.617,64.0764,24.2062,
周大生,2023H1,黄金珠宝,80.7387,58.3738,7.3985,26.4458,18.4637,,Wind 万得（报告期累计口径）,9.1428,4.9288,0.5601,-0.0102,7.162,-4.9513,-2.9654,80.6304,61.3079,23.9026,
周大生,2023Q3,黄金珠宝,124.9399,39.8083,10.9518,17.6899,18.2214,,Wind 万得（报告期累计口径）,8.7455,4.9473,0.5608,-0.0094,-1.0866,-1.5499,-6.484,80.5846,61.6045,23.5017,
周大生,2024Q1,黄金珠宝,50.7036,23.0101,3.4126,-6.6062,15.5713,,Wind 万得（报告期累计口径）,6.7171,4.9334,0.4766,0.2172,4.017,-0.8049,5.685,91.0931,67.2254,26.1719,
周大生,2024H1,黄金珠宝,81.9686,1.5233,6.0145,-18.7063,18.3796,,Wind 万得（报告期累计口径）,7.3256,6.455,0.6371,0.2174,12.9361,-1.026,3.5332,90.8129,62.7715,30.8519,
豫园股份,2023Q1,黄金珠宝,152.4415,22.6138,3.3586,3.6072,14.0295,,Wind 万得（报告期累计口径）,2.0372,5.3059,4.604,2.0495,36.5451,1.2104,-9.2445,1306.5462,360.1276,69.4342,
豫园股份,2023H1,黄金珠宝,274.4425,21.8579,22.1817,225.831,13.4491,,Wind 万得（报告期累计口径）,7.8262,5.4156,5.3066,2.9817,42.8832,32.3327,-55.1528,1293.6183,363.3188,69.0954,
豫园股份,2023Q3,黄金珠宝,395.4758,15.5706,22.3497,186.1446,13.5197,,Wind 万得（报告期累计口径）,5.3376,5.7986,5.4573,2.9352,54.3741,30.1711,-79.9056,1302.1149,363.541,69.3245,
豫园股份,2024Q1,黄金珠宝,172.2111,12.5558,1.8023,-43.479,13.7366,,Wind 万得（报告期累计口径）,0.8491,4.6458,4.605,3.3092,5.957,-2.9089,7.7049,1256.5278,364.7917,68.314,
豫园股份,2024H1,黄金珠宝,275.7192,0.4652,11.4173,-48.5282,13.3001,,Wind 万得（报告期累计口径）,3.6892,4.9065,4.9682,4.023,13.3197,-2.8333,-5.2526,1243.2129,367.118,67.8688,
安克创新,2023Q1,跨境电商与出海,33.651,17.4677,3.0581,53.7971,41.536,,Wind 万得（报告期累计口径）,9.1889,21.0637,3.3229,1.7007,4.7274,-0.4937,-0.2112,106.7745,71.3876,32.1583,
安克创新,2023H1,跨境电商与出海,70.6569,20.0144,8.2,42.3291,43.179,,Wind 万得（报告期累计口径）,11.8296,21.2928,3.0865,0.953,6.1004,1.7182,-5.1588,114.8738,71.601,36.6362,
安克创新,2023Q3,跨境电商与出海,117.8647,23.5929,12.1324,46.0892,43.2928,,Wind 万得（报告期累计口径）,10.6168,21.9009,3.1074,0.7854,9.2732,-0.2601,-4.2712,130.6497,75.7167,41.1552,
安克创新,2024Q1,跨境电商与出海,43.7773,30.0919,3.1069,1.5981,45.1211,,Wind 万得（报告期累计口径）,7.4458,22.3472,4.2984,0.0258,1.8091,-3.4396,1.8526,133.3388,83.6122,35.9476,
安克创新,2024H1,跨境电商与出海,96.4833,36.5518,8.7213,6.3562,45.1791,,Wind 万得（报告期累计口径）,9.3787,21.9174,4.139,-0.1231,8.413,-3.5335,-5.9717,143.3693,81.7278,41.604,
小商品城,2023Q1,跨境电商与出海,21.2033,32.6896,12.2216,81.8021,31.0315,,Wind 万得（报告期累计口径）,57.5764,1.1206,5.1418,1.9751,-3.1053,-4.6322,2.9131,321.1502,165.3848,48.4746,
小商品城,2023H1,跨境电商与出海,51.6099,22.6755,19.9833,63.5022,30.5848,,Wind 万得（报告期累计口径）,38.7649,1.5068,5.1908,1.0386,1.4325,-5.0554,5.4368,334.1946,170.1961,49.0351,
小商品城,2023Q3,跨境电商与出海,79.0561,25.0798,23.1666,43.0146,27.102,,Wind 万得（报告期累计口径）,29.3434,1.3431,4.8474,1.1474,3.7246,-12.7042,5.847,339.7651,173.1673,48.9935,
小商品城,2024Q1,跨境电商与出海,26.806,26.4235,7.1302,-41.6588,39.0535,,Wind 万得（报告期累计口径）,26.5198,1.3294,3.7945,0.9269,1.801,-11.7005,-6.7113,361.2686,184.3839,48.9252,
小商品城,2024H1,跨境电商与出海,67.6593,31.0976,14.4798,-27.5405,33.078,,Wind 万得（报告期累计口径）,21.4371,1.3628,3.2241,0.7918,1.1436,-13.2385,-7.389,360.2169,180.7886,49.7612,
赛维时代,2023Q1,跨境电商与出海,12.4361,22.8122,0.5197,32.5675,69.113,,Wind 万得（报告期累计口径）,4.179,59.2,2.4091,0.7568,2.0349,-3.2605,-0.3352,23.3562,15.0721,35.4685,
赛维时代,2023H1,跨境电商与出海,27.7301,26.3913,1.5035,24.7197,69.2005,,Wind 万得（报告期累计口径）,5.422,59.1591,2.1118,-0.2546,3.5724,-5.9514,0.2584,26.3174,16.0482,39.0205,
赛维时代,2023Q3,跨境电商与出海,43.7418,30.2704,2.2255,41.7109,69.7438,,Wind 万得（报告期累计口径）,5.0879,59.6866,2.3589,-0.1147,3.3968,-11.9292,8.1675,36.043,24.0028,33.4052,
赛维时代,2024Q1,跨境电商与出海,17.9902,44.6605,0.8604,65.5773,47.167,,Wind 万得（报告期累计口径）,4.7829,37.9581,2.0736,-0.3807,0.9859,-4.9755,1.1978,37.681,25.0031,33.6453,
赛维时代,2024H1,跨境电商与出海,41.7748,50.6476,2.3559,56.6879,46.513,,Wind 万得（报告期累计口径）,5.6394,36.5777,2.0922,-0.4418,1.0961,-3.7249,0.9585,45.3786,25.5474,43.7016,
永辉超市,2023Q1,商超与线下零售,238.0204,-12.6315,7.0423,40.2356,22.877,,Wind 万得（报告期累计口径）,2.8521,15.3013,2.3496,1.4738,10.9607,1.2482,-24.0195,562.5136,79.4572,85.5796,
永辉超市,2023H1,商超与线下零售,420.274,-13.7575,3.7377,434.4021,21.9886,,Wind 万得（报告期累计口径）,0.767,17.2851,2.2496,1.5874,25.8719,3.3967,-55.3902,534.7248,76.201,85.4879,
永辉超市,2023Q3,商超与线下零售,620.8804,-12.4373,0.5229,105.8982,21.6303,,Wind 万得（报告期累计口径）,-0.0317,17.8826,2.297,1.6238,53.7055,-2.9,-58.6389,545.8924,72.9722,86.5377,
永辉超市,2024Q1,商超与线下零售,216.6484,-8.9791,7.364,4.5694,22.8527,,Wind 万得（报告期累计口径）,3.3456,15.5902,2.0224,1.4481,19.8447,0.724,-10.0267,498.8307,66.7633,86.648,
永辉超市,2024H1,商超与线下零售,377.7919,-10.1082,2.7531,-26.3418,21.5752,,Wind 万得（报告期累计口径）,0.5581,17.241,2.3513,1.6673,29.3981,-16.0281,-21.477,475.2536,61.5339,87.0551,
重百集团,2023Q1,商超与线下零售,51.0726,-3.184,4.7377,15.9416,27.1317,,Wind 万得（报告期累计口径）,9.4398,13.1154,4.7728,0.6759,6.159,-4.318,2.8711,183.0379,56.3038,68.751,
重百集团,2023H1,商超与线下零售,101.5505,2.5491,9.0572,56.8868,25.9165,,Wind 万得（报告期累计口径）,9.0354,13.2059,4.7605,0.7495,11.8489,-9.2915,3.2238,191.4226,57.951,69.2437,
重百集团,2023Q3,商超与线下零售,147.7791,1.8556,11.2806,36.9435,25.6958,,Wind 万得（报告期累计口径）,7.736,13.5345,4.6602,0.6881,15.8628,-12.5963,-0.3058,190.0915,60.2095,67.8865,
重百集团,2024Q1,商超与线下零售,48.5012,-4.6331,4.3483,-15.0741,28.1994,,Wind 万得（报告期累计口径）,9.0199,13.2109,4.2291,0.3251,6.7912,-6.1253,-1.7711,194.5724,71.8646,62.4819,
重百集团,2024H1,商超与线下零售,89.7986,-11.5629,7.1162,-21.0603,26.6531,,Wind 万得（报告期累计口径）,7.965,13.951,4.6954,0.3164,10.62,-4.2328,-5.0499,194.9703,68.7382,64.157,
步步高,2023Q1,商超与线下零售,10.3396,-68.8312,-0.9975,-455.5267,41.5738,,Wind 万得（报告期累计口径）,-9.1612,45.2653,5.8337,14.6831,-3.2475,-6.1208,-4.4381,268.5277,46.4325,81.4118,
步步高,2023H1,商超与线下零售,17.8751,-69.2925,-4.4943,-2162.9783,41.9831,,Wind 万得（报告期累计口径）,-24.7807,47.0493,6.3746,17.2797,-6.3134,-6.1208,-4.4381,251.2278,42.8519,81.6128,
步步高,2023Q3,商超与线下零售,23.9094,-69.9541,-6.5169,-3734.6864,43.0476,,Wind 万得（报告期累计口径）,-26.8424,48.0566,7.0235,19.6999,-9.4952,-6.1208,-4.4381,246.4724,40.7901,82.0806,
步步高,2024Q1,商超与线下零售,9.2836,-10.2132,0.2023,120.2816,42.4604,,Wind 万得（报告期累计口径）,2.7485,31.036,4.0203,3.7706,1.8307,-6.1208,-4.4381,239.09,28.7863,86.5417,
步步高,2024H1,商超与线下零售,17.1081,-4.2908,-0.7786,82.6751,39.746,,Wind 万得（报告期累计口径）,-4.1083,34.2969,5.1792,4.1675,2.7596,-6.1208,-4.4381,234.6763,27.6304,86.7714,
科锐国际,2023Q1,人服,23.9285,9.1718,0.333,-37.0279,7.1693,,Wind 万得（报告期累计口径）,1.8136,1.8323,2.3962,-0.2309,-1.0512,-0.2357,-0.6308,37.3555,22.8659,34.4563,
科锐国际,2023H1,人服,47.543,7.8798,0.9752,-25.8749,7.6309,,Wind 万得（报告期累计口径）,2.4354,1.9554,2.506,-0.1251,-0.0702,-0.2357,-0.6308,38.3349,23.4587,34.2135,
科锐国际,2023Q3,人服,71.7044,5.165,1.5191,-30.2453,7.7689,,Wind 万得（报告期累计口径）,2.3842,1.8999,2.547,-0.0745,1.0042,-0.2357,-0.6308,35.0219,17.7143,47.7652,
科锐国际,2024Q1,人服,26.3937,10.3025,0.4065,22.0729,6.2978,,Wind 万得（报告期累计口径）,1.492,1.4739,2.4564,0.2741,-0.8236,-0.2357,-0.6308,36.6628,18.3275,48.4921,
科锐国际,2024H1,人服,55.4126,16.5526,0.8609,-11.7228,6.69,,Wind 万得（报告期累计口径）,1.5221,1.5291,2.5025,0.2386,-0.2279,-0.2357,-0.6308,37.4585,18.7454,48.4543,
北京人力,2023Q1,人服,1.525,-18.924,-0.304,-55.6525,53.2709,,Wind 万得（报告期累计口径）,-19.893,30.9373,37.574,2.2221,0.292,-4.9888,-8.2068,27.9221,19.5273,26.0039,
北京人力,2023H1,人服,191.8169,26.8424,2.1091,-6.3203,6.7337,,Wind 万得（报告期累计口径）,2.128,1.4802,2.7591,-0.2161,2.4255,-4.9888,-8.2068,159.848,58.1307,59.3132,
北京人力,2023Q3,人服,287.3685,21.8604,3.4715,9.4887,6.6159,,Wind 万得（报告期累计口径）,2.1026,1.5476,2.5915,-0.2166,0.9775,-4.9888,-8.2068,160.541,59.4932,58.4853,
北京人力,2024Q1,人服,105.5015,12.8688,2.1069,-18.9179,6.349,,Wind 万得（报告期累计口径）,2.3271,1.2606,2.1247,-0.257,-7.3522,-4.9888,-8.2068,164.1264,62.2539,57.4623,
北京人力,2024H1,人服,218.663,13.9957,4.3387,105.7146,5.6539,,Wind 万得（报告期累计口径）,2.7551,1.2218,2.0383,-0.2024,-3.5959,-4.9888,-8.2068,166.0665,61.7449,57.5112,
亚朵集团,2023Q1,酒店,7.7394,71.1816,0.1788,128.4637,41.4311,,Wind 万得（报告期累计口径）,2.3351,,24.9638,,3.6166,-13.3207,-9.2489,51.9944,13.5365,74.152,
亚朵集团,2023H1,酒店,18.6665,93.0951,2.5607,270.8561,41.9483,,Wind 万得（报告期累计口径）,13.7802,,14.2852,,8.8157,-13.3207,-9.2489,55.1682,16.2691,70.6683,
亚朵集团,2023Q3,酒店,31.6075,93.1042,5.1708,186.6679,42.0758,,Wind 万得（报告期累计口径）,16.4295,,10.9479,,14.2464,-13.3207,-9.2489,59.7369,18.0345,69.9388,
亚朵集团,2024Q1,酒店,14.6829,89.7176,2.5716,1338.6462,40.196,,Wind 万得（报告期累计口径）,17.5515,,5.2207,,1.4324,-13.3207,-9.2489,67.6054,23.3588,65.5583,
亚朵集团,2024H1,酒店,32.6534,74.931,5.6081,119.0108,40.932,,Wind 万得（报告期累计口径）,17.1993,,5.1493,,7.1988,-13.3207,-9.2489,72.8508,26.6904,63.4615,
锦江酒店,2025H1,酒店,65.2635,-5.3058,3.7067,-56.2665,36.2807,,Wind 万得（报告期累计口径）,6.1753,6.797,15.8231,5.0581,13.3121,-4.9709,-25.2254,456.6269,154.7995,65.4349,
锦江酒店,2025Q3,酒店,102.4111,-5.09,7.4606,-32.5238,38.2438,,Wind 万得（报告期累计口径）,7.805,7.0642,15.0868,4.686,27.8976,-19.6334,-36.1964,456.8608,158.41,64.7566,
锦江酒店,FY2025,酒店,138.1083,-1.793,9.2546,1.5839,38.3762,,Wind 万得（报告期累计口径）,7.1638,7.2859,16.6277,4.5998,33.0135,-20.5655,-32.4168,459.049,160.0453,64.546,
锦江酒店,2026Q1,酒店,31.2066,6.0879,1.3688,280.0892,33.4496,,Wind 万得（报告期累计口径）,4.8326,6.6968,18.0418,4.3077,9.6748,-4.2389,3.1369,463.9295,161.159,64.6588,
锦江酒店,2026H1,酒店,68.0117,4.2109,5.4509,47.0545,36.9338,,Wind 万得（报告期累计口径）,8.368,7.0427,15.6336,4.0597,21.0265,-4.066,-10.9662,450.4036,159.7188,64.0271,
首旅酒店,2025H1,酒店,36.6093,-1.9312,3.9714,11.0782,38.3323,,Wind 万得（报告期累计口径）,11.4996,8.0396,11.9982,3.9791,15.4649,-0.8711,-14.8112,244.6647,116.9249,51.6129,
首旅酒店,2025Q3,酒店,57.8213,-1.8107,7.547,4.3573,40.7018,,Wind 万得（报告期累计口径）,13.5001,8.3367,11.5392,3.7276,26.308,-7.9425,-18.5113,249.5063,120.5019,51.11,
首旅酒店,FY2025,酒店,76.068,-1.8633,8.1114,0.5982,39.881,,Wind 万得（报告期累计口径）,10.7047,8.7425,12.0495,3.664,33.1334,-8.6332,-23.2562,243.8909,120.7346,50.1814,
首旅酒店,2026Q1,酒店,17.7698,0.6552,1.6913,18.514,38.2099,,Wind 万得（报告期累计口径）,10.8603,7.8983,13.4457,3.2623,6.5635,-4.0446,-5.3332,246.2191,122.4242,49.8694,
首旅酒店,2026H1,酒店,35.7978,-2.2165,4.4074,10.9774,40.2695,,Wind 万得（报告期累计口径）,13.3798,7.7865,12.4067,3.1519,14.6189,-2.8001,-15.5384,237.4496,120.1163,48.9364,
君亭酒店,2025H1,酒店,3.2641,-1.2384,0.0617,-54.9576,28.1592,,Wind 万得（报告期累计口径）,2.375,7.7562,11.043,8.4279,1.1753,-1.1778,-1.1311,24.4302,9.5097,61.1797,
君亭酒店,2025Q3,酒店,5.0592,0.577,0.099,-45.9225,28.839,,Wind 万得（报告期累计口径）,2.1564,7.6584,10.9794,8.1309,1.9061,-1.2698,-1.6138,24.4099,9.5471,61.1123,
君亭酒店,FY2025,酒店,6.731,-0.4067,0.2308,-8.3926,31.2889,,Wind 万得（报告期累计口径）,3.7993,7.5446,11.749,7.8885,2.7065,-0.4093,-2.8844,23.3781,8.79,63.0646,
君亭酒店,2026Q1,酒店,1.6582,2.2375,0.0672,135.235,31.9749,,Wind 万得（报告期累计口径）,4.3605,7.9849,11.6892,7.7191,0.5914,-0.6606,-0.3635,22.9453,8.857,62.0093,
君亭酒店,2026H1,酒店,3.3102,1.4122,0.095,54.0374,32.0604,,Wind 万得（报告期累计口径）,2.905,9.1952,11.7459,7.7025,1.2309,-1.234,-0.8799,23.361,8.8849,62.5832,
中国中免,2025H1,免税,281.5075,-9.9608,25.9975,-20.8092,32.7651,,Wind 万得（报告期累计口径）,10.3243,15.1392,3.1783,-1.778,260.7121,-188.6811,-195.4296,750.0913,551.9858,18.6074,
中国中免,2025Q3,免税,398.6212,-7.3418,30.5196,-22.1299,32.5444,,Wind 万得（报告期累计口径）,8.6892,16.1986,3.4761,-1.4947,338.7994,-330.5737,-262.1981,754.9631,556.7389,18.3368,
中国中免,FY2025,免税,536.9358,-4.9231,35.8618,-15.9577,32.7504,,Wind 万得（报告期累计口径）,6.8715,16.1729,4.2728,-1.4468,605.856,-348.0345,-318.1978,749.8287,554.6926,18.4807,
中国中免,2026Q1,免税,169.0602,0.9553,23.483,21.1803,33.6318,,Wind 万得（报告期累计口径）,14.0205,12.061,2.7074,-1.013,389.0594,-202.0183,-7.4651,856.0027,579.5572,25.544,
中国中免,2026H1,免税,276.552,-1.7603,31.0643,19.4895,33.9005,,Wind 万得（报告期累计口径）,11.0078,14.9992,3.3283,-0.9777,247.9627,-843.2021,-30.0897,849.3995,574.5297,25.6588,
丽江股份,2025H1,旅游,3.777,-1.8518,0.945,-15.8567,53.7931,,Wind 万得（报告期累计口径）,28.055,3.8457,14.0938,-0.0688,118.9415,-77.4476,-114.1624,29.9973,24.4005,10.9443,
丽江股份,2025Q3,旅游,6.5973,3.7882,1.9193,-0.182,58.4282,,Wind 万得（报告期累计口径）,33.0682,4.0628,13.6243,0.0924,315.2249,-419.0469,-144.1879,31.2163,25.375,10.8218,
丽江股份,FY2025,旅游,8.6037,6.4215,2.1348,1.2358,56.177,,Wind 万得（报告期累计口径）,27.7939,4.2151,14.9479,0.1419,387.6302,-588.5048,-144.6811,30.6903,25.5903,8.623,
丽江股份,2026Q1,旅游,2.0076,23.5566,0.6664,93.3357,60.9564,,Wind 万得（报告期累计口径）,37.477,3.8135,11.8127,0.3922,64.2233,-59.1888,-0.3483,31.0714,26.257,7.3212,
丽江股份,2026H1,旅游,4.1905,10.9455,1.3274,40.4602,59.7677,,Wind 万得（报告期累计口径）,35.4605,3.8855,13.1223,0.3908,138.3049,-60.0018,-172.4324,29.8247,24.9955,6.755,
长白山,2025H1,旅游,2.3548,-7.4432,-0.0205,-109.7529,19.0394,,Wind 万得（报告期累计口径）,-1.1291,3.659,13.3896,0.7334,8.1696,-78.9191,-25.9982,14.1421,11.3876,18.8136,
长白山,2025Q3,旅游,6.3625,6.9886,1.4938,1.0468,43.2654,,Wind 万得（报告期累计口径）,23.0827,2.7349,7.7434,0.4902,216.3039,-113.8034,-23.4374,16.8642,12.9051,22.7687,
长白山,FY2025,旅游,7.8778,5.9811,1.2935,-10.3327,37.4696,,Wind 万得（报告期累计口径）,15.8682,3.5225,10.2404,0.568,173.1434,-150.2241,117.3569,18.4324,14.9652,18.0447,
长白山,2026Q1,旅游,1.5636,21.3732,0.081,84.2323,23.7397,,Wind 万得（报告期累计口径）,5.0096,4.3233,11.3101,0.6598,10.3229,-13.7137,4.5306,18.1689,15.061,15.9249,
长白山,2026H1,旅游,2.7726,17.7442,0.0127,161.8384,19.4394,,Wind 万得（报告期累计口径）,0.2538,3.8923,14.4953,0.6102,30.3993,-69.5328,-5.5461,18.1016,15.0065,15.9299,
中公教育,2025H1,教育,11.5524,-20.2115,0.6178,-46.6931,59.6082,,Wind 万得（报告期累计口径）,5.3482,25.4571,18.4558,6.7957,2.7274,-0.1128,-3.7461,61.3019,7.8618,87.173,
中公教育,2025Q3,教育,16.5737,-21.0928,0.9197,-45.3085,59.5624,,Wind 万得（报告期累计口径）,5.5489,24.6306,19.4703,6.9573,3.3385,0.1583,-5.352,59.8372,8.1636,86.3546,
中公教育,FY2025,教育,22.3693,-14.8363,0.4889,-73.3822,59.6998,,Wind 万得（报告期累计口径）,2.1814,22.0676,23.16,8.0951,4.2259,0.1324,-6.431,56.8842,7.5724,86.6873,
中公教育,2026Q1,教育,5.9983,4.3137,0.4733,18.332,62.2365,,Wind 万得（报告期累计口径）,7.8633,16.8268,20.144,8.5942,1.5199,-0.0807,-1.1497,56.9604,8.0456,85.8771,
中公教育,2026H1,教育,11.6931,1.2182,0.7322,18.5161,60.3493,,Wind 万得（报告期累计口径）,6.1051,22.5326,18.0975,7.5097,2.8788,-0.1002,-1.9352,57.2625,8.3046,85.5286,
华图山鼎,2025H1,教育,17.2434,14.4955,2.1291,75.0917,59.1109,,Wind 万得（报告期累计口径）,12.3473,22.8324,20.5171,1.0307,4.8892,-2.2639,1.0754,24.6423,4.1885,83.0029,
华图山鼎,2025Q3,教育,24.6434,15.6493,2.4912,92.4753,58.992,,Wind 万得（报告期累计口径）,10.109,23.2871,22.9099,1.1122,6.5164,-3.9568,-2.2435,24.1813,3.9711,83.5778,
华图山鼎,FY2025,教育,31.9783,12.886,2.4062,354.0698,59.4037,,Wind 万得（报告期累计口径）,7.5245,26.6826,21.344,1.0271,6.7003,-1.9556,-4.1439,21.6113,1.342,93.7902,
华图山鼎,2026Q1,教育,8.3745,1.2648,1.2131,-0.1099,61.0676,,Wind 万得（报告期累计口径）,14.4861,21.6598,19.6639,1.1675,-0.7915,1.1661,-0.5996,20.7629,2.5552,87.6936,
华图山鼎,2026H1,教育,15.4342,-10.4918,0.3255,-84.7131,55.3809,,Wind 万得（报告期累计口径）,2.1088,24.8016,25.4017,1.4635,1.9769,0.5548,-1.6765,23.148,2.0485,91.1502,
行动教育,2025H1,教育,3.4394,-11.6825,1.3141,-3.5052,77.4897,,Wind 万得（报告期累计口径）,38.2817,24.4962,15.6455,-3.1977,0.6808,-1.237,-0.9833,22.1023,10.0075,54.5266,
行动教育,2025Q3,教育,5.6581,0.5233,2.1481,10.3884,78.5369,,Wind 万得（报告期累计口径）,38.3796,24.5468,15.0361,-2.8043,1.5557,-0.4178,-2.2178,21.7658,9.6493,55.3734,
行动教育,FY2025,教育,8.1122,3.5461,3.1992,19.1199,78.8588,,Wind 万得（报告期累计口径）,39.8368,25.209,15.688,-2.5605,4.1477,-2.686,-2.8512,23.9131,10.1046,57.4394,
行动教育,2026Q1,教育,1.7343,32.7016,0.3907,38.2637,76.5292,,Wind 万得（报告期累计口径）,23.0736,31.3852,21.2624,-2.1559,0.5444,3.9442,-0.2847,24.2135,10.2478,57.3367,
行动教育,2026H1,教育,4.28,24.4397,1.7172,30.6707,78.8631,,Wind 万得（报告期累计口径）,40.2795,24.3646,15.2608,-2.1163,2.2229,2.5846,-1.4905,24.6561,10.4352,57.4779,
老凤祥,2025H1,黄金珠宝,333.5585,10.5064,6.0724,0.8842,,,Wind 万得（报告期累计口径）,,8.2638,4.7642,4.2163,47.0543,-1.5422,7.4557,239.1508,128.1818,37.1113,
老凤祥,2025Q3,黄金珠宝,480.0146,16.0252,2.1725,-41.6059,,,Wind 万得（报告期累计口径）,,7.0108,1.906,6.838,23.6594,-1.9201,3.7311,248.9068,128.6056,39.2457,
老凤祥,FY2025,黄金珠宝,528.2338,14.502,3.1743,82.4875,,,Wind 万得（报告期累计口径）,,,,9.5741,59.6247,-2.4312,-38.201,207.2641,131.8591,25.0958,
老凤祥,2026Q1,黄金珠宝,137.4222,-21.5686,5.4705,-10.7647,,,Wind 万得（报告期累计口径）,,12.7456,5.0226,2.445,-23.4919,-2.3533,35.623,244.918,137.2927,33.9364,
老凤祥,2026H1,黄金珠宝,199.8675,-40.0746,1.6876,-72.2081,,,Wind 万得（报告期累计口径）,,10.8731,4.0218,4.7377,-2.0803,-2.5935,2.1062,214.8314,132.4074,28.0136,
潮宏基,2025H1,黄金珠宝,41.0176,13.1302,1.4234,44.2868,,,Wind 万得（报告期累计口径）,,24.876,7.7124,9.2703,4.0495,-1.4927,-1.6073,59.4077,36.4281,36.2994,
潮宏基,2025Q3,黄金珠宝,62.3671,49.5192,-0.1428,-116.5218,,,Wind 万得（报告期累计口径）,,21.9274,-0.764,8.9125,6.0196,-1.3396,-2.3951,63.3874,35.426,41.9051,
潮宏基,FY2025,黄金珠宝,93.1786,85.7712,1.8005,247.2675,,,Wind 万得（报告期累计口径）,,19.8338,5.0397,8.5022,-0.7142,0.6229,1.8834,75.6141,37.6385,49.4983,
潮宏基,2026Q1,黄金珠宝,24.9828,10.9329,2.6356,39.5245,,,Wind 万得（报告期累计口径）,,26.9171,10.5936,9.0931,3.5874,-2.8589,0.7694,73.9899,40.2295,44.8723,
潮宏基,2026H1,黄金珠宝,43.7434,1.4255,1.5849,11.3473,,,Wind 万得（报告期累计口径）,,28.0184,8.4539,9.6494,13.0948,-2.8335,-6.3666,62.5053,38.8057,37.6864,
周大生,2025H1,黄金珠宝,45.9671,-38.472,3.4169,31.3226,,,Wind 万得（报告期累计口径）,,36.0692,17.7329,4.9636,4.0323,-0.6029,-5.7041,78.539,62.4423,20.5716,
周大生,2026Q1,黄金珠宝,19.5396,-26.9011,2.9341,16.3787,,,Wind 万得（报告期累计口径）,,39.4289,15.0152,2.3669,-1.7653,-0.316,1.1998,85.1907,67.7501,20.5436,
周大生,2026H1,黄金珠宝,36.4083,-12.3102,1.5648,-54.2055,,,Wind 万得（报告期累计口径）,,34.0739,9.3315,4.8336,2.0366,-0.4926,-0.074,84.1551,62.2161,26.1308,
豫园股份,2025H1,黄金珠宝,191.1247,,0.1099,,,,Wind 万得（报告期累计口径）,,6.473,5.8496,4.3079,22.7729,-0.9077,-18.6441,1193.1543,350.8459,,
豫园股份,2025Q3,黄金珠宝,283.9983,,-5.5057,,,,Wind 万得（报告期累计口径）,,6.3721,5.4699,3.816,11.0244,5.8253,-16.5132,1198.1688,344.7776,,
豫园股份,FY2025,黄金珠宝,363.733,,-44.0891,,,,Wind 万得（报告期累计口径）,,7.011,6.0776,4.5784,24.5052,6.8655,-26.0596,1148.9232,300.1129,,
豫园股份,2026Q1,黄金珠宝,96.486,,1.5697,,,,Wind 万得（报告期累计口径）,,6.0824,5.067,4.4137,-4.8555,2.2188,-13.3762,1123.7715,299.7318,,
豫园股份,2026H1,黄金珠宝,170.1689,,0.0457,,,,Wind 万得（报告期累计口径）,,6.9095,5.3101,4.9477,7.5711,3.5098,-25.4623,1086.2217,298.8584,,
安克创新,2025H1,跨境电商与出海,128.6676,33.3574,11.6692,33.8014,44.7302,,Wind 万得（报告期累计口径）,9.0643,21.9716,12.9073,-0.2824,-11.3222,11.0624,4.3605,186.7221,91.3701,50.0436,
安克创新,2025Q3,跨境电商与出海,210.1923,27.7869,19.3277,31.3417,44.6809,,Wind 万得（报告期累计口径）,9.3679,22.3571,12.7451,0.083,-8.6487,6.4375,2.4308,200.2025,98.9356,49.5173,
安克创新,FY2025,跨境电商与出海,305.144,23.4897,25.4513,20.3697,45.0654,,Wind 万得（报告期累计口径）,8.5769,22.3724,13.0622,0.1724,4.8081,3.0601,-1.2948,200.6689,105.276,46.6202,
安克创新,2026Q1,跨境电商与出海,76.0765,26.9341,4.7159,-4.8747,43.6401,,Wind 万得（报告期累计口径）,6.1901,19.1496,13.9137,1.0236,-4.5063,2.8088,-1.7457,202.2836,111.7091,43.9193,
安克创新,2026H1,跨境电商与出海,166.0501,29.0535,17.0204,45.8576,49.8227,,Wind 万得（报告期累计口径）,10.5078,20.6209,14.5828,0.8712,7.2253,3.6244,-10.5349,224.2016,115.9172,47.5785,
小商品城,2025H1,跨境电商与出海,77.128,33.3049,16.9094,17.0476,29.0444,,Wind 万得（报告期累计口径）,19.3151,1.2542,2.3453,-0.0012,13.8285,-8.9186,-13.4181,383.8411,203.928,48.611,
小商品城,2025Q3,跨境电商与出海,130.6113,,34.5731,,,,Wind 万得（报告期累计口径）,,,,,96.052,-15.3576,-56.8804,452.985,221.8471,,
小商品城,FY2025,跨境电商与出海,199.2725,,42.0355,,,,Wind 万得（报告期累计口径）,,,,,105.2921,-56.4946,-61.0563,444.0544,229.4791,,
小商品城,2026Q1,跨境电商与出海,45.9291,,9.9044,,,,Wind 万得（报告期累计口径）,,,,,0.6203,-11.5575,-2.0728,441.3583,238.6856,,
小商品城,2026H1,跨境电商与出海,102.8154,,19.792,,,,Wind 万得（报告期累计口径）,,,,,-1.288,-2.9828,-14.6194,431.7932,221.0201,,
赛维时代,2025H1,跨境电商与出海,53.4559,,1.6919,,,,Wind 万得（报告期累计口径）,,,,,5.1041,-1.2406,-1.5118,47.3897,27.0969,,
赛维时代,2025Q3,跨境电商与出海,81.8842,,2.0974,,,,Wind 万得（报告期累计口径）,,,,,7.4215,-3.483,-3.2129,48.2641,26.6167,,
永辉超市,2025H1,商超与线下零售,299.4846,-20.7276,-2.4057,-187.3806,20.8021,,Wind 万得（报告期累计口径）,-0.9942,19.232,3.0727,1.2772,12.0781,15.5509,-20.0713,339.633,41.6999,88.2096,
永辉超市,2025Q3,商超与线下零售,424.3421,-22.2089,-7.0982,-811.6005,20.5193,,Wind 万得（报告期累计口径）,-1.877,19.995,3.0962,1.3217,11.3955,6.3749,-24.9882,316.1978,36.9075,88.9604,
永辉超市,FY2025,商超与线下零售,535.0757,-20.8161,-25.5234,-74.1671,19.8255,,Wind 万得（报告期累计口径）,-4.9725,20.7156,3.5694,1.5216,6.4568,4.8852,-22.7884,304.6199,18.5922,94.6136,
永辉超市,2026Q1,商超与线下零售,133.6676,-23.527,2.8687,94.4016,22.7721,,Wind 万得（报告期累计口径）,2.1316,16.728,2.5604,1.2573,4.7839,-5.0845,-6.3208,290.4576,21.4017,93.3904,
永辉超市,2026H1,商超与线下零售,237.9112,-20.5598,2.5316,205.2327,22.5213,,Wind 万得（报告期累计口径）,0.9534,17.9668,2.4969,1.3622,1.9935,-0.0091,-8.9869,276.3174,21.6815,93.0392,
重百集团,2025H1,商超与线下零售,80.4158,-10.4487,7.7381,8.7404,28.4309,,Wind 万得（报告期累计口径）,9.7271,14.9604,4.9518,0.2307,8.4406,-0.5635,-6.7727,196.7564,76.4984,60.5464,
重百集团,2025Q3,商超与线下零售,116.304,-10.5618,9.9121,7.3849,27.8337,,Wind 万得（报告期累计口径）,8.6229,15.5637,5.0509,0.222,13.5928,0.0989,-12.1415,194.0349,78.7984,58.7946,
重百集团,FY2025,商超与线下零售,146.9815,-14.2407,10.4545,-20.4764,28.5922,,Wind 万得（报告期累计口径）,7.1748,16.2588,5.4236,0.2861,18.0752,-3.0378,-13.6065,198.1159,78.4767,59.8595,
重百集团,2026Q1,商超与线下零售,40.8067,-4.5596,2.7887,-41.2896,29.4691,,Wind 万得（报告期累计口径）,6.9163,14.0475,4.8878,0.3243,9.4142,-1.666,-8.8515,200.5124,81.2654,58.9317,
重百集团,2026H1,商超与线下零售,75.8704,-5.6523,4.4628,-42.3275,28.6598,,Wind 万得（报告期累计口径）,5.949,15.0285,5.015,0.2438,13.7276,0.1079,-13.9023,196.5773,79.4555,59.0216,
步步高,2025H1,商超与线下零售,21.2907,24.4483,2.0066,357.7122,36.3235,,Wind 万得（报告期累计口径）,9.8922,21.885,4.5946,6.1326,3.5003,-1.627,-2.5397,220.3677,81.5287,61.3772,
步步高,2025Q3,商超与线下零售,31.9407,26.4792,2.2553,-88.8325,35.106,,Wind 万得（报告期累计口径）,7.4398,22.1993,4.6143,6.1955,3.9944,-2.1432,-2.879,220.0716,82.0705,61.0693,
步步高,FY2025,商超与线下零售,42.1031,22.706,1.1281,-90.6895,34.0758,,Wind 万得（报告期累计口径）,3.0361,23.0361,4.8266,6.3566,6.4964,-6.1208,-4.4381,217.1386,83.6342,59.8001,
步步高,2026Q1,商超与线下零售,13.1157,13.7356,1.1645,-2.1796,34.443,,Wind 万得（报告期累计口径）,9.3678,17.2373,4.2053,5.077,3.5945,-0.965,-0.7201,219.1692,84.958,59.5393,
步步高,2026H1,商超与线下零售,23.3917,9.8681,1.4323,-28.6191,35.1283,,Wind 万得（报告期累计口径）,6.5414,19.4493,4.7417,5.7532,5.3925,-2.0548,-2.2103,217.9568,85.2647,59.1581,
科锐国际,FY2025,人服,145.4026,23.3515,3.1352,52.678,5.8692,,Wind 万得（报告期累计口径）,2.4562,1.2275,2.1869,0.1466,1.359,-0.2357,-0.6308,45.3846,22.7452,47.4104,
科锐国际,2026Q1,人服,37.8921,14.7368,0.9187,58.9962,5.6846,,Wind 万得（报告期累计口径）,2.2823,1.0361,2.5134,0.1361,-0.7727,-0.0598,-0.8062,46.0568,23.4995,46.413,
科锐国际,2026H1,人服,81.1856,19.723,1.5146,47.2195,5.5574,,Wind 万得（报告期累计口径）,1.9403,1.0157,2.5134,0.1551,-1.0737,-0.0593,0.1984,47.9691,24.011,47.2195,
科锐国际,2025H1,人服,70.7475,27.6739,1.2651,46.9575,5.5217,,Wind 万得（报告期累计口径）,1.9736,1.2817,2.1065,0.1523,-1.9313,-0.2185,-0.214,41.9764,20.9998,47.7565,
科锐国际,2025Q3,人服,107.5464,26.2867,2.1974,62.4648,5.7961,,Wind 万得（报告期累计口径）,2.3174,1.278,2.084,0.1451,-0.5966,-0.0229,-0.9029,42.6001,21.7175,46.6303,
北京人力,2025H1,人服,226.9064,3.7699,8.132,87.4297,5.342,,Wind 万得（报告期累计口径）,4.5103,1.0585,1.8561,-0.153,4.7461,-4.0477,-7.1356,167.8943,69.5005,52.4257,
北京人力,2025Q3,人服,338.0656,1.8917,10.0704,57.0159,5.4622,,Wind 万得（报告期累计口径）,3.7657,1.0675,1.9132,-0.1348,9.6516,-6.4054,-7.4034,163.4433,71.4389,49.907,
北京人力,FY2025,人服,451.8523,5.0047,11.6984,47.8185,5.5126,,Wind 万得（报告期累计口径）,3.2107,1.0891,2.0445,-0.1233,12.7984,-4.9888,-8.2068,166.8833,73.0758,50.1395,
北京人力,2026Q1,人服,113.8222,5.0332,2.6264,-55.5447,4.1678,,Wind 万得（报告期累计口径）,3.8409,1.0147,1.9163,-0.1316,-0.8366,-15.4075,-1.7197,174.4186,75.7022,49.787,
北京人力,2026H1,人服,225.1196,-0.7875,4.1017,-49.5608,4.6153,,Wind 万得（报告期累计口径）,2.7603,1.0974,1.9002,-0.093,-2.8831,-1.5279,-7.2096,162.4045,71.3279,48.5414,
亚朵集团,FY2025,酒店,97.9016,35.0752,16.2099,27.1019,43.9917,,Wind 万得（报告期累计口径）,16.5601,,5.2775,-0.6937,19.9282,-13.3207,-9.2489,91.6751,35.9348,60.9403,
亚朵集团,2025H1,酒店,43.7436,33.9635,6.6693,18.9233,44.4133,,Wind 万得（报告期累计口径）,15.2806,,5.7462,,7.6847,-13.3207,-9.2489,83.5553,32.9694,60.6477,
亚朵集团,2025Q3,酒店,70.0233,35.6011,11.4065,20.6787,44.0025,,Wind 万得（报告期累计口径）,16.3205,,5.0242,,13.9931,-13.3207,-9.2489,89.526,36.9906,58.7731,
亚朵集团,2026Q1,酒店,28.1124,47.5087,4.6335,90.914,41.3751,,Wind 万得（报告期累计口径）,16.4868,,4.9759,,2.9233,,,86.3314,36.9241,57.3751,
亚朵集团,2026H1,酒店,63.0159,44.0573,10.1107,51.5999,42.6102,,Wind 万得（报告期累计口径）,16.0501,,4.2815,,11.2755,,,86.8253,33.7261,61.2985,
锦江酒店,2021Q3单季,酒店,30.8697,5.9988,0.9212,491.4869,36.8123,,Wind 万得（单季直接取数，未经换算）,4.785,8.0441,18.3224,4.1012,7.9785,-1.216,-14.4856,498.2644,166.9737,64.2629,
锦江酒店,2021Q4单季,酒店,29.8962,3.2573,0.0385,102.0203,37.8061,,Wind 万得（单季直接取数，未经换算）,1.3456,9.8225,21.6795,3.8877,6.213,-37.1923,-10.5967,482.6313,166.1161,64.079,
锦江酒店,2022Q1单季,酒店,23.2209,0.9734,-1.2002,34.3098,23.2881,,Wind 万得（单季直接取数，未经换算）,-3.9043,6.839,25.6666,4.9221,0.9052,-1.0495,-11.1801,475.4476,164.9426,63.7284,
锦江酒店,2022Q2单季,酒店,27.206,-8.1756,0.0205,-98.9057,36.7776,,Wind 万得（单季直接取数，未经换算）,1.2877,8.2881,18.8968,3.8793,7.1541,3.865,-7.9421,467.9661,164.4032,63.1944,
锦江酒店,2022Q3单季,酒店,30.5163,-1.145,1.5986,73.5356,39.6523,,Wind 万得（单季直接取数，未经换算）,6.7271,8.6305,18.7642,3.9199,11.0734,0.663,-8.2705,465.4387,165.2653,63.1007,
锦江酒店,2022Q4单季,酒店,29.133,-4.4865,0.7159,6386.2552,30.6257,,Wind 万得（单季直接取数，未经换算）,3.2771,4.4215,23.2454,4.666,3.2443,-1.1591,-8.1884,474.3107,165.731,63.8417,
锦江酒店,2023Q1单季,酒店,29.2226,25.2188,1.3025,207.009,35.7789,,Wind 万得（单季直接取数，未经换算）,6.4065,6.8485,20.2946,5.2084,13.1257,-1.0552,-4.4292,482.4433,167.0372,64.0612,
锦江酒店,2023Q2单季,酒店,38.8382,37.8967,3.9287,6828.8142,46.5774,,Wind 万得（单季直接取数，未经换算）,12.4082,8.0794,19.6118,4.3894,13.6998,17.4468,-13.6855,497.701,163.8289,65.6488,
锦江酒店,2023Q3单季,酒店,41.5616,33.6314,4.5189,169.2841,43.7085,,Wind 万得（单季直接取数，未经换算）,12.7611,5.6201,17.8767,4.7385,16.821,-2.0286,-6.0583,499.2536,168.4822,64.764,
锦江酒店,2023Q4单季,酒店,36.8714,20.9056,0.2673,-64.2925,40.1363,,Wind 万得（单季直接取数，未经换算）,2.1069,11.1881,18.2151,4.6165,7.9707,-3.2537,-11.5219,505.8704,166.7704,65.6818,
锦江酒店,2024Q1单季,酒店,32.0622,6.7683,1.8989,34.562,35.3783,,Wind 万得（单季直接取数，未经换算）,7.94,7.4981,18.9249,6.681,10.1898,-3.3342,-4.6376,504.4886,168.8759,65.049,
锦江酒店,2024Q2单季,酒店,36.8581,-4.8356,6.5768,68.0166,43.7481,,Wind 万得（单季直接取数，未经换算）,19.9821,6.7108,18.0411,5.6311,10.3254,30.4696,-26.3985,487.2851,170.0087,63.4217,
锦江酒店,2024Q3单季,酒店,38.9831,-7.101,2.5809,-43.0839,44.3417,,Wind 万得（单季直接取数，未经换算）,7.5161,8.2481,18.1683,4.6728,14.1736,0.9309,-20.7894,478.7928,169.6882,63.2647,
锦江酒店,2024Q4单季,酒店,32.7264,-8.5094,-1.9463,-1337.5208,33.0894,,Wind 万得（单季直接取数，未经换算）,-4.2709,7.8926,18.0505,4.4748,0.928,0.427,-10.6446,461.0997,154.0856,65.9889,
锦江酒店,2025Q1单季,酒店,29.4158,-8.254,0.3601,-81.0349,31.8453,,Wind 万得（单季直接取数，未经换算）,1.7625,6.8353,19.7686,5.5283,6.0281,1.1974,-13.7291,455.0857,154.8676,65.3368,
锦江酒店,2025Q2单季,酒店,35.8477,-2.7412,3.3466,-49.1154,39.9202,,Wind 万得（单季直接取数，未经换算）,9.7964,6.7657,12.5854,4.6722,7.284,-6.1683,-11.4963,456.6269,154.7995,65.4349,
锦江酒店,2025Q3单季,酒店,37.1476,-4.7085,3.7539,45.446,41.6928,,Wind 万得（单季直接取数，未经换算）,10.6681,7.5336,13.7932,4.0323,14.5855,-14.6624,-10.9709,456.8608,158.41,64.7566,
锦江酒店,2025Q4单季,酒店,35.6972,9.0777,1.794,192.1729,38.756,,Wind 万得（单季直接取数，未经换算）,5.3243,7.9219,21.0483,4.3526,5.1159,-0.9321,3.7796,459.049,160.0453,64.546,
锦江酒店,2026Q1单季,酒店,31.2066,6.0879,1.3688,280.0892,33.4496,,Wind 万得（单季直接取数，未经换算）,4.8326,6.6968,18.0418,4.3077,9.6748,-4.2389,3.1369,463.9295,161.159,64.6588,
锦江酒店,2026Q2单季,酒店,36.8051,2.6707,4.0821,21.9781,39.888,,Wind 万得（单季直接取数，未经换算）,11.3656,7.336,13.5916,3.8494,11.3516,0.1729,-14.1031,450.4036,159.7188,64.0271,
首旅酒店,2021Q3单季,酒店,15.8188,-5.3816,0.5987,-57.2493,28.427,,Wind 万得（单季直接取数，未经换算）,2.7214,5.4249,11.8741,8.0825,7.0145,-3.5058,-3.06,252.8786,81.8451,66.6695,
首旅酒店,2021Q4单季,酒店,14.2714,-16.3245,-0.6941,-217.614,19.4762,,Wind 万得（单季直接取数，未经换算）,-6.6537,5.2606,14.7789,8.866,5.0475,-0.5314,13.9801,270.0586,111.0105,58.0774,
首旅酒店,2022Q1单季,酒店,12.1222,-4.6396,-2.3238,-27.727,5.7628,,Wind 万得（单季直接取数，未经换算）,-20.3079,4.6685,16.4157,9.2893,1.0588,-1.969,-4.864,263.2177,108.696,57.918,
首旅酒店,2022Q2单季,酒店,11.1832,-40.2884,-1.5156,-161.3262,13.0216,,Wind 万得（单季直接取数，未经换算）,-16.0677,4.1075,16.6171,10.2337,3.5176,-17.3305,1.7541,266.4941,106.9822,59.1804,
首旅酒店,2022Q3单季,酒店,15.0727,-4.7166,0.529,2.094,27.7012,,Wind 万得（单季直接取数，未经换算）,2.094,5.1565,12.8128,7.3157,6.5792,-0.3616,-7.8439,262.2363,107.54,58.3467,
首旅酒店,2022Q4单季,酒店,12.5157,-12.3021,-2.5113,-22.418,13.1727,,Wind 万得（单季直接取数，未经换算）,-22.418,5.118,13.6971,9.1643,3.767,0.0382,-5.8924,254.4819,104.8807,58.3071,
首旅酒店,2023Q1单季,酒店,16.5554,36.5714,0.7719,133.2181,30.6599,,Wind 万得（单季直接取数，未经换算）,5.7077,5.9769,12.781,6.488,8.8636,0.461,-4.8574,254.9871,105.6459,58.0218,
首旅酒店,2023Q2单季,酒店,19.526,74.4614,2.0324,233.2949,40.7457,,Wind 万得（单季直接取数，未经换算）,10.5399,6.9056,12.4531,5.2107,11.0715,-4.2265,-7.697,254.6963,106.1351,57.7744,
首旅酒店,2023Q3单季,酒店,23.0252,52.7609,4.0423,609.4938,45.4162,,Wind 万得（单季直接取数，未经换算）,17.7555,5.9325,11.336,4.4753,13.8455,-0.3341,-11.557,253.4368,110.1753,55.9539,
首旅酒店,2023Q4单季,酒店,18.8227,50.3982,1.1041,144.3594,33.0212,,Wind 万得（单季直接取数，未经换算）,5.4059,6.5795,11.6311,4.7018,6.3571,-3.1802,-6.9569,252.4015,111.3582,55.3373,
首旅酒店,2024Q1单季,酒店,18.4546,11.4718,1.2056,49.8256,36.5883,,Wind 万得（单季直接取数，未经换算）,7.2494,8.2156,14.1239,5.2287,5.9624,0.2902,-2.1367,256.7831,112.5639,55.5613,
首旅酒店,2024Q2单季,酒店,18.8756,-3.3306,2.3697,18.5065,38.5411,,Wind 万得（单季直接取数，未经换算）,12.3376,6.0142,11.4055,4.6942,8.9555,-0.012,-6.6138,252.2267,112.4888,54.7636,
首旅酒店,2024Q3单季,酒店,21.5573,-6.375,3.6565,-9.5426,43.086,,Wind 万得（单季直接取数，未经换算）,16.9059,7.2009,9.7834,3.9763,12.0802,-8.748,-7.8478,254.7823,116.1398,53.9449,
首旅酒店,2024Q4单季,酒店,18.6247,-1.052,0.8313,-24.7121,34.444,,Wind 万得（单季直接取数，未经换算）,4.7772,8.4178,11.5458,4.5152,6.7106,-1.4244,-6.0814,248.8518,116.9823,52.4998,
首旅酒店,2025Q1单季,酒店,17.6541,-4.3374,1.427,18.3654,35.3589,,Wind 万得（单季直接取数，未经换算）,9.0699,7.8559,13.7283,4.1796,6.7344,-1.5342,-4.2394,247.9499,118.4065,51.6824,
首旅酒店,2025Q2单季,酒店,18.9552,0.4212,2.5444,7.3707,41.1017,,Wind 万得（单季直接取数，未经换算）,13.7625,8.2106,10.3868,3.7924,8.7305,0.6631,-10.5719,244.6647,116.9249,51.6129,
首旅酒店,2025Q3单季,酒店,21.212,-1.6019,3.5756,-2.2143,44.7911,,Wind 万得（单季直接取数，未经换算）,16.9527,8.8495,10.7472,3.2937,10.8431,-7.0714,-3.7001,249.5063,120.5019,51.11,
首旅酒店,2025Q4单季,酒店,18.2467,-2.0296,0.5644,-32.1047,37.28,,Wind 万得（单季直接取数，未经换算）,1.8466,10.0284,13.6666,3.4623,6.8254,-0.6907,-4.7449,243.8909,120.7346,50.1814,
首旅酒店,2026Q1单季,酒店,17.7698,0.6552,1.6913,18.514,38.2099,,Wind 万得（单季直接取数，未经换算）,10.8603,7.8983,13.4457,3.2623,6.5635,-4.0446,-5.3332,246.2191,122.4242,49.8694,
首旅酒店,2026Q2单季,酒店,18.028,-4.8911,2.7161,6.7504,42.2995,,Wind 万得（单季直接取数，未经换算）,15.8632,7.6764,11.3826,3.0431,8.0554,1.2445,-10.2052,237.4496,120.1163,48.9364,
君亭酒店,2021Q3单季,酒店,0.6548,-17.2631,0.0752,-46.3843,30.475,,Wind 万得（单季直接取数，未经换算）,10.3195,4.5178,7.8714,5.9658,0.1493,0.4205,1.9128,12.5384,4.9091,61.9104,
君亭酒店,2021Q4单季,酒店,0.6558,-25.4983,0.0321,-80.9759,26.8314,,Wind 万得（单季直接取数，未经换算）,3.0104,7.5991,14.289,9.0922,0.4421,-0.7214,-0.3736,13.7276,4.862,65.8618,
君亭酒店,2022Q1单季,酒店,0.6151,-3.7219,0.0392,-44.5797,28.8457,,Wind 万得（单季直接取数，未经换算）,5.6956,4.9831,11.0086,7.9559,0.1205,-1.112,-0.2399,14.2473,4.9012,66.7585,
君亭酒店,2022Q2单季,酒店,0.7896,-4.3637,0.108,-43.4715,40.6629,,Wind 万得（单季直接取数，未经换算）,14.4608,6.2498,12.273,6.7943,0.134,0.639,-0.6089,13.8262,4.6066,67.8329,
君亭酒店,2022Q3单季,酒店,1.0704,63.4785,0.1119,48.9005,36.8978,,Wind 万得（单季直接取数，未经换算）,12.5255,6.7838,10.7971,4.9105,0.4461,-0.2339,-0.2241,13.714,4.7185,66.6212,
君亭酒店,2022Q4单季,酒店,0.9443,43.9798,0.0382,19.2364,35.7277,,Wind 万得（单季直接取数，未经换算）,4.662,7.588,12.3669,6.5724,0.5003,0.4351,4.7011,20.2222,9.7335,52.5339,
君亭酒店,2023Q1单季,酒店,0.9572,55.6275,0.0409,4.2081,33.0562,,Wind 万得（单季直接取数，未经换算）,6.09,7.2898,14.5421,4.6817,0.1954,-0.5282,-0.3312,21.617,9.7744,55.327,
君亭酒店,2023Q2单季,酒店,1.2499,58.2922,0.16,48.0968,50.1622,,Wind 万得（单季直接取数，未经换算）,15.8718,8.1151,16.343,6.1442,0.2634,-0.3724,-0.5805,23.9442,9.6751,59.9232,
君亭酒店,2023Q3单季,酒店,1.6081,50.2315,0.0388,-65.3619,39.7036,,Wind 万得（单季直接取数，未经换算）,4.7451,6.9851,14.3867,6.2283,0.9913,-0.3845,-0.8684,24.2829,9.7138,60.1845,
君亭酒店,2023Q4单季,酒店,1.5246,61.4541,0.0655,71.4022,35.4214,,Wind 万得（单季直接取数，未经换算）,5.9133,10.931,13.5919,6.9737,0.9985,-0.4598,-0.834,24.2479,9.7794,59.7552,
君亭酒店,2024Q1单季,酒店,1.6012,67.2784,0.0466,13.9401,30.1248,,Wind 万得（单季直接取数，未经换算）,3.882,7.6141,12.3287,6.5048,0.5093,-0.5593,-0.2881,24.2834,9.826,59.558,
君亭酒店,2024Q2单季,酒店,1.7039,36.3188,0.0904,-43.5128,32.1671,,Wind 万得（单季直接取数，未经换算）,6.4028,6.8948,10.4355,7.0944,0.6262,-0.98,-0.708,24.4491,9.6247,60.5788,
君亭酒店,2024Q3单季,酒店,1.7251,7.2747,0.0462,19.0314,30.1708,,Wind 万得（单季直接取数，未经换算）,3.5106,7.3802,11.1844,7.7523,0.6125,-0.8421,-0.5037,24.5818,9.6708,60.7981,
君亭酒店,2024Q4单季,酒店,1.7283,13.366,0.0689,5.0895,37.9619,,Wind 万得（单季直接取数，未经换算）,5.1625,8.7353,12.7967,7.441,0.8662,1.0356,-0.6655,25.4734,9.7397,61.82,
君亭酒店,2025Q1单季,酒店,1.6219,1.2945,0.0286,-38.7002,27.9921,,Wind 万得（单季直接取数，未经换算）,2.6203,7.323,11.0046,8.557,0.6307,-0.8106,-0.2678,25.397,9.7683,61.4985,
君亭酒店,2025Q2单季,酒店,1.6422,-3.6187,0.0331,-63.3402,28.3242,,Wind 万得（单季直接取数，未经换算）,2.1327,8.1841,11.0808,8.3003,0.5446,-0.3672,-0.8633,24.4302,9.5097,61.1797,
君亭酒店,2025Q3单季,酒店,1.795,4.0551,0.0373,-19.1091,30.0752,,Wind 万得（单季直接取数，未经换算）,1.7588,7.4806,10.8639,7.5909,0.7308,-0.092,-0.4827,24.4099,9.5471,61.1123,
君亭酒店,2025Q4单季,酒店,1.6718,-3.2698,0.1318,91.4105,38.7027,,Wind 万得（单季直接取数，未经换算）,8.7712,7.2002,14.0777,7.1549,0.8004,0.8605,-1.2706,23.3781,8.79,63.0646,
君亭酒店,2026Q1单季,酒店,1.6582,2.2375,0.0672,135.235,31.9749,,Wind 万得（单季直接取数，未经换算）,4.3605,7.9849,11.6892,7.7191,0.5914,-0.6606,-0.3635,22.9453,8.857,62.0093,
君亭酒店,2026Q2单季,酒店,1.652,0.597,0.0278,-15.9694,32.1463,,Wind 万得（单季直接取数，未经换算）,1.444,10.4099,11.8027,7.6858,0.6395,-0.5733,-0.5164,23.361,8.8849,62.5832,
亚朵集团,2021Q4单季,酒店,5.9212,,0.2913,,24.6675,,Wind 万得（单季直接取数，未经换算）,,,,,1.3716,4.5398,-0.9761,22.4515,5.7943,74.8518,
亚朵集团,2022Q1单季,酒店,4.5211,7.6826,0.0782,-37.1349,21.4599,,Wind 万得（单季直接取数，未经换算）,,,,,-0.752,-0.0753,0.5645,,,,
亚朵集团,2022Q2单季,酒店,5.1458,-9.7987,0.6122,1.9,28.7211,,Wind 万得（单季直接取数，未经换算）,11.725,,,,2.1418,-0.0641,0.3835,44.8592,6.5315,85.8037,
亚朵集团,2022Q3单季,酒店,6.7011,,1.1133,,35.2269,,Wind 万得（单季直接取数，未经换算）,16.5853,,,,1.7971,-0.0447,-0.0335,,,,
亚朵集团,2022Q4单季,酒店,6.2617,5.7514,-0.8228,-407.2914,32.2769,,Wind 万得（单季直接取数，未经换算）,-13.1917,,,,-0.3502,-1.7383,3.6486,47.6203,11.9731,75.0651,
亚朵集团,2023Q1单季,酒店,7.7394,71.1816,0.1788,150.6519,41.4311,,Wind 万得（单季直接取数，未经换算）,2.3351,,,,3.6166,-0.1351,0.3902,51.9944,13.5365,74.152,
亚朵集团,2023Q2单季,酒店,10.9271,112.3484,2.3819,296.3786,42.3146,,Wind 万得（单季直接取数，未经换算）,21.8864,,,,5.1991,1.4858,-1.4013,55.1682,16.2691,70.6683,
亚朵集团,2023Q3单季,酒店,12.941,93.1173,2.6102,135.799,42.2597,,Wind 万得（单季直接取数，未经换算）,20.2508,,,,5.4307,-7.788,-0.9827,59.7369,18.0345,69.9388,
亚朵集团,2023Q4单季,酒店,15.0522,140.3837,2.2005,366.0472,33.8355,,Wind 万得（单季直接取数，未经换算）,14.6001,,,,5.6404,0.4321,0.5246,65.8703,20.6807,68.725,
亚朵集团,2024Q1单季,酒店,14.6829,89.7176,2.5716,1326.0071,40.196,,Wind 万得（单季直接取数，未经换算）,17.5515,,,,1.4324,0.3696,0.2,67.6054,23.3588,65.5583,
亚朵集团,2024Q2单季,酒店,17.9705,64.458,3.0365,27.0749,41.5333,,Wind 万得（单季直接取数，未经换算）,16.9114,,,,5.7664,-3.0624,,72.8508,26.6904,63.4615,
亚朵集团,2024Q3单季,酒店,18.9858,46.7102,3.8439,45.272,41.4806,,Wind 万得（单季直接取数，未经换算）,20.0523,,,,4.3292,-5.7175,-4.211,72.0933,26.0136,64.0673,
亚朵集团,2024Q4单季,酒店,20.8401,38.4524,3.3015,50.4621,42.5828,,Wind 万得（单季直接取数，未经换算）,15.8665,,,,5.7315,3.2047,-0.2549,78.7881,29.5623,62.61,
亚朵集团,2025Q1单季,酒店,19.0581,29.7979,2.427,-5.4829,43.2684,,Wind 万得（单季直接取数，未经换算）,12.7808,,,,0.0197,-4.7764,0.1145,79.1665,32.9257,58.5291,
亚朵集团,2025Q2单季,酒店,24.6855,37.367,4.2423,39.7965,45.2972,,Wind 万得（单季直接取数，未经换算）,17.2105,,,,7.665,-7.7075,-4.113,83.5553,32.9694,60.6477,
亚朵集团,2025Q3单季,酒店,26.2797,38.4175,4.7372,24.6067,43.3188,,Wind 万得（单季直接取数，未经换算）,18.0516,,,,6.3084,-5.9034,-0.7989,89.526,36.9906,58.7731,
亚朵集团,2025Q4单季,酒店,27.8783,33.7722,4.8034,44.6936,43.9645,,Wind 万得（单季直接取数，未经换算）,17.1619,,,,5.9351,5.0666,-4.4514,91.6751,35.9348,60.9403,
亚朵集团,2026Q1单季,酒店,28.1124,47.5087,4.6335,90.2816,41.3751,,Wind 万得（单季直接取数，未经换算）,16.4868,,,,2.9233,4.9532,-3.9933,86.3314,36.9241,57.3751,
亚朵集团,2026Q2单季,酒店,34.9035,41.3927,5.4772,28.9695,43.605,,Wind 万得（单季直接取数，未经换算）,15.6984,,,,8.3523,2.8164,-8.6077,86.8253,33.7261,61.2985,
中国中免,2021Q3单季,免税,139.728,-11.7266,31.3199,40.22,31.271,,Wind 万得（单季直接取数，未经换算）,33.3373,-8.846,2.8512,0.3087,23.7191,-4.671,-11.6751,507.7915,287.8557,33.27,
中国中免,2021Q4单季,免税,181.7672,4.109,11.6274,-60.925,26.4378,,Wind 万得（单季直接取数，未经换算）,6.6111,9.9007,5.3582,-0.5493,52.0552,-12.8205,-1.5715,554.7373,296.188,37.2831,
中国中免,2022Q1单季,免税,167.8229,-7.4516,25.6349,-9.9913,34.0036,,Wind 万得（单季直接取数，未经换算）,17.3793,8.7085,2.5684,-0.4744,-12.3326,-5.8049,-8.6219,555.2019,320.8602,33.4823,
中国中免,2022Q2单季,免税,108.6847,-37.5105,13.7435,-45.2233,33.9508,,Wind 万得（单季直接取数，未经换算）,14.7006,3.9496,3.9898,5.6961,-22.0238,-6.2685,-0.7702,536.19,311.7134,32.4411,
中国中免,2022Q3单季,免税,117.1367,-16.1684,6.9025,-77.9621,24.6911,,Wind 万得（单季直接取数，未经换算）,8.5952,6.4478,3.9752,0.7333,-5.7188,-9.5886,130.4496,695.7992,481.7548,23.129,
中国中免,2022Q4单季,免税,150.6843,-17.1001,4.0229,-65.456,20.9861,,Wind 万得（单季直接取数，未经换算）,4.4269,9.1981,6.0914,-2.6883,5.9227,-16.4045,33.4881,759.076,485.734,28.693,
中国中免,2023Q1单季,免税,207.6943,23.7581,23.0077,-10.2485,29.003,,Wind 万得（单季直接取数，未经换算）,11.8731,9.8613,2.153,-1.4941,74.2464,-4.0816,-0.9443,798.6401,505.7009,29.5263,
中国中免,2023Q2单季,免税,150.8905,38.8333,15.6482,13.8587,32.8321,,Wind 万得（单季直接取数，未经换算）,10.7943,14.7532,3.7156,-0.3118,11.4859,-8.0306,-12.7427,789.0962,513.5873,27.6203,
中国中免,2023Q3单季,免税,149.7852,27.8722,13.4064,94.2241,34.4585,,Wind 万得（单季直接取数，未经换算）,8.8689,17.7963,3.6163,-1.4985,48.6968,-8.8252,-22.9064,791.8192,526.1194,26.3142,
中国中免,2023Q4单季,免税,167.0309,10.8483,15.0746,274.7226,32.0391,,Wind 万得（单季直接取数，未经换算）,11.0342,14.8533,4.2943,-1.7181,16.8351,-26.2205,-9.6844,788.6941,538.3395,24.9625,
中国中免,2024Q1单季,免税,188.0717,-9.4478,23.0645,0.247,33.3113,,Wind 万得（单季直接取数，未经换算）,12.9483,12.8398,2.5309,-0.6643,53.0186,-4.1852,-2.5613,802.5254,561.522,23.2126,
中国中免,2024Q2单季,免税,124.5783,-17.438,9.7644,-37.6003,33.8686,,Wind 万得（单季直接取数，未经换算）,9.7277,17.8441,3.7531,-2.7813,-9.9271,3.1838,-33.935,758.3718,538.2936,21.5073,
中国中免,2024Q3单季,免税,117.5559,-21.5171,6.364,-52.5301,32.0315,,Wind 万得（单季直接取数，未经换算）,5.6489,18.3566,4.1091,-1.5608,7.945,-3.0878,-4.8229,755.8392,542.3157,20.6741,
中国中免,2024Q4单季,免税,134.5326,-19.4565,3.4782,-76.927,28.5357,,Wind 万得（单季直接取数，未经换算）,4.0984,16.8522,4.3318,-1.9935,28.3568,-0.4538,-2.3516,762.6037,550.9671,20.0786,
中国中免,2025Q1单季,免税,167.4605,-10.9592,19.3785,-15.9813,32.9782,,Wind 万得（单季直接取数，未经换算）,12.2762,13.1231,2.5994,-1.2117,47.9698,-2.5708,4.1941,804.6233,569.6761,21.802,
中国中免,2025Q2单季,免税,114.047,-8.4536,6.619,-32.2132,32.4522,,Wind 万得（单季直接取数，未经换算）,7.4581,18.0996,4.0283,-2.6094,-21.8986,-16.2974,-23.7371,750.0913,551.9858,18.6074,
中国中免,2025Q3单季,免税,117.1137,-0.3761,4.5221,-28.943,32.0138,,Wind 万得（单季直接取数，未经换算）,4.7591,18.7451,4.192,-0.8136,7.8087,-14.1893,-6.6768,754.9631,556.7389,18.3368,
中国中免,2025Q4单季,免税,138.3146,2.8112,5.3422,53.5924,33.3442,,Wind 万得（单季直接取数，未经换算）,1.6329,16.0989,6.5689,-1.3087,26.7057,-1.7461,-5.6,749.8287,554.6926,18.4807,
中国中免,2026Q1单季,免税,169.0602,0.9553,23.483,21.1803,33.6318,,Wind 万得（单季直接取数，未经换算）,14.0205,12.061,2.7074,-1.013,38.9059,-20.2018,-0.7465,856.0027,579.5572,25.544,
中国中免,2026Q2单季,免税,107.4918,-5.7478,7.5813,14.5393,34.3231,,Wind 万得（单季直接取数，未经换算）,6.2694,19.6202,4.3048,-0.9222,-14.1097,-64.1184,-2.2625,849.3995,574.5297,25.6588,
丽江股份,2021Q3单季,旅游,0.8791,-50.9445,0.009,-98.7554,54.8333,,Wind 万得（单季直接取数，未经换算）,1.4396,7.0065,42.549,-2.0787,0.2905,-1.1675,-0.0029,27.7699,24.6081,7.3806,
丽江股份,2021Q4单季,旅游,0.6809,-56.6872,-0.4876,-321.6908,-3.2724,,Wind 万得（单季直接取数，未经换算）,-77.9211,11.8535,44.0358,-3.3379,-0.2806,-0.2601,-0.0845,26.9024,24.1203,6.6571,
丽江股份,2022Q1单季,旅游,0.417,-42.3125,-0.2828,-185.0383,-7.9959,,Wind 万得（单季直接取数，未经换算）,-75.835,9.1968,52.5149,-4.9275,-0.2396,-0.3765,-0.0016,26.4289,23.8372,5.758,
丽江股份,2022Q2单季,旅游,0.3728,-71.3424,-0.2514,-225.8604,-17.2416,,Wind 万得（单季直接取数，未经换算）,-73.4163,8.4481,50.1341,-6.0228,0.0788,-0.7479,-0.0004,25.8677,23.5857,4.7716,
丽江股份,2022Q3单季,旅游,1.7749,101.9062,0.8011,8764.1526,64.8269,,Wind 万得（单季直接取数，未经换算）,47.8654,3.6202,14.7164,-0.8015,1.48,-0.462,-0.0024,27.2075,24.3877,6.3348,
丽江股份,2022Q4单季,旅游,0.6009,-11.7429,-0.23,52.8257,3.7965,,Wind 万得（单季直接取数，未经换算）,-43.1867,5.6342,41.9644,-1.5899,-0.1531,0.3418,-0.0278,27.4989,24.1556,8.3531,
丽江股份,2023Q1单季,旅游,1.8001,331.7293,0.552,295.219,61.4223,,Wind 万得（单季直接取数，未经换算）,34.3539,3.4245,14.3795,-0.6672,1.0857,-0.54,,28.1712,24.7071,8.3475,
丽江股份,2023Q2单季,旅游,2.1238,469.7492,0.6585,361.593,62.7515,,Wind 万得（单季直接取数，未经换算）,35.0991,3.0134,15.7607,-0.5278,1.0419,0.9058,0.0097,29.139,23.9926,13.5107,
丽江股份,2023Q3单季,旅游,2.4943,40.5305,0.9076,13.3133,62.2991,,Wind 万得（单季直接取数，未经换算）,40.6038,2.9255,13.5918,-0.5705,1.4867,-1.6512,-1.3692,29.0478,24.9058,9.7329,
丽江股份,2023Q4单季,旅游,1.5709,161.4016,0.156,168.141,44.2898,,Wind 万得（单季直接取数，未经换算）,9.0249,4.4579,19.0437,-0.6148,0.4397,-1.3898,-0.0069,29.2403,25.0549,9.8664,
丽江股份,2024Q1单季,旅游,1.7993,-0.0453,0.5581,1.1056,58.2426,,Wind 万得（单季直接取数，未经换算）,34.9215,2.9263,12.7423,-0.499,0.8316,1.0513,0.002,29.7856,25.6124,9.4021,
丽江股份,2024Q2单季,旅游,2.049,-3.5216,0.565,-14.2017,56.3009,,Wind 万得（单季直接取数，未经换算）,31.3579,3.3909,13.5373,-0.1501,0.5543,-0.6386,-2.1895,27.8739,24.2539,8.738,
丽江股份,2024Q3单季,旅游,2.5082,0.5571,0.7997,-11.8893,66.2152,,Wind 万得（单季直接取数，未经换算）,35.907,3.9682,19.4093,0.0789,1.384,0.137,0.0363,30.1434,25.0916,12.2614,
丽江股份,2024Q4单季,旅游,1.728,10.0055,0.1859,19.1765,44.8826,,Wind 万得（单季直接取数，未经换算）,11.1915,3.9155,17.267,-0.0749,0.5214,-0.4768,-0.0061,30.1639,25.2769,11.682,
丽江股份,2025Q1单季,旅游,1.6249,-9.6947,0.3447,-38.2449,51.6347,,Wind 万得（单季直接取数，未经换算）,23.583,5.2722,15.8723,-0.2533,0.4528,-0.3466,-0.0016,30.2225,25.6209,10.5877,
丽江股份,2025Q2单季,旅游,2.1522,5.0353,0.6003,6.2603,55.4226,,Wind 万得（单季直接取数，未经换算）,31.4313,2.7688,12.751,0.0705,0.7367,-0.4279,-1.14,29.9973,24.4005,10.9443,
丽江股份,2025Q3单季,旅游,2.8202,12.4417,0.9742,21.8332,64.6358,,Wind 万得（单季直接取数，未经换算）,39.7821,4.3535,12.9956,0.3082,1.9628,-3.416,-0.3003,31.2163,25.375,10.8218,
丽江股份,2025Q4单季,旅游,2.0064,16.1081,0.2155,15.8957,48.7749,,Wind 万得（单季直接取数，未经换算）,10.4517,4.716,19.3001,0.3048,0.7241,-1.6946,-0.0049,30.6903,25.5903,8.623,
丽江股份,2026Q1单季,旅游,2.0076,23.5566,0.6664,93.3357,60.9564,,Wind 万得（单季直接取数，未经换算）,37.477,3.8135,11.8127,0.3922,0.6422,-0.5919,-0.0035,31.0714,26.257,7.3212,
丽江股份,2026Q2单季,旅游,2.1828,1.4243,0.661,10.1028,58.6743,,Wind 万得（单季直接取数，未经换算）,33.6059,3.9518,14.3269,0.3896,0.7408,-0.0081,-1.7208,29.8247,24.9955,6.755,
长白山,2021Q3单季,旅游,1.0946,48.1737,0.4204,132.8403,48.2321,,Wind 万得（单季直接取数，未经换算）,38.4125,3.037,8.3898,0.7545,0.5933,0.0748,-0.0104,11.3675,9.9093,12.8272,
长白山,2021Q4单季,旅游,0.3423,-30.2768,-0.2491,-54.8586,-71.4035,,Wind 万得（单季直接取数，未经换算）,-72.7622,10.0441,40.1391,2.1329,-0.2395,-0.0088,-0.0306,11.0703,9.6563,12.7726,
长白山,2022Q1单季,旅游,0.2075,101.3215,-0.3457,11.7949,-107.0241,,Wind 万得（单季直接取数，未经换算）,-166.6351,5.4906,42.7921,5.4336,-0.22,-0.0643,0.4946,11.1811,9.315,16.6896,
长白山,2022Q2单季,旅游,0.0684,-82.2578,-0.371,-25.5179,-396.1586,,Wind 万得（单季直接取数，未经换算）,-542.4849,11.9156,122.9492,12.3416,-0.2235,-0.0773,-0.5178,10.2944,8.9497,13.0629,
长白山,2022Q3单季,旅游,1.332,21.695,0.4611,9.6739,45.5017,,Wind 万得（单季直接取数，未经换算）,34.6182,2.5919,7.1703,0.7532,0.6606,-0.3238,0.0502,10.9824,9.414,14.2814,
长白山,2022Q4单季,旅游,0.3387,-1.0697,-0.3182,-27.7686,-89.6241,,Wind 万得（单季直接取数，未经换算）,-93.9724,6.293,43.6535,2.5234,-0.1813,-0.013,-0.0864,10.7029,9.062,15.3312,
长白山,2023Q1单季,旅游,0.6961,235.4927,-0.0414,88.0363,13.1428,,Wind 万得（单季直接取数，未经换算）,-5.9422,2.9991,13.4698,1.3828,0.0594,-0.0283,-0.0098,10.6838,9.0178,15.5932,
长白山,2023Q2单季,旅游,0.9806,1333.881,0.1639,144.1686,33.7875,,Wind 万得（单季直接取数，未经换算）,16.7104,2.9206,11.6581,0.9223,0.3092,-0.4527,-0.0884,10.8631,9.1773,15.5191,
长白山,2023Q3单季,旅游,3.2977,147.5698,1.394,202.2989,63.265,,Wind 万得（单季直接取数，未经换算）,42.271,2.5344,3.6716,0.236,2.2102,-0.1026,-0.0088,12.6033,10.5649,16.1739,
长白山,2023Q4单季,旅游,1.2299,263.1762,-0.1358,57.3144,12.7835,,Wind 万得（单季直接取数，未经换算）,-11.045,6.0819,19.273,0.3184,-0.0733,-0.2799,-0.0931,12.3194,10.3914,15.6496,
长白山,2024Q1单季,旅游,1.2789,83.7303,0.107,358.7251,28.2185,,Wind 万得（单季直接取数，未经换算）,8.3677,3.6233,9.8908,0.3887,-0.1045,-0.0758,-0.0116,12.1186,10.5093,13.2795,
长白山,2024Q2单季,旅游,1.2652,29.0225,0.1033,-36.9519,30.6446,,Wind 万得（单季直接取数，未经换算）,8.1657,3.0397,11.34,0.3914,0.2046,-0.3855,-0.312,12.1149,10.4133,14.0456,
长白山,2024Q3单季,旅游,3.4028,3.1864,1.268,-9.0384,57.9023,,Wind 万得（单季直接取数，未经换算）,37.2628,2.378,4.5567,0.1465,2.18,-0.6462,-0.0174,13.8096,11.6751,15.4569,
长白山,2024Q4单季,旅游,1.4864,20.8508,-0.0358,73.667,25.4477,,Wind 万得（单季直接取数，未经换算）,-2.4062,4.9615,15.5998,0.1962,-0.2253,-0.562,0.7068,14.4667,11.6203,19.6756,
长白山,2025Q1单季,旅游,1.2883,0.7304,0.0439,-58.9345,22.8563,,Wind 万得（单季直接取数，未经换算）,3.4177,3.1618,11.9443,0.6237,0.0028,-0.1719,0.0366,14.1768,11.6537,17.4441,
长白山,2025Q2单季,旅游,1.0665,-15.7056,-0.0645,-162.3932,14.4288,,Wind 万得（单季直接取数，未经换算）,-6.6214,4.2596,15.1353,0.8659,0.0789,-0.6173,-0.2966,14.1421,11.3876,18.8136,
长白山,2025Q3单季,旅游,4.0077,17.7789,1.5143,19.4262,57.4995,,Wind 万得（单季直接取数，未经换算）,37.3086,2.1919,4.4259,0.3472,2.0813,-0.3488,0.0256,16.8642,12.9051,22.7687,
长白山,2025Q4单季,旅游,1.5153,1.95,-0.2003,-459.9414,13.135,,Wind 万得（单季直接取数，未经换算）,-14.4236,6.8295,20.7246,0.8947,-0.4316,-0.3642,1.4079,18.4324,14.9652,18.0447,
长白山,2026Q1单季,旅游,1.5636,21.3732,0.081,84.2323,23.7397,,Wind 万得（单季直接取数，未经换算）,5.0096,4.3233,11.3101,0.6598,0.1032,-0.1371,0.0453,18.1689,15.061,15.9249,
长白山,2026Q2单季,旅游,1.209,13.3605,-0.0683,-5.9247,13.8778,,Wind 万得（单季直接取数，未经换算）,-5.897,3.3348,18.6149,0.5462,0.2008,-0.5582,-0.1008,18.1016,15.0065,15.9299,
中公教育,2021Q3单季,教育,14.452,-68.7929,-7.9374,-151.0796,37.4704,,Wind 万得（单季直接取数，未经换算）,-54.9225,34.594,29.6242,8.7014,-27.0673,3.6967,7.5167,122.1313,33.8423,72.2905,
中公教育,2021Q4单季,教育,6.1053,-83.7777,-14.7861,-250.3472,-130.1432,,Wind 万得（单季直接取数，未经换算）,-242.1854,103.0541,45.7998,17.6991,-4.5214,22.2841,-17.8128,103.0518,18.8882,81.6715,
中公教育,2022Q1单季,教育,12.1274,-40.8907,-4.6382,-429.5856,38.2101,,Wind 万得（单季直接取数，未经换算）,-38.2461,32.6546,26.3937,5.7367,5.9889,2.2207,-16.6154,92.0048,14.2499,84.5122,
中公教育,2022Q2单季,教育,10.1396,-63.8426,-4.2711,-79.5381,15.1373,,Wind 万得（单季直接取数，未经换算）,-42.1227,30.1539,14.9892,7.2073,4.3409,0.8832,-5.2645,89.619,9.9789,88.8657,
中公教育,2022Q3单季,教育,16.6718,15.36,0.6824,108.5973,51.3468,,Wind 万得（单季直接取数，未经换算）,4.0931,22.3558,12.9041,3.5514,5.5666,-0.592,-11.6551,82.2567,10.6613,87.0395,
中公教育,2022Q4单季,教育,9.3093,52.4795,-2.7937,81.106,39.9715,,Wind 万得（单季直接取数，未经换算）,-30.0095,30.5736,26.7057,3.9381,-8.0245,0.016,7.2459,80.2741,7.7993,90.2846,
中公教育,2023Q1单季,教育,8.8859,-26.7291,0.243,105.2396,52.6387,,Wind 万得（单季直接取数，未经换算）,2.735,21.2746,16.0795,2.8451,-4.9415,-0.0142,9.1919,84.1764,8.0424,90.4463,
中公教育,2023Q2单季,教育,8.3975,-17.1813,0.5768,113.5046,59.9661,,Wind 万得（单季直接取数，未经换算）,6.8686,19.3965,14.6572,5.0995,-0.3467,0.0129,-0.1937,81.5463,8.6192,89.4309,
中公教育,2023Q3单季,教育,9.3751,-43.7666,1.6006,134.5473,60.9692,,Wind 万得（单季直接取数，未经换算）,17.0715,19.6937,12.5464,1.2533,1.4034,0.0024,2.8461,83.7211,10.2197,87.7937,
中公教育,2023Q4单季,教育,4.2047,-54.8334,-4.5147,-62.2325,30.3082,,Wind 万得（单季直接取数，未经换算）,-107.3699,38.8121,26.1502,5.4057,-4.1159,-0.1068,-3.9605,71.3962,5.671,92.057,
中公教育,2024Q1单季,教育,7.635,-14.0771,0.8279,240.6723,58.7136,,Wind 万得（单季直接取数，未经换算）,10.8439,20.6662,14.9287,4.0714,1.4516,0.0838,0.9171,72.8497,6.4989,91.079,
中公教育,2024Q2单季,教育,6.8438,-18.5023,0.3311,-42.5958,57.028,,Wind 万得（单季直接取数，未经换算）,4.838,17.6635,15.0107,6.1356,3.0469,-0.017,-5.6083,68.1764,6.83,89.9818,
中公教育,2024Q3单季,教育,6.5253,-30.398,0.5225,-67.3538,63.8381,,Wind 万得（单季直接取数，未经换算）,8.0076,24.7427,12.9135,4.6042,1.1986,0.1319,-2.869,65.2757,7.3525,88.7362,
中公教育,2024Q4单季,教育,5.2622,25.1506,0.1552,103.4385,59.2972,,Wind 万得（单季直接取数，未经换算）,2.9766,22.6829,17.9425,18.2494,-0.1289,0.1506,0.6775,65.1013,7.244,88.8706,
中公教育,2025Q1单季,教育,5.7502,-24.686,0.3999,-51.6933,59.7892,,Wind 万得（单季直接取数，未经换算）,6.9553,18.6424,15.3407,8.1759,0.8353,-0.0798,-2.4254,62.9923,7.6439,87.8631,
中公教育,2025Q2单季,教育,5.8022,-15.2198,0.2179,-34.1899,59.4288,,Wind 万得（单季直接取数，未经换算）,3.7555,32.2107,9.6131,5.4278,1.8921,-0.033,-1.3206,61.3019,7.8618,87.173,
中公教育,2025Q3单季,教育,5.0213,-23.0481,0.3018,-42.2373,59.4572,,Wind 万得（单季直接取数，未经换算）,6.0108,22.7291,13.6573,7.329,0.6111,0.2711,-1.6059,59.8372,8.1636,86.3546,
中公教育,2025Q4单季,教育,5.7956,10.1364,-0.4308,-377.4763,60.0927,,Wind 万得（单季直接取数，未经换算）,-7.4486,14.7384,21.3122,11.3489,0.8874,-0.0259,-1.079,56.8842,7.5724,86.6873,
中公教育,2026Q1单季,教育,5.9983,4.3137,0.4733,18.332,62.2365,,Wind 万得（单季直接取数，未经换算）,7.8633,16.8268,14.6231,8.5942,1.5199,-0.0807,-1.1497,56.9604,8.0456,85.8771,
中公教育,2026Q2单季,教育,5.6949,-1.8496,0.259,18.8541,58.3615,,Wind 万得（单季直接取数，未经换算）,4.2531,28.5424,9.85,6.3674,1.3589,-0.0195,-0.7855,57.2625,8.3046,85.5286,
华图山鼎,2021Q3单季,教育,0.199,-35.0741,0.0159,-63.3095,25.7238,,Wind 万得（单季直接取数，未经换算）,7.9804,5.3501,18.962,-0.1321,-0.0069,0.0632,-0.0003,3.2888,2.891,12.0954,
华图山鼎,2021Q4单季,教育,0.3404,-13.6241,0.0758,-39.8285,60.2307,,Wind 万得（单季直接取数，未经换算）,22.2659,2.1229,10.636,-0.178,0.0908,-0.0093,-0.0006,3.2295,2.9637,8.2325,
华图山鼎,2022Q1单季,教育,0.202,-14.9039,0.0136,58.9173,37.0213,,Wind 万得（单季直接取数，未经换算）,6.736,5.1986,20.5383,-0.2022,-0.0566,-0.0183,-0.0004,3.2087,2.976,7.2514,
华图山鼎,2022Q2单季,教育,0.2337,-27.6953,-0.0284,-203.3169,20.5244,,Wind 万得（单季直接取数，未经换算）,-12.1714,4.8019,16.8662,-0.1064,0.0166,0.0153,-0.0002,3.1866,2.9195,8.3832,
华图山鼎,2022Q3单季,教育,0.2374,19.3004,0.0738,365.0294,60.2239,,Wind 万得（单季直接取数，未经换算）,31.1074,2.777,12.9132,-0.3781,-0.0113,0.1642,-0.0009,3.246,2.9933,7.785,
华图山鼎,2022Q4单季,教育,0.3954,16.1455,0.0503,-33.6637,28.903,,Wind 万得（单季直接取数，未经换算）,12.7171,1.1809,9.3236,0.1251,0.0083,0.0084,0.0005,3.4655,3.0461,12.1019,
华图山鼎,2023Q1单季,教育,0.1514,-25.072,-0.0258,-289.2864,15.3958,,Wind 万得（单季直接取数，未经换算）,-17.0167,3.3067,17.1643,-0.5735,-0.0425,-0.0474,-0.0009,3.383,3.0225,10.6552,
华图山鼎,2023Q2单季,教育,0.169,-27.7001,-0.0132,53.7445,24.6727,,Wind 万得（单季直接取数，未经换算）,-7.7869,4.804,21.7716,-0.1518,-0.066,-0.0451,-0.0003,3.3067,2.9821,9.8171,
华图山鼎,2023Q3单季,教育,0.1234,-48.026,0.0019,-97.4534,7.3771,,Wind 万得（单季直接取数，未经换算）,1.5242,3.5698,21.5656,-0.0094,0.014,0.0018,0,3.2825,2.9786,9.2579,
华图山鼎,2023Q4单季,教育,2.0274,412.7431,-0.8827,-1844.1686,22.5015,,Wind 万得（单季直接取数，未经换算）,-43.5351,35.618,29.8672,2.9062,2.0386,0.1202,0.0589,10.2093,2.0961,79.4682,
华图山鼎,2024Q1单季,教育,6.9547,4494.2368,0.7256,2916.7573,55.7372,,Wind 万得（单季直接取数，未经换算）,10.4331,25.8102,20.0638,1.0293,3.3675,-3.8474,0.0716,15.6247,2.8217,81.9406,
华图山鼎,2024Q2单季,教育,8.1056,4697.1481,0.4904,3827.2139,57.2378,,Wind 万得（单季直接取数，未经换算）,6.0502,32.6514,13.3673,0.7911,3.9682,-1.3115,0.0641,18.3272,3.5653,80.5462,
华图山鼎,2024Q3单季,教育,6.2485,4964.3155,0.0783,4064.0684,61.1798,,Wind 万得（单季直接取数，未经换算）,1.2533,36.5788,17.693,1.1654,1.5911,-0.0695,0.0728,19.9566,3.6436,81.7424,
华图山鼎,2024Q4单季,教育,7.0192,246.2105,-0.7644,13.3997,40.0639,,Wind 万得（单季直接取数，未经换算）,-10.8898,12.6586,13.0328,0.6132,-0.6851,1.5545,0.043,18.67,2.8797,84.5755,
华图山鼎,2025Q1单季,教育,8.2699,18.9124,1.2145,67.3792,61.3634,,Wind 万得（单季直接取数，未经换算）,14.6854,23.3389,14.4153,0.8831,1.4277,0.9779,0.073,20.0855,3.8132,81.0149,
华图山鼎,2025Q2单季,教育,8.9734,10.7059,0.9146,86.5027,57.035,,Wind 万得（单季直接取数，未经换算）,10.1925,22.3656,15.9739,1.1666,3.4615,-3.2417,0.1047,24.6423,4.1885,83.0029,
华图山鼎,2025Q3单季,教育,7.4001,18.4303,0.3621,362.4073,58.715,,Wind 万得（单季直接取数，未经换算）,4.8933,24.3467,21.1995,1.3023,1.6272,-1.693,0.0964,24.1813,3.9711,83.5778,
华图山鼎,2025Q4单季,教育,7.3349,4.4972,-0.085,88.8806,60.787,,Wind 万得（单季直接取数，未经换算）,-1.1588,38.0907,7.3359,0.7411,0.1839,2.0012,0.0544,21.6113,1.342,93.7902,
华图山鼎,2026Q1单季,教育,8.3745,1.2648,1.2131,-0.1099,61.0676,,Wind 万得（单季直接取数，未经换算）,14.4861,21.6598,14.4371,1.1675,-0.7915,1.1661,0.0978,20.7629,2.5552,87.6936,
华图山鼎,2026Q2单季,教育,7.0597,-21.3267,-0.8877,-197.0536,48.635,,Wind 万得（单季直接取数，未经换算）,-12.5738,28.5285,26.2132,1.8147,2.7684,-0.6113,0.1281,23.148,2.0485,91.1502,
行动教育,2021Q3单季,教育,1.1437,26.6856,0.3245,78.4905,78.7799,,Wind 万得（单季直接取数，未经换算）,29.61,34.2187,18.2591,-5.0954,5.7656,-4.7279,-0.5881,18.3797,10.1295,44.6804,
行动教育,2021Q4单季,教育,1.9891,30.3921,0.6169,26.1678,78.4118,,Wind 万得（单季直接取数，未经换算）,31.2393,25.4114,15.8328,-2.9195,2.1899,-0.0089,-0.0275,20.0747,10.7781,46.0981,
行动教育,2022Q1单季,教育,0.9814,30.7636,0.0797,84.1699,76.7939,,Wind 万得（单季直接取数，未经换算）,8.8217,39.0018,25.9979,-4.3113,-0.3555,5.0022,-0.0181,19.7005,10.8578,44.6349,
行动教育,2022Q2单季,教育,1.0328,-38.1124,0.4134,-42.8521,79.6399,,Wind 万得（单季直接取数，未经换算）,40.0724,29.8832,14.4386,-11.6721,0.4547,-3.4856,-1.3367,18.8459,9.9928,46.8091,
行动教育,2022Q3单季,教育,1.3922,21.7296,0.448,38.0568,75.3796,,Wind 万得（单季直接取数，未经换算）,32.4165,25.4733,15.6347,-6.5601,0.2529,-1.6002,-0.035,19.0133,10.4431,44.8917,
行动教育,2022Q4单季,教育,1.1028,-44.557,0.1675,-72.8489,69.3456,,Wind 万得（单季直接取数，未经换算）,15.3195,36.3433,18.4722,-6.4706,0.3642,1.5632,-0.035,19.5066,10.662,45.1559,
行动教育,2023Q1单季,教育,1.0994,12.0233,0.1785,123.9682,77.6785,,Wind 万得（单季直接取数，未经换算）,15.2597,35.9096,22.5561,-2.9994,0.3511,1.3852,-0.0178,19.8184,10.8492,45.1278,
行动教育,2023Q2单季,教育,1.782,72.5454,0.8757,111.8414,78.7588,,Wind 万得（单季直接取数，未经换算）,49.5788,18.9247,8.1922,-5.5185,2.0467,-1.5358,-2.395,19.4088,9.3733,51.5873,
行动教育,2023Q3单季,教育,1.7296,24.2366,0.5524,23.3045,79.5529,,Wind 万得（单季直接取数，未经换算）,32.2847,27.2615,11.5003,-3.4291,0.595,-0.8964,-0.9832,19.1717,8.9899,52.9572,
行动教育,2023Q4单季,教育,2.1114,91.4524,0.5879,250.9461,77.0726,,Wind 万得（单季直接取数，未经换算）,28.085,27.4345,15.1657,-3.1423,1.5475,1.6128,-0.0498,20.9648,9.5907,54.0906,
行动教育,2024Q1单季,教育,1.4084,28.114,0.2399,34.4228,71.7754,,Wind 万得（单季直接取数，未经换算）,17.6829,28.6038,18.8093,-3.4911,0.1277,-1.3793,-0.0328,21.0221,9.8394,52.9416,
行动教育,2024Q2单季,教育,2.4859,39.4997,1.122,28.1204,78.6124,,Wind 万得（单季直接取数，未经换算）,45.332,19.8489,7.1105,-2.9719,1.6135,-1.1011,-1.2223,21.4347,9.7952,54.063,
行动教育,2024Q3单季,教育,1.7343,0.2677,0.5841,5.737,75.3824,,Wind 万得（单季直接取数，未经换算）,34.0944,29.3945,12.7351,-3.3065,0.1377,-0.2989,-1.0503,20.5065,9.3744,54.0007,
行动教育,2024Q4单季,教育,2.2057,4.4679,0.7397,25.8374,76.4209,,Wind 万得（单季直接取数，未经换算）,33.8791,26.4636,19.8249,-2.4635,2.1165,0.3646,-0.5456,22.3201,9.6139,56.6315,
行动教育,2025Q1单季,教育,1.3069,-7.2066,0.2826,17.7991,73.7694,,Wind 万得（单季直接取数，未经换算）,21.9897,32.103,18.8999,-3.0573,-0.5062,-0.1299,-0.0325,21.825,9.8966,54.3305,
行动教育,2025Q2单季,教育,2.1325,-14.2184,1.0316,-8.0601,79.7698,,Wind 万得（单季直接取数，未经换算）,48.2667,19.8341,8.3956,-3.2837,1.187,-1.1071,-0.9508,22.1023,10.0075,54.5266,
行动教育,2025Q3单季,教育,2.2187,27.9318,0.834,42.7821,80.1603,,Wind 万得（单季直接取数，未经换算）,38.5314,24.6253,10.8952,-2.1944,0.8749,0.8192,-1.2345,21.7658,9.6493,55.3734,
行动教育,2025Q4单季,教育,2.4541,11.2599,1.0511,42.0894,79.601,,Wind 万得（单季直接取数，未经换算）,43.1965,26.7357,12.1131,-1.9986,2.592,-2.2682,-0.6334,23.9131,10.1046,57.4394,
行动教育,2026Q1单季,教育,1.7343,32.7016,0.3907,38.2637,76.5292,,Wind 万得（单季直接取数，未经换算）,23.0736,31.3852,17.7778,-2.1559,0.5444,3.9442,-0.2847,24.2135,10.2478,57.3367,
行动教育,2026Q2单季,教育,2.5456,19.3761,1.3265,28.5907,80.4532,,Wind 万得（单季直接取数，未经换算）,52.0018,19.5814,8.2538,-2.0893,1.6785,-1.3596,-1.2058,24.6561,10.4352,57.4779,
老凤祥,2021Q3单季,黄金珠宝,181.9629,4.6992,4.5631,-7.2019,6.4948,,Wind 万得（单季直接取数，未经换算）,3.3624,0.8396,0.6583,0.3491,-26.6661,-0.0495,7.5287,216.4961,88.1235,51.9421,
老凤祥,2021Q4单季,黄金珠宝,89.0436,13.3605,3.7814,6.9899,10.189,,Wind 万得（单季直接取数，未经换算）,5.5955,2.0211,0.7591,0.6852,19.321,-0.3082,-3.0346,222.7486,91.9114,51.2516,
老凤祥,2022Q1单季,黄金珠宝,184.416,7.2315,4.0657,-37.303,7.8707,,Wind 万得（单季直接取数，未经换算）,3.0237,1.5014,0.6478,0.4666,61.9016,0.2804,-1.1064,244.1053,96.0057,53.216,
老凤祥,2022Q2单季,黄金珠宝,152.9793,6.2933,4.8387,23.0031,7.4747,,Wind 万得（单季直接取数，未经换算）,4.1912,1.0398,0.634,0.2306,1.9861,0.3653,-15.6957,237.3878,93.1845,53.6616,
老凤祥,2022Q3单季,黄金珠宝,197.9846,8.8049,4.6562,2.0386,6.6684,,Wind 万得（单季直接取数，未经换算）,3.1358,1.3671,0.5855,0.1816,-31.405,0.1331,-4.8681,240.7373,97.7654,51.9078,
老凤祥,2022Q4单季,黄金珠宝,94.7215,6.3766,3.4428,-8.9534,9.1005,,Wind 万得（单季直接取数，未经换算）,4.7321,1.291,1.065,0.4965,-22.8419,-1.3058,-1.9179,260.0484,101.2806,53.926,
老凤祥,2023Q1单季,黄金珠宝,245.5846,33.1688,7.1596,76.0961,8.0192,,Wind 万得（单季直接取数，未经换算）,3.8926,1.4183,0.6368,0.2524,67.6892,-3.3639,11.0942,275.8717,108.4435,54.3156,
老凤祥,2023Q2单季,黄金珠宝,157.851,3.1845,5.5696,15.1041,9.1448,,Wind 万得（单季直接取数，未经换算）,4.7401,1.3834,0.6788,0.2054,23.9075,-0.0531,-28.0285,233.3806,106.3213,46.2689,
老凤祥,2023Q3单季,黄金珠宝,217.2248,9.7181,6.9155,48.5241,7.501,,Wind 万得（单季直接取数，未经换算）,4.2416,0.8882,0.524,0.1653,-20.1559,2.85,-1.2246,263.1028,113.2403,49.0069,
老凤祥,2023Q4单季,黄金珠宝,93.696,-1.0826,2.4993,-27.4061,9.4797,,Wind 万得（单季直接取数，未经换算）,3.7336,3.1398,1.5885,0.1101,0.675,-2.4946,-13.5799,243.3385,115.7398,43.5556,
老凤祥,2024Q1单季,黄金珠宝,256.2982,4.3625,8.0189,12.0031,8.3683,,Wind 万得（单季直接取数，未经换算）,4.1102,1.2516,0.5305,0.2319,40.8134,-1.4705,36.1953,326.7828,123.7794,56.0054,
老凤祥,2024Q2单季,黄金珠宝,143.2907,-9.2241,6.0192,8.0723,10.7138,,Wind 万得（单季直接取数，未经换算）,5.3386,1.5077,1.0989,0.1367,10.3353,-0.902,-29.39,257.4639,119.5898,45.392,
老凤祥,2024Q3单季,黄金珠宝,126.2278,-41.8907,3.7205,-46.2011,6.5169,,Wind 万得（单季直接取数，未经换算）,3.6754,1.1605,1.1524,0.3032,14.3227,0.8082,-39.3921,241.922,123.3214,40.0817,
老凤祥,2024Q4单季,黄金珠宝,42.1121,-55.0545,1.7394,-30.4024,13.4495,,Wind 万得（单季直接取数，未经换算）,6.2104,5.4852,4.4295,0.2159,-36.0849,0.271,-7.2204,227.3114,124.9809,35.1131,
老凤祥,2025Q1单季,黄金珠宝,175.2131,-31.637,6.1305,-23.5503,9.0557,,Wind 万得（单季直接取数，未经换算）,4.5909,1.2178,0.6555,0.3251,35.4829,-0.6415,43.985,292.8036,131.1567,46.8459,
老凤祥,2025Q2单季,黄金珠宝,158.3454,10.5064,6.0724,0.8842,8.2638,,Wind 万得（单季直接取数，未经换算）,4.7642,1.3151,0.6848,0.1847,11.5714,-0.9006,-36.5294,239.1508,128.1818,37.1113,
老凤祥,2025Q3单季,黄金珠宝,146.4561,16.0252,2.1725,-41.6059,7.0108,,Wind 万得（单季直接取数，未经换算）,1.906,1.7901,1.0217,0.2451,-23.3949,-0.3779,-3.7246,248.9068,128.6056,39.2457,
老凤祥,2025Q4单季,黄金珠宝,48.2192,14.502,3.1743,82.4875,18.2753,,Wind 万得（单季直接取数，未经换算）,8.7267,5.6742,2.6139,1.0263,35.9653,-0.5111,-41.9321,207.2641,131.8591,25.0958,
老凤祥,2026Q1单季,黄金珠宝,137.4222,-21.5686,5.4705,-10.7647,12.7456,,Wind 万得（单季直接取数，未经换算）,5.0226,1.7792,0.7537,0.5068,-23.4919,-2.3533,35.623,244.918,137.2927,33.9364,
老凤祥,2026Q2单季,黄金珠宝,62.4454,-60.5638,1.6876,-72.2081,10.8731,,Wind 万得（单季直接取数，未经换算）,4.0218,3.6715,1.5353,0.1973,21.4116,-0.2402,-33.5168,214.8314,132.4074,28.0136,
潮宏基,2021Q3单季,黄金珠宝,11.5324,27.1847,0.8314,23.5093,33.3597,,Wind 万得（单季直接取数，未经换算）,7.44,3.1486,17.7663,0.6889,0.754,-0.1068,0.1453,55.3393,35.4404,35.262,
潮宏基,2021Q4单季,黄金珠宝,11.8715,32.1573,0.6558,11.2507,31.0679,,Wind 万得（单季直接取数，未经换算）,5.4406,3.9041,18.7267,1.0165,-0.2023,-1.9962,-0.74,56.3346,35.2099,36.8326,
潮宏基,2022Q1单季,黄金珠宝,12.5342,11.8816,0.9534,-9.4148,31.266,,Wind 万得（单季直接取数，未经换算）,7.8195,3.1495,16.0717,0.7118,2.1476,-1.06,0.9235,57.5942,36.1608,36.514,
潮宏基,2022Q2单季,黄金珠宝,9.207,-21.6952,0.5486,-43.2706,32.8985,,Wind 万得（单季直接取数，未经换算）,6.1219,3.967,20.0235,0.7677,1.8858,-0.0646,-2.1301,55.1342,34.9815,35.8257,
潮宏基,2022Q3单季,黄金珠宝,12.0675,4.6403,0.846,1.7485,28.6195,,Wind 万得（单季直接取数，未经换算）,7.1478,3.0081,15.6305,0.4798,0.2507,-0.2708,-0.8127,55.8786,35.8622,35.0748,
潮宏基,2022Q4单季,黄金珠宝,10.3653,-12.687,-0.3567,-154.3838,28.2611,,Wind 万得（单季直接取数，未经换算）,-3.4309,3.7313,19.2556,0.7629,-0.1454,0.6091,-0.514,55.5309,35.4246,35.324,
潮宏基,2023Q1单季,黄金珠宝,15.2402,21.5881,1.2405,30.1141,28.0338,,Wind 万得（单季直接取数，未经换算）,8.3363,2.2995,13.6215,0.5533,1.212,-0.1356,0.0948,57.6746,36.707,35.1917,
潮宏基,2023Q2单季,黄金珠宝,14.8199,60.9631,0.8449,54.022,25.7293,,Wind 万得（单季直接取数，未经换算）,5.6981,2.974,14.5839,0.5629,2.4872,-0.6741,-2.2636,55.9139,35.8823,34.6618,
潮宏基,2023Q3单季,黄金珠宝,14.9303,23.7232,1.0439,23.4016,26.4512,,Wind 万得（单季直接取数，未经换算）,6.9881,3.4667,12.5494,0.555,1.1586,-0.4028,-0.8984,57.3391,36.9473,34.4112,
潮宏基,2023Q4单季,黄金珠宝,14.0081,35.1441,0.2041,157.2334,23.8952,,Wind 万得（单季直接取数，未经换算）,1.0138,4.1188,15.4769,0.4539,1.2946,-0.9732,-0.6246,57.3749,36.318,33.4636,
潮宏基,2024Q1单季,黄金珠宝,17.9642,17.8738,1.3083,5.4698,24.9225,,Wind 万得（单季直接取数，未经换算）,7.346,2.6786,11.3857,0.5092,1.2428,-1.3172,-0.011,61.3321,37.6568,35.5486,
潮宏基,2024Q2单季,黄金珠宝,16.3501,10.3251,0.9865,16.7557,23.3011,,Wind 万得（单季直接取数，未经换算）,6.0479,2.857,11.3341,0.5143,2.1451,0.3335,-3.8265,58.2528,36.481,34.5494,
潮宏基,2024Q3单季,黄金珠宝,14.2788,-4.3638,0.8643,-17.21,24.2005,,Wind 万得（单季直接取数，未经换算）,5.9591,3.2219,12.2469,0.4363,1.061,0.0768,-0.7061,59.7662,37.3647,34.7466,
潮宏基,2024Q4单季,黄金珠宝,16.5857,18.4003,-1.2226,-698.932,21.9453,,Wind 万得（单季直接取数，未经换算）,-8.8488,3.7432,11.879,0.4996,-0.0944,0.6404,-1.7464,57.4473,35.2994,36.1169,
潮宏基,2025Q1单季,黄金珠宝,22.5207,25.3645,1.889,44.3807,22.9317,,Wind 万得（单季直接取数，未经换算）,8.4329,2.3264,8.7647,0.3907,-2.8277,1.0823,1.8918,66.0951,37.2092,41.565,
潮宏基,2025Q2单季,黄金珠宝,18.4969,13.1302,1.4234,44.2868,24.876,,Wind 万得（单季直接取数，未经换算）,7.7124,3.0274,9.8835,0.4247,6.8772,-2.5751,-3.499,59.4077,36.4281,36.2994,
潮宏基,2025Q3单季,黄金珠宝,21.3496,49.5192,-0.1428,-116.5218,21.9274,,Wind 万得（单季直接取数，未经换算）,-0.764,2.8662,8.2271,0.3713,1.9701,0.1531,-0.7878,63.3874,35.426,41.9051,
潮宏基,2025Q4单季,黄金珠宝,30.8114,85.7712,1.8005,247.2675,19.8338,,Wind 万得（单季直接取数，未经换算）,5.0397,3.2207,7.6756,0.2863,-6.7338,1.9626,4.2785,75.6141,37.6385,49.4983,
潮宏基,2026Q1单季,黄金珠宝,24.9828,10.9329,2.6356,39.5245,26.9171,,Wind 万得（单季直接取数，未经换算）,10.5936,1.6307,9.0949,0.4751,3.5874,-2.8589,0.7694,73.9899,40.2295,44.8723,
潮宏基,2026Q2单季,黄金珠宝,18.7606,1.4255,1.5849,11.3473,28.0184,,Wind 万得（单季直接取数，未经换算）,8.4539,3.4191,10.3873,0.4911,9.5074,0.0254,-7.136,62.5053,38.8057,37.6864,
周大生,2021Q3单季,黄金珠宝,36.8428,119.9013,3.9581,3.6837,21.0439,,Wind 万得（单季直接取数，未经换算）,10.7161,5.6649,0.6281,-0.1175,-8.2795,4.6987,-0.5626,73.7756,59.0125,19.8564,
周大生,2021Q4单季,黄金珠宝,26.8195,54.5512,2.1886,-27.292,22.2464,,Wind 万得（单季直接取数，未经换算）,8.1116,7.1944,1.1391,-0.1227,10.6602,-0.5624,-3.6581,70.1611,57.8715,17.3726,
周大生,2022Q1单季,黄金珠宝,27.5443,138.1474,2.8986,23.2615,20.169,,Wind 万得（单季直接取数，未经换算）,10.4883,5.7092,0.7994,-0.1091,6.6423,-1.7113,-0.8177,72.372,60.0407,16.9129,
周大生,2022Q2单季,黄金珠宝,23.4355,43.5681,2.9526,-21.2185,24.4933,,Wind 万得（单季直接取数，未经换算）,12.5691,6.8968,0.8441,-0.2559,0.7089,1.7258,-5.5939,69.6212,57.6639,17.0539,
周大生,2022Q3单季,黄金珠宝,38.3853,4.1867,3.4545,-12.724,17.9077,,Wind 万得（单季直接取数，未经换算）,8.9788,4.96,0.5854,-0.0462,-5.2406,1.4024,-0.1515,75.4351,60.9942,19.0424,
周大生,2022Q4单季,黄金珠宝,21.8157,-18.6574,1.6003,-26.8793,22.616,,Wind 万得（单季直接取数，未经换算）,7.2912,10.9644,1.3158,-0.1092,8.0665,-0.4045,-0.1666,76.0725,60.4224,20.4852,
周大生,2023Q1单季,黄金珠宝,41.2191,49.6464,3.654,26.0612,17.9148,,Wind 万得（单季直接取数，未经换算）,8.8442,4.5106,0.542,0.0137,6.911,-5.4597,3.7975,84.617,64.0764,24.2062,
周大生,2023Q2单季,黄金珠宝,39.5197,68.6313,3.7446,26.8234,19.0363,,Wind 万得（单季直接取数，未经换算）,9.4543,5.365,0.5789,-0.0351,0.251,0.5083,-6.7628,80.6304,61.3079,23.9026,
周大生,2023Q3单季,黄金珠宝,44.2012,15.1513,3.5533,2.8594,17.7789,,Wind 万得（单季直接取数，未经换算）,8.0197,4.981,0.5621,-0.0081,-8.2486,3.4014,-3.5187,80.5846,61.6045,23.5017,
周大生,2023Q4单季,黄金珠宝,37.9607,74.0068,2.2087,38.014,17.8899,,Wind 万得（单季直接取数，未经换算）,5.7982,8.5906,0.9523,0.1308,2.4727,-0.7485,-2.2702,80.1244,63.813,20.3155,
周大生,2024Q1单季,黄金珠宝,50.7036,23.0101,3.4126,-6.6062,15.5713,,Wind 万得（单季直接取数，未经换算）,6.7171,4.9334,0.4766,0.2172,4.017,-0.8049,5.685,91.0931,67.2254,26.1719,
周大生,2024Q2单季,黄金珠宝,31.265,-20.8875,2.602,-30.5137,22.934,,Wind 万得（单季直接取数，未经换算）,8.3124,8.9227,0.8974,0.2177,8.9191,-0.2211,-2.1518,90.8129,62.7715,30.8519,
周大生,2024Q3单季,黄金珠宝,26.1179,-40.9113,2.5335,-28.6984,27.4772,,Wind 万得（单季直接取数，未经换算）,9.6676,11.2886,0.9405,0.2806,0.2139,-0.5416,-9.4765,82.6529,62.0484,24.9104,
周大生,2024Q4单季,黄金珠宝,30.8265,-18.7936,1.553,-29.6876,21.5759,,Wind 万得（单季直接取数，未经换算）,4.8298,11.1234,1.1215,-0.1161,5.409,-0.4851,-7.5132,78.3573,63.5598,18.947,
周大生,2025Q1单季,黄金珠宝,26.7304,-47.2811,2.5212,-26.1207,26.2128,,Wind 万得（单季直接取数，未经换算）,9.4113,9.456,1.0264,0.0518,3.7412,-0.4072,0.758,83.1078,66.081,20.553,
周大生,2025Q2单季,黄金珠宝,19.2367,-38.472,3.4169,31.3226,36.0692,,Wind 万得（单季直接取数，未经换算）,17.7329,12.6629,1.1912,0.0595,0.2911,-0.1957,-6.462,78.539,62.4423,20.5716,
周大生,2025Q3单季,黄金珠宝,21.7529,-16.7126,2.8773,13.5666,28.4646,,Wind 万得（单季直接取数，未经换算）,13.2076,11.1335,1.4216,0.1734,1.7722,-0.8908,0.7485,81.9164,62.6059,23.6519,
周大生,2025Q4单季,黄金珠宝,20.4307,-33.7237,2.2168,42.7483,36.7152,,Wind 万得（单季直接取数，未经换算）,10.8689,16.4799,1.8963,0.3417,-1.1644,-0.3412,-0.4768,83.1152,64.823,22.081,
周大生,2026Q1单季,黄金珠宝,19.5396,-26.9011,2.9341,16.3787,39.4289,,Wind 万得（单季直接取数，未经换算）,15.0152,12.1131,1.5409,0.4526,-1.7653,-0.316,1.1998,85.1907,67.7501,20.5436,
周大生,2026Q2单季,黄金珠宝,16.8686,-12.3102,1.5648,-54.2055,34.0739,,Wind 万得（单季直接取数，未经换算）,9.3315,14.6233,1.9781,0.2373,3.8019,-0.1765,-1.2738,84.1551,62.2161,26.1308,
豫园股份,2021Q3单季,黄金珠宝,95.0635,6.7735,3.9118,-24.4458,18.1867,,Wind 万得（单季直接取数，未经换算）,4.4727,6.7673,8.6089,3.5405,-44.2671,-1.2508,7.3018,1233.913,333.0794,67.5196,
豫园股份,2021Q4单季,黄金珠宝,188.3246,14.4045,20.602,2.0823,32.1056,,Wind 万得（单季直接取数，未经换算）,11.0051,4.7417,5.8118,1.7968,-13.3676,-1.5745,1.6003,1314.7558,342.6419,68.2399,
豫园股份,2022Q1单季,黄金珠宝,122.3823,12.0029,3.3397,-42.176,18.3913,,Wind 万得（单季直接取数，未经换算）,3.2999,6.0984,6.3315,3.8101,-16.9162,-4.6262,26.9882,1352.9108,344.5904,68.9416,
豫园股份,2022Q2单季,黄金珠宝,97.7101,-18.3248,4.2033,-50.3954,16.5252,,Wind 万得（单季直接取数，未经换算）,3.5956,6.1087,7.0871,4.6348,0.3239,-1.5838,9.2313,1353.9634,335.0983,69.7675,
豫园股份,2022Q3单季,黄金珠宝,114.1947,19.3528,1.4894,-45.3468,16.9192,,Wind 万得（单季直接取数，未经换算）,1.1957,6.3404,7.2766,3.4249,2.4821,23.0645,-64.8279,1336.317,340.957,68.4159,
豫园股份,2022Q4单季,黄金珠宝,166.8926,-14.4849,29.2265,41.1136,18.9294,,Wind 万得（单季直接取数，未经换算）,18.2465,4.5995,8.8524,1.4135,13.2151,34.1025,-66.6178,1283.7342,356.7483,69.145,
豫园股份,2023Q1单季,黄金珠宝,152.4415,22.6138,3.3586,3.6072,14.0295,,Wind 万得（单季直接取数，未经换算）,2.0372,5.3059,4.7575,2.0495,36.5451,1.2104,-9.2445,1306.5462,360.1276,69.4342,
豫园股份,2023Q2单季,黄金珠宝,122.001,20.9263,18.8232,427.8353,12.7239,,Wind 万得（单季直接取数，未经换算）,15.0598,5.5527,6.3737,4.1466,6.3381,31.1223,-45.9082,1293.6183,363.3188,69.0954,
豫园股份,2023Q3单季,黄金珠宝,121.0333,3.466,0.168,-83.2491,13.6797,,Wind 万得（单季直接取数，未经换算）,-0.3055,6.6669,6.0218,2.8296,11.4909,-2.1616,-24.7529,1302.1149,363.541,69.3245,
豫园股份,2023Q4单季,黄金珠宝,185.9934,16.3879,-2.1091,-107.2754,15.3749,,Wind 万得（单季直接取数，未经换算）,-1.5732,4.1983,5.662,1.9067,-6.9016,-3.6075,-11.3321,1240.4475,363.2697,68.0277,
豫园股份,2024Q1单季,黄金珠宝,172.2111,12.5558,1.8023,-43.479,13.7366,,Wind 万得（单季直接取数，未经换算）,0.8491,4.6458,4.6738,3.3092,5.957,-2.9089,7.7049,1256.5278,364.7917,68.314,
豫园股份,2024Q2单季,黄金珠宝,103.5081,-14.7674,9.615,-49.3759,12.5739,,Wind 万得（单季直接取数，未经换算）,8.4143,5.3401,5.6871,5.2105,7.3627,0.0756,-12.9575,1243.2129,367.118,67.8688,
豫园股份,2024Q3单季,黄金珠宝,85.289,-29.5326,0.1766,5.121,12.2844,,Wind 万得（单季直接取数，未经换算）,-0.5882,6.7362,7.1435,2.167,12.1269,8.9248,-20.4453,1258.7054,364.3555,68.539,
豫园股份,2024Q4单季,黄金珠宝,108.2365,-41.8063,-10.3414,-390.3261,15.3824,,Wind 万得（单季直接取数，未经换算）,-12.8989,7.7623,7.3296,5.8445,17.085,-2.2103,-12.5233,1206.915,355.4508,67.8187,
豫园股份,2025Q1单季,黄金珠宝,87.8216,-49.0035,0.5183,-71.244,16.1004,,Wind 万得（单季直接取数，未经换算）,-0.0108,7.2991,6.9989,5.0441,3.1778,0.6608,-7.8956,1189.4008,354.8187,68.0714,
豫园股份,2025Q2单季,黄金珠宝,103.3031,-0.198,0.1099,-98.8574,14.2272,,Wind 万得（单季直接取数，未经换算）,-0.9085,5.7708,5.0926,3.6821,19.5951,-1.5685,-10.7485,1193.1543,350.8459,68.1842,
豫园股份,2025Q3单季,黄金珠宝,92.8736,8.8928,-5.5057,-3217.6407,9.0326,,Wind 万得（单季直接取数，未经换算）,-6.9223,6.1643,4.7955,2.8037,-11.7485,6.733,2.1309,1198.1688,344.7776,68.908,
豫园股份,2025Q4单季,黄金珠宝,79.7346,-26.333,-44.0891,-326.3371,14.1597,,Wind 万得（单季直接取数，未经换算）,-58.8548,9.2868,8.3779,7.2937,13.4808,1.0402,-9.5464,1148.9232,300.1129,71.2283,
豫园股份,2026Q1单季,黄金珠宝,96.486,9.866,1.5697,202.8669,17.98,,Wind 万得（单季直接取数，未经换算）,1.9616,6.0824,5.1447,4.4137,-4.8555,2.2188,-13.3762,1123.7715,299.7318,70.5877,
豫园股份,2026Q2单季,黄金珠宝,73.6829,-28.6731,0.0457,-58.3985,24.5416,,Wind 万得（单季直接取数，未经换算）,-0.0134,7.9924,5.746,5.647,12.4266,1.2911,-12.0861,1086.2217,298.8584,69.7068,
安克创新,2021Q3单季,跨境电商与出海,30.5461,22.6322,2.3725,-7.4019,43.0705,,Wind 万得（单季直接取数，未经换算）,7.9604,26.8119,8.265,0.2734,-0.5675,-2.9045,1.427,86.3955,57.1601,32.9526,
安克创新,2021Q4单季,跨境电商与出海,41.4901,24.4439,3.3618,4.0309,18.4648,,Wind 万得（单季直接取数，未经换算）,8.4841,4.1865,9.2787,0.4793,6.2204,3.0661,-2.3461,84.7423,60.4942,27.5202,
安克创新,2022Q1单季,跨境电商与出海,28.6471,18.041,1.9883,-2.7428,38.1602,,Wind 万得（单季直接取数，未经换算）,7.0537,20.4654,10.5894,0.1699,-1.9323,-3.8066,1.4022,84.0754,62.4927,24.5277,
安克创新,2022Q2单季,跨境电商与出海,30.2267,2.6824,3.7692,84.8966,40.5193,,Wind 万得（单季直接取数，未经换算）,12.5213,20.4529,11.5836,0.4056,2.7995,-3.6552,-0.7773,89.9256,62.9664,28.8908,
安克创新,2022Q3单季,跨境电商与出海,36.4915,19.4636,2.5443,7.2391,38.0772,,Wind 万得（单季直接取数，未经换算）,7.4131,20.4837,10.0814,-0.1751,2.9263,1.1031,-3.265,93.5632,64.8166,29.8636,
安克创新,2022Q4单季,跨境电商与出海,47.1399,13.6173,3.1282,-6.948,38.4406,,Wind 万得（单季直接取数，未经换算）,7.0811,20.9127,11.1234,1.1959,10.4458,-12.558,4.6113,101.3199,68.4276,31.4637,
安克创新,2023Q1单季,跨境电商与出海,33.651,17.4677,3.0581,53.7971,41.536,,Wind 万得（单季直接取数，未经换算）,9.1889,21.0637,11.6451,1.7007,4.7274,-0.4937,-0.2112,106.7745,71.3876,32.1583,
安克创新,2023Q2单季,跨境电商与出海,37.0059,22.428,5.142,36.2854,44.6731,,Wind 万得（单季直接取数，未经换算）,14.231,21.5012,11.4986,0.273,1.373,2.2119,-4.9476,114.8738,71.601,36.6362,
安克创新,2023Q3单季,跨境电商与出海,47.2077,29.3663,3.9323,54.6063,43.4631,,Wind 万得（单季直接取数，未经换算）,8.8016,22.8112,10.143,0.5344,3.1728,-1.9783,0.8876,130.6497,75.7167,41.1552,
安克创新,2023Q4单季,跨境电商与出海,57.2074,21.3565,4.0163,28.314,44.0372,,Wind 万得（单季直接取数，未经换算）,7.7366,22.8164,12.2507,-0.1066,5.0259,0.2156,-1.8606,127.767,79.9992,36.1236,
安克创新,2024Q1单季,跨境电商与出海,43.7773,30.0919,3.1069,1.5981,45.1211,,Wind 万得（单季直接取数，未经换算）,7.4458,22.3472,12.7964,0.0258,1.8091,-3.4396,1.8526,133.3388,83.6122,35.9476,
安克创新,2024Q2单季,跨境电商与出海,52.706,42.426,5.6143,9.186,45.2273,,Wind 万得（单季直接取数，未经换算）,10.9842,21.5605,12.1239,-0.2467,6.604,-0.0939,-7.8243,143.3693,81.7278,41.604,
安克创新,2024Q3单季,跨境电商与出海,68.0033,44.0511,5.9944,52.4374,42.9936,,Wind 万得（单季直接取数，未经换算）,9.1815,22.0033,12.1455,-0.1399,8.099,-4.4209,-2.3553,161.2008,82.7709,47.7672,
安克创新,2024Q4单季,跨境电商与出海,82.6143,44.4119,6.4287,60.0634,42.4738,,Wind 万得（单季直接取数，未经换算）,8.2536,23.7106,11.5241,0.561,10.9426,-7.0804,0.2287,166.0371,89.5804,44.9248,
安克创新,2025Q1单季,跨境电商与出海,59.9338,36.9062,4.9576,59.5656,43.2786,,Wind 万得（单季直接取数，未经换算）,8.7483,21.3549,12.9966,-0.3807,-2.8766,0.8016,-0.6367,173.0574,93.6015,44.6577,
安克创新,2025Q2单季,跨境电商与出海,68.7338,30.4099,6.7116,19.5436,45.9959,,Wind 万得（单季直接取数，未经换算）,9.34,22.5094,12.8294,-0.1966,-8.4456,10.2608,4.9972,186.7221,91.3701,50.0436,
安克创新,2025Q3单季,跨境电商与出海,81.5247,19.8835,7.6586,27.7631,44.6032,,Wind 万得（单季直接取数，未经换算）,9.847,22.9654,12.4892,0.6596,2.6735,-4.625,-1.9298,200.2025,98.9356,49.5173,
安克创新,2025Q4单季,跨境电商与出海,94.9517,14.9338,6.1236,-4.746,45.9164,,Wind 万得（单季直接取数，未经换算）,6.8259,22.4063,13.764,0.3704,13.4567,-3.3774,-3.7255,200.6689,105.276,46.6202,
安克创新,2026Q1单季,跨境电商与出海,76.0765,26.9341,4.7159,-4.8747,43.6401,,Wind 万得（单季直接取数，未经换算）,6.1901,19.1496,13.9137,1.0236,-4.5063,2.8088,-1.7457,202.2836,111.7091,43.9193,
安克创新,2026Q2单季,跨境电商与出海,89.9736,30.9016,12.3044,83.332,55.0504,,Wind 万得（单季直接取数，未经换算）,14.1586,21.8649,15.1485,0.7423,11.7316,0.8156,-8.7893,224.2016,115.9172,47.5785,
小商品城,2021Q3单季,跨境电商与出海,20.5322,98.6267,3.5873,-8.0275,21.2672,,Wind 万得（单季直接取数，未经换算）,17.4268,2.0152,4.7558,2.6457,10.5327,-3.0107,-3.1145,307.315,145.1477,52.7089,
小商品城,2021Q4单季,跨境电商与出海,19.08,234.4255,1.2485,168.22,22.1395,,Wind 万得（单季直接取数，未经换算）,6.505,4.6817,10.2168,4.1006,8.1307,19.88,-11.8614,310.1464,146.1085,52.826,
小商品城,2022Q1单季,跨境电商与出海,15.9797,106.6834,6.7225,78.1274,34.5846,,Wind 万得（单季直接取数，未经换算）,41.9456,1.8911,5.4543,2.2101,-6.5835,-4.7603,11.2071,313.9097,152.1527,51.4726,
小商品城,2022Q2单季,跨境电商与出海,26.0906,100.7772,5.4996,16.2416,18.9754,,Wind 万得（单季直接取数，未经换算）,21.1666,2.4171,5.5622,1.0569,-0.0824,0.0377,-5.1694,302.0656,153.8108,49.0133,
小商品城,2022Q3单季,跨境电商与出海,21.1343,2.9325,3.9767,10.8548,24.8397,,Wind 万得（单季直接取数，未经换算）,18.7662,2.5773,7.2891,1.6532,3.293,-8.0159,-5.6328,313.686,157.6337,49.6868,
小商品城,2022Q4单季,跨境电商与出海,12.9924,-31.9057,-5.1516,-512.6212,-31.2426,,Wind 万得（单季直接取数，未经换算）,-39.6798,3.8429,12.3545,3.9499,17.3737,-10.8885,-10.9771,321.11,152.6229,52.4117,
小商品城,2023Q1单季,跨境电商与出海,21.2033,32.6896,12.2216,81.8021,31.0315,,Wind 万得（单季直接取数，未经换算）,57.5764,1.1206,5.4187,1.9751,-3.1053,-4.6322,2.9131,321.1502,165.3848,48.4746,
小商品城,2023Q2单季,跨境电商与出海,30.4066,16.5421,7.7618,41.1332,30.2734,,Wind 万得（单季直接取数，未经换算）,25.6472,1.776,5.3781,0.3856,4.5378,-0.4232,2.5237,334.1946,170.1961,49.0351,
小商品城,2023Q3单季,跨境电商与出海,27.4462,29.8658,3.1833,-19.9524,20.5529,,Wind 万得（单季直接取数，未经换算）,11.6272,1.0352,4.4102,1.3518,2.2922,-7.6488,0.4102,339.7651,173.1673,48.9935,
小商品城,2023Q4单季,跨境电商与出海,33.9407,161.236,3.5952,169.7888,25.0839,,Wind 万得（单季直接取数，未经换算）,10.6546,3.9518,5.3568,1.0108,14.726,-1.0457,-1.2421,362.1895,176.8839,51.1197,
小商品城,2024Q1单季,跨境电商与出海,26.806,26.4235,7.1302,-41.6588,39.0535,,Wind 万得（单季直接取数，未经换算）,26.5198,1.3294,4.0066,0.9269,1.801,-11.7005,-6.7113,361.2686,184.3839,48.9252,
小商品城,2024Q2单季,跨境电商与出海,40.8533,34.3569,7.3496,-5.3099,29.1572,,Wind 万得（单季直接取数，未经换算）,18.102,1.3847,2.9985,0.7031,-0.6574,-1.538,-0.6777,360.2169,180.7886,49.7612,
小商品城,2024Q3单季,跨境电商与出海,38.4712,40.1692,8.8089,176.7252,30.0958,,Wind 万得（单季直接取数，未经换算）,22.9152,0.9765,3.2846,0.6837,3.3829,21.5169,-16.8877,358.9817,197.5697,44.7766,
小商品城,2024Q4单季,跨境电商与出海,51.2433,50.9789,7.4481,107.1654,30.1236,,Wind 万得（单季直接取数，未经换算）,14.563,3.7402,4.8313,0.4366,40.3869,3.9496,-6.6736,391.6846,205.0376,47.477,
小商品城,2025Q1单季,跨境电商与出海,31.6117,17.9276,8.0332,12.6649,36.1796,,Wind 万得（单季直接取数，未经换算）,25.4244,1.5501,2.6588,0.153,-2.7814,-8.5104,-1.114,377.6305,213.1431,43.3751,
小商品城,2025Q2单季,跨境电商与出海,45.5163,11.4139,8.8761,20.7698,28.3352,,Wind 万得（单季直接取数，未经换算）,19.6272,1.229,2.6814,0.2706,16.61,-0.4081,-12.3041,383.8411,203.928,46.6769,
小商品城,2025Q3单季,跨境电商与出海,53.4833,39.0218,17.6638,100.5221,45.4092,,Wind 万得（单季直接取数，未经换算）,33.0492,1.0621,3.9626,-0.0845,82.2234,-6.439,-43.4623,452.985,221.8471,50.8577,
小商品城,2025Q4单季,跨境电商与出海,68.6612,33.9906,7.4623,0.1917,20.4477,,Wind 万得（单季直接取数，未经换算）,10.9388,4.5007,3.4175,-0.3437,9.2401,-41.1369,-4.1759,444.0544,229.4791,48.1399,
小商品城,2026Q1单季,跨境电商与出海,45.9291,45.2914,9.9044,23.293,33.7785,,Wind 万得（单季直接取数，未经换算）,21.6261,1.7976,3.037,-0.1437,0.6203,-11.5575,-2.0728,441.3583,238.6856,45.7309,
小商品城,2026Q2单季,跨境电商与出海,56.8864,24.9802,9.8876,11.3953,25.2221,,Wind 万得（单季直接取数，未经换算）,17.4492,0.8156,1.7867,0.1138,-1.9083,8.5747,-12.5466,431.7932,221.0201,48.611,
永辉超市,2021Q3单季,商超与线下零售,230.0816,3.8565,-10.9516,-726.5585,18.5987,,Wind 万得（单季直接取数，未经换算）,-5.0964,18.5354,2.8386,1.6968,37.2148,-6.001,-31.9672,729.8971,124.0878,82.1837,
永辉超市,2021Q4单季,商超与线下零售,212.2664,3.396,-17.6601,-655.0107,18.5757,,Wind 万得（单季直接取数，未经换算）,-9.3228,20.3592,3.7852,1.8402,-16.9896,-0.1432,-16.8264,713.1164,106.588,84.4662,
永辉超市,2022Q1单季,商超与线下零售,272.4328,3.451,5.0217,2053.5443,21.2803,,Wind 万得（单季直接取数，未经换算）,1.7897,14.7198,2.1308,1.469,25.8881,-5.4923,-20.4024,671.5209,111.6197,82.7764,
永辉超市,2022Q2单季,商超与线下零售,214.8835,4.859,-6.1395,44.4903,19.1688,,Wind 万得（单季直接取数，未经换算）,-3.1526,17.7474,2.5967,1.6949,17.2226,-0.5366,-27.2815,642.1808,103.657,83.3283,
永辉超市,2022Q3单季,商超与线下零售,221.753,-3.6198,-7.7479,29.2536,19.0306,,Wind 万得（单季直接取数，未经换算）,-3.7668,18.4308,2.9514,1.7843,10.7189,1.8293,-8.9419,622.1808,95.3691,84.2218,
永辉超市,2022Q4单季,商超与线下零售,191.8388,-9.6236,-18.766,-6.2623,18.7325,,Wind 万得（单季直接取数，未经换算）,-10.2926,20.5323,3.8331,1.9709,4.8113,3.3254,-13.1944,621.4322,74.6557,87.6786,
永辉超市,2023Q1单季,商超与线下零售,238.0204,-12.6315,7.0423,40.2356,22.877,,Wind 万得（单季直接取数，未经换算）,2.8521,15.3013,2.8379,1.4738,10.9607,1.2482,-24.0195,562.5136,79.4572,85.5796,
永辉超市,2023Q2单季,商超与线下零售,182.2536,-15.1849,-3.3045,46.1757,20.8284,,Wind 万得（单季直接取数，未经换算）,-1.9561,19.8759,2.6189,1.7357,14.9111,2.1486,-31.3707,534.7248,76.201,85.4879,
永辉超市,2023Q3单季,商超与线下零售,200.6064,-9.5361,-3.2148,58.5071,20.8796,,Wind 万得（单季直接取数，未经换算）,-1.705,19.1344,2.7459,1.6999,27.8337,-6.2967,-3.2488,545.8924,72.9722,86.5377,
永辉超市,2023Q4单季,商超与线下零售,165.5414,-13.7081,-13.8134,26.3914,19.7687,,Wind 万得（单季直接取数，未经换算）,-8.7291,21.6089,3.0311,1.9022,-8.0167,5.4648,-7.0805,520.5204,59.3907,88.5985,
永辉超市,2024Q1单季,商超与线下零售,216.6484,-8.9791,7.364,4.5694,22.8527,,Wind 万得（单季直接取数，未经换算）,3.3456,15.5902,2.3585,1.4481,19.8447,0.724,-10.0267,498.8307,66.7633,86.648,
永辉超市,2024Q2单季,商超与线下零售,161.1435,-11.5828,-4.6109,-39.5329,19.8577,,Wind 万得（单季直接取数，未经换算）,-3.1896,19.4605,3.1711,1.9619,9.5533,-16.7521,-11.4502,475.2536,61.5339,87.0551,
永辉超市,2024Q3单季,商超与线下零售,167.6973,-16.4048,-3.5318,-9.86,19.1927,,Wind 万得（单季直接取数，未经换算）,-2.2275,19.0966,3.1783,1.6422,8.3575,-18.979,-1.3785,448.7541,57.9487,87.135,
永辉超市,2024Q4单季,商超与线下零售,130.249,-21.3193,-13.8759,-0.4522,18.8387,,Wind 万得（单季直接取数，未经换算）,-11.3317,25.6658,3.2232,1.7831,-15.8413,23.7759,-6.4678,427.4916,44.3952,89.8723,
永辉超市,2025Q1单季,商超与线下零售,174.7905,-19.3206,1.4756,-79.9617,21.4997,,Wind 万得（单季直接取数，未经换算）,0.7589,16.6313,2.6851,1.4605,5.7244,8.407,-4.408,393.351,45.5992,88.7251,
永辉超市,2025Q2单季,商超与线下零售,124.6941,-22.6192,-3.8813,15.8223,19.8242,,Wind 万得（单季直接取数，未经换算）,-3.4515,22.8776,3.6161,1.0202,6.3537,7.1439,-15.6633,339.633,41.6999,88.2096,
永辉超市,2025Q3单季,商超与线下零售,124.8575,-25.5459,-4.6925,-32.8647,19.8411,,Wind 万得（单季直接取数，未经换算）,-3.9946,21.8251,3.1526,1.4285,-0.6826,-9.176,-4.9169,316.1978,36.9075,88.9604,
永辉超市,2025Q4单季,商超与线下零售,110.7336,-14.9831,-18.4252,-32.7855,17.1668,,Wind 万得（单季直接取数，未经换算）,-16.8348,23.4772,5.3825,2.2878,-4.9387,-1.4897,2.1998,304.6199,18.5922,94.6136,
永辉超市,2026Q1单季,商超与线下零售,133.6676,-23.527,2.8687,94.4016,22.7721,,Wind 万得（单季直接取数，未经换算）,2.1316,16.728,2.5604,1.2573,4.7839,-5.0845,-6.3208,290.4576,21.4017,93.3904,
永辉超市,2026Q2单季,商超与线下零售,104.2436,-16.4005,-0.3371,91.3161,22.1996,,Wind 万得（单季直接取数，未经换算）,-0.5573,19.5552,2.4155,1.4968,-2.7905,5.0754,-2.6661,276.3174,21.6815,93.0392,
重百集团,2021Q3单季,商超与线下零售,45.7307,-6.9192,2.1939,6.4938,27.0648,,Wind 万得（单季直接取数，未经换算）,4.922,5.4144,18.2978,0.7797,1.8515,-1.7816,-2.0721,171.1157,54.1765,67.7198,
重百集团,2021Q4单季,商超与线下零售,47.6764,-15.2214,1.379,52.2805,27.5219,,Wind 万得（单季直接取数，未经换算）,3.1563,8.2271,13.0391,0.8043,-2.5508,-2.306,0.045,176.9772,57.9655,66.5724,
重百集团,2022Q1单季,商超与线下零售,52.7138,-19.0371,4.1363,-5.03,27.4223,,Wind 万得（单季直接取数，未经换算）,8.0724,4.7299,13.6346,0.4853,10.2587,-1.2862,2.1392,184.5123,62.1018,65.6753,
重百集团,2022Q2单季,商超与线下零售,46.241,-12.2952,1.7409,-12.8887,24.4382,,Wind 万得（单季直接取数，未经换算）,3.9498,5.3236,15.2006,0.7654,-3.9418,4.3614,-15.4232,166.4529,48.8279,70.0524,
重百集团,2022Q3单季,商超与线下零售,46.0237,0.6407,2.5225,7.8687,22.7293,,Wind 万得（单季直接取数，未经换算）,5.5778,3.7782,15.5869,0.7475,5.3305,0.9236,1.6244,172.9786,51.3504,69.7173,
重百集团,2022Q4单季,商超与线下零售,38.0583,-20.3714,0.4342,-47.2485,30.4045,,Wind 万得（单季直接取数，未经换算）,1.0441,8.9119,17.9461,1.0399,-5.4537,-7.2254,-0.1307,172.0411,51.5661,69.5168,
重百集团,2023Q1单季,商超与线下零售,51.0726,-3.184,4.7377,15.9416,27.1317,,Wind 万得（单季直接取数，未经换算）,9.4398,4.9271,13.1154,0.6759,6.159,-4.318,2.8711,183.0379,56.3038,68.751,
重百集团,2023Q2单季,商超与线下零售,50.4779,9.0848,4.3195,156.0776,24.6869,,Wind 万得（单季直接取数，未经换算）,8.6263,4.865,13.2975,0.8241,5.6899,-4.9735,0.3527,191.4226,57.951,69.2437,
重百集团,2023Q3单季,商超与线下零售,46.2286,0.3648,2.2234,-9.7765,25.211,,Wind 万得（单季直接取数，未经换算）,4.8814,4.571,14.2563,0.553,4.0139,-3.3048,-3.5296,190.0915,60.2095,67.8865,
重百集团,2023Q4单季,商超与线下零售,42.0723,10.8624,1.8677,213.1664,25.5611,,Wind 万得（单季直接取数，未经换算）,4.6255,6.5764,14.5155,0.5002,-1.5334,-0.8869,1.1439,186.3169,62.3697,65.9298,
重百集团,2024Q1单季,商超与线下零售,48.5012,-4.6331,4.3483,-15.0741,28.1994,,Wind 万得（单季直接取数，未经换算）,9.0199,4.3302,13.2109,0.3251,6.7912,-6.1253,-1.7711,194.5724,71.8646,62.4819,
重百集团,2024Q2单季,商超与线下零售,41.2974,-18.5168,2.7679,-28.9302,24.8372,,Wind 万得（单季直接取数，未经换算）,6.726,5.3214,14.8202,0.3061,3.8288,1.8925,-3.2788,194.9703,68.7382,64.157,
重百集团,2024Q3单季,商超与线下零售,40.2398,-12.9634,2.1143,-12.4276,24.3613,,Wind 万得（单季直接取数，未经换算）,5.1612,5.0987,15.2406,0.3417,4.6141,-0.6711,-3.7514,193.4499,71.0225,62.7323,
重百集团,2024Q4单季,商超与线下零售,41.3501,-1.8657,3.9159,136.3164,28.313,,Wind 万得（单季直接取数，未经换算）,9.9858,3.4692,15.9793,0.3029,4.996,-2.581,-5.1299,196.4122,74.7274,61.383,
重百集团,2025Q1单季,商超与线下零售,42.7562,-11.8451,4.7499,9.2346,29.6385,,Wind 万得（单季直接取数，未经换算）,11.2156,4.7256,14.19,0.2919,7.1318,-1.2344,-4.2825,197.1312,79.4902,59.1036,
重百集团,2025Q2单季,商超与线下零售,37.6596,-8.8089,2.9883,7.9641,27.0599,,Wind 万得（单季直接取数，未经换算）,8.0372,5.2085,15.8351,0.1611,1.3088,0.6709,-2.4902,196.7564,76.4984,60.5464,
重百集团,2025Q3单季,商超与线下零售,35.8882,-10.814,2.174,2.8226,26.4957,,Wind 万得（单季直接取数，未经换算）,6.1486,5.273,16.9154,0.2027,5.1523,0.6624,-5.3688,194.0349,78.7984,58.7946,
重百集团,2025Q4单季,商超与线下零售,30.6775,-25.8104,0.5424,-86.1501,31.4677,,Wind 万得（单季直接取数，未经换算）,1.685,6.8364,18.894,0.5288,4.4824,-3.1366,-1.465,198.1159,78.4767,59.8595,
重百集团,2026Q1单季,商超与线下零售,40.8067,-4.5596,2.7887,-41.2896,29.4691,,Wind 万得（单季直接取数，未经换算）,6.9163,4.8878,14.0475,0.3243,9.4142,-1.666,-8.8515,200.5124,81.2654,58.9317,
重百集团,2026Q2单季,商超与线下零售,35.0637,-6.8929,1.6741,-43.9773,27.7179,,Wind 万得（单季直接取数，未经换算）,4.8232,5.163,16.1702,0.1501,4.3134,1.7739,-5.0508,196.5773,79.4555,59.0216,
步步高,2021Q3单季,商超与线下零售,31.6164,-13.2264,-0.3569,-1262.7979,29.1119,,Wind 万得（单季直接取数，未经换算）,-0.8784,9.2042,2.711,4.0863,2.2874,-6.4191,-1.731,293.814,77.8294,72.2942,
步步高,2021Q4单季,商超与线下零售,27.8579,-19.9842,-3.5651,-518.3038,33.0129,,Wind 万得（单季直接取数，未经换算）,-12.7088,9.1967,3.7024,5.2734,14.152,-13.2814,-0.8239,323.4324,72.6317,76.442,
步步高,2022Q1单季,商超与线下零售,33.173,-21.7315,0.2806,-72.9294,24.9124,,Wind 万得（单季直接取数，未经换算）,1.0532,8.2642,2.5208,4.4792,11.815,-10.6516,-5.1487,318.3975,72.9318,75.9542,
步步高,2022Q2单季,商超与线下零售,25.0378,-18.4494,-0.0627,-105.8855,28.0608,,Wind 万得（单季直接取数，未经换算）,-0.038,7.0258,2.9333,5.9774,-0.0425,-0.208,0.9697,309.0014,72.9061,75.2159,
步步高,2022Q3单季,商超与线下零售,21.3655,-32.4229,-0.0386,86.712,33.0535,,Wind 万得（单季直接取数，未经换算）,-0.018,7.062,3.7884,6.8746,2.5528,-1.4935,-2.3984,302.9807,73.0851,74.6529,
步步高,2022Q4单季,商超与线下零售,7.2814,-73.8622,-25.6154,-601.2066,87.1324,,Wind 万得（单季直接取数，未经换算）,-350.6754,6.3444,11.4748,20.0489,-10.9547,3.4138,7.0422,279.0561,48.2195,81.4169,
步步高,2023Q1单季,商超与线下零售,10.3396,-68.8312,-0.9975,-455.5267,44.039,,Wind 万得（单季直接取数，未经换算）,-9.1612,4.5535,5.6756,14.2853,-3.2475,-1.5799,4.935,268.5277,46.4325,81.4118,
步步高,2023Q2单季,商超与线下零售,7.5354,-69.9037,-3.4968,-5476.2939,47.3435,,Wind 万得（单季直接取数，未经换算）,-46.2127,3.5675,6.814,19.9794,-3.0659,3.2452,-1.1069,251.2278,42.8519,81.6128,
步步高,2023Q3单季,商超与线下零售,6.0343,-71.7566,-2.0226,-5145.7417,49.9014,,Wind 万得（单季直接取数，未经换算）,-32.9495,3.0112,8.7282,26.1979,-3.1817,0.5197,5.939,246.4724,40.7901,82.0806,
步步高,2023Q4单季,商超与线下零售,6.9636,-4.3646,-12.3688,51.5536,49.7401,,Wind 万得（单季直接取数，未经换算）,-178.1492,3.4637,10.2421,8.458,-4.0283,-0.2021,5.4947,241.4273,28.6202,86.7599,
步步高,2024Q1单季,商超与线下零售,9.2836,-10.2132,0.2023,120.2816,30.0062,,Wind 万得（单季直接取数，未经换算）,2.7485,2.7857,3.8868,3.6455,1.8307,-0.3266,-1.0853,239.09,28.7863,86.5417,
步步高,2024Q2单季,商超与线下零售,7.8245,3.8354,-0.9809,71.9477,36.7338,,Wind 万得（单季直接取数，未经换算）,-12.2438,2.8742,6.3119,4.4644,0.9289,-0.2354,-0.8463,234.6763,27.6304,86.7714,
步步高,2024Q3单季,商超与线下零售,8.1456,34.9879,20.974,1136.9834,38.8933,,Wind 万得（单季直接取数，未经换算）,257.7453,3.1681,13.928,7.504,-5.2422,-1.2865,13.9374,235.1288,85.7491,62.0701,
步步高,2024Q4单季,商超与线下零售,9.0585,30.0844,-8.0785,34.6866,32.3386,,Wind 万得（单季直接取数，未经换算）,-88.575,2.9294,0.6738,7.8236,0.3913,-1.2884,-1.7426,221.2913,78.6918,62.8626,
步步高,2025Q1单季,商超与线下零售,11.5317,24.2159,1.1904,488.4425,20.4325,,Wind 万得（单季直接取数，未经换算）,10.8033,2.3562,3.7901,5.873,1.2957,-1.0479,-0.5617,221.0182,80.2248,62.0981,
步步高,2025Q2单季,商超与线下零售,9.759,24.7241,0.8162,183.2051,23.694,,Wind 万得（单季直接取数，未经换算）,8.8156,2.3123,4.7775,6.4652,2.2046,-0.5792,-1.978,220.3677,81.5287,61.3772,
步步高,2025Q3单季,商超与线下零售,10.65,30.7447,0.2487,-98.8143,22.878,,Wind 万得（单季直接取数，未经换算）,2.5373,2.4365,4.3542,6.3353,0.4941,-0.5161,-0.3393,220.0716,82.0705,61.0693,
步步高,2025Q4单季,商超与线下零售,10.1624,12.1867,-1.1272,86.0472,25.677,,Wind 万得（单季直接取数，未经换算）,-10.8051,2.6094,5.1777,6.8656,2.5021,-3.9777,-1.5591,217.1386,83.6342,59.8001,
步步高,2026Q1单季,商超与线下零售,13.1157,13.7356,1.1645,-2.1796,17.2569,,Wind 万得（单季直接取数，未经换算）,9.3678,2.2634,4.0894,5.0827,3.5945,-0.965,-0.7201,219.1692,84.958,59.5393,
步步高,2026Q2单季,商超与线下零售,10.276,5.2981,0.2679,-67.1822,22.3015,,Wind 万得（单季直接取数，未经换算）,2.934,2.2917,5.3599,6.6249,1.798,-1.0899,-1.4901,217.9568,85.2647,59.1581,
科锐国际,2021Q3单季,人服,20.2324,107.2913,0.8531,41.9335,11.9454,,Wind 万得（单季直接取数，未经换算）,4.9911,1.9951,2.6753,0.2426,-0.4651,-0.0829,7.6302,33.2052,19.8202,35.3898,
科锐国际,2021Q4单季,人服,18.3055,53.2717,0.6439,22.5741,12.6716,,Wind 万得（单季直接取数，未经换算）,4.0765,3.3761,4.1001,0.0265,2.6941,-0.1634,-1.7876,33.8849,20.5073,34.652,
科锐国际,2022Q1单季,人服,21.9182,50.92,0.5257,35.5695,9.8144,,Wind 万得（单季直接取数，未经换算）,3.3369,2.2274,2.2809,0.0536,-1.2641,-0.1135,-0.3057,33.3975,21.1986,31.0661,
科锐国际,2022Q2单季,人服,22.1521,29.9732,0.7878,22.9729,9.9718,,Wind 万得（单季直接取数，未经换算）,4.2985,2.2968,2.4966,0.0495,0.1361,-1.0356,0.3287,34.7287,20.989,34.9815,
科锐国际,2022Q3单季,人服,24.1124,19.1773,0.8605,0.8611,10.1885,,Wind 万得（单季直接取数，未经换算）,4.4542,1.6538,2.2734,-0.0105,1.9257,-0.5123,-0.5274,36.7753,21.8603,35.8727,
科锐国际,2022Q4单季,人服,22.7379,24.2136,0.733,13.8329,8.7153,,Wind 万得（单季直接取数，未经换算）,3.9967,2.3489,2.7761,-0.2071,2.5797,-0.0842,-0.8059,37.4841,22.6323,34.6083,
科锐国际,2023Q1单季,人服,23.9285,9.1718,0.333,-37.0279,7.1693,,Wind 万得（单季直接取数，未经换算）,1.8136,1.8235,2.3847,-0.2298,-1.0512,-0.3161,-0.315,37.3555,22.8659,34.4563,
科锐国际,2023Q2单季,人服,23.6145,6.6016,0.6422,-18.3789,8.0987,,Wind 万得（单季直接取数，未经换算）,3.0655,2.0695,2.604,-0.0178,0.981,-0.0984,-0.0233,38.3349,23.4587,34.2135,
科锐国际,2023Q3单季,人服,24.1614,0.2032,0.5439,-36.9145,8.0405,,Wind 万得（单季直接取数，未经换算）,2.2833,1.7818,2.6143,0.025,1.0744,-7.3084,3.6855,35.0219,17.7143,47.7652,
科锐国际,2023Q4单季,人服,26.0806,14.7011,0.4859,-33.45,6.055,,Wind 万得（单季直接取数，未经换算）,1.9765,1.8005,2.8303,0.2046,0.7458,6.8084,-7.3361,37.4836,17.9532,50.5848,
科锐国际,2024Q1单季,人服,26.3937,10.3025,0.4065,22.0729,6.2978,,Wind 万得（单季直接取数，未经换算）,1.492,1.4664,2.4437,0.2727,-0.8236,-0.1959,-0.7245,36.6628,18.3275,48.4921,
科锐国际,2024Q2单季,人服,29.0189,22.8858,0.4544,-29.2473,7.0467,,Wind 万得（单季直接取数，未经换算）,1.5495,1.5709,2.5308,0.2051,0.5957,-0.165,-0.6744,37.4585,18.7454,48.4543,
科锐国际,2024Q3单季,人服,29.7479,23.1214,0.4917,-9.6013,6.8679,,Wind 万得（单季直接取数，未经换算）,1.6452,1.5583,2.236,0.1782,0.5699,-0.341,-0.0822,38.8752,19.2331,48.8016,
科锐国际,2024Q4单季,人服,32.7161,25.4424,0.701,44.2499,5.3406,,Wind 万得（单季直接取数，未经换算）,2.1838,1.0849,2.2186,0.3049,0.841,0.0356,-1.2762,40.2455,19.7218,48.9436,
科锐国际,2025Q1单季,人服,33.0252,25.1253,0.5778,42.1478,5.5158,,Wind 万得（单季直接取数，未经换算）,2.0699,1.2505,1.8254,0.1433,-0.1488,-0.1138,0.2392,40.5734,20.3845,47.437,
科锐国际,2025Q2单季,人服,37.7222,29.992,0.6873,51.2606,5.5269,,Wind 万得（单季直接取数，未经换算）,1.8892,1.3091,1.6532,0.1602,-1.7825,-0.1047,-0.4531,41.9764,20.9998,47.7565,
科锐国际,2025Q3单季,人服,36.7989,23.7028,0.9323,89.6173,6.3237,,Wind 万得（单季直接取数，未经换算）,2.9784,1.2707,1.6184,0.1314,1.3347,0.1956,-0.6889,42.6001,21.7175,46.6303,
科锐国际,2025Q4单季,人服,37.8562,15.7112,0.9379,33.7941,6.0769,,Wind 万得（单季直接取数，未经换算）,2.8506,1.0843,2.4041,0.1505,1.9556,-0.2127,0.2721,45.3846,22.7452,47.4104,
科锐国际,2026Q1单季,人服,37.8921,14.7368,0.9187,58.9962,5.6846,,Wind 万得（单季直接取数，未经换算）,2.5134,1.0361,1.6345,0.1361,-0.7727,-0.0598,-0.8062,46.0568,23.4995,46.413,
科锐国际,2026Q2单季,人服,43.2935,14.7692,0.5959,-13.2963,5.4461,,Wind 万得（单季直接取数，未经换算）,1.5615,0.9978,1.5224,0.1717,-0.301,0.0005,1.0046,47.9691,24.011,47.2195,
北京人力,2021Q3单季,人服,1.6553,-9.0576,-0.1258,4.0824,63.1785,,Wind 万得（单季直接取数，未经换算）,-6.7232,28.4428,33.7517,1.4127,0.408,-0.0169,-0.9325,30.4449,22.2893,23.0028,
北京人力,2021Q4单季,人服,1.7063,-13.7952,-0.3144,-200.8784,55.6546,,Wind 万得（单季直接取数，未经换算）,-18.34,33.0939,35.138,-0.0345,0.0498,0.0437,-0.0645,29.903,21.982,22.6304,
北京人力,2022Q1单季,人服,1.8809,-3.0074,-0.1953,-189.4131,52.6132,,Wind 万得（单季直接取数，未经换算）,-9.7208,26.1565,29.5472,1.2062,-0.0654,0.0037,0.4532,29.8662,21.7867,23.1473,
北京人力,2022Q2单季,人服,0.8506,-49.1267,-0.6519,-409.8837,48.9638,,Wind 万得（单季直接取数，未经换算）,-77.0788,49.1575,64.4728,3.0506,-0.3063,-0.0403,0.1809,29.302,21.1348,23.9199,
北京人力,2022Q3单季,人服,1.0277,-37.9156,-0.5263,-318.3833,51.0835,,Wind 万得（单季直接取数，未经换算）,-51.3467,39.5971,51.8087,2.9786,0.0394,-0.005,0.0644,28.9843,20.6085,24.9066,
北京人力,2022Q4单季,人服,1.0783,-36.8074,-0.7783,-147.5649,55.8349,,Wind 万得（单季直接取数，未经换算）,-74.3577,43.8795,65.3809,-1.5396,-0.4845,-0.1246,-0.019,28.0044,19.8302,25.1421,
北京人力,2023Q1单季,人服,1.525,-18.924,-0.304,-55.6525,53.2709,,Wind 万得（单季直接取数，未经换算）,-19.893,29.2128,35.4795,2.0982,0.292,0.0066,-0.0239,27.9221,19.5273,26.0039,
北京人力,2023Q2单季,人服,190.2919,27.4188,2.4131,-1.373,6.3607,,Wind 万得（单季直接取数，未经换算）,2.3045,1.2337,2.7179,-0.2311,2.1335,-4.5781,13.5641,159.848,58.1307,59.3132,
北京人力,2023Q3单季,人服,95.5516,12.9542,1.3624,48.2054,6.3794,,Wind 万得（单季直接取数，未经换算）,2.0516,1.6725,2.4804,-0.2166,-1.448,-0.0307,-0.4468,160.541,59.4932,58.4853,
北京人力,2023Q4单季,人服,95.7498,9.3409,2.0083,106.3455,7.7423,,Wind 万得（单季直接取数，未经换算）,2.758,1.3273,4.0625,-0.2261,5.4614,-1.8785,0.8217,163.5916,60.147,58.8263,
北京人力,2024Q1单季,人服,105.5015,12.8688,2.1069,-18.9179,6.349,,Wind 万得（单季直接取数，未经换算）,2.3271,1.2527,2.2008,-0.2554,-7.3522,-0.1959,0.9164,164.1264,62.2539,57.4623,
北京人力,2024Q2单季,人服,113.1615,15.0668,2.2318,556.0013,5.0058,,Wind 万得（单季直接取数，未经换算）,3.1541,1.1783,2.0235,-0.1506,3.7563,-1.8061,-0.5385,166.0665,61.7449,57.5112,
北京人力,2024Q3单季,人服,113.1263,18.3929,2.0749,52.2959,5.8807,,Wind 万得（单季直接取数，未经换算）,2.1973,1.2244,2.3373,-0.1549,3.2673,0.8072,-5.0846,170.6815,63.8198,57.4832,
北京人力,2024Q4单季,人服,98.5269,2.9004,1.5004,-25.2886,6.441,,Wind 万得（单季直接取数，未经换算）,1.8976,1.3908,2.3453,-0.088,3.3855,1.139,-1.1623,164.2409,65.3256,55.1833,
北京人力,2025Q1单季,人服,108.3679,2.7169,5.908,180.4081,5.6302,,Wind 万得（单季直接取数，未经换算）,6.9765,1.2923,2.0619,-0.0926,4.3206,-0.7491,-0.4495,175.1029,71.2336,53.6458,
北京人力,2025Q2单季,人服,118.5386,4.7517,2.224,-0.3474,5.0786,,Wind 万得（单季直接取数，未经换算）,2.2557,0.8447,1.6679,-0.2081,0.4255,-3.2986,-6.6861,167.8943,69.5005,52.4257,
北京人力,2025Q3单季,人服,111.1592,-1.7389,1.9384,-6.5798,5.7076,,Wind 万得（单季直接取数，未经换算）,2.2457,1.0859,2.0296,-0.0978,4.9055,-2.3577,-0.2678,163.4433,71.4389,49.907,
北京人力,2025Q4单季,人服,113.7867,15.488,1.628,8.5043,5.6622,,Wind 万得（单季直接取数，未经换算）,1.5617,1.1534,2.4347,-0.089,3.1468,1.4166,-0.8034,166.8833,73.0758,50.1395,
北京人力,2026Q1单季,人服,113.8222,5.0332,2.6264,-55.5447,4.1678,,Wind 万得（单季直接取数，未经换算）,3.8409,1.0147,1.9163,-0.1316,-0.8366,-15.4075,-1.7197,174.4186,75.7022,49.787,
北京人力,2026Q2单季,人服,111.2973,-6.1087,1.4753,-33.6649,5.073,,Wind 万得（单季直接取数，未经换算）,1.6551,1.1819,1.8837,-0.0536,-2.0466,13.8796,-5.4899,162.4045,71.3279,48.5414,
赛维时代,2022Q3单季,跨境电商与出海,11.6378,,0.3649,,64.8886,,Wind 万得（单季直接取数，未经换算）,3.1358,56.8752,3.4382,-0.9458,0.7447,-2.4386,-0.1741,,,,
赛维时代,2022Q4单季,跨境电商与出海,15.5135,,0.2809,,66.9143,,Wind 万得（单季直接取数，未经换算）,1.8109,58.8297,4.6345,0.6151,1.8386,2.2113,-0.127,23.6055,14.5456,38.3806,
赛维时代,2023Q1单季,跨境电商与出海,12.4361,22.8122,0.5197,32.5675,69.113,,Wind 万得（单季直接取数，未经换算）,4.179,59.2,3.6012,0.7568,2.0349,-3.2604,-0.3352,23.3562,15.0721,35.4685,
赛维时代,2023Q2单季,跨境电商与出海,15.294,29.4591,0.9838,20.9379,69.2717,,Wind 万得（单季直接取数，未经换算）,6.4328,59.1259,2.9096,-1.077,1.5376,-2.691,0.5936,26.3174,16.0482,39.0205,
赛维时代,2023Q3单季,跨境电商与出海,16.0117,37.5836,0.722,97.8389,70.6848,,Wind 万得（单季直接取数，未经换算）,4.5092,60.6002,4.0553,0.1277,-0.1756,-5.9778,7.9091,36.043,24.0028,33.4052,
赛维时代,2023Q4单季,跨境电商与出海,21.8948,41.1341,1.1299,307.7791,-1.903,,Wind 万得（单季直接取数，未经换算）,5.1608,-12.2981,4.0214,0.0297,2.0993,0.2865,-2.0602,36.2314,24.1443,33.361,
赛维时代,2024Q1单季,跨境电商与出海,17.9902,44.6605,0.8604,65.5773,47.167,,Wind 万得（单季直接取数，未经换算）,4.7829,37.9581,3.6257,-0.3807,0.9859,-4.9755,1.1978,37.681,25.0031,33.6453,
赛维时代,2024Q2单季,跨境电商与出海,23.7846,55.5159,1.4954,51.9926,46.0182,,Wind 万得（单季直接取数，未经换算）,6.2873,35.5337,3.2391,-0.4879,0.1102,1.2506,-0.2393,45.3786,25.5474,43.7016,
赛维时代,2024Q3单季,跨境电商与出海,26.2417,63.8915,-0.4018,-155.6509,42.4089,,Wind 万得（单季直接取数，未经换算）,-1.5311,40.2695,3.1887,0.1178,-5.9491,4.8398,2.9752,49.8278,24.1646,51.5037,
赛维时代,2024Q4单季,跨境电商与出海,34.7373,58.6551,0.1869,-83.4566,41.5171,,Wind 万得（单季直接取数，未经换算）,0.5381,37.3397,3.2346,-0.3755,0.1677,3.7739,-2.8207,47.4266,24.6077,48.1141,
赛维时代,2025Q1单季,跨境电商与出海,24.5828,36.6458,0.4703,-45.347,43.8892,,Wind 万得（单季直接取数，未经换算）,1.913,38.2116,3.1482,-0.4125,-0.0938,-2.1023,0.1713,46.2189,25.3043,45.2511,
赛维时代,2025Q2单季,跨境电商与出海,28.8731,21.3939,1.2216,-18.3068,44.9718,,Wind 万得（单季直接取数，未经换算）,4.2311,35.1756,3.2776,-0.412,5.1978,0.8617,-1.6832,47.3897,27.0969,42.8211,
赛维时代,2025Q3单季,跨境电商与出海,28.4283,8.3324,0.4055,200.9294,41.8294,,Wind 万得（单季直接取数，未经换算）,1.4265,35.9419,2.5249,0.1781,2.3174,-2.2424,-1.7011,48.2641,26.6167,44.852,
赛维时代,2025Q4单季,跨境电商与出海,36.2811,4.4443,0.7323,291.7675,40.7311,,Wind 万得（单季直接取数，未经换算）,2.0185,33.3723,2.3992,0.5348,5.0758,-0.7751,-2.6417,48.2323,27.4178,43.1547,
赛维时代,2026Q1单季,跨境电商与出海,27.2009,10.6502,0.4255,-9.5123,43.0988,,Wind 万得（单季直接取数，未经换算）,1.5644,36.0092,2.8504,1.1285,0.4775,-4.4224,-0.5158,46.3746,28.0006,39.6208,
赛维时代,2026Q2单季,跨境电商与出海,34.8117,20.568,1.2316,0.814,42.3998,,Wind 万得（单季直接取数，未经换算）,3.5379,32.5858,2.3744,0.3812,2.7171,-0.67,-1.4023,53.5331,28.6572,46.4682,
海底捞,2021H1单期,餐饮,200.94,105.22,0.95,109.8,,,Wind万得｜半年度公司 2021H1中报原值（上半年累计），2026-09-09拉取,0.48,,,1.51,20.89,-43.14,31.14,313.99,102.41,67.34,半年报
海底捞,2021H2单期,餐饮,210.17,,-42.58,,,,Wind万得推导｜下半年=2021年报−2021H1中报拆算（半年度公司；毛利率/费用率不拆分），2026-09-09,,,,,17.18,-6.39,11.97,280.21,79.15,71.71,推导
海底捞,2022H1单期,餐饮,167.64,-16.57,-2.66,-381.67,,,Wind万得｜半年度公司 2022H1中报原值（上半年累计），2026-09-09拉取,-1.59,,,1.41,25.94,-7.41,-14.04,262.85,76.46,70.86,半年报
海底捞,2022H2单期,餐饮,142.75,-32.08,16.41,-138.54,,,Wind万得推导｜下半年=2022年报−2022H1中报拆算（半年度公司；毛利率/费用率不拆分），2026-09-09,,,,,35.59,-0.16,-35.84,214.39,74.43,65.22,推导
海底捞,2023H1单期,餐饮,188.86,24.61,22.58,948.07,,,Wind万得｜半年度公司 2023H1中报原值（上半年累计），2026-09-09拉取,11.96,,,0.97,49.34,-14.83,-20.02,231.23,93.01,59.72,半年报
海底捞,FY2023,餐饮,414.53,33.55,44.99,227.33,,,Wind万得｜半年度公司 FY2023年报原值（全年累计），2026-09-09拉取,10.84,,,0.85,90,-53.11,-35.02,246.77,115.27,53.33,年报
海底捞,2023H2单期,餐饮,225.68,58.1,22.41,36.58,,,Wind万得推导｜下半年=2023年报−2023H1中报拆算（半年度公司；毛利率/费用率不拆分），2026-09-09,,,,,40.66,-38.28,-14.99,246.77,115.27,53.33,推导
海底捞,2024H1单期,餐饮,214.91,13.79,20.38,-9.74,,,Wind万得｜半年度公司 2024H1中报原值（上半年累计），2026-09-09拉取,9.46,,,0.65,36.72,-7.7,-9.2,253.73,95.53,62.4,半年报
海底捞,FY2024,餐饮,427.55,3.14,47.08,4.65,,,Wind万得｜半年度公司 FY2024年报原值（全年累计），2026-09-09拉取,10.99,,,0.64,76.34,-0.91,-76.3,227.81,104.34,54.27,年报
海底捞,2024H2单期,餐饮,212.64,-5.78,26.7,19.14,,,Wind万得推导｜下半年=2024年报−2024H1中报拆算（半年度公司；毛利率/费用率不拆分），2026-09-09,,,,,39.63,6.78,-67.1,227.81,104.34,54.27,推导
海底捞,2025H1单期,餐饮,207.03,-3.66,17.59,-13.72,,,Wind万得｜半年度公司 2025H1中报原值（上半年累计），2026-09-09拉取,8.47,,,0.58,26.26,-12.41,-30.71,211.15,95.78,54.7,半年报
海底捞,FY2025,餐饮,432.25,1.1,40.5,-13.98,,,Wind万得｜半年度公司 FY2025年报原值（全年累计），2026-09-09拉取,9.35,,,-0.08,56.64,-30.3,-49.46,220.9,100.14,54.71,年报
海底捞,2025H2单期,餐饮,225.22,5.92,22.91,-14.19,,,Wind万得推导｜下半年=2025年报−2025H1中报拆算（半年度公司；毛利率/费用率不拆分），2026-09-09,,,,,30.38,-17.89,-18.74,220.9,100.14,54.71,推导
海底捞,2026H1单期,餐饮,223.37,7.89,17.67,0.47,,,Wind万得｜半年度公司 2026H1中报原值（上半年累计），2026-09-09拉取,7.9,,,0.37,,,,211.47,97.65,53.78,半年报
九毛九,2021H1单期,餐饮,20.21,112.9,1.86,316.57,,,Wind万得｜半年度公司 2021H1中报原值（上半年累计），2026-09-09拉取,10.15,,,1.42,3.78,4.21,-2.84,52.13,32.72,36.16,半年报
九毛九,2021H2单期,餐饮,21.58,,1.54,,,,Wind万得推导｜下半年=2021年报−2021H1中报拆算（半年度公司；毛利率/费用率不拆分），2026-09-09,,,,,4.79,-9.12,-5.04,51.35,30.83,38.9,推导
九毛九,2022H1单期,餐饮,18.99,-5.97,0.58,-68.98,,,Wind万得｜半年度公司 2022H1中报原值（上半年累计），2026-09-09拉取,3.29,,,1.74,3.51,3.27,-2.64,50.27,30.36,39.15,半年报
九毛九,2022H2单期,餐饮,21.07,-2.37,-0.08,-105.2,,,Wind万得推导｜下半年=2022年报−2022H1中报拆算（半年度公司；毛利率/费用率不拆分），2026-09-09,,,,,3.33,-9.15,-2.17,54.07,31.74,40.83,推导
九毛九,2023H1单期,餐饮,28.79,51.67,2.22,285.12,,,Wind万得｜半年度公司 2023H1中报原值（上半年累计），2026-09-09拉取,8.27,,,0.51,5.53,-6.12,-1.39,60.85,34.8,42.44,半年报
九毛九,FY2023,餐饮,59.86,49.51,4.53,820.17,,,Wind万得｜半年度公司 FY2023年报原值（全年累计），2026-09-09拉取,8.01,,,0.48,10.12,-1.5,-6.46,65.21,33.36,48.52,年报
九毛九,2023H2单期,餐饮,31.06,47.43,2.31,-2843.47,,,Wind万得推导｜下半年=2023年报−2023H1中报拆算（半年度公司；毛利率/费用率不拆分），2026-09-09,,,,,4.59,4.62,-5.07,65.21,33.36,48.52,推导
九毛九,2024H1单期,餐饮,30.64,6.42,0.72,-67.47,,,Wind万得｜半年度公司 2024H1中报原值（上半年累计），2026-09-09拉取,2.22,,,0.76,3.42,-4.07,-3.68,65.25,31.59,51.49,半年报
九毛九,FY2024,餐饮,60.74,1.47,0.56,-87.69,,,Wind万得｜半年度公司 FY2024年报原值（全年累计），2026-09-09拉取,0.74,,,1.83,9.76,-7.98,-9.05,64.89,31.52,51.44,年报
九毛九,2024H2单期,餐饮,30.09,-3.14,-0.16,-106.92,,,Wind万得推导｜下半年=2024年报−2024H1中报拆算（半年度公司；毛利率/费用率不拆分），2026-09-09,,,,,6.34,-3.91,-5.37,64.89,31.52,51.44,推导
九毛九,2025H1单期,餐饮,27.53,-10.14,0.61,-16.05,,,Wind万得｜半年度公司 2025H1中报原值（上半年累计），2026-09-09拉取,2.13,,,2,4.47,-2.15,-3.55,60.06,31.7,47.31,半年报
九毛九,FY2025,餐饮,52.33,-13.84,0.58,4.29,,,Wind万得｜半年度公司 FY2025年报原值（全年累计），2026-09-09拉取,0.98,,,1.05,10.07,0.79,-6.68,58.23,32.2,44.75,年报
九毛九,2025H2单期,餐饮,24.8,-17.59,-0.02,-87.86,,,Wind万得推导｜下半年=2025年报−2025H1中报拆算（半年度公司；毛利率/费用率不拆分），2026-09-09,,,,,5.59,2.94,-3.13,58.23,32.2,44.75,推导
九毛九,2026H1单期,餐饮,23.91,-13.15,0.76,24.9,,,Wind万得｜半年度公司 2026H1中报原值（上半年累计），2026-09-09拉取,3.27,,,1.85,,,,55.53,30.74,44.64,半年报
蜜雪集团,FY2023,茶饮,203.02,49.55,31.37,57.13,29.55,,Wind万得｜半年度公司 FY2023年报原值（全年累计），2026-09-09拉取,15.7,6.49,3.01,0.07,37.94,-8.25,-1.11,145.94,105.07,27.4,年报
蜜雪集团,FY2024,茶饮,248.29,22.29,44.37,41.41,32.46,,Wind万得｜半年度公司 FY2024年报原值（全年累计），2026-09-09拉取,17.94,6.44,3.04,0.03,60.09,-70.19,-2.77,197.83,149.56,23.87,年报
蜜雪集团,2025H1单期,茶饮,148.75,39.32,26.93,42.9,31.64,,Wind万得｜半年度公司 2025H1中报原值（上半年累计），2026-09-09拉取,18.27,6.14,2.94,0.01,32.75,-27.42,35.78,272.93,212.5,21.66,半年报
蜜雪集团,FY2025,茶饮,335.6,35.16,58.87,32.69,31.14,,Wind万得｜半年度公司 FY2025年报原值（全年累计），2026-09-09拉取,17.66,6.07,3.22,-0.64,60.39,-63.64,35.05,307.94,244.49,19.57,年报
蜜雪集团,2025H2单期,茶饮,186.85,,31.94,,,,Wind万得推导｜下半年=2025年报−2025H1中报拆算（半年度公司；毛利率/费用率不拆分），2026-09-09,,,,,27.64,-36.22,-0.73,307.94,244.49,19.57,推导
蜜雪集团,2026H1单期,茶饮,152.16,2.29,22.96,-14.73,30.43,,Wind万得｜半年度公司 2026H1中报原值（上半年累计），2026-09-09拉取,15.24,7.38,4.01,0.02,,,,328.75,267.31,17.68,半年报
古茗,FY2023,茶饮,76.76,38.07,10.8,194.48,31.31,,Wind万得｜半年度公司 FY2023年报原值（全年累计），2026-09-09拉取,14.28,4.39,3.69,0.07,15.73,-4.71,1.4,51.53,5.83,88.06,年报
古茗,2024H1单期,茶饮,40.09,,0.73,,31.6,,Wind万得｜半年度公司 2024H1中报原值（上半年累计），2026-09-09拉取,18.46,5.54,3.67,0.04,6.15,-6.99,0.23,,,,半年报
古茗,FY2024,茶饮,87.91,14.54,14.79,36.95,30.57,,Wind万得｜半年度公司 FY2024年报原值（全年累计），2026-09-09拉取,16.99,5.45,3.54,0.04,13.21,-18.22,0.17,68.75,20.66,69.28,年报
古茗,2024H2单期,茶饮,47.82,,14.05,,,,Wind万得推导｜下半年=2024年报−2024H1中报拆算（半年度公司；毛利率/费用率不拆分），2026-09-09,,,,,7.05,-11.23,-0.06,68.75,20.66,69.28,推导
古茗,2025H1单期,茶饮,56.63,41.24,16.25,121.51,31.54,,Wind万得｜半年度公司 2025H1中报原值（上半年累计），2026-09-09拉取,28.72,5.52,3.27,0.34,13.4,-7.42,7.86,106.72,63.52,40.36,半年报
古茗,FY2025,茶饮,129.14,46.89,31.09,110.29,33,,Wind万得｜半年度公司 FY2025年报原值（全年累计），2026-09-09拉取,24.13,5.44,2.83,-1.01,24.09,-3.55,0.7,166.5,58.24,64.91,年报
古茗,2025H2单期,茶饮,72.51,51.63,14.84,5.61,,,Wind万得推导｜下半年=2025年报−2025H1中报拆算（半年度公司；毛利率/费用率不拆分），2026-09-09,,,,,10.68,3.87,-7.17,166.5,58.24,64.91,推导
古茗,2026H1单期,茶饮,74.7,31.91,15.71,-3.36,33.37,,Wind万得｜半年度公司 2026H1中报原值（上半年累计），2026-09-09拉取,20.99,5.05,2.79,-1.3,,,,154.85,63,59.23,半年报
中国东方教育,2021H1单期,教育,20.01,31.95,2.33,-3.9,55.3,,Wind万得｜半年度公司 2021H1中报原值（上半年累计），2026-09-09拉取,11.64,23.19,12.63,4.01,4.97,-20.33,-6.67,97.54,58.28,40.25,半年报
中国东方教育,2021H2单期,教育,21.38,,0.69,,,,Wind万得推导｜下半年=2021年报−2021H1中报拆算（半年度公司；毛利率/费用率不拆分），2026-09-09,,,,,4.81,14.05,-3.95,96.36,57.39,40.44,推导
中国东方教育,2022H1单期,教育,18.79,-6.14,2.36,1.29,52.87,,Wind万得｜半年度公司 2022H1中报原值（上半年累计），2026-09-09拉取,12.57,23.58,13.08,4.39,3.57,-9.11,-6.46,93.55,55.45,40.72,半年报
中国东方教育,2022H2单期,教育,19.4,-9.27,1.31,89.53,,,Wind万得推导｜下半年=2022年报−2022H1中报拆算（半年度公司；毛利率/费用率不拆分），2026-09-09,,,,,2.64,2.73,-2.34,94.73,56.99,39.84,推导
中国东方教育,2023H1单期,教育,19.53,3.97,2.04,-15.87,51.07,,Wind万得｜半年度公司 2023H1中报原值（上半年累计），2026-09-09拉取,10.44,26.27,13.1,3.66,4.88,-1.45,-5.95,92.81,55.22,40.5,半年报
中国东方教育,FY2023,教育,39.79,4.18,2.73,-25.82,47.96,,Wind万得｜半年度公司 FY2023年报原值（全年累计），2026-09-09拉取,6.85,26.06,13.3,3.5,10.25,-1.88,-7.77,92.91,56.08,39.65,年报
中国东方教育,2023H2单期,教育,20.26,4.41,0.69,-47.13,,,Wind万得推导｜下半年=2023年报−2023H1中报拆算（半年度公司；毛利率/费用率不拆分），2026-09-09,,,,,5.37,-0.43,-1.82,92.91,56.08,39.65,推导
中国东方教育,2024H1单期,教育,19.83,1.55,2.72,33.2,53,,Wind万得｜半年度公司 2024H1中报原值（上半年累计），2026-09-09拉取,13.69,23.41,12.9,3.1,6.39,-2.45,-5.66,92.59,54.96,40.65,半年报
中国东方教育,FY2024,教育,41.16,3.46,5.13,88.02,51.37,,Wind万得｜半年度公司 FY2024年报原值（全年累计），2026-09-09拉取,12.45,23.66,12.34,2.87,12.44,-5.52,-7.56,94.84,57.49,39.38,年报
中国东方教育,2024H2单期,教育,21.33,5.3,2.41,250.39,,,Wind万得推导｜下半年=2024年报−2024H1中报拆算（半年度公司；毛利率/费用率不拆分），2026-09-09,,,,,6.05,-3.07,-1.9,94.84,57.49,39.38,推导
中国东方教育,2025H1单期,教育,21.86,10.23,4.03,48.41,57.33,,Wind万得｜半年度公司 2025H1中报原值（上半年累计），2026-09-09拉取,18.43,22.46,10.79,2.5,7.76,1.03,-5.71,98.21,57.66,41.29,半年报
中国东方教育,FY2025,教育,46.16,12.14,7.56,47.5,55.28,,Wind万得｜半年度公司 FY2025年报原值（全年累计），2026-09-09拉取,16.38,22.77,11.02,2.39,15.56,-3.05,-7.31,102.23,61.53,39.82,年报
中国东方教育,2025H2单期,教育,24.3,13.93,3.53,46.42,,,Wind万得推导｜下半年=2025年报−2025H1中报拆算（半年度公司；毛利率/费用率不拆分），2026-09-09,,,,,7.8,-4.08,-1.6,102.23,61.53,39.82,推导
中国东方教育,2026H1单期,教育,24.18,10.6,4.55,12.96,58.28,,Wind万得｜半年度公司 2026H1中报原值（上半年累计），2026-09-09拉取,18.82,23.51,10.2,1.37,,,,101.01,60.45,40.16,半年报
老铺黄金,2022H1单期,黄金珠宝,6.56,,0.06,,42.32,,Wind万得｜半年度公司 2022H1中报原值（上半年累计），2026-09-09拉取,9.03,21.67,6.96,1.31,1.34,-0.02,-0.04,,,,半年报
老铺黄金,2022H2单期,黄金珠宝,6.38,,0.89,,,,Wind万得推导｜下半年=2022年报−2022H1中报拆算（半年度公司；毛利率/费用率不拆分），2026-09-09,,,,,0.14,-0.32,-0.75,12.91,8.7,32.65,推导
老铺黄金,2023H1单期,黄金珠宝,14.18,116.12,1.97,232.22,41.66,,Wind万得｜半年度公司 2023H1中报原值（上半年累计），2026-09-09拉取,13.88,17.63,4.79,0.6,1.14,-0.17,-0.57,15.31,10.71,30.05,半年报
老铺黄金,FY2023,黄金珠宝,31.8,145.67,4.16,340.4,41.89,,Wind万得｜半年度公司 FY2023年报原值（全年累计），2026-09-09拉取,13.09,18.22,5.27,0.57,-0.29,-0.59,0.99,21.59,15.15,29.79,年报
老铺黄金,2023H2单期,黄金珠宝,17.62,176.04,2.2,148.28,,,Wind万得推导｜下半年=2023年报−2023H1中报拆算（半年度公司；毛利率/费用率不拆分），2026-09-09,,,,,-1.43,-0.42,1.56,21.59,15.15,29.79,推导
老铺黄金,2024H1单期,黄金珠宝,35.2,148.34,5.88,198.75,41.33,,Wind万得｜半年度公司 2024H1中报原值（上半年累计），2026-09-09拉取,16.7,15.12,3.54,0.3,0.67,-0.33,7.2,38.41,28.97,24.57,半年报
老铺黄金,FY2024,黄金珠宝,85.06,167.51,14.73,253.86,41.16,,Wind万得｜半年度公司 FY2024年报原值（全年累计），2026-09-09拉取,17.32,14.54,3.2,0.35,-12.28,-0.71,19.6,63.37,39.2,38.13,年报
老铺黄金,2024H2单期,黄金珠宝,49.85,182.91,8.85,303.1,,,Wind万得推导｜下半年=2024年报−2024H1中报拆算（半年度公司；毛利率/费用率不拆分），2026-09-09,,,,,-12.95,-0.38,12.4,63.37,39.2,38.13,推导
老铺黄金,2025H1单期,黄金珠宝,123.54,250.95,22.68,285.76,38.09,,Wind万得｜半年度公司 2025H1中报原值（上半年累计），2026-09-09拉取,18.35,11.85,1.71,0.34,-22.15,-0.57,40.63,134.63,76.61,43.1,半年报
老铺黄金,FY2025,黄金珠宝,273.03,221,48.68,230.45,37.63,,Wind万得｜半年度公司 FY2025年报原值（全年累计），2026-09-09拉取,17.83,11.56,1.99,0.49,-68.48,-1.45,82.11,212.53,110.95,47.79,年报
老铺黄金,2025H2单期,黄金珠宝,149.49,199.86,26,193.69,,,Wind万得推导｜下半年=2025年报−2025H1中报拆算（半年度公司；毛利率/费用率不拆分），2026-09-09,,,,,-46.33,-0.88,41.47,212.53,110.95,47.79,推导
老铺黄金,2026H1单期,黄金珠宝,198.08,60.34,42.67,88.19,41.26,,Wind万得｜半年度公司 2026H1中报原值（上半年累计），2026-09-09拉取,21.54,11.08,1.54,0.49,,,,237.23,132.24,44.26,半年报
华住集团-S,2023Q1,酒店,44.8,67.1,9.9,257.14,27.46,,Wind万得｜季度披露型公司 2023Q1季报累计原值，2026-09-09拉取,22.32,4.35,9.49,1.92,18.44,19.81,14.62,649.72,117.49,81.79,季报
华住集团-S,2023H1,酒店,100.1,65.1,20.05,304.59,32.75,,Wind万得｜季度披露型公司 2023H1中报原值（上半年累计），2026-09-09拉取,20.34,4.57,9.01,1.23,40.82,8.49,-23.62,631.12,130.01,79.24,半年报
华住集团-S,2023Q3,酒店,162.98,60.48,33.42,296.94,36.53,,Wind万得｜季度披露型公司 2023Q3季报累计原值，2026-09-09拉取,20.79,4.58,8.84,0.9,52.63,-12,-29.75,627.62,143.58,76.94,季报
华住集团-S,FY2023,酒店,218.82,57.86,40.85,324.33,34.46,,Wind万得｜季度披露型公司 FY2023年报原值（全年累计），2026-09-09拉取,18.88,4.9,9.53,0.63,76.74,-14.77,-37.2,635.32,121.35,80.72,年报
华住集团-S,2024Q1,酒店,52.78,17.81,6.59,-33.43,32.46,,Wind万得｜季度披露型公司 2024Q1季报累计原值，2026-09-09拉取,12.64,4.93,9.64,0.61,8.86,3.48,-22.58,614.44,122.76,79.82,季报
华住集团-S,2024H1,酒店,114.26,14.15,17.26,-13.92,36.15,,Wind万得｜季度披露型公司 2024H1中报原值（上半年累计），2026-09-09拉取,15.31,5.05,9.72,0.53,31.21,6.94,-33.63,624.52,125.82,79.64,半年报
华住集团-S,2024Q3,酒店,178.68,9.63,29.99,-10.26,,,Wind万得｜季度披露型公司 2024Q3季报累计原值，2026-09-09拉取,,4.92,9.98,0.49,48.14,8.6,-54.67,620.39,121.32,,季报
华住集团-S,FY2024,酒店,238.91,9.18,30.48,-25.39,36.02,,Wind万得｜季度披露型公司 FY2024年报原值（全年累计），2026-09-09拉取,12.98,4.92,10.5,0.45,75.18,-22.39,-55.04,625.52,121.77,80.38,年报
华住集团-S,2025Q1,酒店,53.95,2.22,8.94,35.66,33.2,,Wind万得｜季度披露型公司 2025Q1季报累计原值，2026-09-09拉取,16.66,4.5,9.49,0.46,5.8,7.57,-6.28,615.59,104.95,82.75,季报
华住集团-S,2025H1,酒店,118.21,3.46,24.38,41.25,37.77,,Wind万得｜季度披露型公司 2025H1中报原值（上半年累计），2026-09-09拉取,20.79,4.67,9.91,0.54,32.39,9.96,-13.37,647.79,121.53,81.02,半年报
华住集团-S,2025Q3,酒店,187.82,5.12,39.07,30.28,39.21,,Wind万得｜季度披露型公司 2025Q3季报累计原值，2026-09-09拉取,20.92,4.74,9.14,0.48,49.36,-20.5,-31.5,635.52,118.8,81.08,季报
华住集团-S,FY2025,酒店,253.07,5.93,50.8,66.67,39.39,,Wind万得｜季度披露型公司 FY2025年报原值（全年累计），2026-09-09拉取,20.21,5.02,8.94,0.45,83.79,-10.42,-43.06,647.74,128.04,80,年报
华住集团-S,2026Q1,酒店,59.96,11.14,8.17,-8.61,39.04,,Wind万得｜季度披露型公司 2026Q1季报累计原值，2026-09-09拉取,13.66,4.77,9.34,0.18,2.33,14.24,4.16,641.63,109.47,82.7,季报
华住集团-S,2026H1,酒店,131.17,10.96,23.94,-1.8,41.41,,Wind万得｜季度披露型公司 2026H1中报原值（上半年累计），2026-09-09拉取,18.3,4.75,9.54,0.14,36.41,32.63,-28.07,636.15,140.8,77.62,半年报
百胜中国,2023Q1,餐饮,29.17,9.33,2.89,189,24.27,,Wind万得｜季度披露型公司 2023Q1季报累计原值(USD)，2026-09-09拉取,10.73,,5.59,,5.07,-4.29,-0.99,119.63,66.78,38.01,季报
百胜中国,2023H1,餐饮,55.71,16.16,4.86,165.57,22.42,,Wind万得｜季度披露型公司 2023H1中报原值（上半年累计）(USD)，2026-09-09拉取,9.46,,5.67,,9.24,-5.98,-2.3,116.75,65.49,38.18,半年报
百胜中国,2023Q3,餐饮,84.85,13.42,7.3,87.66,22.09,,Wind万得｜季度披露型公司 2023Q3季报累计原值(USD)，2026-09-09拉取,9.36,,5.72,,13.34,-10.52,-2.4,120.7,65.71,39.86,季报
百胜中国,FY2023,餐饮,109.78,14.72,8.27,87.1,20.74,,Wind万得｜季度披露型公司 FY2023年报原值（全年累计）(USD)，2026-09-09拉取,8.21,,5.81,,14.73,-7.43,-7.16,120.31,64.05,40.83,年报
百胜中国,2024Q1,餐饮,29.58,1.41,2.87,-0.69,22.21,,Wind万得｜季度披露型公司 2024Q1季报累计原值(USD)，2026-09-09拉取,10.38,,4.73,,4.42,0.99,-7.76,112.95,58.65,41.67,季报
百胜中国,2024H1,餐饮,56.37,1.18,4.99,2.67,21.27,,Wind万得｜季度披露型公司 2024H1中报原值（上半年累计）(USD)，2026-09-09拉取,9.49,,,,8.43,-1.32,-7.85,115.68,58.12,43.97,半年报
百胜中国,2024Q3,餐饮,87.08,2.63,7.96,9.04,21.46,,Wind万得｜季度披露型公司 2024Q3季报累计原值(USD)，2026-09-09拉取,9.81,,,,12.52,-0.28,-11.59,118.01,60.16,42.99,季报
百胜中国,FY2024,餐饮,113.03,2.96,9.11,10.16,20.62,,Wind万得｜季度披露型公司 FY2024年报原值（全年累计）(USD)，2026-09-09拉取,8.67,,,,14.19,-1.78,-16.36,111.21,57.28,42.21,年报
百胜中国,2025Q1,餐饮,29.81,0.78,2.92,1.74,23.48,,Wind万得｜季度披露型公司 2025Q1季报累计原值(USD)，2026-09-09拉取,10.5,,,,4.52,-0.72,-2.8,110.02,57.84,41.47,季报
百胜中国,2025H1,餐饮,57.68,2.32,5.07,1.6,22.47,,Wind万得｜季度披露型公司 2025H1中报原值（上半年累计）(USD)，2026-09-09拉取,9.47,,,,8.64,-2.9,-7.09,109.83,57.89,41.1,半年报
百胜中国,2025Q3,餐饮,89.74,3.05,7.89,-0.88,22.54,,Wind万得｜季度披露型公司 2025Q3季报累计原值(USD)，2026-09-09拉取,9.48,,4.59,,13.41,-3.16,-11.07,110.34,56.92,42.12,季报
百胜中国,FY2025,餐饮,117.97,4.37,9.29,1.98,21.71,,Wind万得｜季度披露型公司 FY2025年报原值（全年累计）(USD)，2026-09-09拉取,8.51,,4.92,,14.66,-0.05,-16.89,107.83,53.79,43.44,年报
百胜中国,2026Q1,餐饮,32.71,9.73,3.09,5.82,23.75,,Wind万得｜季度披露型公司 2026Q1季报累计原值(USD)，2026-09-09拉取,10.12,,4.19,,5.5,-2.33,-3.53,108.37,54.33,43.65,季报
百胜中国,2026H1,餐饮,64.09,11.11,5.53,9.07,23,,Wind万得｜季度披露型公司 2026H1中报原值（上半年累计）(USD)，2026-09-09拉取,9.28,,4.31,,9.76,-2.65,-7.39,108.71,53.57,44.25,半年报
携程集团-S,2023Q1,OTA,91.98,123.85,33.75,441.25,82.2,,Wind万得｜季度披露型公司 2023Q1季报累计原值，2026-09-09拉取,36.68,19.08,9.69,0.49,31.75,22.96,65.01,2091.33,1161.5,44.11,季报
携程集团-S,2023H1,OTA,204.45,151.79,40.06,535.43,82.18,,Wind万得｜季度披露型公司 2023H1中报原值（上半年累计），2026-09-09拉取,19.67,20.1,9.03,0.43,,,,2182.16,1176.49,45.74,半年报
携程集团-S,2023Q3,OTA,341.85,127.72,86.21,1418.2,82.12,,Wind万得｜季度披露型公司 2023Q3季报累计原值，2026-09-09拉取,25.33,20.09,8.41,0.21,,,,2275.12,1228.21,45.67,季报
携程集团-S,FY2023,OTA,445.1,122.12,99.18,606.91,81.75,,Wind万得｜季度披露型公司 FY2023年报原值（全年累计），2026-09-09拉取,22.47,20.67,8.41,-0.05,220.04,59.19,-25.47,2191.37,1221.84,43.87,年报
携程集团-S,2024Q1,OTA,119.05,29.43,43.12,27.76,81.2,,Wind万得｜季度披露型公司 2024Q1季报累计原值，2026-09-09拉取,36.33,19.42,7.82,-0.78,24.53,-43.51,23.69,2285.06,1277.74,43.72,季报
携程集团-S,2024H1,OTA,246.77,20.7,81.45,103.32,81.56,,Wind万得｜季度披露型公司 2024H1中报原值（上半年累计），2026-09-09拉取,33.28,20.86,8.14,-0.86,,,,2478.23,1305,46.98,半年报
携程集团-S,2024Q3,OTA,405.5,18.62,149.1,72.95,81.87,,Wind万得｜季度披露型公司 2024Q3季报累计原值，2026-09-09拉取,37.08,21.03,7.53,-1.02,,,,2443,1391.43,42.64,季报
携程集团-S,FY2024,OTA,532.94,19.73,170.67,72.08,81.25,,Wind万得｜季度披露型公司 FY2024年报原值（全年累计），2026-09-09拉取,32.32,22.33,7.67,-1.14,196.25,-60.52,-67.1,2425.81,1425.5,40.85,年报
携程集团-S,2025Q1,OTA,138.3,16.17,42.77,-0.81,80.44,,Wind万得｜季度披露型公司 2025Q1季报累计原值，2026-09-09拉取,31.19,21.68,7.51,-2.56,,,,2477.62,1459.86,40.67,季报
携程集团-S,2025H1,OTA,286.73,16.19,91.23,12.01,80.74,,Wind万得｜季度披露型公司 2025H1中报原值（上半年累计），2026-09-09拉取,32.06,22.06,7.45,-2.43,,,,2524.38,1484.37,40.79,半年报
携程集团-S,2025Q3,OTA,470.11,15.93,290.13,94.59,81.11,,Wind万得｜季度披露型公司 2025Q3季报累计原值，2026-09-09拉取,61.93,22.35,6.97,-2.53,,,,2705.78,1682.27,37.18,季报
携程集团-S,FY2025,OTA,624.09,17.1,332.94,95.08,80.58,,Wind万得｜季度披露型公司 FY2025年报原值（全年累计），2026-09-09拉取,53.5,23.88,7.17,-2.81,143.79,-41.81,-146.63,2673.87,1709.49,35.45,年报
携程集团-S,2026Q1,OTA,162.08,17.19,24.99,-41.57,79.45,,Wind万得｜季度披露型公司 2026Q1季报累计原值，2026-09-09拉取,15.58,23.12,6.93,-2.76,,,,2632.13,1651.36,36.66,季报
同程旅行,2023Q1,OTA,25.86,50.04,3.78,273.64,75.05,,Wind万得｜季度披露型公司 2023Q1季报累计原值，2026-09-09拉取,14.19,36.17,7.2,0.46,8.74,-1.91,-3.47,269.8,162.08,38.96,季报
同程旅行,2023H1,OTA,54.52,76.96,7.34,2467.66,75.27,,Wind万得｜季度披露型公司 2023H1中报原值（上半年累计），2026-09-09拉取,13.4,37.6,7.25,0.25,22.71,-1.03,-3.18,284.81,166.97,40.45,半年报
同程旅行,2023Q3,OTA,87.52,71.31,12.44,1124.89,75,,Wind万得｜季度披露型公司 2023Q3季报累计原值，2026-09-09拉取,14.03,37.41,6.67,-0.04,,,,298.66,172.9,41.16,季报
同程旅行,FY2023,OTA,118.96,80.57,15.54,1164.41,73.45,,Wind万得｜季度披露型公司 FY2023年报原值（全年累计），2026-09-09拉取,13.15,37.58,5.97,-0.13,40.03,-17.62,-5.92,317.17,177.03,41.52,年报
同程旅行,2024Q1,OTA,38.66,44.72,3.97,4.95,65.04,,Wind万得｜季度披露型公司 2024Q1季报累计原值，2026-09-09拉取,10.35,35.39,6.86,0.22,4.84,12.36,8.71,336.73,180.08,43.74,季报
同程旅行,2024H1,OTA,81.12,47.87,8.3,13.15,64.83,,Wind万得｜季度披露型公司 2024H1中报原值（上半年累计），2026-09-09拉取,10.17,35.19,6.59,-0.1,12.95,5.77,6.88,346.38,186.13,43.57,半年报
同程旅行,2024Q3,OTA,131.03,47.82,16.24,30.5,64.29,,Wind万得｜季度披露型公司 2024Q3季报累计原值，2026-09-09拉取,12.35,32.81,6.55,0.04,,,,366.97,195.22,44.22,季报
同程旅行,FY2024,OTA,173.41,45.77,19.74,27.04,64.09,,Wind万得｜季度披露型公司 FY2024年报原值（全年累计），2026-09-09拉取,11.47,32.41,6.96,0.25,29.7,-8.34,6.79,377.77,200.01,44.51,年报
同程旅行,2025Q1,OTA,43.77,13.22,6.69,68.65,68.82,,Wind万得｜季度披露型公司 2025Q1季报累计原值，2026-09-09拉取,15.5,33.21,7.02,0.56,3.73,-11.15,-3.02,383.24,204.04,44.23,季报
同程旅行,2025H1,OTA,90.47,11.53,13.11,57.86,66.86,,Wind万得｜季度披露型公司 2025H1中报原值（上半年累计），2026-09-09拉取,14.6,33.07,6.47,0.66,30.35,-35.6,-2.17,412.35,212.2,46.15,半年报
同程旅行,2025Q3,OTA,145.56,10.12,22.87,40.85,66.44,,Wind万得｜季度披露型公司 2025Q3季报累计原值，2026-09-09拉取,15.84,32.34,6.02,0.62,,,,409.87,223.85,42.95,季报
同程旅行,FY2025,OTA,193.96,11.85,23.71,20.1,66.29,,Wind万得｜季度披露型公司 FY2025年报原值（全年累计），2026-09-09拉取,12.42,32.38,6.53,0.97,43.11,-46.98,-10.85,419.45,225.55,43.8,年报
同程旅行,2026Q1,OTA,50.06,14.35,7.79,16.51,69.84,,Wind万得｜季度披露型公司 2026Q1季报累计原值，2026-09-09拉取,15.67,33.79,6.53,0.66,14.69,-17.77,-0.93,433.13,229.05,44.76,季报
同程旅行,2026H1,OTA,99.93,10.46,14.11,7.67,68.28,,Wind万得｜季度披露型公司 2026H1中报原值（上半年累计），2026-09-09拉取,14.19,33.21,7.13,0.64,26.34,-23.01,0.06,441.1,236.04,44.18,半年报
海底捞,FY2021,餐饮,411.12,43.68,-41.63,-1444.93,,,Wind万得｜半年度公司 FY2021年报原值（全年累计），2026-09-09拉取,-10.12,,,1.57,38.06,-49.53,43.11,280.21,79.15,71.71,年报
海底捞,FY2022,餐饮,310.39,-20.61,13.74,127.06,,,Wind万得｜半年度公司 FY2022年报原值（全年累计），2026-09-09拉取,4.42,,,1.53,61.52,-7.57,-49.88,214.39,74.43,65.22,年报
九毛九,FY2021,餐饮,41.8,53.96,3.4,174,,,Wind万得｜半年度公司 FY2021年报原值（全年累计），2026-09-09拉取,8.9,,,1.46,8.56,-4.9,-7.89,51.35,30.83,38.9,年报
九毛九,FY2022,餐饮,40.06,-4.1,0.49,-85.5,,,Wind万得｜半年度公司 FY2022年报原值（全年累计），2026-09-09拉取,1.39,,,1.33,6.84,-5.88,-4.81,54.07,31.74,40.83,年报
蜜雪集团,FY2021,茶饮,103.51,,19.1,,31.34,,Wind万得｜半年度公司 FY2021年报原值（全年累计），2026-09-09拉取,18.47,3.92,3.62,0.06,16.92,-18.32,7.27,73.16,55.37,24.24,年报
蜜雪集团,FY2022,茶饮,135.76,31.15,19.97,4.52,28.34,,Wind万得｜半年度公司 FY2022年报原值（全年累计），2026-09-09拉取,14.83,5.7,3.66,0.07,24.31,-22.02,-1.39,99.45,74.54,24.8,年报
古茗,FY2021,茶饮,43.84,,0.2,,29.97,,Wind万得｜半年度公司 FY2021年报原值（全年累计），2026-09-09拉取,0.55,4.25,2.82,0.12,2.67,-2.38,-0.43,20.43,-12.16,159.01,年报
古茗,FY2022,茶饮,55.59,26.81,3.67,1720.44,28.11,,Wind万得｜半年度公司 FY2022年报原值（全年累计），2026-09-09拉取,6.69,4.82,3.37,0.1,10.11,-0.57,0.05,30.32,-8.32,126.94,年报
中国东方教育,FY2021,教育,41.4,13.45,3.02,17.29,51.02,,Wind万得｜半年度公司 FY2021年报原值（全年累计），2026-09-09拉取,7.3,23.87,13.09,3.89,9.78,-6.28,-10.62,96.36,57.39,40.44,年报
中国东方教育,FY2022,教育,38.19,-7.75,3.67,21.31,49.52,,Wind万得｜半年度公司 FY2022年报原值（全年累计），2026-09-09拉取,9.6,24.78,13.41,4.09,6.22,-6.38,-8.8,94.73,56.99,39.84,年报
老铺黄金,FY2021,黄金珠宝,12.65,41.21,1.14,29.37,41.2,,Wind万得｜半年度公司 FY2021年报原值（全年累计），2026-09-09拉取,9.01,20.75,7.05,0.92,1.02,-0.31,-0.56,11.69,7.7,34.1,年报
老铺黄金,FY2022,黄金珠宝,12.94,2.34,0.95,-16.99,41.89,,Wind万得｜半年度公司 FY2022年报原值（全年累计），2026-09-09拉取,7.3,22.96,7.27,1.3,1.49,-0.35,-0.79,12.91,8.7,32.65,年报
华住集团-S,FY2021,酒店,127.85,25.39,-4.65,78.79,11.76,,Wind万得｜季度披露型公司 FY2021年报原值（全年累计），2026-09-09拉取,-3.75,5.01,12.08,2.47,13.42,-14.02,-18.01,632.69,109.35,82.54,年报
华住集团-S,FY2022,酒店,138.62,8.42,-18.21,-291.61,11.56,,Wind万得｜季度披露型公司 FY2022年报原值（全年累计），2026-09-09拉取,-13.34,4.42,12.08,2.32,15.64,-5.22,-13.94,615.07,87.29,85.69,年报
百胜中国,FY2021,餐饮,98.53,19.24,9.9,26.28,21.51,,Wind万得｜季度披露型公司 FY2021年报原值（全年累计(USD)），2026-09-09拉取,10.38,,5.72,,11.31,-8.55,-3.13,132.23,70.56,40.09,年报
百胜中国,FY2022,餐饮,95.69,-2.88,4.42,-55.35,18.18,,Wind万得｜季度披露型公司 FY2022年报原值（全年累计(USD)），2026-09-09拉取,5,,6.21,,14.13,-5.22,-8.44,118.26,64.82,39.46,年报
携程集团-S,FY2021,OTA,200.23,9.32,-5.5,83.06,77.04,,Wind万得｜季度披露型公司 FY2021年报原值（全年累计），2026-09-09拉取,-3.22,24.58,14.59,-2.83,24.75,-41.48,39.19,1918.59,1096.77,42.43,年报
携程集团-S,FY2022,OTA,200.39,0.08,14.03,355.09,77.48,,Wind万得｜季度披露型公司 FY2022年报原值（全年累计），2026-09-09拉取,6.82,21.21,14.21,-2.65,26.41,11.36,-67.17,1916.91,1122.83,41.04,年报
同程旅行,FY2021,OTA,75.38,27.05,7.23,120.82,74.93,,Wind万得｜季度披露型公司 FY2021年报原值（全年累计），2026-09-09拉取,9.47,40.28,7.58,-0.11,18.38,-15.63,-0.2,215.06,152.19,29.05,年报
同程旅行,FY2022,OTA,65.85,-12.54,-1.46,-120.18,72.56,,Wind万得｜季度披露型公司 FY2022年报原值（全年累计），2026-09-09拉取,-2.48,42.49,10.64,1.24,3.02,-3.97,15.35,250.35,157.32,36.13,年报
华住集团-S,2023Q1单季,酒店,44.8,67.1,9.9,257.14,27.46,,Wind万得｜季度披露型公司 2023Q1单季单季口径（Q1=一季报累计原值），2026-09-09拉取,22.32,4.35,9.49,1.92,18.44,19.81,14.62,649.72,117.49,81.79,单季
华住集团-S,2023Q2单季,酒店,55.3,-2,10.15,47.45,5.29,,Wind万得｜季度披露型公司 2023Q2单季单季口径（H1累计−Q1累计差分），2026-09-09拉取,-1.98,0.21,-0.48,-0.69,22.38,-11.32,-38.24,631.12,130.01,79.24,单季
华住集团-S,2023Q3单季,酒店,62.88,-4.62,13.37,-7.66,3.78,,Wind万得｜季度披露型公司 2023Q3单季单季口径（Q3累计−H1累计差分），2026-09-09拉取,0.45,0.01,-0.17,-0.33,11.81,-20.49,-6.13,627.62,143.58,76.94,单季
华住集团-S,2023Q4单季,酒店,55.84,-2.62,7.43,27.39,-2.06,,Wind万得｜季度披露型公司 2023Q4单季单季口径（FY累计−Q3累计差分），2026-09-09拉取,-1.91,0.32,0.69,-0.27,24.11,-2.77,-7.45,635.32,121.35,80.72,单季
华住集团-S,2024Q1单季,酒店,52.78,17.81,6.59,-33.43,32.46,,Wind万得｜季度披露型公司 2024Q1单季单季口径（Q1=一季报累计原值），2026-09-09拉取,12.64,4.93,9.64,0.61,8.86,3.48,-22.58,614.44,122.76,79.82,单季
华住集团-S,2024Q2单季,酒店,61.48,-3.67,10.67,19.52,3.69,,Wind万得｜季度披露型公司 2024Q2单季单季口径（H1累计−Q1累计差分），2026-09-09拉取,2.67,0.12,0.08,-0.08,22.35,3.46,-11.05,624.52,125.82,79.64,单季
华住集团-S,2024Q3单季,酒店,64.42,-4.51,12.73,3.65,,,Wind万得｜季度披露型公司 2024Q3单季单季口径（Q3累计−H1累计差分），2026-09-09拉取,,-0.12,0.26,-0.04,16.93,1.66,-21.04,620.39,121.32,,单季
华住集团-S,2024Q4单季,酒店,60.23,-0.45,0.49,-15.12,,,Wind万得｜季度披露型公司 2024Q4单季单季口径（FY累计−Q3累计差分），2026-09-09拉取,,0,0.52,-0.03,27.04,-30.99,-0.37,625.52,121.77,80.38,单季
华住集团-S,2025Q1单季,酒店,53.95,2.22,8.94,35.66,33.2,,Wind万得｜季度披露型公司 2025Q1单季单季口径（Q1=一季报累计原值），2026-09-09拉取,16.66,4.5,9.49,0.46,5.8,7.57,-6.28,615.59,104.95,82.75,单季
华住集团-S,2025Q2单季,酒店,64.26,1.24,15.44,5.59,4.57,,Wind万得｜季度披露型公司 2025Q2单季单季口径（H1累计−Q1累计差分），2026-09-09拉取,4.13,0.17,0.42,0.08,26.59,2.39,-7.09,647.79,121.53,81.02,单季
华住集团-S,2025Q3单季,酒店,69.61,1.66,14.69,-10.97,1.44,,Wind万得｜季度披露型公司 2025Q3单季单季口径（Q3累计−H1累计差分），2026-09-09拉取,0.13,0.07,-0.77,-0.06,16.97,-30.46,-18.13,635.52,118.8,81.08,单季
华住集团-S,2025Q4单季,酒店,65.25,0.81,11.73,36.39,0.18,,Wind万得｜季度披露型公司 2025Q4单季单季口径（FY累计−Q3累计差分），2026-09-09拉取,-0.71,0.27,-0.2,-0.03,34.43,10.08,-11.56,647.74,128.04,80,单季
华住集团-S,2026Q1单季,酒店,59.96,11.14,8.17,-8.61,39.04,,Wind万得｜季度披露型公司 2026Q1单季单季口径（Q1=一季报累计原值），2026-09-09拉取,13.66,4.77,9.34,0.18,2.33,14.24,4.16,641.63,109.47,82.7,单季
华住集团-S,2026Q2单季,酒店,71.21,-0.18,15.77,6.81,2.37,,Wind万得｜季度披露型公司 2026Q2单季单季口径（H1累计−Q1累计差分），2026-09-09拉取,4.64,-0.02,0.2,-0.04,34.08,18.39,-32.23,636.15,140.8,77.62,单季
百胜中国,2023Q1单季,餐饮,29.17,9.33,2.89,189,24.27,,Wind万得｜季度披露型公司 2023Q1单季单季口径（Q1=一季报累计原值），2026-09-09拉取,10.73,,5.59,,5.07,-4.29,-0.99,119.63,66.78,38.01,单季
百胜中国,2023Q2单季,餐饮,26.54,6.83,1.97,-23.43,-1.85,,Wind万得｜季度披露型公司 2023Q2单季单季口径（H1累计−Q1累计差分），2026-09-09拉取,-1.27,,0.08,,4.17,-1.69,-1.31,116.75,65.49,38.18,单季
百胜中国,2023Q3单季,餐饮,29.14,-2.74,2.44,-77.91,-0.33,,Wind万得｜季度披露型公司 2023Q3单季单季口径（Q3累计−H1累计差分），2026-09-09拉取,-0.1,,0.04,,4.1,-4.54,-0.1,120.7,65.71,39.86,单季
百胜中国,2023Q4单季,餐饮,24.93,1.3,0.97,-0.56,-1.34,,Wind万得｜季度披露型公司 2023Q4单季单季口径（FY累计−Q3累计差分），2026-09-09拉取,-1.15,,0.1,,1.39,3.09,-4.76,120.31,64.05,40.83,单季
百胜中国,2024Q1单季,餐饮,29.58,1.41,2.87,-0.69,22.21,,Wind万得｜季度披露型公司 2024Q1单季单季口径（Q1=一季报累计原值），2026-09-09拉取,10.38,,4.73,,4.42,0.99,-7.76,112.95,58.65,41.67,单季
百胜中国,2024Q2单季,餐饮,26.79,-0.22,2.12,3.37,-0.94,,Wind万得｜季度披露型公司 2024Q2单季单季口径（H1累计−Q1累计差分），2026-09-09拉取,-0.89,,,,4.01,-2.31,-0.09,115.68,58.12,43.97,单季
百胜中国,2024Q3单季,餐饮,30.71,1.44,2.97,6.37,0.19,,Wind万得｜季度披露型公司 2024Q3单季单季口径（Q3累计−H1累计差分），2026-09-09拉取,0.32,,,,4.09,1.04,-3.74,118.01,60.16,42.99,单季
百胜中国,2024Q4单季,餐饮,25.95,0.33,1.15,1.12,-0.84,,Wind万得｜季度披露型公司 2024Q4单季单季口径（FY累计−Q3累计差分），2026-09-09拉取,-1.14,,,,1.67,-1.5,-4.77,111.21,57.28,42.21,单季
百胜中国,2025Q1单季,餐饮,29.81,0.78,2.92,1.74,23.48,,Wind万得｜季度披露型公司 2025Q1单季单季口径（Q1=一季报累计原值），2026-09-09拉取,10.5,,,,4.52,-0.72,-2.8,110.02,57.84,41.47,单季
百胜中国,2025Q2单季,餐饮,27.87,1.55,2.15,-0.14,-1.01,,Wind万得｜季度披露型公司 2025Q2单季单季口径（H1累计−Q1累计差分），2026-09-09拉取,-1.03,,,,4.12,-2.18,-4.29,109.83,57.89,41.1,单季
百胜中国,2025Q3单季,餐饮,32.06,0.73,2.82,-2.48,0.07,,Wind万得｜季度披露型公司 2025Q3单季单季口径（Q3累计−H1累计差分），2026-09-09拉取,0.02,,,,4.77,-0.26,-3.98,110.34,56.92,42.12,单季
百胜中国,2025Q4单季,餐饮,28.23,1.32,1.4,2.86,-0.83,,Wind万得｜季度披露型公司 2025Q4单季单季口径（FY累计−Q3累计差分），2026-09-09拉取,-0.97,,0.33,,1.25,3.11,-5.82,107.83,53.79,43.44,单季
百胜中国,2026Q1单季,餐饮,32.71,9.73,3.09,5.82,23.75,,Wind万得｜季度披露型公司 2026Q1单季单季口径（Q1=一季报累计原值），2026-09-09拉取,10.12,,4.19,,5.5,-2.33,-3.53,108.37,54.33,43.65,单季
百胜中国,2026Q2单季,餐饮,31.38,1.38,2.44,3.25,-0.76,,Wind万得｜季度披露型公司 2026Q2单季单季口径（H1累计−Q1累计差分），2026-09-09拉取,-0.84,,0.12,,4.26,-0.32,-3.86,108.71,53.57,44.25,单季
携程集团-S,2023Q1单季,OTA,91.98,123.85,33.75,441.25,82.2,,Wind万得｜季度披露型公司 2023Q1单季单季口径（Q1=一季报累计原值），2026-09-09拉取,36.68,19.08,9.69,0.49,31.75,22.96,65.01,2091.33,1161.5,44.11,单季
携程集团-S,2023Q2单季,OTA,112.47,27.94,6.31,94.18,-0.03,,Wind万得｜季度披露型公司 2023Q2单季单季口径（H1累计−Q1累计差分），2026-09-09拉取,-17.01,1.02,-0.66,-0.06,,,,2182.16,1176.49,45.74,单季
携程集团-S,2023Q3单季,OTA,137.4,-24.07,46.15,882.76,-0.05,,Wind万得｜季度披露型公司 2023Q3单季单季口径（Q3累计−H1累计差分），2026-09-09拉取,5.66,-0.01,-0.62,-0.21,,,,2275.12,1228.21,45.67,单季
携程集团-S,2023Q4单季,OTA,103.25,-5.6,12.97,-811.28,-0.37,,Wind万得｜季度披露型公司 2023Q4单季单季口径（FY累计−Q3累计差分），2026-09-09拉取,-2.86,0.58,0,-0.27,,,,2191.37,1221.84,43.87,单季
携程集团-S,2024Q1单季,OTA,119.05,29.43,43.12,27.76,81.2,,Wind万得｜季度披露型公司 2024Q1单季单季口径（Q1=一季报累计原值），2026-09-09拉取,36.33,19.42,7.82,-0.78,24.53,-43.51,23.69,2285.06,1277.74,43.72,单季
携程集团-S,2024Q2单季,OTA,127.72,-8.73,38.33,75.56,0.36,,Wind万得｜季度披露型公司 2024Q2单季单季口径（H1累计−Q1累计差分），2026-09-09拉取,-3.05,1.44,0.32,-0.08,,,,2478.23,1305,46.98,单季
携程集团-S,2024Q3单季,OTA,158.73,-2.08,67.65,-30.37,0.31,,Wind万得｜季度披露型公司 2024Q3单季单季口径（Q3累计−H1累计差分），2026-09-09拉取,3.8,0.18,-0.61,-0.15,,,,2443,1391.43,42.64,单季
携程集团-S,2024Q4单季,OTA,127.44,1.12,21.57,-0.87,-0.62,,Wind万得｜季度披露型公司 2024Q4单季单季口径（FY累计−Q3累计差分），2026-09-09拉取,-4.76,1.3,0.14,-0.12,,,,2425.81,1425.5,40.85,单季
携程集团-S,2025Q1单季,OTA,138.3,16.17,42.77,-0.81,80.44,,Wind万得｜季度披露型公司 2025Q1单季单季口径（Q1=一季报累计原值），2026-09-09拉取,31.19,21.68,7.51,-2.56,,,,2477.62,1459.86,40.67,单季
携程集团-S,2025Q2单季,OTA,148.43,0.02,48.46,12.82,0.3,,Wind万得｜季度披露型公司 2025Q2单季单季口径（H1累计−Q1累计差分），2026-09-09拉取,0.87,0.37,-0.06,0.13,,,,2524.38,1484.37,40.79,单季
携程集团-S,2025Q3单季,OTA,183.38,-0.26,198.9,82.58,0.37,,Wind万得｜季度披露型公司 2025Q3单季单季口径（Q3累计−H1累计差分），2026-09-09拉取,29.86,0.29,-0.48,-0.1,,,,2705.78,1682.27,37.18,单季
携程集团-S,2025Q4单季,OTA,153.98,1.17,42.81,0.49,-0.53,,Wind万得｜季度披露型公司 2025Q4单季单季口径（FY累计−Q3累计差分），2026-09-09拉取,-8.43,1.53,0.2,-0.28,,,,2673.87,1709.49,35.45,单季
携程集团-S,2026Q1单季,OTA,162.08,17.19,24.99,-41.57,79.45,,Wind万得｜季度披露型公司 2026Q1单季单季口径（Q1=一季报累计原值），2026-09-09拉取,15.58,23.12,6.93,-2.76,,,,2632.13,1651.36,36.66,单季
同程旅行,2023Q1单季,OTA,25.86,50.04,3.78,273.64,75.05,,Wind万得｜季度披露型公司 2023Q1单季单季口径（Q1=一季报累计原值），2026-09-09拉取,14.19,36.17,7.2,0.46,8.74,-1.91,-3.47,269.8,162.08,38.96,单季
同程旅行,2023Q2单季,OTA,28.66,26.92,3.56,2194.02,0.22,,Wind万得｜季度披露型公司 2023Q2单季单季口径（H1累计−Q1累计差分），2026-09-09拉取,-0.79,1.44,0.05,-0.2,13.97,0.88,0.29,284.81,166.97,40.45,单季
同程旅行,2023Q3单季,OTA,32.99,-5.65,5.1,-1342.77,-0.27,,Wind万得｜季度披露型公司 2023Q3单季单季口径（Q3累计−H1累计差分），2026-09-09拉取,0.63,-0.19,-0.58,-0.29,,,,298.66,172.9,41.16,单季
同程旅行,2023Q4单季,OTA,31.45,9.26,3.1,39.52,-1.54,,Wind万得｜季度披露型公司 2023Q4单季单季口径（FY累计−Q3累计差分），2026-09-09拉取,-0.88,0.16,-0.7,-0.09,,,,317.17,177.03,41.52,单季
同程旅行,2024Q1单季,OTA,38.66,44.72,3.97,4.95,65.04,,Wind万得｜季度披露型公司 2024Q1单季单季口径（Q1=一季报累计原值），2026-09-09拉取,10.35,35.39,6.86,0.22,4.84,12.36,8.71,336.73,180.08,43.74,单季
同程旅行,2024Q2单季,OTA,42.45,3.15,4.34,8.2,-0.21,,Wind万得｜季度披露型公司 2024Q2单季单季口径（H1累计−Q1累计差分），2026-09-09拉取,-0.18,-0.2,-0.27,-0.33,8.1,-6.59,-1.83,346.38,186.13,43.57,单季
同程旅行,2024Q3单季,OTA,49.91,-0.04,7.93,17.35,-0.55,,Wind万得｜季度披露型公司 2024Q3单季单季口径（Q3累计−H1累计差分），2026-09-09拉取,2.18,-2.38,-0.04,0.14,,,,366.97,195.22,44.22,单季
同程旅行,2024Q4单季,OTA,42.38,-2.06,3.51,-3.46,-0.2,,Wind万得｜季度披露型公司 2024Q4单季单季口径（FY累计−Q3累计差分），2026-09-09拉取,-0.89,-0.4,0.41,0.22,,,,377.77,200.01,44.51,单季
同程旅行,2025Q1单季,OTA,43.77,13.22,6.69,68.65,68.82,,Wind万得｜季度披露型公司 2025Q1单季单季口径（Q1=一季报累计原值），2026-09-09拉取,15.5,33.21,7.02,0.56,3.73,-11.15,-3.02,383.24,204.04,44.23,单季
同程旅行,2025Q2单季,OTA,46.69,-1.69,6.42,-10.79,-1.96,,Wind万得｜季度披露型公司 2025Q2单季单季口径（H1累计−Q1累计差分），2026-09-09拉取,-0.9,-0.13,-0.55,0.09,26.62,-24.44,0.85,412.35,212.2,46.15,单季
同程旅行,2025Q3单季,OTA,55.09,-1.41,9.76,-17.01,-0.42,,Wind万得｜季度披露型公司 2025Q3单季单季口径（Q3累计−H1累计差分），2026-09-09拉取,1.24,-0.73,-0.45,-0.03,,,,409.87,223.85,42.95,单季
同程旅行,2025Q4单季,OTA,48.4,1.73,0.85,-20.75,-0.15,,Wind万得｜季度披露型公司 2025Q4单季单季口径（FY累计−Q3累计差分），2026-09-09拉取,-3.42,0.05,0.5,0.35,,,,419.45,225.55,43.8,单季
同程旅行,2026Q1单季,OTA,50.06,14.35,7.79,16.51,69.84,,Wind万得｜季度披露型公司 2026Q1单季单季口径（Q1=一季报累计原值），2026-09-09拉取,15.67,33.79,6.53,0.66,14.69,-17.77,-0.93,433.13,229.05,44.76,单季
同程旅行,2026Q2单季,OTA,49.87,-3.9,6.32,-8.84,-1.57,,Wind万得｜季度披露型公司 2026Q2单季单季口径（H1累计−Q1累计差分），2026-09-09拉取,-1.48,-0.58,0.6,-0.02,11.64,-5.24,0.99,441.1,236.04,44.18,单季
