数据分类,指标名称,指标代码,单位,频率,数据日期,数值,同比(%),年初至今(%),备注,数据来源
全国大盘,全国酒店OCC,,%,周,2019-01-06T00:00:00Z,58.35,,,,酒店之家(STR)
全国大盘,全国酒店ADR,,元,周,2019-01-06T00:00:00Z,212.58,,,,酒店之家(STR)
全国大盘,全国酒店RevPAR,,元,周,2019-01-06T00:00:00Z,124.0404,,,,酒店之家(STR)
全国大盘,全国酒店OCC,,%,周,2019-01-13T00:00:00Z,63.97,,,,酒店之家(STR)
全国大盘,全国酒店ADR,,元,周,2019-01-13T00:00:00Z,206.32,,,,酒店之家(STR)
全国大盘,全国酒店RevPAR,,元,周,2019-01-13T00:00:00Z,131.9829,,,,酒店之家(STR)
全国大盘,全国酒店OCC,,%,周,2019-01-20T00:00:00Z,64.17,,,,酒店之家(STR)
全国大盘,全国酒店ADR,,元,周,2019-01-20T00:00:00Z,209.43,,,,酒店之家(STR)
全国大盘,全国酒店RevPAR,,元,周,2019-01-20T00:00:00Z,134.3912,,,,酒店之家(STR)
全国大盘,全国酒店OCC,,%,周,2019-01-27T00:00:00Z,60.84,,,,酒店之家(STR)
全国大盘,全国酒店ADR,,元,周,2019-01-27T00:00:00Z,212.19,,,,酒店之家(STR)
全国大盘,全国酒店RevPAR,,元,周,2019-01-27T00:00:00Z,129.0964,,,,酒店之家(STR)
全国大盘,全国酒店OCC,,%,周,2019-02-03T00:00:00Z,47.19,,,,酒店之家(STR)
全国大盘,全国酒店ADR,,元,周,2019-02-03T00:00:00Z,219.21,,,,酒店之家(STR)
全国大盘,全国酒店RevPAR,,元,周,2019-02-03T00:00:00Z,103.4452,,,,酒店之家(STR)
全国大盘,全国酒店OCC,,%,周,2019-02-10T00:00:00Z,54.89,,,,酒店之家(STR)
全国大盘,全国酒店ADR,,元,周,2019-02-10T00:00:00Z,315.52,,,,酒店之家(STR)
全国大盘,全国酒店RevPAR,,元,周,2019-02-10T00:00:00Z,173.1889,,,,酒店之家(STR)
全国大盘,全国酒店OCC,,%,周,2019-02-17T00:00:00Z,62.4,,,,酒店之家(STR)
全国大盘,全国酒店ADR,,元,周,2019-02-17T00:00:00Z,219.76,,,,酒店之家(STR)
全国大盘,全国酒店RevPAR,,元,周,2019-02-17T00:00:00Z,137.1302,,,,酒店之家(STR)
全国大盘,全国酒店OCC,,%,周,2019-02-24T00:00:00Z,63.39,,,,酒店之家(STR)
全国大盘,全国酒店ADR,,元,周,2019-02-24T00:00:00Z,198.53,,,,酒店之家(STR)
全国大盘,全国酒店RevPAR,,元,周,2019-02-24T00:00:00Z,125.8482,,,,酒店之家(STR)
全国大盘,全国酒店OCC,,%,周,2019-03-03T00:00:00Z,64.4,,,,酒店之家(STR)
全国大盘,全国酒店ADR,,元,周,2019-03-03T00:00:00Z,201.38,,,,酒店之家(STR)
全国大盘,全国酒店RevPAR,,元,周,2019-03-03T00:00:00Z,129.6887,,,,酒店之家(STR)
全国大盘,全国酒店OCC,,%,周,2019-03-10T00:00:00Z,63.97,,,,酒店之家(STR)
全国大盘,全国酒店ADR,,元,周,2019-03-10T00:00:00Z,204.86,,,,酒店之家(STR)
全国大盘,全国酒店RevPAR,,元,周,2019-03-10T00:00:00Z,131.0489,,,,酒店之家(STR)
全国大盘,全国酒店OCC,,%,周,2019-03-17T00:00:00Z,64.06,,,,酒店之家(STR)
全国大盘,全国酒店ADR,,元,周,2019-03-17T00:00:00Z,207.04,,,,酒店之家(STR)
全国大盘,全国酒店RevPAR,,元,周,2019-03-17T00:00:00Z,132.6298,,,,酒店之家(STR)
全国大盘,全国酒店OCC,,%,周,2019-03-24T00:00:00Z,64.98,,,,酒店之家(STR)
全国大盘,全国酒店ADR,,元,周,2019-03-24T00:00:00Z,209.36,,,,酒店之家(STR)
全国大盘,全国酒店RevPAR,,元,周,2019-03-24T00:00:00Z,136.0421,,,,酒店之家(STR)
全国大盘,全国酒店OCC,,%,周,2019-03-31T00:00:00Z,63.69,,,,酒店之家(STR)
全国大盘,全国酒店ADR,,元,周,2019-03-31T00:00:00Z,205.82,,,,酒店之家(STR)
全国大盘,全国酒店RevPAR,,元,周,2019-03-31T00:00:00Z,131.0868,,,,酒店之家(STR)
全国大盘,全国酒店OCC,,%,周,2019-04-07T00:00:00Z,61.94,,,,酒店之家(STR)
全国大盘,全国酒店ADR,,元,周,2019-04-07T00:00:00Z,218.72,,,,酒店之家(STR)
全国大盘,全国酒店RevPAR,,元,周,2019-04-07T00:00:00Z,135.4752,,,,酒店之家(STR)
全国大盘,全国酒店OCC,,%,周,2019-04-14T00:00:00Z,64.87,,,,酒店之家(STR)
全国大盘,全国酒店ADR,,元,周,2019-04-14T00:00:00Z,207.83,,,,酒店之家(STR)
全国大盘,全国酒店RevPAR,,元,周,2019-04-14T00:00:00Z,134.8193,,,,酒店之家(STR)
全国大盘,全国酒店OCC,,%,周,2019-04-21T00:00:00Z,67.92,,,,酒店之家(STR)
全国大盘,全国酒店ADR,,元,周,2019-04-21T00:00:00Z,213.39,,,,酒店之家(STR)
全国大盘,全国酒店RevPAR,,元,周,2019-04-21T00:00:00Z,144.9345,,,,酒店之家(STR)
全国大盘,全国酒店OCC,,%,周,2019-04-28T00:00:00Z,63.95,,,,酒店之家(STR)
全国大盘,全国酒店ADR,,元,周,2019-04-28T00:00:00Z,210.77,,,,酒店之家(STR)
全国大盘,全国酒店RevPAR,,元,周,2019-04-28T00:00:00Z,134.7874,,,,酒店之家(STR)
全国大盘,全国酒店OCC,,%,周,2019-05-05T00:00:00Z,67.21,,,,酒店之家(STR)
全国大盘,全国酒店ADR,,元,周,2019-05-05T00:00:00Z,255.25,,,,酒店之家(STR)
全国大盘,全国酒店RevPAR,,元,周,2019-05-05T00:00:00Z,171.5535,,,,酒店之家(STR)
全国大盘,全国酒店OCC,,%,周,2019-05-12T00:00:00Z,61.14,,,,酒店之家(STR)
全国大盘,全国酒店ADR,,元,周,2019-05-12T00:00:00Z,204.12,,,,酒店之家(STR)
全国大盘,全国酒店RevPAR,,元,周,2019-05-12T00:00:00Z,124.799,,,,酒店之家(STR)
全国大盘,全国酒店OCC,,%,周,2019-05-19T00:00:00Z,65.57,,,,酒店之家(STR)
全国大盘,全国酒店ADR,,元,周,2019-05-19T00:00:00Z,205.6,,,,酒店之家(STR)
全国大盘,全国酒店RevPAR,,元,周,2019-05-19T00:00:00Z,134.8119,,,,酒店之家(STR)
全国大盘,全国酒店OCC,,%,周,2019-05-26T00:00:00Z,65.41,,,,酒店之家(STR)
全国大盘,全国酒店ADR,,元,周,2019-05-26T00:00:00Z,203.5,,,,酒店之家(STR)
全国大盘,全国酒店RevPAR,,元,周,2019-05-26T00:00:00Z,133.1094,,,,酒店之家(STR)
全国大盘,全国酒店OCC,,%,周,2019-06-02T00:00:00Z,59.92,,,,酒店之家(STR)
全国大盘,全国酒店ADR,,元,周,2019-06-02T00:00:00Z,200.79,,,,酒店之家(STR)
全国大盘,全国酒店RevPAR,,元,周,2019-06-02T00:00:00Z,120.3134,,,,酒店之家(STR)
全国大盘,全国酒店OCC,,%,周,2019-06-09T00:00:00Z,60.94,,,,酒店之家(STR)
全国大盘,全国酒店ADR,,元,周,2019-06-09T00:00:00Z,209.99,,,,酒店之家(STR)
全国大盘,全国酒店RevPAR,,元,周,2019-06-09T00:00:00Z,127.9679,,,,酒店之家(STR)
全国大盘,全国酒店OCC,,%,周,2019-06-16T00:00:00Z,63.5,,,,酒店之家(STR)
全国大盘,全国酒店ADR,,元,周,2019-06-16T00:00:00Z,200.82,,,,酒店之家(STR)
全国大盘,全国酒店RevPAR,,元,周,2019-06-16T00:00:00Z,127.5207,,,,酒店之家(STR)
全国大盘,全国酒店OCC,,%,周,2019-06-23T00:00:00Z,65.96,,,,酒店之家(STR)
全国大盘,全国酒店ADR,,元,周,2019-06-23T00:00:00Z,201.22,,,,酒店之家(STR)
全国大盘,全国酒店RevPAR,,元,周,2019-06-23T00:00:00Z,132.7247,,,,酒店之家(STR)
全国大盘,全国酒店OCC,,%,周,2019-06-30T00:00:00Z,65.39,,,,酒店之家(STR)
全国大盘,全国酒店ADR,,元,周,2019-06-30T00:00:00Z,204.1,,,,酒店之家(STR)
全国大盘,全国酒店RevPAR,,元,周,2019-06-30T00:00:00Z,133.461,,,,酒店之家(STR)
全国大盘,全国酒店OCC,,%,周,2019-07-07T00:00:00Z,65.85,,,,酒店之家(STR)
全国大盘,全国酒店ADR,,元,周,2019-07-07T00:00:00Z,209.5,,,,酒店之家(STR)
全国大盘,全国酒店RevPAR,,元,周,2019-07-07T00:00:00Z,137.9557,,,,酒店之家(STR)
全国大盘,全国酒店OCC,,%,周,2019-07-14T00:00:00Z,68.15,,,,酒店之家(STR)
全国大盘,全国酒店ADR,,元,周,2019-07-14T00:00:00Z,216.03,,,,酒店之家(STR)
全国大盘,全国酒店RevPAR,,元,周,2019-07-14T00:00:00Z,147.2244,,,,酒店之家(STR)
全国大盘,全国酒店OCC,,%,周,2019-07-21T00:00:00Z,70.97,,,,酒店之家(STR)
全国大盘,全国酒店ADR,,元,周,2019-07-21T00:00:00Z,224.6,,,,酒店之家(STR)
全国大盘,全国酒店RevPAR,,元,周,2019-07-21T00:00:00Z,159.3986,,,,酒店之家(STR)
全国大盘,全国酒店OCC,,%,周,2019-07-28T00:00:00Z,71.91,,,,酒店之家(STR)
全国大盘,全国酒店ADR,,元,周,2019-07-28T00:00:00Z,231.27,,,,酒店之家(STR)
全国大盘,全国酒店RevPAR,,元,周,2019-07-28T00:00:00Z,166.3063,,,,酒店之家(STR)
全国大盘,全国酒店OCC,,%,周,2019-08-04T00:00:00Z,70.89,,,,酒店之家(STR)
全国大盘,全国酒店ADR,,元,周,2019-08-04T00:00:00Z,234.32,,,,酒店之家(STR)
全国大盘,全国酒店RevPAR,,元,周,2019-08-04T00:00:00Z,166.1094,,,,酒店之家(STR)
全国大盘,全国酒店OCC,,%,周,2019-08-11T00:00:00Z,74.46,,,,酒店之家(STR)
全国大盘,全国酒店ADR,,元,周,2019-08-11T00:00:00Z,242.17,,,,酒店之家(STR)
全国大盘,全国酒店RevPAR,,元,周,2019-08-11T00:00:00Z,180.3198,,,,酒店之家(STR)
全国大盘,全国酒店OCC,,%,周,2019-08-18T00:00:00Z,71.82,,,,酒店之家(STR)
全国大盘,全国酒店ADR,,元,周,2019-08-18T00:00:00Z,242.62,,,,酒店之家(STR)
全国大盘,全国酒店RevPAR,,元,周,2019-08-18T00:00:00Z,174.2497,,,,酒店之家(STR)
全国大盘,全国酒店OCC,,%,周,2019-08-25T00:00:00Z,71.29,,,,酒店之家(STR)
全国大盘,全国酒店ADR,,元,周,2019-08-25T00:00:00Z,234.74,,,,酒店之家(STR)
全国大盘,全国酒店RevPAR,,元,周,2019-08-25T00:00:00Z,167.3461,,,,酒店之家(STR)
全国大盘,全国酒店OCC,,%,周,2019-09-01T00:00:00Z,64.32,,,,酒店之家(STR)
全国大盘,全国酒店ADR,,元,周,2019-09-01T00:00:00Z,208.38,,,,酒店之家(STR)
全国大盘,全国酒店RevPAR,,元,周,2019-09-01T00:00:00Z,134.03,,,,酒店之家(STR)
全国大盘,全国酒店OCC,,%,周,2019-09-08T00:00:00Z,63.54,,,,酒店之家(STR)
全国大盘,全国酒店ADR,,元,周,2019-09-08T00:00:00Z,198.51,,,,酒店之家(STR)
全国大盘,全国酒店RevPAR,,元,周,2019-09-08T00:00:00Z,126.1333,,,,酒店之家(STR)
全国大盘,全国酒店OCC,,%,周,2019-09-15T00:00:00Z,58.28,,,,酒店之家(STR)
全国大盘,全国酒店ADR,,元,周,2019-09-15T00:00:00Z,201.71,,,,酒店之家(STR)
全国大盘,全国酒店RevPAR,,元,周,2019-09-15T00:00:00Z,117.5566,,,,酒店之家(STR)
全国大盘,全国酒店OCC,,%,周,2019-09-22T00:00:00Z,63.9,,,,酒店之家(STR)
全国大盘,全国酒店ADR,,元,周,2019-09-22T00:00:00Z,200.3,,,,酒店之家(STR)
全国大盘,全国酒店RevPAR,,元,周,2019-09-22T00:00:00Z,127.9917,,,,酒店之家(STR)
全国大盘,全国酒店OCC,,%,周,2019-09-29T00:00:00Z,58.73,,,,酒店之家(STR)
全国大盘,全国酒店ADR,,元,周,2019-09-29T00:00:00Z,197.55,,,,酒店之家(STR)
全国大盘,全国酒店RevPAR,,元,周,2019-09-29T00:00:00Z,116.0211,,,,酒店之家(STR)
全国大盘,全国酒店OCC,,%,周,2019-10-06T00:00:00Z,73.72,,,,酒店之家(STR)
全国大盘,全国酒店ADR,,元,周,2019-10-06T00:00:00Z,279.99,,,,酒店之家(STR)
全国大盘,全国酒店RevPAR,,元,周,2019-10-06T00:00:00Z,206.4086,,,,酒店之家(STR)
全国大盘,全国酒店OCC,,%,周,2019-10-13T00:00:00Z,56.3,,,,酒店之家(STR)
全国大盘,全国酒店ADR,,元,周,2019-10-13T00:00:00Z,192.83,,,,酒店之家(STR)
全国大盘,全国酒店RevPAR,,元,周,2019-10-13T00:00:00Z,108.5633,,,,酒店之家(STR)
全国大盘,全国酒店OCC,,%,周,2019-10-20T00:00:00Z,65.63,,,,酒店之家(STR)
全国大盘,全国酒店ADR,,元,周,2019-10-20T00:00:00Z,205.13,,,,酒店之家(STR)
全国大盘,全国酒店RevPAR,,元,周,2019-10-20T00:00:00Z,134.6268,,,,酒店之家(STR)
全国大盘,全国酒店OCC,,%,周,2019-10-27T00:00:00Z,64.14,,,,酒店之家(STR)
全国大盘,全国酒店ADR,,元,周,2019-10-27T00:00:00Z,202.28,,,,酒店之家(STR)
全国大盘,全国酒店RevPAR,,元,周,2019-10-27T00:00:00Z,129.7424,,,,酒店之家(STR)
全国大盘,全国酒店OCC,,%,周,2019-11-03T00:00:00Z,60.68,,,,酒店之家(STR)
全国大盘,全国酒店ADR,,元,周,2019-11-03T00:00:00Z,198.11,,,,酒店之家(STR)
全国大盘,全国酒店RevPAR,,元,周,2019-11-03T00:00:00Z,120.2131,,,,酒店之家(STR)
全国大盘,全国酒店OCC,,%,周,2019-11-10T00:00:00Z,60.51,,,,酒店之家(STR)
全国大盘,全国酒店ADR,,元,周,2019-11-10T00:00:00Z,197.09,,,,酒店之家(STR)
全国大盘,全国酒店RevPAR,,元,周,2019-11-10T00:00:00Z,119.2592,,,,酒店之家(STR)
全国大盘,全国酒店OCC,,%,周,2019-11-17T00:00:00Z,61.19,,,,酒店之家(STR)
全国大盘,全国酒店ADR,,元,周,2019-11-17T00:00:00Z,195.66,,,,酒店之家(STR)
全国大盘,全国酒店RevPAR,,元,周,2019-11-17T00:00:00Z,119.7244,,,,酒店之家(STR)
全国大盘,全国酒店OCC,,%,周,2019-11-24T00:00:00Z,61,,,,酒店之家(STR)
全国大盘,全国酒店ADR,,元,周,2019-11-24T00:00:00Z,194.03,,,,酒店之家(STR)
全国大盘,全国酒店RevPAR,,元,周,2019-11-24T00:00:00Z,118.3583,,,,酒店之家(STR)
全国大盘,全国酒店OCC,,%,周,2019-12-01T00:00:00Z,59.91,,,,酒店之家(STR)
全国大盘,全国酒店ADR,,元,周,2019-12-01T00:00:00Z,189.65,,,,酒店之家(STR)
全国大盘,全国酒店RevPAR,,元,周,2019-12-01T00:00:00Z,113.6193,,,,酒店之家(STR)
全国大盘,全国酒店OCC,,%,周,2019-12-08T00:00:00Z,59.17,,,,酒店之家(STR)
全国大盘,全国酒店ADR,,元,周,2019-12-08T00:00:00Z,192.65,,,,酒店之家(STR)
全国大盘,全国酒店RevPAR,,元,周,2019-12-08T00:00:00Z,113.991,,,,酒店之家(STR)
全国大盘,全国酒店OCC,,%,周,2019-12-15T00:00:00Z,59.92,,,,酒店之家(STR)
全国大盘,全国酒店ADR,,元,周,2019-12-15T00:00:00Z,192.77,,,,酒店之家(STR)
全国大盘,全国酒店RevPAR,,元,周,2019-12-15T00:00:00Z,115.5078,,,,酒店之家(STR)
全国大盘,全国酒店OCC,,%,周,2019-12-22T00:00:00Z,61.45,,,,酒店之家(STR)
全国大盘,全国酒店ADR,,元,周,2019-12-22T00:00:00Z,196.18,,,,酒店之家(STR)
全国大盘,全国酒店RevPAR,,元,周,2019-12-22T00:00:00Z,120.5526,,,,酒店之家(STR)
全国大盘,全国酒店OCC,,%,周,2019-12-29T00:00:00Z,59.02,,,,酒店之家(STR)
全国大盘,全国酒店ADR,,元,周,2019-12-29T00:00:00Z,194.78,,,,酒店之家(STR)
全国大盘,全国酒店RevPAR,,元,周,2019-12-29T00:00:00Z,114.9592,,,,酒店之家(STR)
全国大盘,全国酒店OCC,,%,周,2020-01-05T00:00:00Z,53.67,-8.02,,,酒店之家(STR)
全国大盘,全国酒店ADR,,元,周,2020-01-05T00:00:00Z,192.63,-9.38,,,酒店之家(STR)
全国大盘,全国酒店RevPAR,,元,周,2020-01-05T00:00:00Z,103.3845,-16.65,,,酒店之家(STR)
全国大盘,全国酒店OCC,,%,周,2020-01-12T00:00:00Z,63.43,-0.84,,,酒店之家(STR)
全国大盘,全国酒店ADR,,元,周,2020-01-12T00:00:00Z,192.74,-6.58,,,酒店之家(STR)
全国大盘,全国酒店RevPAR,,元,周,2020-01-12T00:00:00Z,122.255,-7.37,,,酒店之家(STR)
全国大盘,全国酒店OCC,,%,周,2020-01-19T00:00:00Z,60.97,-4.99,,,酒店之家(STR)
全国大盘,全国酒店ADR,,元,周,2020-01-19T00:00:00Z,197.61,-5.64,,,酒店之家(STR)
全国大盘,全国酒店RevPAR,,元,周,2020-01-19T00:00:00Z,120.4828,-10.35,,,酒店之家(STR)
全国大盘,全国酒店OCC,,%,周,2020-01-26T00:00:00Z,36.28,-40.37,,,酒店之家(STR)
全国大盘,全国酒店ADR,,元,周,2020-01-26T00:00:00Z,217.15,2.34,,,酒店之家(STR)
全国大盘,全国酒店RevPAR,,元,周,2020-01-26T00:00:00Z,78.782,-38.97,,,酒店之家(STR)
全国大盘,全国酒店OCC,,%,周,2020-02-02T00:00:00Z,23.62,-49.95,,,酒店之家(STR)
全国大盘,全国酒店ADR,,元,周,2020-02-02T00:00:00Z,191.14,-12.81,,,酒店之家(STR)
全国大盘,全国酒店RevPAR,,元,周,2020-02-02T00:00:00Z,45.1473,-56.36,,,酒店之家(STR)
全国大盘,全国酒店OCC,,%,周,2020-02-09T00:00:00Z,24.9,-54.64,,,酒店之家(STR)
全国大盘,全国酒店ADR,,元,周,2020-02-09T00:00:00Z,189.69,-39.88,,,酒店之家(STR)
全国大盘,全国酒店RevPAR,,元,周,2020-02-09T00:00:00Z,47.2328,-72.73,,,酒店之家(STR)
全国大盘,全国酒店OCC,,%,周,2020-02-16T00:00:00Z,27.25,-56.33,,,酒店之家(STR)
全国大盘,全国酒店ADR,,元,周,2020-02-16T00:00:00Z,196.46,-10.6,,,酒店之家(STR)
全国大盘,全国酒店RevPAR,,元,周,2020-02-16T00:00:00Z,53.5354,-60.96,,,酒店之家(STR)
全国大盘,全国酒店OCC,,%,周,2020-02-23T00:00:00Z,30.01,-52.66,,,酒店之家(STR)
全国大盘,全国酒店ADR,,元,周,2020-02-23T00:00:00Z,185.38,-6.62,,,酒店之家(STR)
全国大盘,全国酒店RevPAR,,元,周,2020-02-23T00:00:00Z,55.6325,-55.79,,,酒店之家(STR)
全国大盘,全国酒店OCC,,%,周,2020-03-01T00:00:00Z,33.02,-48.73,,,酒店之家(STR)
全国大盘,全国酒店ADR,,元,周,2020-03-01T00:00:00Z,175.13,-13.04,,,酒店之家(STR)
全国大盘,全国酒店RevPAR,,元,周,2020-03-01T00:00:00Z,57.8279,-55.41,,,酒店之家(STR)
全国大盘,全国酒店OCC,,%,周,2020-03-08T00:00:00Z,34.05,-46.77,,,酒店之家(STR)
全国大盘,全国酒店ADR,,元,周,2020-03-08T00:00:00Z,169.74,-17.14,,,酒店之家(STR)
全国大盘,全国酒店RevPAR,,元,周,2020-03-08T00:00:00Z,57.7965,-55.9,,,酒店之家(STR)
全国大盘,全国酒店OCC,,%,周,2020-03-15T00:00:00Z,36.77,-42.6,,,酒店之家(STR)
全国大盘,全国酒店ADR,,元,周,2020-03-15T00:00:00Z,166.52,-19.57,,,酒店之家(STR)
全国大盘,全国酒店RevPAR,,元,周,2020-03-15T00:00:00Z,61.2294,-53.83,,,酒店之家(STR)
全国大盘,全国酒店OCC,,%,周,2020-03-22T00:00:00Z,40.01,-38.43,,,酒店之家(STR)
全国大盘,全国酒店ADR,,元,周,2020-03-22T00:00:00Z,163.63,-21.84,,,酒店之家(STR)
全国大盘,全国酒店RevPAR,,元,周,2020-03-22T00:00:00Z,65.4684,-51.88,,,酒店之家(STR)
全国大盘,全国酒店OCC,,%,周,2020-03-29T00:00:00Z,43.04,-32.42,,,酒店之家(STR)
全国大盘,全国酒店ADR,,元,周,2020-03-29T00:00:00Z,160.68,-21.93,,,酒店之家(STR)
全国大盘,全国酒店RevPAR,,元,周,2020-03-29T00:00:00Z,69.1567,-47.24,,,酒店之家(STR)
全国大盘,全国酒店OCC,,%,周,2020-04-05T00:00:00Z,43.41,-29.92,,,酒店之家(STR)
全国大盘,全国酒店ADR,,元,周,2020-04-05T00:00:00Z,161.77,-26.04,,,酒店之家(STR)
全国大盘,全国酒店RevPAR,,元,周,2020-04-05T00:00:00Z,70.2244,-48.16,,,酒店之家(STR)
全国大盘,全国酒店OCC,,%,周,2020-04-12T00:00:00Z,46.32,-28.6,,,酒店之家(STR)
全国大盘,全国酒店ADR,,元,周,2020-04-12T00:00:00Z,160.19,-22.92,,,酒店之家(STR)
全国大盘,全国酒店RevPAR,,元,周,2020-04-12T00:00:00Z,74.2,-44.96,,,酒店之家(STR)
全国大盘,全国酒店OCC,,%,周,2020-04-19T00:00:00Z,49.52,-27.09,,,酒店之家(STR)
全国大盘,全国酒店ADR,,元,周,2020-04-19T00:00:00Z,161.39,-24.37,,,酒店之家(STR)
全国大盘,全国酒店RevPAR,,元,周,2020-04-19T00:00:00Z,79.9203,-44.86,,,酒店之家(STR)
全国大盘,全国酒店OCC,,%,周,2020-04-26T00:00:00Z,49.74,-22.22,,,酒店之家(STR)
全国大盘,全国酒店ADR,,元,周,2020-04-26T00:00:00Z,161.17,-23.53,,,酒店之家(STR)
全国大盘,全国酒店RevPAR,,元,周,2020-04-26T00:00:00Z,80.166,-40.52,,,酒店之家(STR)
全国大盘,全国酒店OCC,,%,周,2020-05-03T00:00:00Z,52.71,-21.57,,,酒店之家(STR)
全国大盘,全国酒店ADR,,元,周,2020-05-03T00:00:00Z,182.08,-28.67,,,酒店之家(STR)
全国大盘,全国酒店RevPAR,,元,周,2020-05-03T00:00:00Z,95.9744,-44.06,,,酒店之家(STR)
全国大盘,全国酒店OCC,,%,周,2020-05-10T00:00:00Z,48.12,-21.3,,,酒店之家(STR)
全国大盘,全国酒店ADR,,元,周,2020-05-10T00:00:00Z,163.68,-19.81,,,酒店之家(STR)
全国大盘,全国酒店RevPAR,,元,周,2020-05-10T00:00:00Z,78.7628,-36.89,,,酒店之家(STR)
全国大盘,全国酒店OCC,,%,周,2020-05-17T00:00:00Z,53.69,-18.12,,,酒店之家(STR)
全国大盘,全国酒店ADR,,元,周,2020-05-17T00:00:00Z,166.37,-19.08,,,酒店之家(STR)
全国大盘,全国酒店RevPAR,,元,周,2020-05-17T00:00:00Z,89.3241,-33.74,,,酒店之家(STR)
全国大盘,全国酒店OCC,,%,周,2020-05-24T00:00:00Z,55.77,-14.74,,,酒店之家(STR)
全国大盘,全国酒店ADR,,元,周,2020-05-24T00:00:00Z,167.25,-17.81,,,酒店之家(STR)
全国大盘,全国酒店RevPAR,,元,周,2020-05-24T00:00:00Z,93.2753,-29.93,,,酒店之家(STR)
全国大盘,全国酒店OCC,,%,周,2020-05-31T00:00:00Z,54.81,-8.53,,,酒店之家(STR)
全国大盘,全国酒店ADR,,元,周,2020-05-31T00:00:00Z,167.7,-16.48,,,酒店之家(STR)
全国大盘,全国酒店RevPAR,,元,周,2020-05-31T00:00:00Z,91.9164,-23.6,,,酒店之家(STR)
全国大盘,全国酒店OCC,,%,周,2020-06-07T00:00:00Z,55.04,-9.68,,,酒店之家(STR)
全国大盘,全国酒店ADR,,元,周,2020-06-07T00:00:00Z,169.41,-19.32,,,酒店之家(STR)
全国大盘,全国酒店RevPAR,,元,周,2020-06-07T00:00:00Z,93.2433,-27.14,,,酒店之家(STR)
全国大盘,全国酒店OCC,,%,周,2020-06-14T00:00:00Z,58.11,-8.49,,,酒店之家(STR)
全国大盘,全国酒店ADR,,元,周,2020-06-14T00:00:00Z,171.05,-14.82,,,酒店之家(STR)
全国大盘,全国酒店RevPAR,,元,周,2020-06-14T00:00:00Z,99.3972,-22.05,,,酒店之家(STR)
全国大盘,全国酒店OCC,,%,周,2020-06-21T00:00:00Z,56.72,-14.01,,,酒店之家(STR)
全国大盘,全国酒店ADR,,元,周,2020-06-21T00:00:00Z,165.86,-17.57,,,酒店之家(STR)
全国大盘,全国酒店RevPAR,,元,周,2020-06-21T00:00:00Z,94.0758,-29.12,,,酒店之家(STR)
全国大盘,全国酒店OCC,,%,周,2020-06-28T00:00:00Z,54.27,-17.01,,,酒店之家(STR)
全国大盘,全国酒店ADR,,元,周,2020-06-28T00:00:00Z,171.59,-15.93,,,酒店之家(STR)
全国大盘,全国酒店RevPAR,,元,周,2020-06-28T00:00:00Z,93.1219,-30.23,,,酒店之家(STR)
全国大盘,全国酒店OCC,,%,周,2020-07-05T00:00:00Z,57.09,-13.3,,,酒店之家(STR)
全国大盘,全国酒店ADR,,元,周,2020-07-05T00:00:00Z,166.5,-20.53,,,酒店之家(STR)
全国大盘,全国酒店RevPAR,,元,周,2020-07-05T00:00:00Z,95.0548,-31.1,,,酒店之家(STR)
全国大盘,全国酒店OCC,,%,周,2020-07-12T00:00:00Z,63.48,-6.85,,,酒店之家(STR)
全国大盘,全国酒店ADR,,元,周,2020-07-12T00:00:00Z,174.03,-19.44,,,酒店之家(STR)
全国大盘,全国酒店RevPAR,,元,周,2020-07-12T00:00:00Z,110.4742,-24.96,,,酒店之家(STR)
全国大盘,全国酒店OCC,,%,周,2020-07-19T00:00:00Z,65.63,-7.52,,,酒店之家(STR)
全国大盘,全国酒店ADR,,元,周,2020-07-19T00:00:00Z,177.53,-20.96,,,酒店之家(STR)
全国大盘,全国酒店RevPAR,,元,周,2020-07-19T00:00:00Z,116.5129,-26.9,,,酒店之家(STR)
全国大盘,全国酒店OCC,,%,周,2020-07-26T00:00:00Z,66.77,-7.15,,,酒店之家(STR)
全国大盘,全国酒店ADR,,元,周,2020-07-26T00:00:00Z,183.22,-20.78,,,酒店之家(STR)
全国大盘,全国酒店RevPAR,,元,周,2020-07-26T00:00:00Z,122.336,-26.44,,,酒店之家(STR)
全国大盘,全国酒店OCC,,%,周,2020-08-02T00:00:00Z,67.29,-5.08,,,酒店之家(STR)
全国大盘,全国酒店ADR,,元,周,2020-08-02T00:00:00Z,187.8,-19.85,,,酒店之家(STR)
全国大盘,全国酒店RevPAR,,元,周,2020-08-02T00:00:00Z,126.3706,-23.92,,,酒店之家(STR)
全国大盘,全国酒店OCC,,%,周,2020-08-09T00:00:00Z,68.6,-7.87,,,酒店之家(STR)
全国大盘,全国酒店ADR,,元,周,2020-08-09T00:00:00Z,196.62,-18.81,,,酒店之家(STR)
全国大盘,全国酒店RevPAR,,元,周,2020-08-09T00:00:00Z,134.8813,-25.2,,,酒店之家(STR)
全国大盘,全国酒店OCC,,%,周,2020-08-16T00:00:00Z,70.61,-1.68,,,酒店之家(STR)
全国大盘,全国酒店ADR,,元,周,2020-08-16T00:00:00Z,201.33,-17.02,,,酒店之家(STR)
全国大盘,全国酒店RevPAR,,元,周,2020-08-16T00:00:00Z,142.1591,-18.42,,,酒店之家(STR)
全国大盘,全国酒店OCC,,%,周,2020-08-23T00:00:00Z,69.88,-1.98,,,酒店之家(STR)
全国大盘,全国酒店ADR,,元,周,2020-08-23T00:00:00Z,196.46,-16.31,,,酒店之家(STR)
全国大盘,全国酒店RevPAR,,元,周,2020-08-23T00:00:00Z,137.2862,-17.96,,,酒店之家(STR)
全国大盘,全国酒店OCC,,%,周,2020-08-30T00:00:00Z,60.67,-5.67,,,酒店之家(STR)
全国大盘,全国酒店ADR,,元,周,2020-08-30T00:00:00Z,187.58,-9.98,,,酒店之家(STR)
全国大盘,全国酒店RevPAR,,元,周,2020-08-30T00:00:00Z,113.8048,-15.09,,,酒店之家(STR)
全国大盘,全国酒店OCC,,%,周,2020-09-06T00:00:00Z,62.59,-1.5,,,酒店之家(STR)
全国大盘,全国酒店ADR,,元,周,2020-09-06T00:00:00Z,178.43,-10.12,,,酒店之家(STR)
全国大盘,全国酒店RevPAR,,元,周,2020-09-06T00:00:00Z,111.6793,-11.46,,,酒店之家(STR)
全国大盘,全国酒店OCC,,%,周,2020-09-13T00:00:00Z,66.35,13.85,,,酒店之家(STR)
全国大盘,全国酒店ADR,,元,周,2020-09-13T00:00:00Z,183.07,-9.24,,,酒店之家(STR)
全国大盘,全国酒店RevPAR,,元,周,2020-09-13T00:00:00Z,121.4669,3.33,,,酒店之家(STR)
全国大盘,全国酒店OCC,,%,周,2020-09-20T00:00:00Z,67.92,6.29,,,酒店之家(STR)
全国大盘,全国酒店ADR,,元,周,2020-09-20T00:00:00Z,185.6,-7.34,,,酒店之家(STR)
全国大盘,全国酒店RevPAR,,元,周,2020-09-20T00:00:00Z,126.0595,-1.51,,,酒店之家(STR)
全国大盘,全国酒店OCC,,%,周,2020-09-27T00:00:00Z,63.93,8.85,,,酒店之家(STR)
全国大盘,全国酒店ADR,,元,周,2020-09-27T00:00:00Z,183.47,-7.13,,,酒店之家(STR)
全国大盘,全国酒店RevPAR,,元,周,2020-09-27T00:00:00Z,117.2924,1.1,,,酒店之家(STR)
全国大盘,全国酒店OCC,,%,周,2020-10-04T00:00:00Z,68.09,-7.64,,,酒店之家(STR)
全国大盘,全国酒店ADR,,元,周,2020-10-04T00:00:00Z,245.16,-12.44,,,酒店之家(STR)
全国大盘,全国酒店RevPAR,,元,周,2020-10-04T00:00:00Z,166.9294,-19.13,,,酒店之家(STR)
全国大盘,全国酒店OCC,,%,周,2020-10-11T00:00:00Z,62.11,10.32,,,酒店之家(STR)
全国大盘,全国酒店ADR,,元,周,2020-10-11T00:00:00Z,202.68,5.11,,,酒店之家(STR)
全国大盘,全国酒店RevPAR,,元,周,2020-10-11T00:00:00Z,125.8845,15.95,,,酒店之家(STR)
全国大盘,全国酒店OCC,,%,周,2020-10-18T00:00:00Z,65.42,-0.32,,,酒店之家(STR)
全国大盘,全国酒店ADR,,元,周,2020-10-18T00:00:00Z,182.73,-10.92,,,酒店之家(STR)
全国大盘,全国酒店RevPAR,,元,周,2020-10-18T00:00:00Z,119.542,-11.2,,,酒店之家(STR)
全国大盘,全国酒店OCC,,%,周,2020-10-25T00:00:00Z,65.56,2.21,,,酒店之家(STR)
全国大盘,全国酒店ADR,,元,周,2020-10-25T00:00:00Z,183.7,-9.19,,,酒店之家(STR)
全国大盘,全国酒店RevPAR,,元,周,2020-10-25T00:00:00Z,120.4337,-7.17,,,酒店之家(STR)
全国大盘,全国酒店OCC,,%,周,2020-11-01T00:00:00Z,64.39,6.11,,,酒店之家(STR)
全国大盘,全国酒店ADR,,元,周,2020-11-01T00:00:00Z,181.87,-8.2,,,酒店之家(STR)
全国大盘,全国酒店RevPAR,,元,周,2020-11-01T00:00:00Z,117.1061,-2.58,,,酒店之家(STR)
全国大盘,全国酒店OCC,,%,周,2020-11-08T00:00:00Z,62.17,2.74,,,酒店之家(STR)
全国大盘,全国酒店ADR,,元,周,2020-11-08T00:00:00Z,183.89,-6.7,,,酒店之家(STR)
全国大盘,全国酒店RevPAR,,元,周,2020-11-08T00:00:00Z,114.3244,-4.14,,,酒店之家(STR)
全国大盘,全国酒店OCC,,%,周,2020-11-15T00:00:00Z,62.72,2.5,,,酒店之家(STR)
全国大盘,全国酒店ADR,,元,周,2020-11-15T00:00:00Z,183.48,-6.23,,,酒店之家(STR)
全国大盘,全国酒店RevPAR,,元,周,2020-11-15T00:00:00Z,115.0787,-3.88,,,酒店之家(STR)
全国大盘,全国酒店OCC,,%,周,2020-11-22T00:00:00Z,63.3,3.77,,,酒店之家(STR)
全国大盘,全国酒店ADR,,元,周,2020-11-22T00:00:00Z,182.92,-5.73,,,酒店之家(STR)
全国大盘,全国酒店RevPAR,,元,周,2020-11-22T00:00:00Z,115.7884,-2.17,,,酒店之家(STR)
全国大盘,全国酒店OCC,,%,周,2020-11-29T00:00:00Z,62.78,4.79,,,酒店之家(STR)
全国大盘,全国酒店ADR,,元,周,2020-11-29T00:00:00Z,183.59,-3.2,,,酒店之家(STR)
全国大盘,全国酒店RevPAR,,元,周,2020-11-29T00:00:00Z,115.2578,1.44,,,酒店之家(STR)
全国大盘,全国酒店OCC,,%,周,2020-12-06T00:00:00Z,61.83,4.5,,,酒店之家(STR)
全国大盘,全国酒店ADR,,元,周,2020-12-06T00:00:00Z,182.21,-5.42,,,酒店之家(STR)
全国大盘,全国酒店RevPAR,,元,周,2020-12-06T00:00:00Z,112.6604,-1.17,,,酒店之家(STR)
全国大盘,全国酒店OCC,,%,周,2020-12-13T00:00:00Z,61.68,2.94,,,酒店之家(STR)
全国大盘,全国酒店ADR,,元,周,2020-12-13T00:00:00Z,182.17,-5.5,,,酒店之家(STR)
全国大盘,全国酒店RevPAR,,元,周,2020-12-13T00:00:00Z,112.3625,-2.72,,,酒店之家(STR)
全国大盘,全国酒店OCC,,%,周,2020-12-20T00:00:00Z,62.01,0.91,,,酒店之家(STR)
全国大盘,全国酒店ADR,,元,周,2020-12-20T00:00:00Z,182.7,-6.87,,,酒店之家(STR)
全国大盘,全国酒店RevPAR,,元,周,2020-12-20T00:00:00Z,113.2923,-6.02,,,酒店之家(STR)
全国大盘,全国酒店OCC,,%,周,2020-12-27T00:00:00Z,62.94,6.64,,,酒店之家(STR)
全国大盘,全国酒店ADR,,元,周,2020-12-27T00:00:00Z,185.8,-4.61,,,酒店之家(STR)
全国大盘,全国酒店RevPAR,,元,周,2020-12-27T00:00:00Z,116.9425,1.73,,,酒店之家(STR)
全国大盘,全国酒店OCC,,%,周,2021-01-03T00:00:00Z,63.94,19.14,,,酒店之家(STR)
全国大盘,全国酒店ADR,,元,周,2021-01-03T00:00:00Z,188.64,-2.07,,,酒店之家(STR)
全国大盘,全国酒店RevPAR,,元,周,2021-01-03T00:00:00Z,120.6164,16.67,,,酒店之家(STR)
全国大盘,全国酒店OCC,,%,周,2021-01-10T00:00:00Z,55.79,-12.04,,,酒店之家(STR)
全国大盘,全国酒店ADR,,元,周,2021-01-10T00:00:00Z,169.44,-12.09,,,酒店之家(STR)
全国大盘,全国酒店RevPAR,,元,周,2021-01-10T00:00:00Z,94.5306,-22.68,,,酒店之家(STR)
全国大盘,全国酒店OCC,,%,周,2021-01-17T00:00:00Z,54.5,-10.61,,,酒店之家(STR)
全国大盘,全国酒店ADR,,元,周,2021-01-17T00:00:00Z,169.62,-14.16,,,酒店之家(STR)
全国大盘,全国酒店RevPAR,,元,周,2021-01-17T00:00:00Z,92.4429,-23.27,,,酒店之家(STR)
全国大盘,全国酒店OCC,,%,周,2021-01-24T00:00:00Z,51.18,41.07,,,酒店之家(STR)
全国大盘,全国酒店ADR,,元,周,2021-01-24T00:00:00Z,169.32,-22.03,,,酒店之家(STR)
全国大盘,全国酒店RevPAR,,元,周,2021-01-24T00:00:00Z,86.658,10,,,酒店之家(STR)
全国大盘,全国酒店OCC,,%,周,2021-01-31T00:00:00Z,46.78,98.05,,,酒店之家(STR)
全国大盘,全国酒店ADR,,元,周,2021-01-31T00:00:00Z,166.42,-12.93,,,酒店之家(STR)
全国大盘,全国酒店RevPAR,,元,周,2021-01-31T00:00:00Z,77.8513,72.44,,,酒店之家(STR)
全国大盘,全国酒店OCC,,%,周,2021-02-07T00:00:00Z,42.9,72.29,,,酒店之家(STR)
全国大盘,全国酒店ADR,,元,周,2021-02-07T00:00:00Z,168.63,-11.1,,,酒店之家(STR)
全国大盘,全国酒店RevPAR,,元,周,2021-02-07T00:00:00Z,72.3423,53.16,,,酒店之家(STR)
全国大盘,全国酒店OCC,,%,周,2021-02-14T00:00:00Z,33.06,21.32,,,酒店之家(STR)
全国大盘,全国酒店ADR,,元,周,2021-02-14T00:00:00Z,206.9,5.31,,,酒店之家(STR)
全国大盘,全国酒店RevPAR,,元,周,2021-02-14T00:00:00Z,68.4011,27.77,,,酒店之家(STR)
全国大盘,全国酒店OCC,,%,周,2021-02-21T00:00:00Z,48.69,62.25,,,酒店之家(STR)
全国大盘,全国酒店ADR,,元,周,2021-02-21T00:00:00Z,185.78,0.22,,,酒店之家(STR)
全国大盘,全国酒店RevPAR,,元,周,2021-02-21T00:00:00Z,90.4563,62.6,,,酒店之家(STR)
全国大盘,全国酒店OCC,,%,周,2021-02-28T00:00:00Z,55.12,66.93,,,酒店之家(STR)
全国大盘,全国酒店ADR,,元,周,2021-02-28T00:00:00Z,168.76,-3.64,,,酒店之家(STR)
全国大盘,全国酒店RevPAR,,元,周,2021-02-28T00:00:00Z,93.0205,60.86,,,酒店之家(STR)
全国大盘,全国酒店OCC,,%,周,2021-03-07T00:00:00Z,62.07,82.29,,,酒店之家(STR)
全国大盘,全国酒店ADR,,元,周,2021-03-07T00:00:00Z,173.85,2.42,,,酒店之家(STR)
全国大盘,全国酒店RevPAR,,元,周,2021-03-07T00:00:00Z,107.9087,86.7,,,酒店之家(STR)
全国大盘,全国酒店OCC,,%,周,2021-03-14T00:00:00Z,64.3,74.87,,,酒店之家(STR)
全国大盘,全国酒店ADR,,元,周,2021-03-14T00:00:00Z,180.1,8.16,,,酒店之家(STR)
全国大盘,全国酒店RevPAR,,元,周,2021-03-14T00:00:00Z,115.8043,89.13,,,酒店之家(STR)
全国大盘,全国酒店OCC,,%,周,2021-03-21T00:00:00Z,65.38,63.41,,,酒店之家(STR)
全国大盘,全国酒店ADR,,元,周,2021-03-21T00:00:00Z,188.01,14.9,,,酒店之家(STR)
全国大盘,全国酒店RevPAR,,元,周,2021-03-21T00:00:00Z,122.9209,87.76,,,酒店之家(STR)
全国大盘,全国酒店OCC,,%,周,2021-03-28T00:00:00Z,66.17,53.74,,,酒店之家(STR)
全国大盘,全国酒店ADR,,元,周,2021-03-28T00:00:00Z,191.73,19.32,,,酒店之家(STR)
全国大盘,全国酒店RevPAR,,元,周,2021-03-28T00:00:00Z,126.8677,83.45,,,酒店之家(STR)
全国大盘,全国酒店OCC,,%,周,2021-04-04T00:00:00Z,63.46,46.19,,,酒店之家(STR)
全国大盘,全国酒店ADR,,元,周,2021-04-04T00:00:00Z,203.8,25.98,,,酒店之家(STR)
全国大盘,全国酒店RevPAR,,元,周,2021-04-04T00:00:00Z,129.3315,84.17,,,酒店之家(STR)
全国大盘,全国酒店OCC,,%,周,2021-04-11T00:00:00Z,62.85,35.69,,,酒店之家(STR)
全国大盘,全国酒店ADR,,元,周,2021-04-11T00:00:00Z,189.54,18.32,,,酒店之家(STR)
全国大盘,全国酒店RevPAR,,元,周,2021-04-11T00:00:00Z,119.1259,60.55,,,酒店之家(STR)
全国大盘,全国酒店OCC,,%,周,2021-04-18T00:00:00Z,67.47,36.25,,,酒店之家(STR)
全国大盘,全国酒店ADR,,元,周,2021-04-18T00:00:00Z,197.83,22.58,,,酒店之家(STR)
全国大盘,全国酒店RevPAR,,元,周,2021-04-18T00:00:00Z,133.4759,67.01,,,酒店之家(STR)
全国大盘,全国酒店OCC,,%,周,2021-04-25T00:00:00Z,65.83,32.35,,,酒店之家(STR)
全国大盘,全国酒店ADR,,元,周,2021-04-25T00:00:00Z,194.71,20.81,,,酒店之家(STR)
全国大盘,全国酒店RevPAR,,元,周,2021-04-25T00:00:00Z,128.1776,59.89,,,酒店之家(STR)
全国大盘,全国酒店OCC,,%,周,2021-05-02T00:00:00Z,63.79,21.02,,,酒店之家(STR)
全国大盘,全国酒店ADR,,元,周,2021-05-02T00:00:00Z,254.14,39.58,,,酒店之家(STR)
全国大盘,全国酒店RevPAR,,元,周,2021-05-02T00:00:00Z,162.1159,68.92,,,酒店之家(STR)
全国大盘,全国酒店OCC,,%,周,2021-05-09T00:00:00Z,59.42,23.48,,,酒店之家(STR)
全国大盘,全国酒店ADR,,元,周,2021-05-09T00:00:00Z,221.53,35.34,,,酒店之家(STR)
全国大盘,全国酒店RevPAR,,元,周,2021-05-09T00:00:00Z,131.6331,67.13,,,酒店之家(STR)
全国大盘,全国酒店OCC,,%,周,2021-05-16T00:00:00Z,67.32,25.39,,,酒店之家(STR)
全国大盘,全国酒店ADR,,元,周,2021-05-16T00:00:00Z,196.41,18.06,,,酒店之家(STR)
全国大盘,全国酒店RevPAR,,元,周,2021-05-16T00:00:00Z,132.2232,48.03,,,酒店之家(STR)
全国大盘,全国酒店OCC,,%,周,2021-05-23T00:00:00Z,68.17,22.23,,,酒店之家(STR)
全国大盘,全国酒店ADR,,元,周,2021-05-23T00:00:00Z,193.69,15.81,,,酒店之家(STR)
全国大盘,全国酒店RevPAR,,元,周,2021-05-23T00:00:00Z,132.0385,41.56,,,酒店之家(STR)
全国大盘,全国酒店OCC,,%,周,2021-05-30T00:00:00Z,63.22,15.34,,,酒店之家(STR)
全国大盘,全国酒店ADR,,元,周,2021-05-30T00:00:00Z,188.63,12.48,,,酒店之家(STR)
全国大盘,全国酒店RevPAR,,元,周,2021-05-30T00:00:00Z,119.2519,29.74,,,酒店之家(STR)
全国大盘,全国酒店OCC,,%,周,2021-06-06T00:00:00Z,59.08,7.34,,,酒店之家(STR)
全国大盘,全国酒店ADR,,元,周,2021-06-06T00:00:00Z,183.48,8.31,,,酒店之家(STR)
全国大盘,全国酒店RevPAR,,元,周,2021-06-06T00:00:00Z,108.4,16.26,,,酒店之家(STR)
全国大盘,全国酒店OCC,,%,周,2021-06-13T00:00:00Z,62.38,7.35,,,酒店之家(STR)
全国大盘,全国酒店ADR,,元,周,2021-06-13T00:00:00Z,193.43,13.08,,,酒店之家(STR)
全国大盘,全国酒店RevPAR,,元,周,2021-06-13T00:00:00Z,120.6616,21.39,,,酒店之家(STR)
全国大盘,全国酒店OCC,,%,周,2021-06-20T00:00:00Z,60.97,7.49,,,酒店之家(STR)
全国大盘,全国酒店ADR,,元,周,2021-06-20T00:00:00Z,181.1,9.19,,,酒店之家(STR)
全国大盘,全国酒店RevPAR,,元,周,2021-06-20T00:00:00Z,110.4167,17.37,,,酒店之家(STR)
全国大盘,全国酒店OCC,,%,周,2021-06-27T00:00:00Z,63.61,17.21,,,酒店之家(STR)
全国大盘,全国酒店ADR,,元,周,2021-06-27T00:00:00Z,183.5,6.94,,,酒店之家(STR)
全国大盘,全国酒店RevPAR,,元,周,2021-06-27T00:00:00Z,116.7244,25.35,,,酒店之家(STR)
全国大盘,全国酒店OCC,,%,周,2021-07-04T00:00:00Z,63.24,10.77,,,酒店之家(STR)
全国大盘,全国酒店ADR,,元,周,2021-07-04T00:00:00Z,187.87,12.83,,,酒店之家(STR)
全国大盘,全国酒店RevPAR,,元,周,2021-07-04T00:00:00Z,118.809,24.99,,,酒店之家(STR)
全国大盘,全国酒店OCC,,%,周,2021-07-11T00:00:00Z,69.38,9.29,,,酒店之家(STR)
全国大盘,全国酒店ADR,,元,周,2021-07-11T00:00:00Z,199.83,14.83,,,酒店之家(STR)
全国大盘,全国酒店RevPAR,,元,周,2021-07-11T00:00:00Z,138.6421,25.5,,,酒店之家(STR)
全国大盘,全国酒店OCC,,%,周,2021-07-18T00:00:00Z,73.29,11.67,,,酒店之家(STR)
全国大盘,全国酒店ADR,,元,周,2021-07-18T00:00:00Z,211.17,18.95,,,酒店之家(STR)
全国大盘,全国酒店RevPAR,,元,周,2021-07-18T00:00:00Z,154.7665,32.83,,,酒店之家(STR)
全国大盘,全国酒店OCC,,%,周,2021-07-25T00:00:00Z,72.51,8.6,,,酒店之家(STR)
全国大盘,全国酒店ADR,,元,周,2021-07-25T00:00:00Z,216.52,18.17,,,酒店之家(STR)
全国大盘,全国酒店RevPAR,,元,周,2021-07-25T00:00:00Z,156.9987,28.33,,,酒店之家(STR)
全国大盘,全国酒店OCC,,%,周,2021-08-01T00:00:00Z,67.37,0.12,,,酒店之家(STR)
全国大盘,全国酒店ADR,,元,周,2021-08-01T00:00:00Z,207.26,10.36,,,酒店之家(STR)
全国大盘,全国酒店RevPAR,,元,周,2021-08-01T00:00:00Z,139.6311,10.49,,,酒店之家(STR)
全国大盘,全国酒店OCC,,%,周,2021-08-08T00:00:00Z,51.65,-24.71,,,酒店之家(STR)
全国大盘,全国酒店ADR,,元,周,2021-08-08T00:00:00Z,182.47,-7.2,,,酒店之家(STR)
全国大盘,全国酒店RevPAR,,元,周,2021-08-08T00:00:00Z,94.2458,-30.13,,,酒店之家(STR)
全国大盘,全国酒店OCC,,%,周,2021-08-15T00:00:00Z,50.26,-28.82,,,酒店之家(STR)
全国大盘,全国酒店ADR,,元,周,2021-08-15T00:00:00Z,177.87,-11.65,,,酒店之家(STR)
全国大盘,全国酒店RevPAR,,元,周,2021-08-15T00:00:00Z,89.3975,-37.11,,,酒店之家(STR)
全国大盘,全国酒店OCC,,%,周,2021-08-22T00:00:00Z,49.7,-28.88,,,酒店之家(STR)
全国大盘,全国酒店ADR,,元,周,2021-08-22T00:00:00Z,175.68,-10.58,,,酒店之家(STR)
全国大盘,全国酒店RevPAR,,元,周,2021-08-22T00:00:00Z,87.313,-36.4,,,酒店之家(STR)
全国大盘,全国酒店OCC,,%,周,2021-08-29T00:00:00Z,53.88,-11.19,,,酒店之家(STR)
全国大盘,全国酒店ADR,,元,周,2021-08-29T00:00:00Z,176.85,-5.72,,,酒店之家(STR)
全国大盘,全国酒店RevPAR,,元,周,2021-08-29T00:00:00Z,95.2868,-16.27,,,酒店之家(STR)
全国大盘,全国酒店OCC,,%,周,2021-09-05T00:00:00Z,55.47,-11.38,,,酒店之家(STR)
全国大盘,全国酒店ADR,,元,周,2021-09-05T00:00:00Z,175.98,-1.37,,,酒店之家(STR)
全国大盘,全国酒店RevPAR,,元,周,2021-09-05T00:00:00Z,97.6161,-12.59,,,酒店之家(STR)
全国大盘,全国酒店OCC,,%,周,2021-09-12T00:00:00Z,58.56,-11.74,,,酒店之家(STR)
全国大盘,全国酒店ADR,,元,周,2021-09-12T00:00:00Z,181.3,-0.97,,,酒店之家(STR)
全国大盘,全国酒店RevPAR,,元,周,2021-09-12T00:00:00Z,106.1693,-12.59,,,酒店之家(STR)
全国大盘,全国酒店OCC,,%,周,2021-09-19T00:00:00Z,59.27,-12.74,,,酒店之家(STR)
全国大盘,全国酒店ADR,,元,周,2021-09-19T00:00:00Z,184.97,-0.34,,,酒店之家(STR)
全国大盘,全国酒店RevPAR,,元,周,2021-09-19T00:00:00Z,109.6317,-13.03,,,酒店之家(STR)
全国大盘,全国酒店OCC,,%,周,2021-09-26T00:00:00Z,54.67,-14.48,,,酒店之家(STR)
全国大盘,全国酒店ADR,,元,周,2021-09-26T00:00:00Z,182.84,-0.34,,,酒店之家(STR)
全国大盘,全国酒店RevPAR,,元,周,2021-09-26T00:00:00Z,99.9586,-14.78,,,酒店之家(STR)
全国大盘,全国酒店OCC,,%,周,2021-10-03T00:00:00Z,64.88,-4.71,,,酒店之家(STR)
全国大盘,全国酒店ADR,,元,周,2021-10-03T00:00:00Z,233.69,-4.68,,,酒店之家(STR)
全国大盘,全国酒店RevPAR,,元,周,2021-10-03T00:00:00Z,151.6181,-9.17,,,酒店之家(STR)
全国大盘,全国酒店OCC,,%,周,2021-10-10T00:00:00Z,57.05,-8.15,,,酒店之家(STR)
全国大盘,全国酒店ADR,,元,周,2021-10-10T00:00:00Z,207.45,2.35,,,酒店之家(STR)
全国大盘,全国酒店RevPAR,,元,周,2021-10-10T00:00:00Z,118.3502,-5.99,,,酒店之家(STR)
全国大盘,全国酒店OCC,,%,周,2021-10-17T00:00:00Z,61.89,-5.4,,,酒店之家(STR)
全国大盘,全国酒店ADR,,元,周,2021-10-17T00:00:00Z,186.56,2.1,,,酒店之家(STR)
全国大盘,全国酒店RevPAR,,元,周,2021-10-17T00:00:00Z,115.462,-3.41,,,酒店之家(STR)
全国大盘,全国酒店OCC,,%,周,2021-10-24T00:00:00Z,60.83,-7.21,,,酒店之家(STR)
全国大盘,全国酒店ADR,,元,周,2021-10-24T00:00:00Z,185.25,0.84,,,酒店之家(STR)
全国大盘,全国酒店RevPAR,,元,周,2021-10-24T00:00:00Z,112.6876,-6.43,,,酒店之家(STR)
全国大盘,全国酒店OCC,,%,周,2021-10-31T00:00:00Z,55.16,-14.33,,,酒店之家(STR)
全国大盘,全国酒店ADR,,元,周,2021-10-31T00:00:00Z,177.92,-2.17,,,酒店之家(STR)
全国大盘,全国酒店RevPAR,,元,周,2021-10-31T00:00:00Z,98.1407,-16.2,,,酒店之家(STR)
全国大盘,全国酒店OCC,,%,周,2021-11-07T00:00:00Z,50.82,-18.26,,,酒店之家(STR)
全国大盘,全国酒店ADR,,元,周,2021-11-07T00:00:00Z,172.54,-6.17,,,酒店之家(STR)
全国大盘,全国酒店RevPAR,,元,周,2021-11-07T00:00:00Z,87.6848,-23.3,,,酒店之家(STR)
全国大盘,全国酒店OCC,,%,周,2021-11-14T00:00:00Z,51.05,-18.61,,,酒店之家(STR)
全国大盘,全国酒店ADR,,元,周,2021-11-14T00:00:00Z,170.26,-7.21,,,酒店之家(STR)
全国大盘,全国酒店RevPAR,,元,周,2021-11-14T00:00:00Z,86.9177,-24.47,,,酒店之家(STR)
全国大盘,全国酒店OCC,,%,周,2021-11-21T00:00:00Z,53.49,-15.5,,,酒店之家(STR)
全国大盘,全国酒店ADR,,元,周,2021-11-21T00:00:00Z,169.66,-7.25,,,酒店之家(STR)
全国大盘,全国酒店RevPAR,,元,周,2021-11-21T00:00:00Z,90.7511,-21.62,,,酒店之家(STR)
全国大盘,全国酒店OCC,,%,周,2021-11-28T00:00:00Z,55.79,-11.13,,,酒店之家(STR)
全国大盘,全国酒店ADR,,元,周,2021-11-28T00:00:00Z,172.03,-6.3,,,酒店之家(STR)
全国大盘,全国酒店RevPAR,,元,周,2021-11-28T00:00:00Z,95.9755,-16.73,,,酒店之家(STR)
全国大盘,全国酒店OCC,,%,周,2021-12-05T00:00:00Z,55.37,-10.45,,,酒店之家(STR)
全国大盘,全国酒店ADR,,元,周,2021-12-05T00:00:00Z,169.82,-6.8,,,酒店之家(STR)
全国大盘,全国酒店RevPAR,,元,周,2021-12-05T00:00:00Z,94.0293,-16.54,,,酒店之家(STR)
全国大盘,全国酒店OCC,,%,周,2021-12-12T00:00:00Z,55.99,-9.23,,,酒店之家(STR)
全国大盘,全国酒店ADR,,元,周,2021-12-12T00:00:00Z,170.76,-6.26,,,酒店之家(STR)
全国大盘,全国酒店RevPAR,,元,周,2021-12-12T00:00:00Z,95.6085,-14.91,,,酒店之家(STR)
全国大盘,全国酒店OCC,,%,周,2021-12-19T00:00:00Z,55.47,-10.55,,,酒店之家(STR)
全国大盘,全国酒店ADR,,元,周,2021-12-19T00:00:00Z,169.02,-7.49,,,酒店之家(STR)
全国大盘,全国酒店RevPAR,,元,周,2021-12-19T00:00:00Z,93.7554,-17.24,,,酒店之家(STR)
全国大盘,全国酒店OCC,,%,周,2021-12-26T00:00:00Z,57.11,-9.26,,,酒店之家(STR)
全国大盘,全国酒店ADR,,元,周,2021-12-26T00:00:00Z,177.28,-4.59,,,酒店之家(STR)
全国大盘,全国酒店RevPAR,,元,周,2021-12-26T00:00:00Z,101.2446,-13.42,,,酒店之家(STR)
全国大盘,全国酒店OCC,,%,周,2022-01-02T00:00:00Z,57.51,-10.06,,,酒店之家(STR)
全国大盘,全国酒店ADR,,元,周,2022-01-02T00:00:00Z,182.29,-3.37,,,酒店之家(STR)
全国大盘,全国酒店RevPAR,,元,周,2022-01-02T00:00:00Z,104.835,-13.08,,,酒店之家(STR)
全国大盘,全国酒店OCC,,%,周,2022-01-09T00:00:00Z,52.03,-6.74,,,酒店之家(STR)
全国大盘,全国酒店ADR,,元,周,2022-01-09T00:00:00Z,165.91,-2.08,,,酒店之家(STR)
全国大盘,全国酒店RevPAR,,元,周,2022-01-09T00:00:00Z,86.323,-8.68,,,酒店之家(STR)
全国大盘,全国酒店OCC,,%,周,2022-01-16T00:00:00Z,52.42,-3.82,,,酒店之家(STR)
全国大盘,全国酒店ADR,,元,周,2022-01-16T00:00:00Z,167.99,-0.96,,,酒店之家(STR)
全国大盘,全国酒店RevPAR,,元,周,2022-01-16T00:00:00Z,88.0604,-4.74,,,酒店之家(STR)
全国大盘,全国酒店OCC,,%,周,2022-01-23T00:00:00Z,49.72,-2.85,,,酒店之家(STR)
全国大盘,全国酒店ADR,,元,周,2022-01-23T00:00:00Z,167.34,-1.17,,,酒店之家(STR)
全国大盘,全国酒店RevPAR,,元,周,2022-01-23T00:00:00Z,83.2014,-3.99,,,酒店之家(STR)
全国大盘,全国酒店OCC,,%,周,2022-01-30T00:00:00Z,40.37,-13.7,,,酒店之家(STR)
全国大盘,全国酒店ADR,,元,周,2022-01-30T00:00:00Z,174.3,4.74,,,酒店之家(STR)
全国大盘,全国酒店RevPAR,,元,周,2022-01-30T00:00:00Z,70.3649,-9.62,,,酒店之家(STR)
全国大盘,全国酒店OCC,,%,周,2022-02-06T00:00:00Z,40.86,-4.76,,,酒店之家(STR)
全国大盘,全国酒店ADR,,元,周,2022-02-06T00:00:00Z,219.39,30.1,,,酒店之家(STR)
全国大盘,全国酒店RevPAR,,元,周,2022-02-06T00:00:00Z,89.6428,23.91,,,酒店之家(STR)
全国大盘,全国酒店OCC,,%,周,2022-02-13T00:00:00Z,51.75,56.53,,,酒店之家(STR)
全国大盘,全国酒店ADR,,元,周,2022-02-13T00:00:00Z,178.19,-13.88,,,酒店之家(STR)
全国大盘,全国酒店RevPAR,,元,周,2022-02-13T00:00:00Z,92.2133,34.81,,,酒店之家(STR)
全国大盘,全国酒店OCC,,%,周,2022-02-20T00:00:00Z,56.86,16.78,,,酒店之家(STR)
全国大盘,全国酒店ADR,,元,周,2022-02-20T00:00:00Z,168.37,-9.37,,,酒店之家(STR)
全国大盘,全国酒店RevPAR,,元,周,2022-02-20T00:00:00Z,95.7352,5.84,,,酒店之家(STR)
全国大盘,全国酒店OCC,,%,周,2022-02-27T00:00:00Z,58.41,5.97,,,酒店之家(STR)
全国大盘,全国酒店ADR,,元,周,2022-02-27T00:00:00Z,167.08,-1,,,酒店之家(STR)
全国大盘,全国酒店RevPAR,,元,周,2022-02-27T00:00:00Z,97.5914,4.91,,,酒店之家(STR)
全国大盘,全国酒店OCC,,%,周,2022-03-06T00:00:00Z,54.92,-11.52,,,酒店之家(STR)
全国大盘,全国酒店ADR,,元,周,2022-03-06T00:00:00Z,165.97,-4.53,,,酒店之家(STR)
全国大盘,全国酒店RevPAR,,元,周,2022-03-06T00:00:00Z,91.1507,-15.53,,,酒店之家(STR)
全国大盘,全国酒店OCC,,%,周,2022-03-13T00:00:00Z,52.94,-17.67,,,酒店之家(STR)
全国大盘,全国酒店ADR,,元,周,2022-03-13T00:00:00Z,162.68,-9.67,,,酒店之家(STR)
全国大盘,全国酒店RevPAR,,元,周,2022-03-13T00:00:00Z,86.1228,-25.63,,,酒店之家(STR)
全国大盘,全国酒店OCC,,%,周,2022-03-20T00:00:00Z,46.62,-28.69,,,酒店之家(STR)
全国大盘,全国酒店ADR,,元,周,2022-03-20T00:00:00Z,155.85,-17.11,,,酒店之家(STR)
全国大盘,全国酒店RevPAR,,元,周,2022-03-20T00:00:00Z,72.6573,-40.89,,,酒店之家(STR)
全国大盘,全国酒店OCC,,%,周,2022-03-27T00:00:00Z,44.37,-32.95,,,酒店之家(STR)
全国大盘,全国酒店ADR,,元,周,2022-03-27T00:00:00Z,155.18,-19.06,,,酒店之家(STR)
全国大盘,全国酒店RevPAR,,元,周,2022-03-27T00:00:00Z,68.8534,-45.73,,,酒店之家(STR)
全国大盘,全国酒店OCC,,%,周,2022-04-03T00:00:00Z,43.3,-31.77,,,酒店之家(STR)
全国大盘,全国酒店ADR,,元,周,2022-04-03T00:00:00Z,157.42,-22.76,,,酒店之家(STR)
全国大盘,全国酒店RevPAR,,元,周,2022-04-03T00:00:00Z,68.1629,-47.3,,,酒店之家(STR)
全国大盘,全国酒店OCC,,%,周,2022-04-10T00:00:00Z,41.24,-34.38,,,酒店之家(STR)
全国大盘,全国酒店ADR,,元,周,2022-04-10T00:00:00Z,154.69,-18.39,,,酒店之家(STR)
全国大盘,全国酒店RevPAR,,元,周,2022-04-10T00:00:00Z,63.7942,-46.45,,,酒店之家(STR)
全国大盘,全国酒店OCC,,%,周,2022-04-17T00:00:00Z,44.7,-33.75,,,酒店之家(STR)
全国大盘,全国酒店ADR,,元,周,2022-04-17T00:00:00Z,151.74,-23.3,,,酒店之家(STR)
全国大盘,全国酒店RevPAR,,元,周,2022-04-17T00:00:00Z,67.8278,-49.18,,,酒店之家(STR)
全国大盘,全国酒店OCC,,%,周,2022-04-24T00:00:00Z,46.17,-29.86,,,酒店之家(STR)
全国大盘,全国酒店ADR,,元,周,2022-04-24T00:00:00Z,153.58,-21.12,,,酒店之家(STR)
全国大盘,全国酒店RevPAR,,元,周,2022-04-24T00:00:00Z,70.9079,-44.68,,,酒店之家(STR)
全国大盘,全国酒店OCC,,%,周,2022-05-01T00:00:00Z,49.55,-22.32,,,酒店之家(STR)
全国大盘,全国酒店ADR,,元,周,2022-05-01T00:00:00Z,166.57,-34.46,,,酒店之家(STR)
全国大盘,全国酒店RevPAR,,元,周,2022-05-01T00:00:00Z,82.5354,-49.09,,,酒店之家(STR)
全国大盘,全国酒店OCC,,%,周,2022-05-08T00:00:00Z,46.09,-22.43,,,酒店之家(STR)
全国大盘,全国酒店ADR,,元,周,2022-05-08T00:00:00Z,161.57,-27.07,,,酒店之家(STR)
全国大盘,全国酒店RevPAR,,元,周,2022-05-08T00:00:00Z,74.4676,-43.43,,,酒店之家(STR)
全国大盘,全国酒店OCC,,%,周,2022-05-15T00:00:00Z,49.7,-26.17,,,酒店之家(STR)
全国大盘,全国酒店ADR,,元,周,2022-05-15T00:00:00Z,156.2,-20.47,,,酒店之家(STR)
全国大盘,全国酒店RevPAR,,元,周,2022-05-15T00:00:00Z,77.6314,-41.29,,,酒店之家(STR)
全国大盘,全国酒店OCC,,%,周,2022-05-22T00:00:00Z,52.97,-22.3,,,酒店之家(STR)
全国大盘,全国酒店ADR,,元,周,2022-05-22T00:00:00Z,159.63,-17.58,,,酒店之家(STR)
全国大盘,全国酒店RevPAR,,元,周,2022-05-22T00:00:00Z,84.556,-35.96,,,酒店之家(STR)
全国大盘,全国酒店OCC,,%,周,2022-05-29T00:00:00Z,52.71,-16.62,,,酒店之家(STR)
全国大盘,全国酒店ADR,,元,周,2022-05-29T00:00:00Z,159.77,-15.3,,,酒店之家(STR)
全国大盘,全国酒店RevPAR,,元,周,2022-05-29T00:00:00Z,84.2148,-29.38,,,酒店之家(STR)
全国大盘,全国酒店OCC,,%,周,2022-06-05T00:00:00Z,52.87,-10.51,,,酒店之家(STR)
全国大盘,全国酒店ADR,,元,周,2022-06-05T00:00:00Z,168.75,-8.03,,,酒店之家(STR)
全国大盘,全国酒店RevPAR,,元,周,2022-06-05T00:00:00Z,89.2181,-17.7,,,酒店之家(STR)
全国大盘,全国酒店OCC,,%,周,2022-06-12T00:00:00Z,57.07,-8.51,,,酒店之家(STR)
全国大盘,全国酒店ADR,,元,周,2022-06-12T00:00:00Z,166.24,-14.06,,,酒店之家(STR)
全国大盘,全国酒店RevPAR,,元,周,2022-06-12T00:00:00Z,94.8732,-21.37,,,酒店之家(STR)
全国大盘,全国酒店OCC,,%,周,2022-06-19T00:00:00Z,60.06,-1.49,,,酒店之家(STR)
全国大盘,全国酒店ADR,,元,周,2022-06-19T00:00:00Z,169.35,-6.49,,,酒店之家(STR)
全国大盘,全国酒店RevPAR,,元,周,2022-06-19T00:00:00Z,101.7116,-7.88,,,酒店之家(STR)
全国大盘,全国酒店OCC,,%,周,2022-06-26T00:00:00Z,61.72,-2.97,,,酒店之家(STR)
全国大盘,全国酒店ADR,,元,周,2022-06-26T00:00:00Z,172.38,-6.06,,,酒店之家(STR)
全国大盘,全国酒店RevPAR,,元,周,2022-06-26T00:00:00Z,106.3929,-8.85,,,酒店之家(STR)
全国大盘,全国酒店OCC,,%,周,2022-07-03T00:00:00Z,61.58,-2.62,,,酒店之家(STR)
全国大盘,全国酒店ADR,,元,周,2022-07-03T00:00:00Z,178.97,-4.74,,,酒店之家(STR)
全国大盘,全国酒店RevPAR,,元,周,2022-07-03T00:00:00Z,110.2097,-7.24,,,酒店之家(STR)
全国大盘,全国酒店OCC,,%,周,2022-07-10T00:00:00Z,64.91,-6.44,,,酒店之家(STR)
全国大盘,全国酒店ADR,,元,周,2022-07-10T00:00:00Z,190.62,-4.61,,,酒店之家(STR)
全国大盘,全国酒店RevPAR,,元,周,2022-07-10T00:00:00Z,123.7314,-10.75,,,酒店之家(STR)
全国大盘,全国酒店OCC,,%,周,2022-07-17T00:00:00Z,64.31,-12.25,,,酒店之家(STR)
全国大盘,全国酒店ADR,,元,周,2022-07-17T00:00:00Z,196.76,-6.82,,,酒店之家(STR)
全国大盘,全国酒店RevPAR,,元,周,2022-07-17T00:00:00Z,126.5364,-18.24,,,酒店之家(STR)
全国大盘,全国酒店OCC,,%,周,2022-07-24T00:00:00Z,64.97,-10.4,,,酒店之家(STR)
全国大盘,全国酒店ADR,,元,周,2022-07-24T00:00:00Z,201.89,-6.76,,,酒店之家(STR)
全国大盘,全国酒店RevPAR,,元,周,2022-07-24T00:00:00Z,131.1679,-16.45,,,酒店之家(STR)
全国大盘,全国酒店OCC,,%,周,2022-07-31T00:00:00Z,66,-2.03,,,酒店之家(STR)
全国大盘,全国酒店ADR,,元,周,2022-07-31T00:00:00Z,210.11,1.38,,,酒店之家(STR)
全国大盘,全国酒店RevPAR,,元,周,2022-07-31T00:00:00Z,138.6726,-0.69,,,酒店之家(STR)
全国大盘,全国酒店OCC,,%,周,2022-08-07T00:00:00Z,67.57,30.82,,,酒店之家(STR)
全国大盘,全国酒店ADR,,元,周,2022-08-07T00:00:00Z,218,19.47,,,酒店之家(STR)
全国大盘,全国酒店RevPAR,,元,周,2022-08-07T00:00:00Z,147.3026,56.3,,,酒店之家(STR)
全国大盘,全国酒店OCC,,%,周,2022-08-14T00:00:00Z,63.05,25.45,,,酒店之家(STR)
全国大盘,全国酒店ADR,,元,周,2022-08-14T00:00:00Z,213.44,20,,,酒店之家(STR)
全国大盘,全国酒店RevPAR,,元,周,2022-08-14T00:00:00Z,134.5739,50.53,,,酒店之家(STR)
全国大盘,全国酒店OCC,,%,周,2022-08-21T00:00:00Z,62.93,26.62,,,酒店之家(STR)
全国大盘,全国酒店ADR,,元,周,2022-08-21T00:00:00Z,198.76,13.14,,,酒店之家(STR)
全国大盘,全国酒店RevPAR,,元,周,2022-08-21T00:00:00Z,125.0797,43.25,,,酒店之家(STR)
全国大盘,全国酒店OCC,,%,周,2022-08-28T00:00:00Z,57.83,7.33,,,酒店之家(STR)
全国大盘,全国酒店ADR,,元,周,2022-08-28T00:00:00Z,184.92,4.56,,,酒店之家(STR)
全国大盘,全国酒店RevPAR,,元,周,2022-08-28T00:00:00Z,106.9392,12.23,,,酒店之家(STR)
全国大盘,全国酒店OCC,,%,周,2022-09-04T00:00:00Z,53.03,-4.4,,,酒店之家(STR)
全国大盘,全国酒店ADR,,元,周,2022-09-04T00:00:00Z,174.55,-0.81,,,酒店之家(STR)
全国大盘,全国酒店RevPAR,,元,周,2022-09-04T00:00:00Z,92.5639,-5.18,,,酒店之家(STR)
全国大盘,全国酒店OCC,,%,周,2022-09-11T00:00:00Z,50.13,-14.4,,,酒店之家(STR)
全国大盘,全国酒店ADR,,元,周,2022-09-11T00:00:00Z,179.09,-1.22,,,酒店之家(STR)
全国大盘,全国酒店RevPAR,,元,周,2022-09-11T00:00:00Z,89.7778,-15.44,,,酒店之家(STR)
全国大盘,全国酒店OCC,,%,周,2022-09-18T00:00:00Z,52.65,-11.17,,,酒店之家(STR)
全国大盘,全国酒店ADR,,元,周,2022-09-18T00:00:00Z,170.96,-7.57,,,酒店之家(STR)
全国大盘,全国酒店RevPAR,,元,周,2022-09-18T00:00:00Z,90.0104,-17.9,,,酒店之家(STR)
全国大盘,全国酒店OCC,,%,周,2022-09-25T00:00:00Z,55.35,1.24,,,酒店之家(STR)
全国大盘,全国酒店ADR,,元,周,2022-09-25T00:00:00Z,176.75,-3.33,,,酒店之家(STR)
全国大盘,全国酒店RevPAR,,元,周,2022-09-25T00:00:00Z,97.8311,-2.13,,,酒店之家(STR)
全国大盘,全国酒店OCC,,%,周,2022-10-02T00:00:00Z,55.69,-14.16,,,酒店之家(STR)
全国大盘,全国酒店ADR,,元,周,2022-10-02T00:00:00Z,201.97,-13.57,,,酒店之家(STR)
全国大盘,全国酒店RevPAR,,元,周,2022-10-02T00:00:00Z,112.4771,-25.82,,,酒店之家(STR)
全国大盘,全国酒店OCC,,%,周,2022-10-09T00:00:00Z,51,-10.6,,,酒店之家(STR)
全国大盘,全国酒店ADR,,元,周,2022-10-09T00:00:00Z,200.88,-3.17,,,酒店之家(STR)
全国大盘,全国酒店RevPAR,,元,周,2022-10-09T00:00:00Z,102.4488,-13.44,,,酒店之家(STR)
全国大盘,全国酒店OCC,,%,周,2022-10-16T00:00:00Z,48.93,-20.94,,,酒店之家(STR)
全国大盘,全国酒店ADR,,元,周,2022-10-16T00:00:00Z,169.19,-9.31,,,酒店之家(STR)
全国大盘,全国酒店RevPAR,,元,周,2022-10-16T00:00:00Z,82.7847,-28.3,,,酒店之家(STR)
全国大盘,全国酒店OCC,,%,周,2022-10-23T00:00:00Z,50.56,-16.88,,,酒店之家(STR)
全国大盘,全国酒店ADR,,元,周,2022-10-23T00:00:00Z,167.51,-9.58,,,酒店之家(STR)
全国大盘,全国酒店RevPAR,,元,周,2022-10-23T00:00:00Z,84.6931,-24.84,,,酒店之家(STR)
全国大盘,全国酒店OCC,,%,周,2022-10-30T00:00:00Z,51.75,-6.18,,,酒店之家(STR)
全国大盘,全国酒店ADR,,元,周,2022-10-30T00:00:00Z,167.89,-5.64,,,酒店之家(STR)
全国大盘,全国酒店RevPAR,,元,周,2022-10-30T00:00:00Z,86.8831,-11.47,,,酒店之家(STR)
全国大盘,全国酒店OCC,,%,周,2022-11-06T00:00:00Z,52.18,2.68,,,酒店之家(STR)
全国大盘,全国酒店ADR,,元,周,2022-11-06T00:00:00Z,167.35,-3.01,,,酒店之家(STR)
全国大盘,全国酒店RevPAR,,元,周,2022-11-06T00:00:00Z,87.3232,-0.41,,,酒店之家(STR)
全国大盘,全国酒店OCC,,%,周,2022-11-13T00:00:00Z,51.85,1.57,,,酒店之家(STR)
全国大盘,全国酒店ADR,,元,周,2022-11-13T00:00:00Z,168.44,-1.07,,,酒店之家(STR)
全国大盘,全国酒店RevPAR,,元,周,2022-11-13T00:00:00Z,87.3361,0.48,,,酒店之家(STR)
全国大盘,全国酒店OCC,,%,周,2022-11-20T00:00:00Z,53.51,0.04,,,酒店之家(STR)
全国大盘,全国酒店ADR,,元,周,2022-11-20T00:00:00Z,170.65,0.58,,,酒店之家(STR)
全国大盘,全国酒店RevPAR,,元,周,2022-11-20T00:00:00Z,91.3148,0.62,,,酒店之家(STR)
全国大盘,全国酒店OCC,,%,周,2022-11-27T00:00:00Z,53.86,-3.46,,,酒店之家(STR)
全国大盘,全国酒店ADR,,元,周,2022-11-27T00:00:00Z,170.89,-0.66,,,酒店之家(STR)
全国大盘,全国酒店RevPAR,,元,周,2022-11-27T00:00:00Z,92.0414,-4.1,,,酒店之家(STR)
全国大盘,全国酒店OCC,,%,周,2022-12-04T00:00:00Z,51.5,-6.99,,,酒店之家(STR)
全国大盘,全国酒店ADR,,元,周,2022-12-04T00:00:00Z,167.27,-1.5,,,酒店之家(STR)
全国大盘,全国酒店RevPAR,,元,周,2022-12-04T00:00:00Z,86.1441,-8.39,,,酒店之家(STR)
全国大盘,全国酒店OCC,,%,周,2022-12-11T00:00:00Z,53.16,-5.05,,,酒店之家(STR)
全国大盘,全国酒店ADR,,元,周,2022-12-11T00:00:00Z,167.27,-2.04,,,酒店之家(STR)
全国大盘,全国酒店RevPAR,,元,周,2022-12-11T00:00:00Z,88.9207,-6.99,,,酒店之家(STR)
全国大盘,全国酒店OCC,,%,周,2022-12-18T00:00:00Z,56.11,1.15,,,酒店之家(STR)
全国大盘,全国酒店ADR,,元,周,2022-12-18T00:00:00Z,171.41,1.41,,,酒店之家(STR)
全国大盘,全国酒店RevPAR,,元,周,2022-12-18T00:00:00Z,96.1782,2.58,,,酒店之家(STR)
全国大盘,全国酒店OCC,,%,周,2022-12-25T00:00:00Z,51.16,-10.42,,,酒店之家(STR)
全国大盘,全国酒店ADR,,元,周,2022-12-25T00:00:00Z,178.6,0.74,,,酒店之家(STR)
全国大盘,全国酒店RevPAR,,元,周,2022-12-25T00:00:00Z,91.3718,-9.75,,,酒店之家(STR)
全国大盘,全国酒店OCC,,%,周,2023-01-01T00:00:00Z,50.31,-12.52,,,酒店之家(STR)
全国大盘,全国酒店ADR,,元,周,2023-01-01T00:00:00Z,185.52,1.77,,,酒店之家(STR)
全国大盘,全国酒店RevPAR,,元,周,2023-01-01T00:00:00Z,93.3351,-10.97,,,酒店之家(STR)
全国大盘,全国酒店OCC,,%,周,2023-01-08T00:00:00Z,52.38,0.67,,,酒店之家(STR)
全国大盘,全国酒店ADR,,元,周,2023-01-08T00:00:00Z,180.02,8.5,,,酒店之家(STR)
全国大盘,全国酒店RevPAR,,元,周,2023-01-08T00:00:00Z,94.2945,9.23,,,酒店之家(STR)
全国大盘,全国酒店OCC,,%,周,2023-01-15T00:00:00Z,55.19,5.28,,,酒店之家(STR)
全国大盘,全国酒店ADR,,元,周,2023-01-15T00:00:00Z,191.99,14.29,,,酒店之家(STR)
全国大盘,全国酒店RevPAR,,元,周,2023-01-15T00:00:00Z,105.9593,20.33,,,酒店之家(STR)
全国大盘,全国酒店OCC,,%,周,2023-01-22T00:00:00Z,42.49,-14.54,,,酒店之家(STR)
全国大盘,全国酒店ADR,,元,周,2023-01-22T00:00:00Z,226.45,35.32,,,酒店之家(STR)
全国大盘,全国酒店RevPAR,,元,周,2023-01-22T00:00:00Z,96.2186,15.65,,,酒店之家(STR)
全国大盘,全国酒店OCC,,%,周,2023-01-29T00:00:00Z,59.65,47.76,,,酒店之家(STR)
全国大盘,全国酒店ADR,,元,周,2023-01-29T00:00:00Z,267.89,53.69,,,酒店之家(STR)
全国大盘,全国酒店RevPAR,,元,周,2023-01-29T00:00:00Z,159.7964,127.1,,,酒店之家(STR)
全国大盘,全国酒店OCC,,%,周,2023-02-05T00:00:00Z,58.87,44.08,,,酒店之家(STR)
全国大盘,全国酒店ADR,,元,周,2023-02-05T00:00:00Z,207.31,-5.51,,,酒店之家(STR)
全国大盘,全国酒店RevPAR,,元,周,2023-02-05T00:00:00Z,122.0434,36.14,,,酒店之家(STR)
全国大盘,全国酒店OCC,,%,周,2023-02-12T00:00:00Z,64.96,25.53,,,酒店之家(STR)
全国大盘,全国酒店ADR,,元,周,2023-02-12T00:00:00Z,198.7,11.51,,,酒店之家(STR)
全国大盘,全国酒店RevPAR,,元,周,2023-02-12T00:00:00Z,129.0755,39.97,,,酒店之家(STR)
全国大盘,全国酒店OCC,,%,周,2023-02-19T00:00:00Z,67.41,18.55,,,酒店之家(STR)
全国大盘,全国酒店ADR,,元,周,2023-02-19T00:00:00Z,202.71,20.4,,,酒店之家(STR)
全国大盘,全国酒店RevPAR,,元,周,2023-02-19T00:00:00Z,136.6468,42.73,,,酒店之家(STR)
全国大盘,全国酒店OCC,,%,周,2023-02-26T00:00:00Z,66.56,13.95,,,酒店之家(STR)
全国大盘,全国酒店ADR,,元,周,2023-02-26T00:00:00Z,203.1,21.56,,,酒店之家(STR)
全国大盘,全国酒店RevPAR,,元,周,2023-02-26T00:00:00Z,135.1834,38.52,,,酒店之家(STR)
全国大盘,全国酒店OCC,,%,周,2023-03-05T00:00:00Z,63.17,15.02,,,酒店之家(STR)
全国大盘,全国酒店ADR,,元,周,2023-03-05T00:00:00Z,200.4,20.74,,,酒店之家(STR)
全国大盘,全国酒店RevPAR,,元,周,2023-03-05T00:00:00Z,126.5927,38.88,,,酒店之家(STR)
全国大盘,全国酒店OCC,,%,周,2023-03-12T00:00:00Z,63.09,19.17,,,酒店之家(STR)
全国大盘,全国酒店ADR,,元,周,2023-03-12T00:00:00Z,199.34,22.54,,,酒店之家(STR)
全国大盘,全国酒店RevPAR,,元,周,2023-03-12T00:00:00Z,125.7636,46.03,,,酒店之家(STR)
全国大盘,全国酒店OCC,,%,周,2023-03-19T00:00:00Z,63.81,36.87,,,酒店之家(STR)
全国大盘,全国酒店ADR,,元,周,2023-03-19T00:00:00Z,204.39,31.15,,,酒店之家(STR)
全国大盘,全国酒店RevPAR,,元,周,2023-03-19T00:00:00Z,130.4213,79.5,,,酒店之家(STR)
全国大盘,全国酒店OCC,,%,周,2023-03-26T00:00:00Z,63.72,43.61,,,酒店之家(STR)
全国大盘,全国酒店ADR,,元,周,2023-03-26T00:00:00Z,203.44,31.1,,,酒店之家(STR)
全国大盘,全国酒店RevPAR,,元,周,2023-03-26T00:00:00Z,129.632,88.27,,,酒店之家(STR)
全国大盘,全国酒店OCC,,%,周,2023-04-02T00:00:00Z,61.97,43.12,,,酒店之家(STR)
全国大盘,全国酒店ADR,,元,周,2023-04-02T00:00:00Z,204.57,29.95,,,酒店之家(STR)
全国大盘,全国酒店RevPAR,,元,周,2023-04-02T00:00:00Z,126.772,85.98,,,酒店之家(STR)
全国大盘,全国酒店OCC,,%,周,2023-04-09T00:00:00Z,60.23,46.05,,,酒店之家(STR)
全国大盘,全国酒店ADR,,元,周,2023-04-09T00:00:00Z,203.78,31.73,,,酒店之家(STR)
全国大盘,全国酒店RevPAR,,元,周,2023-04-09T00:00:00Z,122.7367,92.39,,,酒店之家(STR)
全国大盘,全国酒店OCC,,%,周,2023-04-16T00:00:00Z,65.54,46.62,,,酒店之家(STR)
全国大盘,全国酒店ADR,,元,周,2023-04-16T00:00:00Z,214.11,41.1,,,酒店之家(STR)
全国大盘,全国酒店RevPAR,,元,周,2023-04-16T00:00:00Z,140.3277,106.89,,,酒店之家(STR)
全国大盘,全国酒店OCC,,%,周,2023-04-23T00:00:00Z,64.76,40.26,,,酒店之家(STR)
全国大盘,全国酒店ADR,,元,周,2023-04-23T00:00:00Z,210.58,37.11,,,酒店之家(STR)
全国大盘,全国酒店RevPAR,,元,周,2023-04-23T00:00:00Z,136.3716,92.32,,,酒店之家(STR)
全国大盘,全国酒店OCC,,%,周,2023-04-30T00:00:00Z,67.43,36.08,,,酒店之家(STR)
全国大盘,全国酒店ADR,,元,周,2023-04-30T00:00:00Z,278.03,66.91,,,酒店之家(STR)
全国大盘,全国酒店RevPAR,,元,周,2023-04-30T00:00:00Z,187.4756,127.15,,,酒店之家(STR)
全国大盘,全国酒店OCC,,%,周,2023-05-07T00:00:00Z,58.88,27.75,,,酒店之家(STR)
全国大盘,全国酒店ADR,,元,周,2023-05-07T00:00:00Z,238.57,47.66,,,酒店之家(STR)
全国大盘,全国酒店RevPAR,,元,周,2023-05-07T00:00:00Z,140.47,88.63,,,酒店之家(STR)
全国大盘,全国酒店OCC,,%,周,2023-05-14T00:00:00Z,60.82,22.37,,,酒店之家(STR)
全国大盘,全国酒店ADR,,元,周,2023-05-14T00:00:00Z,206.81,32.4,,,酒店之家(STR)
全国大盘,全国酒店RevPAR,,元,周,2023-05-14T00:00:00Z,125.7818,62.02,,,酒店之家(STR)
全国大盘,全国酒店OCC,,%,周,2023-05-21T00:00:00Z,63.44,19.77,,,酒店之家(STR)
全国大盘,全国酒店ADR,,元,周,2023-05-21T00:00:00Z,207.18,29.79,,,酒店之家(STR)
全国大盘,全国酒店RevPAR,,元,周,2023-05-21T00:00:00Z,131.435,55.44,,,酒店之家(STR)
全国大盘,全国酒店OCC,,%,周,2023-05-28T00:00:00Z,60.49,14.76,,,酒店之家(STR)
全国大盘,全国酒店ADR,,元,周,2023-05-28T00:00:00Z,203.36,27.28,,,酒店之家(STR)
全国大盘,全国酒店RevPAR,,元,周,2023-05-28T00:00:00Z,123.0125,46.07,,,酒店之家(STR)
全国大盘,全国酒店OCC,,%,周,2023-06-04T00:00:00Z,57.3,8.38,,,酒店之家(STR)
全国大盘,全国酒店ADR,,元,周,2023-06-04T00:00:00Z,196.79,16.62,,,酒店之家(STR)
全国大盘,全国酒店RevPAR,,元,周,2023-06-04T00:00:00Z,112.7607,26.39,,,酒店之家(STR)
全国大盘,全国酒店OCC,,%,周,2023-06-11T00:00:00Z,61.52,7.8,,,酒店之家(STR)
全国大盘,全国酒店ADR,,元,周,2023-06-11T00:00:00Z,201.58,21.26,,,酒店之家(STR)
全国大盘,全国酒店RevPAR,,元,周,2023-06-11T00:00:00Z,124.012,30.71,,,酒店之家(STR)
全国大盘,全国酒店OCC,,%,周,2023-06-18T00:00:00Z,62.85,4.65,,,酒店之家(STR)
全国大盘,全国酒店ADR,,元,周,2023-06-18T00:00:00Z,203.06,19.91,,,酒店之家(STR)
全国大盘,全国酒店RevPAR,,元,周,2023-06-18T00:00:00Z,127.6232,25.48,,,酒店之家(STR)
全国大盘,全国酒店OCC,,%,周,2023-06-25T00:00:00Z,60.69,-1.67,,,酒店之家(STR)
全国大盘,全国酒店ADR,,元,周,2023-06-25T00:00:00Z,215.76,25.17,,,酒店之家(STR)
全国大盘,全国酒店RevPAR,,元,周,2023-06-25T00:00:00Z,130.9447,23.08,,,酒店之家(STR)
全国大盘,全国酒店OCC,,%,周,2023-07-02T00:00:00Z,64,3.93,,,酒店之家(STR)
全国大盘,全国酒店ADR,,元,周,2023-07-02T00:00:00Z,213.22,19.14,,,酒店之家(STR)
全国大盘,全国酒店RevPAR,,元,周,2023-07-02T00:00:00Z,136.4608,23.82,,,酒店之家(STR)
全国大盘,全国酒店OCC,,%,周,2023-07-09T00:00:00Z,67.22,3.56,,,酒店之家(STR)
全国大盘,全国酒店ADR,,元,周,2023-07-09T00:00:00Z,225.35,18.22,,,酒店之家(STR)
全国大盘,全国酒店RevPAR,,元,周,2023-07-09T00:00:00Z,151.4803,22.43,,,酒店之家(STR)
全国大盘,全国酒店OCC,,%,周,2023-07-16T00:00:00Z,70.07,8.96,,,酒店之家(STR)
全国大盘,全国酒店ADR,,元,周,2023-07-16T00:00:00Z,233.08,18.46,,,酒店之家(STR)
全国大盘,全国酒店RevPAR,,元,周,2023-07-16T00:00:00Z,163.3192,29.07,,,酒店之家(STR)
全国大盘,全国酒店OCC,,%,周,2023-07-23T00:00:00Z,70.29,8.19,,,酒店之家(STR)
全国大盘,全国酒店ADR,,元,周,2023-07-23T00:00:00Z,239.62,18.69,,,酒店之家(STR)
全国大盘,全国酒店RevPAR,,元,周,2023-07-23T00:00:00Z,168.4289,28.41,,,酒店之家(STR)
全国大盘,全国酒店OCC,,%,周,2023-07-30T00:00:00Z,69.71,5.62,,,酒店之家(STR)
全国大盘,全国酒店ADR,,元,周,2023-07-30T00:00:00Z,244.12,16.19,,,酒店之家(STR)
全国大盘,全国酒店RevPAR,,元,周,2023-07-30T00:00:00Z,170.1761,22.72,,,酒店之家(STR)
全国大盘,全国酒店OCC,,%,周,2023-08-06T00:00:00Z,70.96,5.02,,,酒店之家(STR)
全国大盘,全国酒店ADR,,元,周,2023-08-06T00:00:00Z,254.03,16.53,,,酒店之家(STR)
全国大盘,全国酒店RevPAR,,元,周,2023-08-06T00:00:00Z,180.2597,22.37,,,酒店之家(STR)
全国大盘,全国酒店OCC,,%,周,2023-08-13T00:00:00Z,72.01,14.21,,,酒店之家(STR)
全国大盘,全国酒店ADR,,元,周,2023-08-13T00:00:00Z,260.47,22.03,,,酒店之家(STR)
全国大盘,全国酒店RevPAR,,元,周,2023-08-13T00:00:00Z,187.5644,39.38,,,酒店之家(STR)
全国大盘,全国酒店OCC,,%,周,2023-08-20T00:00:00Z,70.45,11.95,,,酒店之家(STR)
全国大盘,全国酒店ADR,,元,周,2023-08-20T00:00:00Z,252.33,26.95,,,酒店之家(STR)
全国大盘,全国酒店RevPAR,,元,周,2023-08-20T00:00:00Z,177.7665,42.12,,,酒店之家(STR)
全国大盘,全国酒店OCC,,%,周,2023-08-27T00:00:00Z,66.1,14.3,,,酒店之家(STR)
全国大盘,全国酒店ADR,,元,周,2023-08-27T00:00:00Z,231.33,25.1,,,酒店之家(STR)
全国大盘,全国酒店RevPAR,,元,周,2023-08-27T00:00:00Z,152.9091,42.99,,,酒店之家(STR)
全国大盘,全国酒店OCC,,%,周,2023-09-03T00:00:00Z,56.01,5.62,,,酒店之家(STR)
全国大盘,全国酒店ADR,,元,周,2023-09-03T00:00:00Z,199.24,14.14,,,酒店之家(STR)
全国大盘,全国酒店RevPAR,,元,周,2023-09-03T00:00:00Z,111.5943,20.56,,,酒店之家(STR)
全国大盘,全国酒店OCC,,%,周,2023-09-10T00:00:00Z,59.16,18.01,,,酒店之家(STR)
全国大盘,全国酒店ADR,,元,周,2023-09-10T00:00:00Z,198.53,10.85,,,酒店之家(STR)
全国大盘,全国酒店RevPAR,,元,周,2023-09-10T00:00:00Z,117.4503,30.82,,,酒店之家(STR)
全国大盘,全国酒店OCC,,%,周,2023-09-17T00:00:00Z,60.28,14.49,,,酒店之家(STR)
全国大盘,全国酒店ADR,,元,周,2023-09-17T00:00:00Z,196.1,14.71,,,酒店之家(STR)
全国大盘,全国酒店RevPAR,,元,周,2023-09-17T00:00:00Z,118.2091,31.33,,,酒店之家(STR)
全国大盘,全国酒店OCC,,%,周,2023-09-24T00:00:00Z,59.09,6.76,,,酒店之家(STR)
全国大盘,全国酒店ADR,,元,周,2023-09-24T00:00:00Z,198.89,12.53,,,酒店之家(STR)
全国大盘,全国酒店RevPAR,,元,周,2023-09-24T00:00:00Z,117.5241,20.13,,,酒店之家(STR)
全国大盘,全国酒店OCC,,%,周,2023-10-01T00:00:00Z,59.27,6.43,,,酒店之家(STR)
全国大盘,全国酒店ADR,,元,周,2023-10-01T00:00:00Z,257.54,27.51,,,酒店之家(STR)
全国大盘,全国酒店RevPAR,,元,周,2023-10-01T00:00:00Z,152.644,35.71,,,酒店之家(STR)
全国大盘,全国酒店OCC,,%,周,2023-10-08T00:00:00Z,59.21,16.1,,,酒店之家(STR)
全国大盘,全国酒店ADR,,元,周,2023-10-08T00:00:00Z,255.37,27.13,,,酒店之家(STR)
全国大盘,全国酒店RevPAR,,元,周,2023-10-08T00:00:00Z,151.2046,47.59,,,酒店之家(STR)
全国大盘,全国酒店OCC,,%,周,2023-10-15T00:00:00Z,56.53,15.53,,,酒店之家(STR)
全国大盘,全国酒店ADR,,元,周,2023-10-15T00:00:00Z,194.63,15.04,,,酒店之家(STR)
全国大盘,全国酒店RevPAR,,元,周,2023-10-15T00:00:00Z,110.0243,32.9,,,酒店之家(STR)
全国大盘,全国酒店OCC,,%,周,2023-10-22T00:00:00Z,60.07,18.81,,,酒店之家(STR)
全国大盘,全国酒店ADR,,元,周,2023-10-22T00:00:00Z,196.95,17.58,,,酒店之家(STR)
全国大盘,全国酒店RevPAR,,元,周,2023-10-22T00:00:00Z,118.3079,39.69,,,酒店之家(STR)
全国大盘,全国酒店OCC,,%,周,2023-10-29T00:00:00Z,58.7,13.43,,,酒店之家(STR)
全国大盘,全国酒店ADR,,元,周,2023-10-29T00:00:00Z,196.05,16.77,,,酒店之家(STR)
全国大盘,全国酒店RevPAR,,元,周,2023-10-29T00:00:00Z,115.0814,32.46,,,酒店之家(STR)
全国大盘,全国酒店OCC,,%,周,2023-11-05T00:00:00Z,55.58,6.52,,,酒店之家(STR)
全国大盘,全国酒店ADR,,元,周,2023-11-05T00:00:00Z,190.41,13.78,,,酒店之家(STR)
全国大盘,全国酒店RevPAR,,元,周,2023-11-05T00:00:00Z,105.8299,21.19,,,酒店之家(STR)
全国大盘,全国酒店OCC,,%,周,2023-11-12T00:00:00Z,56.17,8.33,,,酒店之家(STR)
全国大盘,全国酒店ADR,,元,周,2023-11-12T00:00:00Z,189.95,12.77,,,酒店之家(STR)
全国大盘,全国酒店RevPAR,,元,周,2023-11-12T00:00:00Z,106.6949,22.17,,,酒店之家(STR)
全国大盘,全国酒店OCC,,%,周,2023-11-19T00:00:00Z,57.31,7.1,,,酒店之家(STR)
全国大盘,全国酒店ADR,,元,周,2023-11-19T00:00:00Z,190.23,11.47,,,酒店之家(STR)
全国大盘,全国酒店RevPAR,,元,周,2023-11-19T00:00:00Z,109.0208,19.39,,,酒店之家(STR)
全国大盘,全国酒店OCC,,%,周,2023-11-26T00:00:00Z,57.55,6.85,,,酒店之家(STR)
全国大盘,全国酒店ADR,,元,周,2023-11-26T00:00:00Z,189.77,11.05,,,酒店之家(STR)
全国大盘,全国酒店RevPAR,,元,周,2023-11-26T00:00:00Z,109.2126,18.66,,,酒店之家(STR)
全国大盘,全国酒店OCC,,%,周,2023-12-03T00:00:00Z,56.07,8.87,,,酒店之家(STR)
全国大盘,全国酒店ADR,,元,周,2023-12-03T00:00:00Z,187.69,12.21,,,酒店之家(STR)
全国大盘,全国酒店RevPAR,,元,周,2023-12-03T00:00:00Z,105.2378,22.16,,,酒店之家(STR)
全国大盘,全国酒店OCC,,%,周,2023-12-10T00:00:00Z,55.75,4.87,,,酒店之家(STR)
全国大盘,全国酒店ADR,,元,周,2023-12-10T00:00:00Z,188.78,12.86,,,酒店之家(STR)
全国大盘,全国酒店RevPAR,,元,周,2023-12-10T00:00:00Z,105.2448,18.36,,,酒店之家(STR)
全国大盘,全国酒店OCC,,%,周,2023-12-17T00:00:00Z,54.98,-2.01,,,酒店之家(STR)
全国大盘,全国酒店ADR,,元,周,2023-12-17T00:00:00Z,188.31,9.86,,,酒店之家(STR)
全国大盘,全国酒店RevPAR,,元,周,2023-12-17T00:00:00Z,103.5328,7.65,,,酒店之家(STR)
全国大盘,全国酒店OCC,,%,周,2023-12-24T00:00:00Z,57.08,11.57,,,酒店之家(STR)
全国大盘,全国酒店ADR,,元,周,2023-12-24T00:00:00Z,193.37,8.27,,,酒店之家(STR)
全国大盘,全国酒店RevPAR,,元,周,2023-12-24T00:00:00Z,110.3756,20.8,,,酒店之家(STR)
全国大盘,全国酒店OCC,,%,周,2023-12-31T00:00:00Z,60.61,20.47,,,酒店之家(STR)
全国大盘,全国酒店ADR,,元,周,2023-12-31T00:00:00Z,209.85,13.11,,,酒店之家(STR)
全国大盘,全国酒店RevPAR,,元,周,2023-12-31T00:00:00Z,127.1901,36.27,,,酒店之家(STR)
全国大盘,全国酒店OCC,,%,周,2024-01-07T00:00:00Z,51.81,-1.09,,,酒店之家(STR)
全国大盘,全国酒店ADR,,元,周,2024-01-07T00:00:00Z,183.23,1.78,,,酒店之家(STR)
全国大盘,全国酒店RevPAR,,元,周,2024-01-07T00:00:00Z,94.9315,0.68,,,酒店之家(STR)
全国大盘,全国酒店OCC,,%,周,2024-01-14T00:00:00Z,56.58,2.52,,,酒店之家(STR)
全国大盘,全国酒店ADR,,元,周,2024-01-14T00:00:00Z,184.98,-3.65,,,酒店之家(STR)
全国大盘,全国酒店RevPAR,,元,周,2024-01-14T00:00:00Z,104.6617,-1.22,,,酒店之家(STR)
全国大盘,全国酒店OCC,,%,周,2024-01-21T00:00:00Z,58.64,38.01,,,酒店之家(STR)
全国大盘,全国酒店ADR,,元,周,2024-01-21T00:00:00Z,190.91,-15.69,,,酒店之家(STR)
全国大盘,全国酒店RevPAR,,元,周,2024-01-21T00:00:00Z,111.9496,16.35,,,酒店之家(STR)
全国大盘,全国酒店OCC,,%,周,2024-01-28T00:00:00Z,59.11,-0.91,,,酒店之家(STR)
全国大盘,全国酒店ADR,,元,周,2024-01-28T00:00:00Z,199.1,-25.68,,,酒店之家(STR)
全国大盘,全国酒店RevPAR,,元,周,2024-01-28T00:00:00Z,117.688,-26.35,,,酒店之家(STR)
全国大盘,全国酒店OCC,,%,周,2024-02-04T00:00:00Z,55.14,-6.34,,,酒店之家(STR)
全国大盘,全国酒店ADR,,元,周,2024-02-04T00:00:00Z,199.94,-3.56,,,酒店之家(STR)
全国大盘,全国酒店RevPAR,,元,周,2024-02-04T00:00:00Z,110.2469,-9.67,,,酒店之家(STR)
全国大盘,全国酒店OCC,,%,周,2024-02-11T00:00:00Z,44.67,-31.23,,,酒店之家(STR)
全国大盘,全国酒店ADR,,元,周,2024-02-11T00:00:00Z,252.03,26.84,,,酒店之家(STR)
全国大盘,全国酒店RevPAR,,元,周,2024-02-11T00:00:00Z,112.5818,-12.78,,,酒店之家(STR)
全国大盘,全国酒店OCC,,%,周,2024-02-18T00:00:00Z,63.82,-5.33,,,酒店之家(STR)
全国大盘,全国酒店ADR,,元,周,2024-02-18T00:00:00Z,271.73,34.05,,,酒店之家(STR)
全国大盘,全国酒店RevPAR,,元,周,2024-02-18T00:00:00Z,173.4181,26.91,,,酒店之家(STR)
全国大盘,全国酒店OCC,,%,周,2024-02-25T00:00:00Z,53.6,-19.47,,,酒店之家(STR)
全国大盘,全国酒店ADR,,元,周,2024-02-25T00:00:00Z,186.82,-8.02,,,酒店之家(STR)
全国大盘,全国酒店RevPAR,,元,周,2024-02-25T00:00:00Z,100.1355,-25.93,,,酒店之家(STR)
全国大盘,全国酒店OCC,,%,周,2024-03-03T00:00:00Z,58.22,-7.84,,,酒店之家(STR)
全国大盘,全国酒店ADR,,元,周,2024-03-03T00:00:00Z,181.81,-9.28,,,酒店之家(STR)
全国大盘,全国酒店RevPAR,,元,周,2024-03-03T00:00:00Z,105.8498,-16.39,,,酒店之家(STR)
全国大盘,全国酒店OCC,,%,周,2024-03-10T00:00:00Z,58.78,-6.83,,,酒店之家(STR)
全国大盘,全国酒店ADR,,元,周,2024-03-10T00:00:00Z,184.49,-7.45,,,酒店之家(STR)
全国大盘,全国酒店RevPAR,,元,周,2024-03-10T00:00:00Z,108.4432,-13.77,,,酒店之家(STR)
全国大盘,全国酒店OCC,,%,周,2024-03-17T00:00:00Z,57.13,-10.47,,,酒店之家(STR)
全国大盘,全国酒店ADR,,元,周,2024-03-17T00:00:00Z,187.63,-8.2,,,酒店之家(STR)
全国大盘,全国酒店RevPAR,,元,周,2024-03-17T00:00:00Z,107.193,-17.81,,,酒店之家(STR)
全国大盘,全国酒店OCC,,%,周,2024-03-24T00:00:00Z,59.78,-6.18,,,酒店之家(STR)
全国大盘,全国酒店ADR,,元,周,2024-03-24T00:00:00Z,191.03,-6.1,,,酒店之家(STR)
全国大盘,全国酒店RevPAR,,元,周,2024-03-24T00:00:00Z,114.1977,-11.91,,,酒店之家(STR)
全国大盘,全国酒店OCC,,%,周,2024-03-31T00:00:00Z,59.83,-3.45,,,酒店之家(STR)
全国大盘,全国酒店ADR,,元,周,2024-03-31T00:00:00Z,195.55,-4.41,,,酒店之家(STR)
全国大盘,全国酒店RevPAR,,元,周,2024-03-31T00:00:00Z,116.9976,-7.71,,,酒店之家(STR)
全国大盘,全国酒店OCC,,%,周,2024-04-07T00:00:00Z,56.96,-5.43,,,酒店之家(STR)
全国大盘,全国酒店ADR,,元,周,2024-04-07T00:00:00Z,204.95,0.57,,,酒店之家(STR)
全国大盘,全国酒店RevPAR,,元,周,2024-04-07T00:00:00Z,116.7395,-4.89,,,酒店之家(STR)
全国大盘,全国酒店OCC,,%,周,2024-04-14T00:00:00Z,61.75,-5.78,,,酒店之家(STR)
全国大盘,全国酒店ADR,,元,周,2024-04-14T00:00:00Z,197.2,-7.9,,,酒店之家(STR)
全国大盘,全国酒店RevPAR,,元,周,2024-04-14T00:00:00Z,121.771,-13.22,,,酒店之家(STR)
全国大盘,全国酒店OCC,,%,周,2024-04-21T00:00:00Z,63.16,-2.47,,,酒店之家(STR)
全国大盘,全国酒店ADR,,元,周,2024-04-21T00:00:00Z,196.84,-6.52,,,酒店之家(STR)
全国大盘,全国酒店RevPAR,,元,周,2024-04-21T00:00:00Z,124.3241,-8.83,,,酒店之家(STR)
全国大盘,全国酒店OCC,,%,周,2024-04-28T00:00:00Z,58.82,-12.77,,,酒店之家(STR)
全国大盘,全国酒店ADR,,元,周,2024-04-28T00:00:00Z,191.27,-31.21,,,酒店之家(STR)
全国大盘,全国酒店RevPAR,,元,周,2024-04-28T00:00:00Z,112.505,-39.99,,,酒店之家(STR)
全国大盘,全国酒店OCC,,%,周,2024-05-05T00:00:00Z,64.39,9.36,,,酒店之家(STR)
全国大盘,全国酒店ADR,,元,周,2024-05-05T00:00:00Z,265.76,11.4,,,酒店之家(STR)
全国大盘,全国酒店RevPAR,,元,周,2024-05-05T00:00:00Z,171.1229,21.82,,,酒店之家(STR)
全国大盘,全国酒店OCC,,%,周,2024-05-12T00:00:00Z,53.37,-12.25,,,酒店之家(STR)
全国大盘,全国酒店ADR,,元,周,2024-05-12T00:00:00Z,180.92,-12.52,,,酒店之家(STR)
全国大盘,全国酒店RevPAR,,元,周,2024-05-12T00:00:00Z,96.557,-23.23,,,酒店之家(STR)
全国大盘,全国酒店OCC,,%,周,2024-05-19T00:00:00Z,60.85,-4.08,,,酒店之家(STR)
全国大盘,全国酒店ADR,,元,周,2024-05-19T00:00:00Z,190.15,-8.22,,,酒店之家(STR)
全国大盘,全国酒店RevPAR,,元,周,2024-05-19T00:00:00Z,115.7063,-11.97,,,酒店之家(STR)
全国大盘,全国酒店OCC,,%,周,2024-05-26T00:00:00Z,59.22,-2.1,,,酒店之家(STR)
全国大盘,全国酒店ADR,,元,周,2024-05-26T00:00:00Z,188.21,-7.45,,,酒店之家(STR)
全国大盘,全国酒店RevPAR,,元,周,2024-05-26T00:00:00Z,111.458,-9.39,,,酒店之家(STR)
全国大盘,全国酒店OCC,,%,周,2024-06-02T00:00:00Z,55.36,-3.39,,,酒店之家(STR)
全国大盘,全国酒店ADR,,元,周,2024-06-02T00:00:00Z,186.15,-5.41,,,酒店之家(STR)
全国大盘,全国酒店RevPAR,,元,周,2024-06-02T00:00:00Z,103.0526,-8.61,,,酒店之家(STR)
全国大盘,全国酒店OCC,,%,周,2024-06-09T00:00:00Z,58.62,-4.71,,,酒店之家(STR)
全国大盘,全国酒店ADR,,元,周,2024-06-09T00:00:00Z,197.67,-1.94,,,酒店之家(STR)
全国大盘,全国酒店RevPAR,,元,周,2024-06-09T00:00:00Z,115.8742,-6.56,,,酒店之家(STR)
全国大盘,全国酒店OCC,,%,周,2024-06-16T00:00:00Z,56.17,-10.63,,,酒店之家(STR)
全国大盘,全国酒店ADR,,元,周,2024-06-16T00:00:00Z,184.56,-9.11,,,酒店之家(STR)
全国大盘,全国酒店RevPAR,,元,周,2024-06-16T00:00:00Z,103.6674,-18.77,,,酒店之家(STR)
全国大盘,全国酒店OCC,,%,周,2024-06-23T00:00:00Z,58.24,-4.04,,,酒店之家(STR)
全国大盘,全国酒店ADR,,元,周,2024-06-23T00:00:00Z,189.39,-12.22,,,酒店之家(STR)
全国大盘,全国酒店RevPAR,,元,周,2024-06-23T00:00:00Z,110.3007,-15.77,,,酒店之家(STR)
全国大盘,全国酒店OCC,,%,周,2024-06-30T00:00:00Z,60.4,-5.63,,,酒店之家(STR)
全国大盘,全国酒店ADR,,元,周,2024-06-30T00:00:00Z,191.48,-10.2,,,酒店之家(STR)
全国大盘,全国酒店RevPAR,,元,周,2024-06-30T00:00:00Z,115.6539,-15.25,,,酒店之家(STR)
全国大盘,全国酒店OCC,,%,周,2024-07-07T00:00:00Z,61.53,-8.46,,,酒店之家(STR)
全国大盘,全国酒店ADR,,元,周,2024-07-07T00:00:00Z,200.29,-11.12,,,酒店之家(STR)
全国大盘,全国酒店RevPAR,,元,周,2024-07-07T00:00:00Z,123.2384,-18.64,,,酒店之家(STR)
全国大盘,全国酒店OCC,,%,周,2024-07-14T00:00:00Z,65.54,-6.46,,,酒店之家(STR)
全国大盘,全国酒店ADR,,元,周,2024-07-14T00:00:00Z,211.19,-9.39,,,酒店之家(STR)
全国大盘,全国酒店RevPAR,,元,周,2024-07-14T00:00:00Z,138.4139,-15.25,,,酒店之家(STR)
全国大盘,全国酒店OCC,,%,周,2024-07-21T00:00:00Z,67.77,-3.59,,,酒店之家(STR)
全国大盘,全国酒店ADR,,元,周,2024-07-21T00:00:00Z,220.48,-7.99,,,酒店之家(STR)
全国大盘,全国酒店RevPAR,,元,周,2024-07-21T00:00:00Z,149.4193,-11.29,,,酒店之家(STR)
全国大盘,全国酒店OCC,,%,周,2024-07-28T00:00:00Z,66.15,-5.11,,,酒店之家(STR)
全国大盘,全国酒店ADR,,元,周,2024-07-28T00:00:00Z,220.72,-9.59,,,酒店之家(STR)
全国大盘,全国酒店RevPAR,,元,周,2024-07-28T00:00:00Z,146.0063,-14.2,,,酒店之家(STR)
全国大盘,全国酒店OCC,,%,周,2024-08-04T00:00:00Z,67.06,-5.5,,,酒店之家(STR)
全国大盘,全国酒店ADR,,元,周,2024-08-04T00:00:00Z,229.2,-9.77,,,酒店之家(STR)
全国大盘,全国酒店RevPAR,,元,周,2024-08-04T00:00:00Z,153.7015,-14.73,,,酒店之家(STR)
全国大盘,全国酒店OCC,,%,周,2024-08-11T00:00:00Z,70.86,-1.6,,,酒店之家(STR)
全国大盘,全国酒店ADR,,元,周,2024-08-11T00:00:00Z,241.21,-7.39,,,酒店之家(STR)
全国大盘,全国酒店RevPAR,,元,周,2024-08-11T00:00:00Z,170.9214,-8.87,,,酒店之家(STR)
全国大盘,全国酒店OCC,,%,周,2024-08-18T00:00:00Z,66.33,-5.85,,,酒店之家(STR)
全国大盘,全国酒店ADR,,元,周,2024-08-18T00:00:00Z,233.99,-7.27,,,酒店之家(STR)
全国大盘,全国酒店RevPAR,,元,周,2024-08-18T00:00:00Z,155.2056,-12.69,,,酒店之家(STR)
全国大盘,全国酒店OCC,,%,周,2024-08-25T00:00:00Z,66.48,0.57,,,酒店之家(STR)
全国大盘,全国酒店ADR,,元,周,2024-08-25T00:00:00Z,222.47,-3.83,,,酒店之家(STR)
全国大盘,全国酒店RevPAR,,元,周,2024-08-25T00:00:00Z,147.8981,-3.28,,,酒店之家(STR)
全国大盘,全国酒店OCC,,%,周,2024-09-01T00:00:00Z,58.55,4.53,,,酒店之家(STR)
全国大盘,全国酒店ADR,,元,周,2024-09-01T00:00:00Z,197.95,-0.65,,,酒店之家(STR)
全国大盘,全国酒店RevPAR,,元,周,2024-09-01T00:00:00Z,115.8997,3.86,,,酒店之家(STR)
全国大盘,全国酒店OCC,,%,周,2024-09-08T00:00:00Z,57.61,-2.62,,,酒店之家(STR)
全国大盘,全国酒店ADR,,元,周,2024-09-08T00:00:00Z,188.6,-5,,,酒店之家(STR)
全国大盘,全国酒店RevPAR,,元,周,2024-09-08T00:00:00Z,108.6525,-7.49,,,酒店之家(STR)
全国大盘,全国酒店OCC,,%,周,2024-09-15T00:00:00Z,56.81,-5.76,,,酒店之家(STR)
全国大盘,全国酒店ADR,,元,周,2024-09-15T00:00:00Z,190.27,-2.97,,,酒店之家(STR)
全国大盘,全国酒店RevPAR,,元,周,2024-09-15T00:00:00Z,108.0924,-8.56,,,酒店之家(STR)
全国大盘,全国酒店OCC,,%,周,2024-09-22T00:00:00Z,53.67,-9.17,,,酒店之家(STR)
全国大盘,全国酒店ADR,,元,周,2024-09-22T00:00:00Z,186.87,-6.04,,,酒店之家(STR)
全国大盘,全国酒店RevPAR,,元,周,2024-09-22T00:00:00Z,100.2931,-14.66,,,酒店之家(STR)
全国大盘,全国酒店OCC,,%,周,2024-09-29T00:00:00Z,54.77,-7.59,,,酒店之家(STR)
全国大盘,全国酒店ADR,,元,周,2024-09-29T00:00:00Z,186.04,-27.76,,,酒店之家(STR)
全国大盘,全国酒店RevPAR,,元,周,2024-09-29T00:00:00Z,101.8941,-33.25,,,酒店之家(STR)
全国大盘,全国酒店OCC,,%,周,2024-10-06T00:00:00Z,69.78,17.85,,,酒店之家(STR)
全国大盘,全国酒店ADR,,元,周,2024-10-06T00:00:00Z,267.46,4.73,,,酒店之家(STR)
全国大盘,全国酒店RevPAR,,元,周,2024-10-06T00:00:00Z,186.6336,23.43,,,酒店之家(STR)
全国大盘,全国酒店OCC,,%,周,2024-10-13T00:00:00Z,49.81,-11.89,,,酒店之家(STR)
全国大盘,全国酒店ADR,,元,周,2024-10-13T00:00:00Z,178.26,-8.41,,,酒店之家(STR)
全国大盘,全国酒店RevPAR,,元,周,2024-10-13T00:00:00Z,88.7913,-19.3,,,酒店之家(STR)
全国大盘,全国酒店OCC,,%,周,2024-10-20T00:00:00Z,60.36,0.48,,,酒店之家(STR)
全国大盘,全国酒店ADR,,元,周,2024-10-20T00:00:00Z,186.65,-5.23,,,酒店之家(STR)
全国大盘,全国酒店RevPAR,,元,周,2024-10-20T00:00:00Z,112.6619,-4.77,,,酒店之家(STR)
全国大盘,全国酒店OCC,,%,周,2024-10-27T00:00:00Z,58.2,-0.85,,,酒店之家(STR)
全国大盘,全国酒店ADR,,元,周,2024-10-27T00:00:00Z,186.8,-4.72,,,酒店之家(STR)
全国大盘,全国酒店RevPAR,,元,周,2024-10-27T00:00:00Z,108.7176,-5.53,,,酒店之家(STR)
全国大盘,全国酒店OCC,,%,周,2024-11-03T00:00:00Z,55.25,-0.59,,,酒店之家(STR)
全国大盘,全国酒店ADR,,元,周,2024-11-03T00:00:00Z,183.34,-3.71,,,酒店之家(STR)
全国大盘,全国酒店RevPAR,,元,周,2024-11-03T00:00:00Z,101.2953,-4.28,,,酒店之家(STR)
全国大盘,全国酒店OCC,,%,周,2024-11-10T00:00:00Z,55.46,-1.26,,,酒店之家(STR)
全国大盘,全国酒店ADR,,元,周,2024-11-10T00:00:00Z,182.7,-3.82,,,酒店之家(STR)
全国大盘,全国酒店RevPAR,,元,周,2024-11-10T00:00:00Z,101.3254,-5.03,,,酒店之家(STR)
全国大盘,全国酒店OCC,,%,周,2024-11-17T00:00:00Z,56.54,-1.34,,,酒店之家(STR)
全国大盘,全国酒店ADR,,元,周,2024-11-17T00:00:00Z,185.66,-2.4,,,酒店之家(STR)
全国大盘,全国酒店RevPAR,,元,周,2024-11-17T00:00:00Z,104.9722,-3.71,,,酒店之家(STR)
全国大盘,全国酒店OCC,,%,周,2024-11-24T00:00:00Z,56.5,-1.82,,,酒店之家(STR)
全国大盘,全国酒店ADR,,元,周,2024-11-24T00:00:00Z,184.11,-2.98,,,酒店之家(STR)
全国大盘,全国酒店RevPAR,,元,周,2024-11-24T00:00:00Z,104.0221,-4.75,,,酒店之家(STR)
全国大盘,全国酒店OCC,,%,周,2024-12-01T00:00:00Z,57.19,2,,,酒店之家(STR)
全国大盘,全国酒店ADR,,元,周,2024-12-01T00:00:00Z,183.57,-2.2,,,酒店之家(STR)
全国大盘,全国酒店RevPAR,,元,周,2024-12-01T00:00:00Z,104.9837,-0.24,,,酒店之家(STR)
全国大盘,全国酒店OCC,,%,周,2024-12-08T00:00:00Z,55.92,0.3,,,酒店之家(STR)
全国大盘,全国酒店ADR,,元,周,2024-12-08T00:00:00Z,181.78,-3.71,,,酒店之家(STR)
全国大盘,全国酒店RevPAR,,元,周,2024-12-08T00:00:00Z,101.6514,-3.41,,,酒店之家(STR)
全国大盘,全国酒店OCC,,%,周,2024-12-15T00:00:00Z,54.77,-0.38,,,酒店之家(STR)
全国大盘,全国酒店ADR,,元,周,2024-12-15T00:00:00Z,180.96,-3.9,,,酒店之家(STR)
全国大盘,全国酒店RevPAR,,元,周,2024-12-15T00:00:00Z,99.1118,-4.27,,,酒店之家(STR)
全国大盘,全国酒店OCC,,%,周,2024-12-22T00:00:00Z,56.23,-1.49,,,酒店之家(STR)
全国大盘,全国酒店ADR,,元,周,2024-12-22T00:00:00Z,185.35,-4.15,,,酒店之家(STR)
全国大盘,全国酒店RevPAR,,元,周,2024-12-22T00:00:00Z,104.2223,-5.57,,,酒店之家(STR)
全国大盘,全国酒店OCC,,%,周,2024-12-29T00:00:00Z,54.66,-9.82,,,酒店之家(STR)
全国大盘,全国酒店ADR,,元,周,2024-12-29T00:00:00Z,187.04,-10.87,,,酒店之家(STR)
全国大盘,全国酒店RevPAR,,元,周,2024-12-29T00:00:00Z,102.2361,-19.62,,,酒店之家(STR)
全国大盘,全国酒店OCC,,%,周,2025-01-05T00:00:00Z,54.77,5.71,,,酒店之家(STR)
全国大盘,全国酒店ADR,,元,周,2025-01-05T00:00:00Z,188.24,2.73,,,酒店之家(STR)
全国大盘,全国酒店RevPAR,,元,周,2025-01-05T00:00:00Z,103.099,8.6,,,酒店之家(STR)
全国大盘,全国酒店OCC,,%,周,2025-01-12T00:00:00Z,55.3,-2.26,,,酒店之家(STR)
全国大盘,全国酒店ADR,,元,周,2025-01-12T00:00:00Z,181.2,-2.04,,,酒店之家(STR)
全国大盘,全国酒店RevPAR,,元,周,2025-01-12T00:00:00Z,100.2036,-4.26,,,酒店之家(STR)
全国大盘,全国酒店OCC,,%,周,2025-01-19T00:00:00Z,56.17,-4.21,,,酒店之家(STR)
全国大盘,全国酒店ADR,,元,周,2025-01-19T00:00:00Z,188.97,-1.02,,,酒店之家(STR)
全国大盘,全国酒店RevPAR,,元,周,2025-01-19T00:00:00Z,106.1444,-5.19,,,酒店之家(STR)
全国大盘,全国酒店OCC,,%,周,2025-01-26T00:00:00Z,50.41,-14.72,,,酒店之家(STR)
全国大盘,全国酒店ADR,,元,周,2025-01-26T00:00:00Z,194.53,-2.3,,,酒店之家(STR)
全国大盘,全国酒店RevPAR,,元,周,2025-01-26T00:00:00Z,98.0626,-16.68,,,酒店之家(STR)
全国大盘,全国酒店OCC,,%,周,2025-02-02T00:00:00Z,52.99,-3.9,,,酒店之家(STR)
全国大盘,全国酒店ADR,,元,周,2025-02-02T00:00:00Z,291.53,45.81,,,酒店之家(STR)
全国大盘,全国酒店RevPAR,,元,周,2025-02-02T00:00:00Z,154.4817,40.12,,,酒店之家(STR)
全国大盘,全国酒店OCC,,%,周,2025-02-09T00:00:00Z,55.99,25.34,,,酒店之家(STR)
全国大盘,全国酒店ADR,,元,周,2025-02-09T00:00:00Z,208.17,-17.4,,,酒店之家(STR)
全国大盘,全国酒店RevPAR,,元,周,2025-02-09T00:00:00Z,116.5544,3.53,,,酒店之家(STR)
全国大盘,全国酒店OCC,,%,周,2025-02-16T00:00:00Z,55.26,-13.41,,,酒店之家(STR)
全国大盘,全国酒店ADR,,元,周,2025-02-16T00:00:00Z,185.98,-31.56,,,酒店之家(STR)
全国大盘,全国酒店RevPAR,,元,周,2025-02-16T00:00:00Z,102.7725,-40.74,,,酒店之家(STR)
全国大盘,全国酒店OCC,,%,周,2025-02-23T00:00:00Z,58.71,9.53,,,酒店之家(STR)
全国大盘,全国酒店ADR,,元,周,2025-02-23T00:00:00Z,183.26,-1.91,,,酒店之家(STR)
全国大盘,全国酒店RevPAR,,元,周,2025-02-23T00:00:00Z,107.5919,7.45,,,酒店之家(STR)
全国大盘,全国酒店OCC,,%,周,2025-03-02T00:00:00Z,56.87,-2.32,,,酒店之家(STR)
全国大盘,全国酒店ADR,,元,周,2025-03-02T00:00:00Z,181.16,-0.36,,,酒店之家(STR)
全国大盘,全国酒店RevPAR,,元,周,2025-03-02T00:00:00Z,103.0257,-2.67,,,酒店之家(STR)
全国大盘,全国酒店OCC,,%,周,2025-03-09T00:00:00Z,54.71,-6.92,,,酒店之家(STR)
全国大盘,全国酒店ADR,,元,周,2025-03-09T00:00:00Z,179.85,-2.52,,,酒店之家(STR)
全国大盘,全国酒店RevPAR,,元,周,2025-03-09T00:00:00Z,98.3959,-9.27,,,酒店之家(STR)
全国大盘,全国酒店OCC,,%,周,2025-03-16T00:00:00Z,58.87,3.05,,,酒店之家(STR)
全国大盘,全国酒店ADR,,元,周,2025-03-16T00:00:00Z,183.81,-2.04,,,酒店之家(STR)
全国大盘,全国酒店RevPAR,,元,周,2025-03-16T00:00:00Z,108.2089,0.95,,,酒店之家(STR)
全国大盘,全国酒店OCC,,%,周,2025-03-23T00:00:00Z,59.34,-0.74,,,酒店之家(STR)
全国大盘,全国酒店ADR,,元,周,2025-03-23T00:00:00Z,191.86,0.43,,,酒店之家(STR)
全国大盘,全国酒店RevPAR,,元,周,2025-03-23T00:00:00Z,113.8497,-0.3,,,酒店之家(STR)
全国大盘,全国酒店OCC,,%,周,2025-03-30T00:00:00Z,58.8,-1.72,,,酒店之家(STR)
全国大盘,全国酒店ADR,,元,周,2025-03-30T00:00:00Z,193.07,-1.27,,,酒店之家(STR)
全国大盘,全国酒店RevPAR,,元,周,2025-03-30T00:00:00Z,113.5252,-2.97,,,酒店之家(STR)
全国大盘,全国酒店OCC,,%,周,2025-04-06T00:00:00Z,56.42,-0.95,,,酒店之家(STR)
全国大盘,全国酒店ADR,,元,周,2025-04-06T00:00:00Z,205.84,0.43,,,酒店之家(STR)
全国大盘,全国酒店RevPAR,,元,周,2025-04-06T00:00:00Z,116.1349,-0.52,,,酒店之家(STR)
全国大盘,全国酒店OCC,,%,周,2025-04-13T00:00:00Z,58.19,-5.77,,,酒店之家(STR)
全国大盘,全国酒店ADR,,元,周,2025-04-13T00:00:00Z,190.76,-3.27,,,酒店之家(STR)
全国大盘,全国酒店RevPAR,,元,周,2025-04-13T00:00:00Z,111.0032,-8.84,,,酒店之家(STR)
全国大盘,全国酒店OCC,,%,周,2025-04-20T00:00:00Z,62.88,-0.44,,,酒店之家(STR)
全国大盘,全国酒店ADR,,元,周,2025-04-20T00:00:00Z,198.49,0.84,,,酒店之家(STR)
全国大盘,全国酒店RevPAR,,元,周,2025-04-20T00:00:00Z,124.8105,0.39,,,酒店之家(STR)
全国大盘,全国酒店OCC,,%,周,2025-04-27T00:00:00Z,58.89,0.12,,,酒店之家(STR)
全国大盘,全国酒店ADR,,元,周,2025-04-27T00:00:00Z,193.19,1,,,酒店之家(STR)
全国大盘,全国酒店RevPAR,,元,周,2025-04-27T00:00:00Z,113.7696,1.12,,,酒店之家(STR)
全国大盘,全国酒店OCC,,%,周,2025-05-04T00:00:00Z,67.53,4.88,,,酒店之家(STR)
全国大盘,全国酒店ADR,,元,周,2025-05-04T00:00:00Z,283.83,6.8,,,酒店之家(STR)
全国大盘,全国酒店RevPAR,,元,周,2025-05-04T00:00:00Z,191.6704,12.01,,,酒店之家(STR)
全国大盘,全国酒店OCC,,%,周,2025-05-11T00:00:00Z,51.64,-3.24,,,酒店之家(STR)
全国大盘,全国酒店ADR,,元,周,2025-05-11T00:00:00Z,186.8,3.25,,,酒店之家(STR)
全国大盘,全国酒店RevPAR,,元,周,2025-05-11T00:00:00Z,96.4635,-0.1,,,酒店之家(STR)
全国大盘,全国酒店OCC,,%,周,2025-05-18T00:00:00Z,59.25,-2.63,,,酒店之家(STR)
全国大盘,全国酒店ADR,,元,周,2025-05-18T00:00:00Z,193.22,1.61,,,酒店之家(STR)
全国大盘,全国酒店RevPAR,,元,周,2025-05-18T00:00:00Z,114.4828,-1.06,,,酒店之家(STR)
全国大盘,全国酒店OCC,,%,周,2025-05-25T00:00:00Z,58.82,-0.68,,,酒店之家(STR)
全国大盘,全国酒店ADR,,元,周,2025-05-25T00:00:00Z,192.65,2.36,,,酒店之家(STR)
全国大盘,全国酒店RevPAR,,元,周,2025-05-25T00:00:00Z,113.3167,1.67,,,酒店之家(STR)
全国大盘,全国酒店OCC,,%,周,2025-06-01T00:00:00Z,55.83,0.85,,,酒店之家(STR)
全国大盘,全国酒店ADR,,元,周,2025-06-01T00:00:00Z,204.5,9.86,,,酒店之家(STR)
全国大盘,全国酒店RevPAR,,元,周,2025-06-01T00:00:00Z,114.1724,10.79,,,酒店之家(STR)
全国大盘,全国酒店OCC,,%,周,2025-06-08T00:00:00Z,53.5,-8.73,,,酒店之家(STR)
全国大盘,全国酒店ADR,,元,周,2025-06-08T00:00:00Z,190.1,-3.83,,,酒店之家(STR)
全国大盘,全国酒店RevPAR,,元,周,2025-06-08T00:00:00Z,101.7035,-12.23,,,酒店之家(STR)
全国大盘,全国酒店OCC,,%,周,2025-06-15T00:00:00Z,57.94,3.15,,,酒店之家(STR)
全国大盘,全国酒店ADR,,元,周,2025-06-15T00:00:00Z,190.36,3.14,,,酒店之家(STR)
全国大盘,全国酒店RevPAR,,元,周,2025-06-15T00:00:00Z,110.2946,6.39,,,酒店之家(STR)
全国大盘,全国酒店OCC,,%,周,2025-06-22T00:00:00Z,60.27,3.49,,,酒店之家(STR)
全国大盘,全国酒店ADR,,元,周,2025-06-22T00:00:00Z,193.29,2.06,,,酒店之家(STR)
全国大盘,全国酒店RevPAR,,元,周,2025-06-22T00:00:00Z,116.4959,5.62,,,酒店之家(STR)
全国大盘,全国酒店OCC,,%,周,2025-06-29T00:00:00Z,59.4,-1.66,,,酒店之家(STR)
全国大盘,全国酒店ADR,,元,周,2025-06-29T00:00:00Z,197.96,3.38,,,酒店之家(STR)
全国大盘,全国酒店RevPAR,,元,周,2025-06-29T00:00:00Z,117.5882,1.67,,,酒店之家(STR)
全国大盘,全国酒店OCC,,%,周,2025-07-06T00:00:00Z,60.22,-2.13,,,酒店之家(STR)
全国大盘,全国酒店ADR,,元,周,2025-07-06T00:00:00Z,204.98,2.34,,,酒店之家(STR)
全国大盘,全国酒店RevPAR,,元,周,2025-07-06T00:00:00Z,123.439,0.16,,,酒店之家(STR)
全国大盘,全国酒店OCC,,%,周,2025-07-13T00:00:00Z,64.27,-1.94,,,酒店之家(STR)
全国大盘,全国酒店ADR,,元,周,2025-07-13T00:00:00Z,216.07,2.31,,,酒店之家(STR)
全国大盘,全国酒店RevPAR,,元,周,2025-07-13T00:00:00Z,138.8682,0.33,,,酒店之家(STR)
全国大盘,全国酒店OCC,,%,周,2025-07-20T00:00:00Z,67.4,-0.55,,,酒店之家(STR)
全国大盘,全国酒店ADR,,元,周,2025-07-20T00:00:00Z,222.36,0.85,,,酒店之家(STR)
全国大盘,全国酒店RevPAR,,元,周,2025-07-20T00:00:00Z,149.8706,0.3,,,酒店之家(STR)
全国大盘,全国酒店OCC,,%,周,2025-07-27T00:00:00Z,65.96,-0.29,,,酒店之家(STR)
全国大盘,全国酒店ADR,,元,周,2025-07-27T00:00:00Z,228.3,3.43,,,酒店之家(STR)
全国大盘,全国酒店RevPAR,,元,周,2025-07-27T00:00:00Z,150.5867,3.14,,,酒店之家(STR)
全国大盘,全国酒店OCC,,%,周,2025-08-03T00:00:00Z,66.77,-0.43,,,酒店之家(STR)
全国大盘,全国酒店ADR,,元,周,2025-08-03T00:00:00Z,234.21,2.19,,,酒店之家(STR)
全国大盘,全国酒店RevPAR,,元,周,2025-08-03T00:00:00Z,156.382,1.74,,,酒店之家(STR)
全国大盘,全国酒店OCC,,%,周,2025-08-10T00:00:00Z,68.96,-2.68,,,酒店之家(STR)
全国大盘,全国酒店ADR,,元,周,2025-08-10T00:00:00Z,249.16,3.3,,,酒店之家(STR)
全国大盘,全国酒店RevPAR,,元,周,2025-08-10T00:00:00Z,171.8207,0.53,,,酒店之家(STR)
全国大盘,全国酒店OCC,,%,周,2025-08-17T00:00:00Z,69.09,4.16,,,酒店之家(STR)
全国大盘,全国酒店ADR,,元,周,2025-08-17T00:00:00Z,246.53,5.36,,,酒店之家(STR)
全国大盘,全国酒店RevPAR,,元,周,2025-08-17T00:00:00Z,170.3276,9.74,,,酒店之家(STR)
全国大盘,全国酒店OCC,,%,周,2025-08-24T00:00:00Z,66.01,-0.71,,,酒店之家(STR)
全国大盘,全国酒店ADR,,元,周,2025-08-24T00:00:00Z,231.58,4.09,,,酒店之家(STR)
全国大盘,全国酒店RevPAR,,元,周,2025-08-24T00:00:00Z,152.866,3.36,,,酒店之家(STR)
全国大盘,全国酒店OCC,,%,周,2025-08-31T00:00:00Z,60.77,3.79,,,酒店之家(STR)
全国大盘,全国酒店ADR,,元,周,2025-08-31T00:00:00Z,204.72,3.42,,,酒店之家(STR)
全国大盘,全国酒店RevPAR,,元,周,2025-08-31T00:00:00Z,124.4083,7.34,,,酒店之家(STR)
全国大盘,全国酒店OCC,,%,周,2025-09-07T00:00:00Z,52.99,-8.02,,,酒店之家(STR)
全国大盘,全国酒店ADR,,元,周,2025-09-07T00:00:00Z,189.07,0.25,,,酒店之家(STR)
全国大盘,全国酒店RevPAR,,元,周,2025-09-07T00:00:00Z,100.1882,-7.79,,,酒店之家(STR)
全国大盘,全国酒店OCC,,%,周,2025-09-14T00:00:00Z,58.61,3.17,,,酒店之家(STR)
全国大盘,全国酒店ADR,,元,周,2025-09-14T00:00:00Z,192.53,1.19,,,酒店之家(STR)
全国大盘,全国酒店RevPAR,,元,周,2025-09-14T00:00:00Z,112.8418,4.39,,,酒店之家(STR)
全国大盘,全国酒店OCC,,%,周,2025-09-21T00:00:00Z,58.6,9.19,,,酒店之家(STR)
全国大盘,全国酒店ADR,,元,周,2025-09-21T00:00:00Z,194.92,4.31,,,酒店之家(STR)
全国大盘,全国酒店RevPAR,,元,周,2025-09-21T00:00:00Z,114.2231,13.89,,,酒店之家(STR)
全国大盘,全国酒店OCC,,%,周,2025-09-28T00:00:00Z,52.84,-3.52,,,酒店之家(STR)
全国大盘,全国酒店ADR,,元,周,2025-09-28T00:00:00Z,188.06,1.09,,,酒店之家(STR)
全国大盘,全国酒店RevPAR,,元,周,2025-09-28T00:00:00Z,99.3709,-2.48,,,酒店之家(STR)
全国大盘,全国酒店OCC,,%,周,2025-10-05T00:00:00Z,68.22,-2.24,,,酒店之家(STR)
全国大盘,全国酒店ADR,,元,周,2025-10-05T00:00:00Z,292.71,9.44,,,酒店之家(STR)
全国大盘,全国酒店RevPAR,,元,周,2025-10-05T00:00:00Z,199.6868,6.99,,,酒店之家(STR)
全国大盘,全国酒店OCC,,%,周,2025-10-12T00:00:00Z,48.37,-2.89,,,酒店之家(STR)
全国大盘,全国酒店ADR,,元,周,2025-10-12T00:00:00Z,193.6,8.61,,,酒店之家(STR)
全国大盘,全国酒店RevPAR,,元,周,2025-10-12T00:00:00Z,93.6443,5.47,,,酒店之家(STR)
全国大盘,全国酒店OCC,,%,周,2025-10-19T00:00:00Z,58.92,-2.39,,,酒店之家(STR)
全国大盘,全国酒店ADR,,元,周,2025-10-19T00:00:00Z,192.04,2.89,,,酒店之家(STR)
全国大盘,全国酒店RevPAR,,元,周,2025-10-19T00:00:00Z,113.15,0.43,,,酒店之家(STR)
全国大盘,全国酒店OCC,,%,周,2025-10-26T00:00:00Z,57.71,-0.84,,,酒店之家(STR)
全国大盘,全国酒店ADR,,元,周,2025-10-26T00:00:00Z,193.62,3.65,,,酒店之家(STR)
全国大盘,全国酒店RevPAR,,元,周,2025-10-26T00:00:00Z,111.7381,2.78,,,酒店之家(STR)
全国大盘,全国酒店OCC,,%,周,2025-11-02T00:00:00Z,55.87,1.12,,,酒店之家(STR)
全国大盘,全国酒店ADR,,元,周,2025-11-02T00:00:00Z,191.33,4.36,,,酒店之家(STR)
全国大盘,全国酒店RevPAR,,元,周,2025-11-02T00:00:00Z,106.8961,5.53,,,酒店之家(STR)
全国大盘,全国酒店OCC,,%,周,2025-11-09T00:00:00Z,54.83,-1.14,,,酒店之家(STR)
全国大盘,全国酒店ADR,,元,周,2025-11-09T00:00:00Z,190.35,4.19,,,酒店之家(STR)
全国大盘,全国酒店RevPAR,,元,周,2025-11-09T00:00:00Z,104.3689,3,,,酒店之家(STR)
全国大盘,全国酒店OCC,,%,周,2025-11-16T00:00:00Z,56.74,0.35,,,酒店之家(STR)
全国大盘,全国酒店ADR,,元,周,2025-11-16T00:00:00Z,196.2,5.68,,,酒店之家(STR)
全国大盘,全国酒店RevPAR,,元,周,2025-11-16T00:00:00Z,111.3239,6.05,,,酒店之家(STR)
全国大盘,全国酒店OCC,,%,周,2025-11-23T00:00:00Z,55.78,-1.27,,,酒店之家(STR)
全国大盘,全国酒店ADR,,元,周,2025-11-23T00:00:00Z,191.94,4.25,,,酒店之家(STR)
全国大盘,全国酒店RevPAR,,元,周,2025-11-23T00:00:00Z,107.0641,2.92,,,酒店之家(STR)
全国大盘,全国酒店OCC,,%,周,2025-11-30T00:00:00Z,56.26,-1.63,,,酒店之家(STR)
全国大盘,全国酒店ADR,,元,周,2025-11-30T00:00:00Z,189.39,3.17,,,酒店之家(STR)
全国大盘,全国酒店RevPAR,,元,周,2025-11-30T00:00:00Z,106.5508,1.49,,,酒店之家(STR)
全国大盘,全国酒店OCC,,%,周,2025-12-07T00:00:00Z,54.65,-2.27,,,酒店之家(STR)
全国大盘,全国酒店ADR,,元,周,2025-12-07T00:00:00Z,187.85,3.34,,,酒店之家(STR)
全国大盘,全国酒店RevPAR,,元,周,2025-12-07T00:00:00Z,102.66,0.99,,,酒店之家(STR)
全国大盘,全国酒店OCC,,%,周,2025-12-14T00:00:00Z,53.78,-1.81,,,酒店之家(STR)
全国大盘,全国酒店ADR,,元,周,2025-12-14T00:00:00Z,184.55,1.98,,,酒店之家(STR)
全国大盘,全国酒店RevPAR,,元,周,2025-12-14T00:00:00Z,99.251,0.14,,,酒店之家(STR)
全国大盘,全国酒店OCC,,%,周,2025-12-21T00:00:00Z,55.75,-0.85,,,酒店之家(STR)
全国大盘,全国酒店ADR,,元,周,2025-12-21T00:00:00Z,190.1,2.56,,,酒店之家(STR)
全国大盘,全国酒店RevPAR,,元,周,2025-12-21T00:00:00Z,105.9808,1.69,,,酒店之家(STR)
全国大盘,全国酒店OCC,,%,周,2025-12-28T00:00:00Z,54.18,-0.88,,,酒店之家(STR)
全国大盘,全国酒店ADR,,元,周,2025-12-28T00:00:00Z,192.25,2.79,,,酒店之家(STR)
全国大盘,全国酒店RevPAR,,元,周,2025-12-28T00:00:00Z,104.161,1.88,,,酒店之家(STR)
全国大盘,全国酒店OCC,,%,周,2026-01-04T00:00:00Z,57.48,4.95,,,酒店之家(STR)
全国大盘,全国酒店ADR,,元,周,2026-01-04T00:00:00Z,212.16,12.71,,,酒店之家(STR)
全国大盘,全国酒店RevPAR,,元,周,2026-01-04T00:00:00Z,121.9496,18.28,,,酒店之家(STR)
全国大盘,全国酒店OCC,,%,周,2026-01-11T00:00:00Z,52.8,-4.52,,,酒店之家(STR)
全国大盘,全国酒店ADR,,元,周,2026-01-11T00:00:00Z,181.57,0.2,,,酒店之家(STR)
全国大盘,全国酒店RevPAR,,元,周,2026-01-11T00:00:00Z,95.869,-4.33,,,酒店之家(STR)
全国大盘,全国酒店OCC,,%,周,2026-01-18T00:00:00Z,55.63,-0.96,,,酒店之家(STR)
全国大盘,全国酒店ADR,,元,周,2026-01-18T00:00:00Z,184.82,-2.2,,,酒店之家(STR)
全国大盘,全国酒店RevPAR,,元,周,2026-01-18T00:00:00Z,102.8154,-3.14,,,酒店之家(STR)
全国大盘,全国酒店OCC,,%,周,2026-01-25T00:00:00Z,55.62,10.34,,,酒店之家(STR)
全国大盘,全国酒店ADR,,元,周,2026-01-25T00:00:00Z,191.64,-1.49,,,酒店之家(STR)
全国大盘,全国酒店RevPAR,,元,周,2026-01-25T00:00:00Z,106.5902,8.7,,,酒店之家(STR)
全国大盘,全国酒店OCC,,%,周,2026-02-01T00:00:00Z,56.52,6.66,,,酒店之家(STR)
全国大盘,全国酒店ADR,,元,周,2026-02-01T00:00:00Z,198.95,-31.76,,,酒店之家(STR)
全国大盘,全国酒店RevPAR,,元,周,2026-02-01T00:00:00Z,112.4465,-27.21,,,酒店之家(STR)
全国大盘,全国酒店OCC,,%,周,2026-02-08T00:00:00Z,57.71,3.07,,,酒店之家(STR)
全国大盘,全国酒店ADR,,元,周,2026-02-08T00:00:00Z,205.91,-1.09,,,酒店之家(STR)
全国大盘,全国酒店RevPAR,,元,周,2026-02-08T00:00:00Z,118.8307,1.95,,,酒店之家(STR)
全国大盘,全国酒店OCC,,%,周,2026-02-15T00:00:00Z,48.76,-11.76,,,酒店之家(STR)
全国大盘,全国酒店ADR,,元,周,2026-02-15T00:00:00Z,215.89,16.08,,,酒店之家(STR)
全国大盘,全国酒店RevPAR,,元,周,2026-02-15T00:00:00Z,105.268,2.43,,,酒店之家(STR)
全国大盘,全国酒店OCC,,%,周,2026-02-22T00:00:00Z,61.05,3.99,,,酒店之家(STR)
全国大盘,全国酒店ADR,,元,周,2026-02-22T00:00:00Z,330.78,80.5,,,酒店之家(STR)
全国大盘,全国酒店RevPAR,,元,周,2026-02-22T00:00:00Z,201.9412,87.69,,,酒店之家(STR)
全国大盘,全国酒店OCC,,%,周,2026-03-01T00:00:00Z,55.09,-3.13,,,酒店之家(STR)
全国大盘,全国酒店ADR,,元,周,2026-03-01T00:00:00Z,198.31,9.47,,,酒店之家(STR)
全国大盘,全国酒店RevPAR,,元,周,2026-03-01T00:00:00Z,109.249,6.04,,,酒店之家(STR)
全国大盘,全国酒店OCC,,%,周,2026-03-08T00:00:00Z,54.21,-0.91,,,酒店之家(STR)
全国大盘,全国酒店ADR,,元,周,2026-03-08T00:00:00Z,182.52,1.48,,,酒店之家(STR)
全国大盘,全国酒店RevPAR,,元,周,2026-03-08T00:00:00Z,98.9441,0.56,,,酒店之家(STR)
全国大盘,全国酒店OCC,,%,周,2026-03-15T00:00:00Z,59.15,0.48,,,酒店之家(STR)
全国大盘,全国酒店ADR,,元,周,2026-03-15T00:00:00Z,190.2,3.48,,,酒店之家(STR)
全国大盘,全国酒店RevPAR,,元,周,2026-03-15T00:00:00Z,112.5033,3.97,,,酒店之家(STR)
全国大盘,全国酒店OCC,,%,周,2026-03-22T00:00:00Z,58.36,-1.65,,,酒店之家(STR)
全国大盘,全国酒店ADR,,元,周,2026-03-22T00:00:00Z,195.53,1.91,,,酒店之家(STR)
全国大盘,全国酒店RevPAR,,元,周,2026-03-22T00:00:00Z,114.1113,0.23,,,酒店之家(STR)
全国大盘,全国酒店OCC,,%,周,2026-03-29T00:00:00Z,59.04,0.41,,,酒店之家(STR)
全国大盘,全国酒店ADR,,元,周,2026-03-29T00:00:00Z,198.22,2.67,,,酒店之家(STR)
全国大盘,全国酒店RevPAR,,元,周,2026-03-29T00:00:00Z,117.0291,3.09,,,酒店之家(STR)
全国大盘,全国酒店OCC,,%,周,2026-04-05T00:00:00Z,58.42,3.54,,,酒店之家(STR)
全国大盘,全国酒店ADR,,元,周,2026-04-05T00:00:00Z,232.36,12.88,,,酒店之家(STR)
全国大盘,全国酒店RevPAR,,元,周,2026-04-05T00:00:00Z,135.7447,16.89,,,酒店之家(STR)
全国大盘,全国酒店OCC,,%,周,2026-04-12T00:00:00Z,55.91,-3.92,,,酒店之家(STR)
全国大盘,全国酒店ADR,,元,周,2026-04-12T00:00:00Z,199.88,4.78,,,酒店之家(STR)
全国大盘,全国酒店RevPAR,,元,周,2026-04-12T00:00:00Z,111.7529,0.68,,,酒店之家(STR)
全国大盘,全国酒店OCC,,%,周,2026-04-19T00:00:00Z,62.35,-0.84,,,酒店之家(STR)
全国大盘,全国酒店ADR,,元,周,2026-04-19T00:00:00Z,210.61,6.11,,,酒店之家(STR)
全国大盘,全国酒店RevPAR,,元,周,2026-04-19T00:00:00Z,131.3153,5.21,,,酒店之家(STR)
全国大盘,全国酒店OCC,,%,周,2026-04-26T00:00:00Z,60.33,2.45,,,酒店之家(STR)
全国大盘,全国酒店ADR,,元,周,2026-04-26T00:00:00Z,206.86,7.08,,,酒店之家(STR)
全国大盘,全国酒店RevPAR,,元,周,2026-04-26T00:00:00Z,124.7986,9.69,,,酒店之家(STR)
全国大盘,全国酒店OCC,,%,周,2026-05-03T00:00:00Z,65.38,-3.18,,,酒店之家(STR)
全国大盘,全国酒店ADR,,元,周,2026-05-03T00:00:00Z,296.13,4.33,,,酒店之家(STR)
全国大盘,全国酒店RevPAR,,元,周,2026-05-03T00:00:00Z,193.6098,1.01,,,酒店之家(STR)
全国大盘,全国酒店OCC,,%,周,2026-05-10T00:00:00Z,50.33,-2.54,,,酒店之家(STR)
全国大盘,全国酒店ADR,,元,周,2026-05-10T00:00:00Z,201.11,7.66,,,酒店之家(STR)
全国大盘,全国酒店RevPAR,,元,周,2026-05-10T00:00:00Z,101.2187,4.93,,,酒店之家(STR)
全国大盘,全国酒店OCC,,%,周,2026-05-17T00:00:00Z,58.15,-1.86,,,酒店之家(STR)
全国大盘,全国酒店ADR,,元,周,2026-05-17T00:00:00Z,199.4,3.2,,,酒店之家(STR)
全国大盘,全国酒店RevPAR,,元,周,2026-05-17T00:00:00Z,115.9511,1.28,,,酒店之家(STR)
全国大盘,全国酒店OCC,,%,周,2026-05-24T00:00:00Z,58.59,-0.39,,,酒店之家(STR)
全国大盘,全国酒店ADR,,元,周,2026-05-24T00:00:00Z,198.42,3,,,酒店之家(STR)
全国大盘,全国酒店RevPAR,,元,周,2026-05-24T00:00:00Z,116.2543,2.59,,,酒店之家(STR)
全国大盘,全国酒店OCC,,%,周,2026-05-31T00:00:00Z,56.69,1.54,,,酒店之家(STR)
全国大盘,全国酒店ADR,,元,周,2026-05-31T00:00:00Z,198.69,-2.84,,,酒店之家(STR)
全国大盘,全国酒店RevPAR,,元,周,2026-05-31T00:00:00Z,112.6374,-1.34,,,酒店之家(STR)
全国大盘,全国酒店OCC,,%,周,2026-06-07T00:00:00Z,54.93,2.67,,,酒店之家(STR)
全国大盘,全国酒店ADR,,元,周,2026-06-07T00:00:00Z,195.89,3.05,,,酒店之家(STR)
全国大盘,全国酒店RevPAR,,元,周,2026-06-07T00:00:00Z,107.6024,5.8,,,酒店之家(STR)
全国大盘,全国酒店OCC,,%,周,2026-06-14T00:00:00Z,57.25,-1.19,,,酒店之家(STR)
全国大盘,全国酒店ADR,,元,周,2026-06-14T00:00:00Z,195.86,2.89,,,酒店之家(STR)
全国大盘,全国酒店RevPAR,,元,周,2026-06-14T00:00:00Z,112.1299,1.66,,,酒店之家(STR)
全国大盘,全国酒店OCC,,%,周,2026-06-21T00:00:00Z,57.89,-3.95,,,酒店之家(STR)
全国大盘,全国酒店ADR,,元,周,2026-06-21T00:00:00Z,208.15,7.69,,,酒店之家(STR)
全国大盘,全国酒店RevPAR,,元,周,2026-06-21T00:00:00Z,120.498,3.44,,,酒店之家(STR)
全国大盘,全国酒店OCC,,%,周,2026-06-28T00:00:00Z,57.65,-2.95,,,酒店之家(STR)
全国大盘,全国酒店ADR,,元,周,2026-06-28T00:00:00Z,199.47,0.76,,,酒店之家(STR)
全国大盘,全国酒店RevPAR,,元,周,2026-06-28T00:00:00Z,114.9945,-2.21,,,酒店之家(STR)
全国大盘,全国酒店OCC,,%,周,2026-07-05T00:00:00Z,57.63,-4.3,,,酒店之家(STR)
全国大盘,全国酒店ADR,,元,周,2026-07-05T00:00:00Z,203.16,-0.89,,,酒店之家(STR)
全国大盘,全国酒店RevPAR,,元,周,2026-07-05T00:00:00Z,117.0811,-5.15,,,酒店之家(STR)
全国大盘,全国酒店OCC,,%,周,2026-07-12T00:00:00Z,62.34,-3,,,酒店之家(STR)
全国大盘,全国酒店ADR,,元,周,2026-07-12T00:00:00Z,209.64,-2.98,,,酒店之家(STR)
全国大盘,全国酒店RevPAR,,元,周,2026-07-12T00:00:00Z,130.6896,-5.89,,,酒店之家(STR)
全国大盘,全国酒店OCC,,%,周,2026-07-19T00:00:00Z,64.83,-3.81,,,酒店之家(STR)
全国大盘,全国酒店ADR,,元,周,2026-07-19T00:00:00Z,221.65,-0.32,,,酒店之家(STR)
全国大盘,全国酒店RevPAR,,元,周,2026-07-19T00:00:00Z,143.6957,-4.12,,,酒店之家(STR)
全国大盘,全国酒店OCC,,%,周,2026-07-26T00:00:00Z,65.84,-0.18,,,酒店之家(STR)
全国大盘,全国酒店ADR,,元,周,2026-07-26T00:00:00Z,229.42,0.49,,,酒店之家(STR)
全国大盘,全国酒店RevPAR,,元,周,2026-07-26T00:00:00Z,151.0501,0.31,,,酒店之家(STR)
全国大盘,全国酒店OCC,,%,周,2026-08-02T00:00:00Z,66.16,-0.91,,,酒店之家(STR)
全国大盘,全国酒店ADR,,元,周,2026-08-02T00:00:00Z,238.2,1.7,,,酒店之家(STR)
全国大盘,全国酒店RevPAR,,元,周,2026-08-02T00:00:00Z,157.5931,0.77,,,酒店之家(STR)
全国大盘,全国酒店OCC,,%,周,2026-08-09T00:00:00Z,69.22,0.38,,,酒店之家(STR)
全国大盘,全国酒店ADR,,元,周,2026-08-09T00:00:00Z,253.59,1.78,,,酒店之家(STR)
全国大盘,全国酒店RevPAR,,元,周,2026-08-09T00:00:00Z,175.535,2.16,,,酒店之家(STR)
全国大盘,全国酒店OCC,,%,周,2026-08-16T00:00:00Z,68.79,-0.43,,,酒店之家(STR)
全国大盘,全国酒店ADR,,元,周,2026-08-16T00:00:00Z,252.75,2.52,,,酒店之家(STR)
全国大盘,全国酒店RevPAR,,元,周,2026-08-16T00:00:00Z,173.8667,2.08,,,酒店之家(STR)
全国大盘,全国酒店OCC,,%,周,2026-08-23T00:00:00Z,67.81,2.73,,,酒店之家(STR)
全国大盘,全国酒店ADR,,元,周,2026-08-23T00:00:00Z,242.71,4.81,,,酒店之家(STR)
全国大盘,全国酒店RevPAR,,元,周,2026-08-23T00:00:00Z,164.5817,7.66,,,酒店之家(STR)
全国大盘,全国酒店OCC,,%,周,2026-08-30T00:00:00Z,58.57,-3.62,,,酒店之家(STR)
全国大盘,全国酒店ADR,,元,周,2026-08-30T00:00:00Z,213.38,4.23,,,酒店之家(STR)
全国大盘,全国酒店RevPAR,,元,周,2026-08-30T00:00:00Z,124.9767,0.46,,,酒店之家(STR)
全国大盘,全国酒店OCC,,%,周,2026-09-06T00:00:00Z,55.61,4.94,,,酒店之家(STR)
全国大盘,全国酒店ADR,,元,周,2026-09-06T00:00:00Z,194.8,3.03,,,酒店之家(STR)
全国大盘,全国酒店RevPAR,,元,周,2026-09-06T00:00:00Z,108.3283,8.12,,,酒店之家(STR)
分档次,经济型酒店OCC,,%,周,2019-01-06T00:00:00Z,59.65,,,,酒店之家(STR)
分档次,经济型酒店ADR,,元,周,2019-01-06T00:00:00Z,142.78,,,,酒店之家(STR)
分档次,经济型酒店RevPAR,,元,周,2019-01-06T00:00:00Z,85.1683,,,,酒店之家(STR)
分档次,经济型酒店OCC,,%,周,2019-01-13T00:00:00Z,64.33,,,,酒店之家(STR)
分档次,经济型酒店ADR,,元,周,2019-01-13T00:00:00Z,136.77,,,,酒店之家(STR)
分档次,经济型酒店RevPAR,,元,周,2019-01-13T00:00:00Z,87.9841,,,,酒店之家(STR)
分档次,经济型酒店OCC,,%,周,2019-01-20T00:00:00Z,64.34,,,,酒店之家(STR)
分档次,经济型酒店ADR,,元,周,2019-01-20T00:00:00Z,138.04,,,,酒店之家(STR)
分档次,经济型酒店RevPAR,,元,周,2019-01-20T00:00:00Z,88.8149,,,,酒店之家(STR)
分档次,经济型酒店OCC,,%,周,2019-01-27T00:00:00Z,60.82,,,,酒店之家(STR)
分档次,经济型酒店ADR,,元,周,2019-01-27T00:00:00Z,138.63,,,,酒店之家(STR)
分档次,经济型酒店RevPAR,,元,周,2019-01-27T00:00:00Z,84.3148,,,,酒店之家(STR)
分档次,经济型酒店OCC,,%,周,2019-02-03T00:00:00Z,46.98,,,,酒店之家(STR)
分档次,经济型酒店ADR,,元,周,2019-02-03T00:00:00Z,139.16,,,,酒店之家(STR)
分档次,经济型酒店RevPAR,,元,周,2019-02-03T00:00:00Z,65.3774,,,,酒店之家(STR)
分档次,经济型酒店OCC,,%,周,2019-02-10T00:00:00Z,49.24,,,,酒店之家(STR)
分档次,经济型酒店ADR,,元,周,2019-02-10T00:00:00Z,197.07,,,,酒店之家(STR)
分档次,经济型酒店RevPAR,,元,周,2019-02-10T00:00:00Z,97.0373,,,,酒店之家(STR)
分档次,经济型酒店OCC,,%,周,2019-02-17T00:00:00Z,61.99,,,,酒店之家(STR)
分档次,经济型酒店ADR,,元,周,2019-02-17T00:00:00Z,146.72,,,,酒店之家(STR)
分档次,经济型酒店RevPAR,,元,周,2019-02-17T00:00:00Z,90.9517,,,,酒店之家(STR)
分档次,经济型酒店OCC,,%,周,2019-02-24T00:00:00Z,64.23,,,,酒店之家(STR)
分档次,经济型酒店ADR,,元,周,2019-02-24T00:00:00Z,138.69,,,,酒店之家(STR)
分档次,经济型酒店RevPAR,,元,周,2019-02-24T00:00:00Z,89.0806,,,,酒店之家(STR)
分档次,经济型酒店OCC,,%,周,2019-03-03T00:00:00Z,64.98,,,,酒店之家(STR)
分档次,经济型酒店ADR,,元,周,2019-03-03T00:00:00Z,138.6,,,,酒店之家(STR)
分档次,经济型酒店RevPAR,,元,周,2019-03-03T00:00:00Z,90.0623,,,,酒店之家(STR)
分档次,经济型酒店OCC,,%,周,2019-03-10T00:00:00Z,64.46,,,,酒店之家(STR)
分档次,经济型酒店ADR,,元,周,2019-03-10T00:00:00Z,139.6,,,,酒店之家(STR)
分档次,经济型酒店RevPAR,,元,周,2019-03-10T00:00:00Z,89.9862,,,,酒店之家(STR)
分档次,经济型酒店OCC,,%,周,2019-03-17T00:00:00Z,64.48,,,,酒店之家(STR)
分档次,经济型酒店ADR,,元,周,2019-03-17T00:00:00Z,140.36,,,,酒店之家(STR)
分档次,经济型酒店RevPAR,,元,周,2019-03-17T00:00:00Z,90.5041,,,,酒店之家(STR)
分档次,经济型酒店OCC,,%,周,2019-03-24T00:00:00Z,65.16,,,,酒店之家(STR)
分档次,经济型酒店ADR,,元,周,2019-03-24T00:00:00Z,141.3,,,,酒店之家(STR)
分档次,经济型酒店RevPAR,,元,周,2019-03-24T00:00:00Z,92.0711,,,,酒店之家(STR)
分档次,经济型酒店OCC,,%,周,2019-03-31T00:00:00Z,64.04,,,,酒店之家(STR)
分档次,经济型酒店ADR,,元,周,2019-03-31T00:00:00Z,139.15,,,,酒店之家(STR)
分档次,经济型酒店RevPAR,,元,周,2019-03-31T00:00:00Z,89.1117,,,,酒店之家(STR)
分档次,经济型酒店OCC,,%,周,2019-04-07T00:00:00Z,62.08,,,,酒店之家(STR)
分档次,经济型酒店ADR,,元,周,2019-04-07T00:00:00Z,148.18,,,,酒店之家(STR)
分档次,经济型酒店RevPAR,,元,周,2019-04-07T00:00:00Z,91.9901,,,,酒店之家(STR)
分档次,经济型酒店OCC,,%,周,2019-04-14T00:00:00Z,64.83,,,,酒店之家(STR)
分档次,经济型酒店ADR,,元,周,2019-04-14T00:00:00Z,142.13,,,,酒店之家(STR)
分档次,经济型酒店RevPAR,,元,周,2019-04-14T00:00:00Z,92.1429,,,,酒店之家(STR)
分档次,经济型酒店OCC,,%,周,2019-04-21T00:00:00Z,67.51,,,,酒店之家(STR)
分档次,经济型酒店ADR,,元,周,2019-04-21T00:00:00Z,146.4,,,,酒店之家(STR)
分档次,经济型酒店RevPAR,,元,周,2019-04-21T00:00:00Z,98.8346,,,,酒店之家(STR)
分档次,经济型酒店OCC,,%,周,2019-04-28T00:00:00Z,63.47,,,,酒店之家(STR)
分档次,经济型酒店ADR,,元,周,2019-04-28T00:00:00Z,142.77,,,,酒店之家(STR)
分档次,经济型酒店RevPAR,,元,周,2019-04-28T00:00:00Z,90.6161,,,,酒店之家(STR)
分档次,经济型酒店OCC,,%,周,2019-05-05T00:00:00Z,65.81,,,,酒店之家(STR)
分档次,经济型酒店ADR,,元,周,2019-05-05T00:00:00Z,176.91,,,,酒店之家(STR)
分档次,经济型酒店RevPAR,,元,周,2019-05-05T00:00:00Z,116.4245,,,,酒店之家(STR)
分档次,经济型酒店OCC,,%,周,2019-05-12T00:00:00Z,61.2,,,,酒店之家(STR)
分档次,经济型酒店ADR,,元,周,2019-05-12T00:00:00Z,139.71,,,,酒店之家(STR)
分档次,经济型酒店RevPAR,,元,周,2019-05-12T00:00:00Z,85.5025,,,,酒店之家(STR)
分档次,经济型酒店OCC,,%,周,2019-05-19T00:00:00Z,65.51,,,,酒店之家(STR)
分档次,经济型酒店ADR,,元,周,2019-05-19T00:00:00Z,141.44,,,,酒店之家(STR)
分档次,经济型酒店RevPAR,,元,周,2019-05-19T00:00:00Z,92.6573,,,,酒店之家(STR)
分档次,经济型酒店OCC,,%,周,2019-05-26T00:00:00Z,65.18,,,,酒店之家(STR)
分档次,经济型酒店ADR,,元,周,2019-05-26T00:00:00Z,140.85,,,,酒店之家(STR)
分档次,经济型酒店RevPAR,,元,周,2019-05-26T00:00:00Z,91.806,,,,酒店之家(STR)
分档次,经济型酒店OCC,,%,周,2019-06-02T00:00:00Z,60.14,,,,酒店之家(STR)
分档次,经济型酒店ADR,,元,周,2019-06-02T00:00:00Z,137.76,,,,酒店之家(STR)
分档次,经济型酒店RevPAR,,元,周,2019-06-02T00:00:00Z,82.8489,,,,酒店之家(STR)
分档次,经济型酒店OCC,,%,周,2019-06-09T00:00:00Z,61.48,,,,酒店之家(STR)
分档次,经济型酒店ADR,,元,周,2019-06-09T00:00:00Z,144.46,,,,酒店之家(STR)
分档次,经济型酒店RevPAR,,元,周,2019-06-09T00:00:00Z,88.814,,,,酒店之家(STR)
分档次,经济型酒店OCC,,%,周,2019-06-16T00:00:00Z,63.64,,,,酒店之家(STR)
分档次,经济型酒店ADR,,元,周,2019-06-16T00:00:00Z,138.42,,,,酒店之家(STR)
分档次,经济型酒店RevPAR,,元,周,2019-06-16T00:00:00Z,88.0905,,,,酒店之家(STR)
分档次,经济型酒店OCC,,%,周,2019-06-23T00:00:00Z,66.01,,,,酒店之家(STR)
分档次,经济型酒店ADR,,元,周,2019-06-23T00:00:00Z,138.63,,,,酒店之家(STR)
分档次,经济型酒店RevPAR,,元,周,2019-06-23T00:00:00Z,91.5097,,,,酒店之家(STR)
分档次,经济型酒店OCC,,%,周,2019-06-30T00:00:00Z,65.52,,,,酒店之家(STR)
分档次,经济型酒店ADR,,元,周,2019-06-30T00:00:00Z,139.51,,,,酒店之家(STR)
分档次,经济型酒店RevPAR,,元,周,2019-06-30T00:00:00Z,91.407,,,,酒店之家(STR)
分档次,经济型酒店OCC,,%,周,2019-07-07T00:00:00Z,65.89,,,,酒店之家(STR)
分档次,经济型酒店ADR,,元,周,2019-07-07T00:00:00Z,143.5,,,,酒店之家(STR)
分档次,经济型酒店RevPAR,,元,周,2019-07-07T00:00:00Z,94.5522,,,,酒店之家(STR)
分档次,经济型酒店OCC,,%,周,2019-07-14T00:00:00Z,67.69,,,,酒店之家(STR)
分档次,经济型酒店ADR,,元,周,2019-07-14T00:00:00Z,148.16,,,,酒店之家(STR)
分档次,经济型酒店RevPAR,,元,周,2019-07-14T00:00:00Z,100.2895,,,,酒店之家(STR)
分档次,经济型酒店OCC,,%,周,2019-07-21T00:00:00Z,70.07,,,,酒店之家(STR)
分档次,经济型酒店ADR,,元,周,2019-07-21T00:00:00Z,153.37,,,,酒店之家(STR)
分档次,经济型酒店RevPAR,,元,周,2019-07-21T00:00:00Z,107.4664,,,,酒店之家(STR)
分档次,经济型酒店OCC,,%,周,2019-07-28T00:00:00Z,70.66,,,,酒店之家(STR)
分档次,经济型酒店ADR,,元,周,2019-07-28T00:00:00Z,157.32,,,,酒店之家(STR)
分档次,经济型酒店RevPAR,,元,周,2019-07-28T00:00:00Z,111.1623,,,,酒店之家(STR)
分档次,经济型酒店OCC,,%,周,2019-08-04T00:00:00Z,69.6,,,,酒店之家(STR)
分档次,经济型酒店ADR,,元,周,2019-08-04T00:00:00Z,159.5,,,,酒店之家(STR)
分档次,经济型酒店RevPAR,,元,周,2019-08-04T00:00:00Z,111.012,,,,酒店之家(STR)
分档次,经济型酒店OCC,,%,周,2019-08-11T00:00:00Z,73.24,,,,酒店之家(STR)
分档次,经济型酒店ADR,,元,周,2019-08-11T00:00:00Z,166.87,,,,酒店之家(STR)
分档次,经济型酒店RevPAR,,元,周,2019-08-11T00:00:00Z,122.2156,,,,酒店之家(STR)
分档次,经济型酒店OCC,,%,周,2019-08-18T00:00:00Z,70.56,,,,酒店之家(STR)
分档次,经济型酒店ADR,,元,周,2019-08-18T00:00:00Z,164.62,,,,酒店之家(STR)
分档次,经济型酒店RevPAR,,元,周,2019-08-18T00:00:00Z,116.1559,,,,酒店之家(STR)
分档次,经济型酒店OCC,,%,周,2019-08-25T00:00:00Z,70.69,,,,酒店之家(STR)
分档次,经济型酒店ADR,,元,周,2019-08-25T00:00:00Z,159.73,,,,酒店之家(STR)
分档次,经济型酒店RevPAR,,元,周,2019-08-25T00:00:00Z,112.9131,,,,酒店之家(STR)
分档次,经济型酒店OCC,,%,周,2019-09-01T00:00:00Z,64.79,,,,酒店之家(STR)
分档次,经济型酒店ADR,,元,周,2019-09-01T00:00:00Z,147.67,,,,酒店之家(STR)
分档次,经济型酒店RevPAR,,元,周,2019-09-01T00:00:00Z,95.6754,,,,酒店之家(STR)
分档次,经济型酒店OCC,,%,周,2019-09-08T00:00:00Z,63.66,,,,酒店之家(STR)
分档次,经济型酒店ADR,,元,周,2019-09-08T00:00:00Z,141.37,,,,酒店之家(STR)
分档次,经济型酒店RevPAR,,元,周,2019-09-08T00:00:00Z,89.9961,,,,酒店之家(STR)
分档次,经济型酒店OCC,,%,周,2019-09-15T00:00:00Z,59.01,,,,酒店之家(STR)
分档次,经济型酒店ADR,,元,周,2019-09-15T00:00:00Z,140.89,,,,酒店之家(STR)
分档次,经济型酒店RevPAR,,元,周,2019-09-15T00:00:00Z,83.1392,,,,酒店之家(STR)
分档次,经济型酒店OCC,,%,周,2019-09-22T00:00:00Z,63.13,,,,酒店之家(STR)
分档次,经济型酒店ADR,,元,周,2019-09-22T00:00:00Z,139.87,,,,酒店之家(STR)
分档次,经济型酒店RevPAR,,元,周,2019-09-22T00:00:00Z,88.2999,,,,酒店之家(STR)
分档次,经济型酒店OCC,,%,周,2019-09-29T00:00:00Z,58.39,,,,酒店之家(STR)
分档次,经济型酒店ADR,,元,周,2019-09-29T00:00:00Z,136.6,,,,酒店之家(STR)
分档次,经济型酒店RevPAR,,元,周,2019-09-29T00:00:00Z,79.7607,,,,酒店之家(STR)
分档次,经济型酒店OCC,,%,周,2019-10-06T00:00:00Z,71.91,,,,酒店之家(STR)
分档次,经济型酒店ADR,,元,周,2019-10-06T00:00:00Z,193.89,,,,酒店之家(STR)
分档次,经济型酒店RevPAR,,元,周,2019-10-06T00:00:00Z,139.4263,,,,酒店之家(STR)
分档次,经济型酒店OCC,,%,周,2019-10-13T00:00:00Z,56.66,,,,酒店之家(STR)
分档次,经济型酒店ADR,,元,周,2019-10-13T00:00:00Z,135.3,,,,酒店之家(STR)
分档次,经济型酒店RevPAR,,元,周,2019-10-13T00:00:00Z,76.661,,,,酒店之家(STR)
分档次,经济型酒店OCC,,%,周,2019-10-20T00:00:00Z,64.62,,,,酒店之家(STR)
分档次,经济型酒店ADR,,元,周,2019-10-20T00:00:00Z,142.21,,,,酒店之家(STR)
分档次,经济型酒店RevPAR,,元,周,2019-10-20T00:00:00Z,91.8961,,,,酒店之家(STR)
分档次,经济型酒店OCC,,%,周,2019-10-27T00:00:00Z,63.12,,,,酒店之家(STR)
分档次,经济型酒店ADR,,元,周,2019-10-27T00:00:00Z,140.8,,,,酒店之家(STR)
分档次,经济型酒店RevPAR,,元,周,2019-10-27T00:00:00Z,88.873,,,,酒店之家(STR)
分档次,经济型酒店OCC,,%,周,2019-11-03T00:00:00Z,60.2,,,,酒店之家(STR)
分档次,经济型酒店ADR,,元,周,2019-11-03T00:00:00Z,136.91,,,,酒店之家(STR)
分档次,经济型酒店RevPAR,,元,周,2019-11-03T00:00:00Z,82.4198,,,,酒店之家(STR)
分档次,经济型酒店OCC,,%,周,2019-11-10T00:00:00Z,60.18,,,,酒店之家(STR)
分档次,经济型酒店ADR,,元,周,2019-11-10T00:00:00Z,135,,,,酒店之家(STR)
分档次,经济型酒店RevPAR,,元,周,2019-11-10T00:00:00Z,81.243,,,,酒店之家(STR)
分档次,经济型酒店OCC,,%,周,2019-11-17T00:00:00Z,60.79,,,,酒店之家(STR)
分档次,经济型酒店ADR,,元,周,2019-11-17T00:00:00Z,133.71,,,,酒店之家(STR)
分档次,经济型酒店RevPAR,,元,周,2019-11-17T00:00:00Z,81.2823,,,,酒店之家(STR)
分档次,经济型酒店OCC,,%,周,2019-11-24T00:00:00Z,60.84,,,,酒店之家(STR)
分档次,经济型酒店ADR,,元,周,2019-11-24T00:00:00Z,133.15,,,,酒店之家(STR)
分档次,经济型酒店RevPAR,,元,周,2019-11-24T00:00:00Z,81.0085,,,,酒店之家(STR)
分档次,经济型酒店OCC,,%,周,2019-12-01T00:00:00Z,59.75,,,,酒店之家(STR)
分档次,经济型酒店ADR,,元,周,2019-12-01T00:00:00Z,129.84,,,,酒店之家(STR)
分档次,经济型酒店RevPAR,,元,周,2019-12-01T00:00:00Z,77.5794,,,,酒店之家(STR)
分档次,经济型酒店OCC,,%,周,2019-12-08T00:00:00Z,58.96,,,,酒店之家(STR)
分档次,经济型酒店ADR,,元,周,2019-12-08T00:00:00Z,130.88,,,,酒店之家(STR)
分档次,经济型酒店RevPAR,,元,周,2019-12-08T00:00:00Z,77.1668,,,,酒店之家(STR)
分档次,经济型酒店OCC,,%,周,2019-12-15T00:00:00Z,59.96,,,,酒店之家(STR)
分档次,经济型酒店ADR,,元,周,2019-12-15T00:00:00Z,130.14,,,,酒店之家(STR)
分档次,经济型酒店RevPAR,,元,周,2019-12-15T00:00:00Z,78.0319,,,,酒店之家(STR)
分档次,经济型酒店OCC,,%,周,2019-12-22T00:00:00Z,61.37,,,,酒店之家(STR)
分档次,经济型酒店ADR,,元,周,2019-12-22T00:00:00Z,134.95,,,,酒店之家(STR)
分档次,经济型酒店RevPAR,,元,周,2019-12-22T00:00:00Z,82.8188,,,,酒店之家(STR)
分档次,经济型酒店OCC,,%,周,2019-12-29T00:00:00Z,59.16,,,,酒店之家(STR)
分档次,经济型酒店ADR,,元,周,2019-12-29T00:00:00Z,131.27,,,,酒店之家(STR)
分档次,经济型酒店RevPAR,,元,周,2019-12-29T00:00:00Z,77.6593,,,,酒店之家(STR)
分档次,经济型酒店OCC,,%,周,2020-01-05T00:00:00Z,55.77,-6.5,,,酒店之家(STR)
分档次,经济型酒店ADR,,元,周,2020-01-05T00:00:00Z,134.57,-5.75,,,酒店之家(STR)
分档次,经济型酒店RevPAR,,元,周,2020-01-05T00:00:00Z,75.0497,-11.88,,,酒店之家(STR)
分档次,经济型酒店OCC,,%,周,2020-01-12T00:00:00Z,62.91,-2.21,,,酒店之家(STR)
分档次,经济型酒店ADR,,元,周,2020-01-12T00:00:00Z,133.47,-2.41,,,酒店之家(STR)
分档次,经济型酒店RevPAR,,元,周,2020-01-12T00:00:00Z,83.966,-4.57,,,酒店之家(STR)
分档次,经济型酒店OCC,,%,周,2020-01-19T00:00:00Z,60.09,-6.61,,,酒店之家(STR)
分档次,经济型酒店ADR,,元,周,2020-01-19T00:00:00Z,134.88,-2.29,,,酒店之家(STR)
分档次,经济型酒店RevPAR,,元,周,2020-01-19T00:00:00Z,81.0494,-8.74,,,酒店之家(STR)
分档次,经济型酒店OCC,,%,周,2020-01-26T00:00:00Z,35.85,-41.06,,,酒店之家(STR)
分档次,经济型酒店ADR,,元,周,2020-01-26T00:00:00Z,138.35,-0.2,,,酒店之家(STR)
分档次,经济型酒店RevPAR,,元,周,2020-01-26T00:00:00Z,49.5985,-41.17,,,酒店之家(STR)
分档次,经济型酒店OCC,,%,周,2020-02-02T00:00:00Z,23.89,-49.15,,,酒店之家(STR)
分档次,经济型酒店ADR,,元,周,2020-02-02T00:00:00Z,135.47,-2.65,,,酒店之家(STR)
分档次,经济型酒店RevPAR,,元,周,2020-02-02T00:00:00Z,32.3638,-50.5,,,酒店之家(STR)
分档次,经济型酒店OCC,,%,周,2020-02-09T00:00:00Z,25.33,-48.56,,,酒店之家(STR)
分档次,经济型酒店ADR,,元,周,2020-02-09T00:00:00Z,134.79,-31.6,,,酒店之家(STR)
分档次,经济型酒店RevPAR,,元,周,2020-02-09T00:00:00Z,34.1423,-64.82,,,酒店之家(STR)
分档次,经济型酒店OCC,,%,周,2020-02-16T00:00:00Z,27.11,-56.27,,,酒店之家(STR)
分档次,经济型酒店ADR,,元,周,2020-02-16T00:00:00Z,138.12,-5.86,,,酒店之家(STR)
分档次,经济型酒店RevPAR,,元,周,2020-02-16T00:00:00Z,37.4443,-58.83,,,酒店之家(STR)
分档次,经济型酒店OCC,,%,周,2020-02-23T00:00:00Z,30.52,-52.48,,,酒店之家(STR)
分档次,经济型酒店ADR,,元,周,2020-02-23T00:00:00Z,134.71,-2.87,,,酒店之家(STR)
分档次,经济型酒店RevPAR,,元,周,2020-02-23T00:00:00Z,41.1135,-53.85,,,酒店之家(STR)
分档次,经济型酒店OCC,,%,周,2020-03-01T00:00:00Z,33.95,-47.75,,,酒店之家(STR)
分档次,经济型酒店ADR,,元,周,2020-03-01T00:00:00Z,130.34,-5.96,,,酒店之家(STR)
分档次,经济型酒店RevPAR,,元,周,2020-03-01T00:00:00Z,44.2504,-50.87,,,酒店之家(STR)
分档次,经济型酒店OCC,,%,周,2020-03-08T00:00:00Z,35.01,-45.69,,,酒店之家(STR)
分档次,经济型酒店ADR,,元,周,2020-03-08T00:00:00Z,126.74,-9.21,,,酒店之家(STR)
分档次,经济型酒店RevPAR,,元,周,2020-03-08T00:00:00Z,44.3717,-50.69,,,酒店之家(STR)
分档次,经济型酒店OCC,,%,周,2020-03-15T00:00:00Z,37.62,-41.66,,,酒店之家(STR)
分档次,经济型酒店ADR,,元,周,2020-03-15T00:00:00Z,123.56,-11.97,,,酒店之家(STR)
分档次,经济型酒店RevPAR,,元,周,2020-03-15T00:00:00Z,46.4833,-48.64,,,酒店之家(STR)
分档次,经济型酒店OCC,,%,周,2020-03-22T00:00:00Z,40.94,-37.17,,,酒店之家(STR)
分档次,经济型酒店ADR,,元,周,2020-03-22T00:00:00Z,121.03,-14.35,,,酒店之家(STR)
分档次,经济型酒店RevPAR,,元,周,2020-03-22T00:00:00Z,49.5497,-46.18,,,酒店之家(STR)
分档次,经济型酒店OCC,,%,周,2020-03-29T00:00:00Z,43.57,-31.96,,,酒店之家(STR)
分档次,经济型酒店ADR,,元,周,2020-03-29T00:00:00Z,118.15,-15.09,,,酒店之家(STR)
分档次,经济型酒店RevPAR,,元,周,2020-03-29T00:00:00Z,51.478,-42.23,,,酒店之家(STR)
分档次,经济型酒店OCC,,%,周,2020-04-05T00:00:00Z,43.94,-29.22,,,酒店之家(STR)
分档次,经济型酒店ADR,,元,周,2020-04-05T00:00:00Z,117.11,-20.97,,,酒店之家(STR)
分档次,经济型酒店RevPAR,,元,周,2020-04-05T00:00:00Z,51.4581,-44.06,,,酒店之家(STR)
分档次,经济型酒店OCC,,%,周,2020-04-12T00:00:00Z,47.17,-27.24,,,酒店之家(STR)
分档次,经济型酒店ADR,,元,周,2020-04-12T00:00:00Z,116.08,-18.33,,,酒店之家(STR)
分档次,经济型酒店RevPAR,,元,周,2020-04-12T00:00:00Z,54.7549,-40.58,,,酒店之家(STR)
分档次,经济型酒店OCC,,%,周,2020-04-19T00:00:00Z,50.16,-25.7,,,酒店之家(STR)
分档次,经济型酒店ADR,,元,周,2020-04-19T00:00:00Z,116.33,-20.54,,,酒店之家(STR)
分档次,经济型酒店RevPAR,,元,周,2020-04-19T00:00:00Z,58.3511,-40.96,,,酒店之家(STR)
分档次,经济型酒店OCC,,%,周,2020-04-26T00:00:00Z,49.96,-21.29,,,酒店之家(STR)
分档次,经济型酒店ADR,,元,周,2020-04-26T00:00:00Z,115.89,-18.83,,,酒店之家(STR)
分档次,经济型酒店RevPAR,,元,周,2020-04-26T00:00:00Z,57.8986,-36.11,,,酒店之家(STR)
分档次,经济型酒店OCC,,%,周,2020-05-03T00:00:00Z,52.68,-19.95,,,酒店之家(STR)
分档次,经济型酒店ADR,,元,周,2020-05-03T00:00:00Z,125.52,-29.05,,,酒店之家(STR)
分档次,经济型酒店RevPAR,,元,周,2020-05-03T00:00:00Z,66.1239,-43.2,,,酒店之家(STR)
分档次,经济型酒店OCC,,%,周,2020-05-10T00:00:00Z,48.94,-20.03,,,酒店之家(STR)
分档次,经济型酒店ADR,,元,周,2020-05-10T00:00:00Z,116.14,-16.87,,,酒店之家(STR)
分档次,经济型酒店RevPAR,,元,周,2020-05-10T00:00:00Z,56.8389,-33.52,,,酒店之家(STR)
分档次,经济型酒店OCC,,%,周,2020-05-17T00:00:00Z,54,-17.57,,,酒店之家(STR)
分档次,经济型酒店ADR,,元,周,2020-05-17T00:00:00Z,116.6,-17.56,,,酒店之家(STR)
分档次,经济型酒店RevPAR,,元,周,2020-05-17T00:00:00Z,62.964,-32.05,,,酒店之家(STR)
分档次,经济型酒店OCC,,%,周,2020-05-24T00:00:00Z,56.27,-13.67,,,酒店之家(STR)
分档次,经济型酒店ADR,,元,周,2020-05-24T00:00:00Z,118.13,-16.13,,,酒店之家(STR)
分档次,经济型酒店RevPAR,,元,周,2020-05-24T00:00:00Z,66.4718,-27.6,,,酒店之家(STR)
分档次,经济型酒店OCC,,%,周,2020-05-31T00:00:00Z,55.28,-8.08,,,酒店之家(STR)
分档次,经济型酒店ADR,,元,周,2020-05-31T00:00:00Z,118,-14.34,,,酒店之家(STR)
分档次,经济型酒店RevPAR,,元,周,2020-05-31T00:00:00Z,65.2304,-21.27,,,酒店之家(STR)
分档次,经济型酒店OCC,,%,周,2020-06-07T00:00:00Z,55.36,-9.95,,,酒店之家(STR)
分档次,经济型酒店ADR,,元,周,2020-06-07T00:00:00Z,118.79,-17.77,,,酒店之家(STR)
分档次,经济型酒店RevPAR,,元,周,2020-06-07T00:00:00Z,65.7621,-25.96,,,酒店之家(STR)
分档次,经济型酒店OCC,,%,周,2020-06-14T00:00:00Z,58.34,-8.33,,,酒店之家(STR)
分档次,经济型酒店ADR,,元,周,2020-06-14T00:00:00Z,119.29,-13.82,,,酒店之家(STR)
分档次,经济型酒店RevPAR,,元,周,2020-06-14T00:00:00Z,69.5938,-21,,,酒店之家(STR)
分档次,经济型酒店OCC,,%,周,2020-06-21T00:00:00Z,57.3,-13.19,,,酒店之家(STR)
分档次,经济型酒店ADR,,元,周,2020-06-21T00:00:00Z,118.55,-14.48,,,酒店之家(STR)
分档次,经济型酒店RevPAR,,元,周,2020-06-21T00:00:00Z,67.9291,-25.77,,,酒店之家(STR)
分档次,经济型酒店OCC,,%,周,2020-06-28T00:00:00Z,55.1,-15.9,,,酒店之家(STR)
分档次,经济型酒店ADR,,元,周,2020-06-28T00:00:00Z,120.38,-13.71,,,酒店之家(STR)
分档次,经济型酒店RevPAR,,元,周,2020-06-28T00:00:00Z,66.3294,-27.44,,,酒店之家(STR)
分档次,经济型酒店OCC,,%,周,2020-07-05T00:00:00Z,57.92,-12.1,,,酒店之家(STR)
分档次,经济型酒店ADR,,元,周,2020-07-05T00:00:00Z,118.04,-17.74,,,酒店之家(STR)
分档次,经济型酒店RevPAR,,元,周,2020-07-05T00:00:00Z,68.3688,-27.69,,,酒店之家(STR)
分档次,经济型酒店OCC,,%,周,2020-07-12T00:00:00Z,63.91,-5.58,,,酒店之家(STR)
分档次,经济型酒店ADR,,元,周,2020-07-12T00:00:00Z,122.67,-17.2,,,酒店之家(STR)
分档次,经济型酒店RevPAR,,元,周,2020-07-12T00:00:00Z,78.3984,-21.83,,,酒店之家(STR)
分档次,经济型酒店OCC,,%,周,2020-07-19T00:00:00Z,66.01,-5.79,,,酒店之家(STR)
分档次,经济型酒店ADR,,元,周,2020-07-19T00:00:00Z,124.13,-19.07,,,酒店之家(STR)
分档次,经济型酒店RevPAR,,元,周,2020-07-19T00:00:00Z,81.9382,-23.75,,,酒店之家(STR)
分档次,经济型酒店OCC,,%,周,2020-07-26T00:00:00Z,66.66,-5.66,,,酒店之家(STR)
分档次,经济型酒店ADR,,元,周,2020-07-26T00:00:00Z,126.52,-19.58,,,酒店之家(STR)
分档次,经济型酒店RevPAR,,元,周,2020-07-26T00:00:00Z,84.3382,-24.13,,,酒店之家(STR)
分档次,经济型酒店OCC,,%,周,2020-08-02T00:00:00Z,67.1,-3.59,,,酒店之家(STR)
分档次,经济型酒店ADR,,元,周,2020-08-02T00:00:00Z,128.18,-19.64,,,酒店之家(STR)
分档次,经济型酒店RevPAR,,元,周,2020-08-02T00:00:00Z,86.0088,-22.52,,,酒店之家(STR)
分档次,经济型酒店OCC,,%,周,2020-08-09T00:00:00Z,68.35,-6.68,,,酒店之家(STR)
分档次,经济型酒店ADR,,元,周,2020-08-09T00:00:00Z,131.56,-21.16,,,酒店之家(STR)
分档次,经济型酒店RevPAR,,元,周,2020-08-09T00:00:00Z,89.9213,-26.42,,,酒店之家(STR)
分档次,经济型酒店OCC,,%,周,2020-08-16T00:00:00Z,70.44,-0.17,,,酒店之家(STR)
分档次,经济型酒店ADR,,元,周,2020-08-16T00:00:00Z,133.24,-19.06,,,酒店之家(STR)
分档次,经济型酒店RevPAR,,元,周,2020-08-16T00:00:00Z,93.8543,-19.2,,,酒店之家(STR)
分档次,经济型酒店OCC,,%,周,2020-08-23T00:00:00Z,69.3,-1.97,,,酒店之家(STR)
分档次,经济型酒店ADR,,元,周,2020-08-23T00:00:00Z,132.6,-16.98,,,酒店之家(STR)
分档次,经济型酒店RevPAR,,元,周,2020-08-23T00:00:00Z,91.8918,-18.62,,,酒店之家(STR)
分档次,经济型酒店OCC,,%,周,2020-08-30T00:00:00Z,59.08,-8.81,,,酒店之家(STR)
分档次,经济型酒店ADR,,元,周,2020-08-30T00:00:00Z,129.2,-12.51,,,酒店之家(STR)
分档次,经济型酒店RevPAR,,元,周,2020-08-30T00:00:00Z,76.3314,-20.22,,,酒店之家(STR)
分档次,经济型酒店OCC,,%,周,2020-09-06T00:00:00Z,63.3,-0.57,,,酒店之家(STR)
分档次,经济型酒店ADR,,元,周,2020-09-06T00:00:00Z,125.74,-11.06,,,酒店之家(STR)
分档次,经济型酒店RevPAR,,元,周,2020-09-06T00:00:00Z,79.5934,-11.56,,,酒店之家(STR)
分档次,经济型酒店OCC,,%,周,2020-09-13T00:00:00Z,66.37,12.47,,,酒店之家(STR)
分档次,经济型酒店ADR,,元,周,2020-09-13T00:00:00Z,128.92,-8.5,,,酒店之家(STR)
分档次,经济型酒店RevPAR,,元,周,2020-09-13T00:00:00Z,85.5642,2.92,,,酒店之家(STR)
分档次,经济型酒店OCC,,%,周,2020-09-20T00:00:00Z,67.85,7.48,,,酒店之家(STR)
分档次,经济型酒店ADR,,元,周,2020-09-20T00:00:00Z,131.02,-6.33,,,酒店之家(STR)
分档次,经济型酒店RevPAR,,元,周,2020-09-20T00:00:00Z,88.8971,0.68,,,酒店之家(STR)
分档次,经济型酒店OCC,,%,周,2020-09-27T00:00:00Z,63.69,9.08,,,酒店之家(STR)
分档次,经济型酒店ADR,,元,周,2020-09-27T00:00:00Z,127.66,-6.54,,,酒店之家(STR)
分档次,经济型酒店RevPAR,,元,周,2020-09-27T00:00:00Z,81.3067,1.94,,,酒店之家(STR)
分档次,经济型酒店OCC,,%,周,2020-10-04T00:00:00Z,66.17,-7.98,,,酒店之家(STR)
分档次,经济型酒店ADR,,元,周,2020-10-04T00:00:00Z,167.59,-13.56,,,酒店之家(STR)
分档次,经济型酒店RevPAR,,元,周,2020-10-04T00:00:00Z,110.8943,-20.46,,,酒店之家(STR)
分档次,经济型酒店OCC,,%,周,2020-10-11T00:00:00Z,62.21,9.8,,,酒店之家(STR)
分档次,经济型酒店ADR,,元,周,2020-10-11T00:00:00Z,141.11,4.29,,,酒店之家(STR)
分档次,经济型酒店RevPAR,,元,周,2020-10-11T00:00:00Z,87.7845,14.51,,,酒店之家(STR)
分档次,经济型酒店OCC,,%,周,2020-10-18T00:00:00Z,65.31,1.07,,,酒店之家(STR)
分档次,经济型酒店ADR,,元,周,2020-10-18T00:00:00Z,128.79,-9.44,,,酒店之家(STR)
分档次,经济型酒店RevPAR,,元,周,2020-10-18T00:00:00Z,84.1127,-8.47,,,酒店之家(STR)
分档次,经济型酒店OCC,,%,周,2020-10-25T00:00:00Z,65.42,3.64,,,酒店之家(STR)
分档次,经济型酒店ADR,,元,周,2020-10-25T00:00:00Z,129.42,-8.08,,,酒店之家(STR)
分档次,经济型酒店RevPAR,,元,周,2020-10-25T00:00:00Z,84.6666,-4.73,,,酒店之家(STR)
分档次,经济型酒店OCC,,%,周,2020-11-01T00:00:00Z,64.22,6.68,,,酒店之家(STR)
分档次,经济型酒店ADR,,元,周,2020-11-01T00:00:00Z,129.63,-5.32,,,酒店之家(STR)
分档次,经济型酒店RevPAR,,元,周,2020-11-01T00:00:00Z,83.2484,1.01,,,酒店之家(STR)
分档次,经济型酒店OCC,,%,周,2020-11-08T00:00:00Z,62.07,3.14,,,酒店之家(STR)
分档次,经济型酒店ADR,,元,周,2020-11-08T00:00:00Z,128.7,-4.67,,,酒店之家(STR)
分档次,经济型酒店RevPAR,,元,周,2020-11-08T00:00:00Z,79.8841,-1.67,,,酒店之家(STR)
分档次,经济型酒店OCC,,%,周,2020-11-15T00:00:00Z,62.68,3.11,,,酒店之家(STR)
分档次,经济型酒店ADR,,元,周,2020-11-15T00:00:00Z,128.23,-4.1,,,酒店之家(STR)
分档次,经济型酒店RevPAR,,元,周,2020-11-15T00:00:00Z,80.3746,-1.12,,,酒店之家(STR)
分档次,经济型酒店OCC,,%,周,2020-11-22T00:00:00Z,63.24,3.94,,,酒店之家(STR)
分档次,经济型酒店ADR,,元,周,2020-11-22T00:00:00Z,127.12,-4.53,,,酒店之家(STR)
分档次,经济型酒店RevPAR,,元,周,2020-11-22T00:00:00Z,80.3907,-0.76,,,酒店之家(STR)
分档次,经济型酒店OCC,,%,周,2020-11-29T00:00:00Z,62.73,4.99,,,酒店之家(STR)
分档次,经济型酒店ADR,,元,周,2020-11-29T00:00:00Z,128.7,-0.88,,,酒店之家(STR)
分档次,经济型酒店RevPAR,,元,周,2020-11-29T00:00:00Z,80.7335,4.07,,,酒店之家(STR)
分档次,经济型酒店OCC,,%,周,2020-12-06T00:00:00Z,62.11,5.34,,,酒店之家(STR)
分档次,经济型酒店ADR,,元,周,2020-12-06T00:00:00Z,127.14,-2.86,,,酒店之家(STR)
分档次,经济型酒店RevPAR,,元,周,2020-12-06T00:00:00Z,78.9667,2.33,,,酒店之家(STR)
分档次,经济型酒店OCC,,%,周,2020-12-13T00:00:00Z,61.86,3.17,,,酒店之家(STR)
分档次,经济型酒店ADR,,元,周,2020-12-13T00:00:00Z,126.35,-2.91,,,酒店之家(STR)
分档次,经济型酒店RevPAR,,元,周,2020-12-13T00:00:00Z,78.1601,0.16,,,酒店之家(STR)
分档次,经济型酒店OCC,,%,周,2020-12-20T00:00:00Z,62.04,1.09,,,酒店之家(STR)
分档次,经济型酒店ADR,,元,周,2020-12-20T00:00:00Z,126.95,-5.93,,,酒店之家(STR)
分档次,经济型酒店RevPAR,,元,周,2020-12-20T00:00:00Z,78.7598,-4.9,,,酒店之家(STR)
分档次,经济型酒店OCC,,%,周,2020-12-27T00:00:00Z,63.04,6.56,,,酒店之家(STR)
分档次,经济型酒店ADR,,元,周,2020-12-27T00:00:00Z,130.7,-0.43,,,酒店之家(STR)
分档次,经济型酒店RevPAR,,元,周,2020-12-27T00:00:00Z,82.3933,6.1,,,酒店之家(STR)
分档次,经济型酒店OCC,,%,周,2021-01-03T00:00:00Z,66.73,19.65,,,酒店之家(STR)
分档次,经济型酒店ADR,,元,周,2021-01-03T00:00:00Z,132.83,-1.29,,,酒店之家(STR)
分档次,经济型酒店RevPAR,,元,周,2021-01-03T00:00:00Z,88.6375,18.11,,,酒店之家(STR)
分档次,经济型酒店OCC,,%,周,2021-01-10T00:00:00Z,57.4,-8.76,,,酒店之家(STR)
分档次,经济型酒店ADR,,元,周,2021-01-10T00:00:00Z,122.16,-8.47,,,酒店之家(STR)
分档次,经济型酒店RevPAR,,元,周,2021-01-10T00:00:00Z,70.1198,-16.49,,,酒店之家(STR)
分档次,经济型酒店OCC,,%,周,2021-01-17T00:00:00Z,55.75,-7.22,,,酒店之家(STR)
分档次,经济型酒店ADR,,元,周,2021-01-17T00:00:00Z,121.72,-9.76,,,酒店之家(STR)
分档次,经济型酒店RevPAR,,元,周,2021-01-17T00:00:00Z,67.8589,-16.27,,,酒店之家(STR)
分档次,经济型酒店OCC,,%,周,2021-01-24T00:00:00Z,52.08,45.27,,,酒店之家(STR)
分档次,经济型酒店ADR,,元,周,2021-01-24T00:00:00Z,120.92,-12.6,,,酒店之家(STR)
分档次,经济型酒店RevPAR,,元,周,2021-01-24T00:00:00Z,62.9751,26.97,,,酒店之家(STR)
分档次,经济型酒店OCC,,%,周,2021-01-31T00:00:00Z,47.61,99.29,,,酒店之家(STR)
分档次,经济型酒店ADR,,元,周,2021-01-31T00:00:00Z,119.62,-11.7,,,酒店之家(STR)
分档次,经济型酒店RevPAR,,元,周,2021-01-31T00:00:00Z,56.9511,75.97,,,酒店之家(STR)
分档次,经济型酒店OCC,,%,周,2021-02-07T00:00:00Z,43.64,72.29,,,酒店之家(STR)
分档次,经济型酒店ADR,,元,周,2021-02-07T00:00:00Z,119.91,-11.04,,,酒店之家(STR)
分档次,经济型酒店RevPAR,,元,周,2021-02-07T00:00:00Z,52.3287,53.27,,,酒店之家(STR)
分档次,经济型酒店OCC,,%,周,2021-02-14T00:00:00Z,33.55,23.76,,,酒店之家(STR)
分档次,经济型酒店ADR,,元,周,2021-02-14T00:00:00Z,133.03,-3.69,,,酒店之家(STR)
分档次,经济型酒店RevPAR,,元,周,2021-02-14T00:00:00Z,44.6316,19.19,,,酒店之家(STR)
分档次,经济型酒店OCC,,%,周,2021-02-21T00:00:00Z,49.97,63.73,,,酒店之家(STR)
分档次,经济型酒店ADR,,元,周,2021-02-21T00:00:00Z,127.53,-5.33,,,酒店之家(STR)
分档次,经济型酒店RevPAR,,元,周,2021-02-21T00:00:00Z,63.7267,55,,,酒店之家(STR)
分档次,经济型酒店OCC,,%,周,2021-02-28T00:00:00Z,56.67,66.92,,,酒店之家(STR)
分档次,经济型酒店ADR,,元,周,2021-02-28T00:00:00Z,122.74,-5.83,,,酒店之家(STR)
分档次,经济型酒店RevPAR,,元,周,2021-02-28T00:00:00Z,69.5568,57.19,,,酒店之家(STR)
分档次,经济型酒店OCC,,%,周,2021-03-07T00:00:00Z,63.59,81.63,,,酒店之家(STR)
分档次,经济型酒店ADR,,元,周,2021-03-07T00:00:00Z,125.66,-0.85,,,酒店之家(STR)
分档次,经济型酒店RevPAR,,元,周,2021-03-07T00:00:00Z,79.9072,80.09,,,酒店之家(STR)
分档次,经济型酒店OCC,,%,周,2021-03-14T00:00:00Z,65.38,73.79,,,酒店之家(STR)
分档次,经济型酒店ADR,,元,周,2021-03-14T00:00:00Z,129.26,4.61,,,酒店之家(STR)
分档次,经济型酒店RevPAR,,元,周,2021-03-14T00:00:00Z,84.5102,81.81,,,酒店之家(STR)
分档次,经济型酒店OCC,,%,周,2021-03-21T00:00:00Z,66.28,61.9,,,酒店之家(STR)
分档次,经济型酒店ADR,,元,周,2021-03-21T00:00:00Z,131.87,8.96,,,酒店之家(STR)
分档次,经济型酒店RevPAR,,元,周,2021-03-21T00:00:00Z,87.4034,76.4,,,酒店之家(STR)
分档次,经济型酒店OCC,,%,周,2021-03-28T00:00:00Z,66.74,53.18,,,酒店之家(STR)
分档次,经济型酒店ADR,,元,周,2021-03-28T00:00:00Z,134.88,14.16,,,酒店之家(STR)
分档次,经济型酒店RevPAR,,元,周,2021-03-28T00:00:00Z,90.0189,74.87,,,酒店之家(STR)
分档次,经济型酒店OCC,,%,周,2021-04-04T00:00:00Z,64.44,46.65,,,酒店之家(STR)
分档次,经济型酒店ADR,,元,周,2021-04-04T00:00:00Z,141.21,20.58,,,酒店之家(STR)
分档次,经济型酒店RevPAR,,元,周,2021-04-04T00:00:00Z,90.9957,76.83,,,酒店之家(STR)
分档次,经济型酒店OCC,,%,周,2021-04-11T00:00:00Z,63.84,35.34,,,酒店之家(STR)
分档次,经济型酒店ADR,,元,周,2021-04-11T00:00:00Z,134.04,15.47,,,酒店之家(STR)
分档次,经济型酒店RevPAR,,元,周,2021-04-11T00:00:00Z,85.5711,56.28,,,酒店之家(STR)
分档次,经济型酒店OCC,,%,周,2021-04-18T00:00:00Z,67.77,35.11,,,酒店之家(STR)
分档次,经济型酒店ADR,,元,周,2021-04-18T00:00:00Z,137.07,17.83,,,酒店之家(STR)
分档次,经济型酒店RevPAR,,元,周,2021-04-18T00:00:00Z,92.8923,59.2,,,酒店之家(STR)
分档次,经济型酒店OCC,,%,周,2021-04-25T00:00:00Z,65.96,32.03,,,酒店之家(STR)
分档次,经济型酒店ADR,,元,周,2021-04-25T00:00:00Z,135.4,16.83,,,酒店之家(STR)
分档次,经济型酒店RevPAR,,元,周,2021-04-25T00:00:00Z,89.3098,54.25,,,酒店之家(STR)
分档次,经济型酒店OCC,,%,周,2021-05-02T00:00:00Z,64.08,21.64,,,酒店之家(STR)
分档次,经济型酒店ADR,,元,周,2021-05-02T00:00:00Z,174.88,39.32,,,酒店之家(STR)
分档次,经济型酒店RevPAR,,元,周,2021-05-02T00:00:00Z,112.0631,69.47,,,酒店之家(STR)
分档次,经济型酒店OCC,,%,周,2021-05-09T00:00:00Z,58.9,20.35,,,酒店之家(STR)
分档次,经济型酒店ADR,,元,周,2021-05-09T00:00:00Z,151.25,30.23,,,酒店之家(STR)
分档次,经济型酒店RevPAR,,元,周,2021-05-09T00:00:00Z,89.0862,56.73,,,酒店之家(STR)
分档次,经济型酒店OCC,,%,周,2021-05-16T00:00:00Z,67.35,24.72,,,酒店之家(STR)
分档次,经济型酒店ADR,,元,周,2021-05-16T00:00:00Z,136.26,16.86,,,酒店之家(STR)
分档次,经济型酒店RevPAR,,元,周,2021-05-16T00:00:00Z,91.7711,45.75,,,酒店之家(STR)
分档次,经济型酒店OCC,,%,周,2021-05-23T00:00:00Z,68.49,21.72,,,酒店之家(STR)
分档次,经济型酒店ADR,,元,周,2021-05-23T00:00:00Z,136.62,15.65,,,酒店之家(STR)
分档次,经济型酒店RevPAR,,元,周,2021-05-23T00:00:00Z,93.571,40.77,,,酒店之家(STR)
分档次,经济型酒店OCC,,%,周,2021-05-30T00:00:00Z,63.62,15.09,,,酒店之家(STR)
分档次,经济型酒店ADR,,元,周,2021-05-30T00:00:00Z,133.15,12.84,,,酒店之家(STR)
分档次,经济型酒店RevPAR,,元,周,2021-05-30T00:00:00Z,84.71,29.86,,,酒店之家(STR)
分档次,经济型酒店OCC,,%,周,2021-06-06T00:00:00Z,59.73,7.89,,,酒店之家(STR)
分档次,经济型酒店ADR,,元,周,2021-06-06T00:00:00Z,130.6,9.94,,,酒店之家(STR)
分档次,经济型酒店RevPAR,,元,周,2021-06-06T00:00:00Z,78.0074,18.62,,,酒店之家(STR)
分档次,经济型酒店OCC,,%,周,2021-06-13T00:00:00Z,63.12,8.19,,,酒店之家(STR)
分档次,经济型酒店ADR,,元,周,2021-06-13T00:00:00Z,136.43,14.37,,,酒店之家(STR)
分档次,经济型酒店RevPAR,,元,周,2021-06-13T00:00:00Z,86.1146,23.74,,,酒店之家(STR)
分档次,经济型酒店OCC,,%,周,2021-06-20T00:00:00Z,61.93,8.08,,,酒店之家(STR)
分档次,经济型酒店ADR,,元,周,2021-06-20T00:00:00Z,130.62,10.18,,,酒店之家(STR)
分档次,经济型酒店RevPAR,,元,周,2021-06-20T00:00:00Z,80.893,19.08,,,酒店之家(STR)
分档次,经济型酒店OCC,,%,周,2021-06-27T00:00:00Z,64.15,16.42,,,酒店之家(STR)
分档次,经济型酒店ADR,,元,周,2021-06-27T00:00:00Z,130.73,8.6,,,酒店之家(STR)
分档次,经济型酒店RevPAR,,元,周,2021-06-27T00:00:00Z,83.8633,26.43,,,酒店之家(STR)
分档次,经济型酒店OCC,,%,周,2021-07-04T00:00:00Z,64.38,11.15,,,酒店之家(STR)
分档次,经济型酒店ADR,,元,周,2021-07-04T00:00:00Z,132.78,12.49,,,酒店之家(STR)
分档次,经济型酒店RevPAR,,元,周,2021-07-04T00:00:00Z,85.4838,25.03,,,酒店之家(STR)
分档次,经济型酒店OCC,,%,周,2021-07-11T00:00:00Z,70.04,9.59,,,酒店之家(STR)
分档次,经济型酒店ADR,,元,周,2021-07-11T00:00:00Z,139.19,13.47,,,酒店之家(STR)
分档次,经济型酒店RevPAR,,元,周,2021-07-11T00:00:00Z,97.4887,24.35,,,酒店之家(STR)
分档次,经济型酒店OCC,,%,周,2021-07-18T00:00:00Z,73.76,11.74,,,酒店之家(STR)
分档次,经济型酒店ADR,,元,周,2021-07-18T00:00:00Z,146.12,17.72,,,酒店之家(STR)
分档次,经济型酒店RevPAR,,元,周,2021-07-18T00:00:00Z,107.7781,31.54,,,酒店之家(STR)
分档次,经济型酒店OCC,,%,周,2021-07-25T00:00:00Z,73.16,9.75,,,酒店之家(STR)
分档次,经济型酒店ADR,,元,周,2021-07-25T00:00:00Z,151.01,19.36,,,酒店之家(STR)
分档次,经济型酒店RevPAR,,元,周,2021-07-25T00:00:00Z,110.4789,31,,,酒店之家(STR)
分档次,经济型酒店OCC,,%,周,2021-08-01T00:00:00Z,68.1,1.49,,,酒店之家(STR)
分档次,经济型酒店ADR,,元,周,2021-08-01T00:00:00Z,145.01,13.13,,,酒店之家(STR)
分档次,经济型酒店RevPAR,,元,周,2021-08-01T00:00:00Z,98.7518,14.82,,,酒店之家(STR)
分档次,经济型酒店OCC,,%,周,2021-08-08T00:00:00Z,53.59,-21.59,,,酒店之家(STR)
分档次,经济型酒店ADR,,元,周,2021-08-08T00:00:00Z,130.97,-0.45,,,酒店之家(STR)
分档次,经济型酒店RevPAR,,元,周,2021-08-08T00:00:00Z,70.1868,-21.95,,,酒店之家(STR)
分档次,经济型酒店OCC,,%,周,2021-08-15T00:00:00Z,52.77,-25.09,,,酒店之家(STR)
分档次,经济型酒店ADR,,元,周,2021-08-15T00:00:00Z,128.75,-3.37,,,酒店之家(STR)
分档次,经济型酒店RevPAR,,元,周,2021-08-15T00:00:00Z,67.9414,-27.61,,,酒店之家(STR)
分档次,经济型酒店OCC,,%,周,2021-08-22T00:00:00Z,51.85,-25.18,,,酒店之家(STR)
分档次,经济型酒店ADR,,元,周,2021-08-22T00:00:00Z,126.47,-4.62,,,酒店之家(STR)
分档次,经济型酒店RevPAR,,元,周,2021-08-22T00:00:00Z,65.5747,-28.64,,,酒店之家(STR)
分档次,经济型酒店OCC,,%,周,2021-08-29T00:00:00Z,55.87,-5.43,,,酒店之家(STR)
分档次,经济型酒店ADR,,元,周,2021-08-29T00:00:00Z,127.13,-1.6,,,酒店之家(STR)
分档次,经济型酒店RevPAR,,元,周,2021-08-29T00:00:00Z,71.0275,-6.95,,,酒店之家(STR)
分档次,经济型酒店OCC,,%,周,2021-09-05T00:00:00Z,57.25,-9.56,,,酒店之家(STR)
分档次,经济型酒店ADR,,元,周,2021-09-05T00:00:00Z,129.14,2.7,,,酒店之家(STR)
分档次,经济型酒店RevPAR,,元,周,2021-09-05T00:00:00Z,73.9326,-7.11,,,酒店之家(STR)
分档次,经济型酒店OCC,,%,周,2021-09-12T00:00:00Z,59.38,-10.53,,,酒店之家(STR)
分档次,经济型酒店ADR,,元,周,2021-09-12T00:00:00Z,131.17,1.75,,,酒店之家(STR)
分档次,经济型酒店RevPAR,,元,周,2021-09-12T00:00:00Z,77.8887,-8.97,,,酒店之家(STR)
分档次,经济型酒店OCC,,%,周,2021-09-19T00:00:00Z,60.37,-11.02,,,酒店之家(STR)
分档次,经济型酒店ADR,,元,周,2021-09-19T00:00:00Z,132,0.75,,,酒店之家(STR)
分档次,经济型酒店RevPAR,,元,周,2021-09-19T00:00:00Z,79.6884,-10.36,,,酒店之家(STR)
分档次,经济型酒店OCC,,%,周,2021-09-26T00:00:00Z,55.84,-12.33,,,酒店之家(STR)
分档次,经济型酒店ADR,,元,周,2021-09-26T00:00:00Z,130.81,2.47,,,酒店之家(STR)
分档次,经济型酒店RevPAR,,元,周,2021-09-26T00:00:00Z,73.0443,-10.16,,,酒店之家(STR)
分档次,经济型酒店OCC,,%,周,2021-10-03T00:00:00Z,65.99,-0.27,,,酒店之家(STR)
分档次,经济型酒店ADR,,元,周,2021-10-03T00:00:00Z,161.03,-3.91,,,酒店之家(STR)
分档次,经济型酒店RevPAR,,元,周,2021-10-03T00:00:00Z,106.2637,-4.18,,,酒店之家(STR)
分档次,经济型酒店OCC,,%,周,2021-10-10T00:00:00Z,58.8,-5.48,,,酒店之家(STR)
分档次,经济型酒店ADR,,元,周,2021-10-10T00:00:00Z,141.95,0.6,,,酒店之家(STR)
分档次,经济型酒店RevPAR,,元,周,2021-10-10T00:00:00Z,83.4666,-4.92,,,酒店之家(STR)
分档次,经济型酒店OCC,,%,周,2021-10-17T00:00:00Z,62.43,-4.41,,,酒店之家(STR)
分档次,经济型酒店ADR,,元,周,2021-10-17T00:00:00Z,132.46,2.85,,,酒店之家(STR)
分档次,经济型酒店RevPAR,,元,周,2021-10-17T00:00:00Z,82.6948,-1.69,,,酒店之家(STR)
分档次,经济型酒店OCC,,%,周,2021-10-24T00:00:00Z,61.67,-5.73,,,酒店之家(STR)
分档次,经济型酒店ADR,,元,周,2021-10-24T00:00:00Z,131.67,1.74,,,酒店之家(STR)
分档次,经济型酒店RevPAR,,元,周,2021-10-24T00:00:00Z,81.2009,-4.09,,,酒店之家(STR)
分档次,经济型酒店OCC,,%,周,2021-10-31T00:00:00Z,56.28,-12.36,,,酒店之家(STR)
分档次,经济型酒店ADR,,元,周,2021-10-31T00:00:00Z,129.07,-0.43,,,酒店之家(STR)
分档次,经济型酒店RevPAR,,元,周,2021-10-31T00:00:00Z,72.6406,-12.74,,,酒店之家(STR)
分档次,经济型酒店OCC,,%,周,2021-11-07T00:00:00Z,52.07,-16.11,,,酒店之家(STR)
分档次,经济型酒店ADR,,元,周,2021-11-07T00:00:00Z,126.03,-2.07,,,酒店之家(STR)
分档次,经济型酒店RevPAR,,元,周,2021-11-07T00:00:00Z,65.6238,-17.85,,,酒店之家(STR)
分档次,经济型酒店OCC,,%,周,2021-11-14T00:00:00Z,52.44,-16.34,,,酒店之家(STR)
分档次,经济型酒店ADR,,元,周,2021-11-14T00:00:00Z,124.47,-2.93,,,酒店之家(STR)
分档次,经济型酒店RevPAR,,元,周,2021-11-14T00:00:00Z,65.2721,-18.79,,,酒店之家(STR)
分档次,经济型酒店OCC,,%,周,2021-11-21T00:00:00Z,54.62,-13.63,,,酒店之家(STR)
分档次,经济型酒店ADR,,元,周,2021-11-21T00:00:00Z,124.1,-2.38,,,酒店之家(STR)
分档次,经济型酒店RevPAR,,元,周,2021-11-21T00:00:00Z,67.7834,-15.68,,,酒店之家(STR)
分档次,经济型酒店OCC,,%,周,2021-11-28T00:00:00Z,56.86,-9.36,,,酒店之家(STR)
分档次,经济型酒店ADR,,元,周,2021-11-28T00:00:00Z,126.02,-2.08,,,酒店之家(STR)
分档次,经济型酒店RevPAR,,元,周,2021-11-28T00:00:00Z,71.655,-11.25,,,酒店之家(STR)
分档次,经济型酒店OCC,,%,周,2021-12-05T00:00:00Z,56.64,-8.81,,,酒店之家(STR)
分档次,经济型酒店ADR,,元,周,2021-12-05T00:00:00Z,124.25,-2.27,,,酒店之家(STR)
分档次,经济型酒店RevPAR,,元,周,2021-12-05T00:00:00Z,70.3752,-10.88,,,酒店之家(STR)
分档次,经济型酒店OCC,,%,周,2021-12-12T00:00:00Z,57.14,-7.63,,,酒店之家(STR)
分档次,经济型酒店ADR,,元,周,2021-12-12T00:00:00Z,124.63,-1.36,,,酒店之家(STR)
分档次,经济型酒店RevPAR,,元,周,2021-12-12T00:00:00Z,71.2136,-8.89,,,酒店之家(STR)
分档次,经济型酒店OCC,,%,周,2021-12-19T00:00:00Z,56.69,-8.62,,,酒店之家(STR)
分档次,经济型酒店ADR,,元,周,2021-12-19T00:00:00Z,124.04,-2.29,,,酒店之家(STR)
分档次,经济型酒店RevPAR,,元,周,2021-12-19T00:00:00Z,70.3183,-10.72,,,酒店之家(STR)
分档次,经济型酒店OCC,,%,周,2021-12-26T00:00:00Z,58.62,-7.01,,,酒店之家(STR)
分档次,经济型酒店ADR,,元,周,2021-12-26T00:00:00Z,130.82,0.09,,,酒店之家(STR)
分档次,经济型酒店RevPAR,,元,周,2021-12-26T00:00:00Z,76.6867,-6.93,,,酒店之家(STR)
分档次,经济型酒店OCC,,%,周,2022-01-02T00:00:00Z,59.35,-11.06,,,酒店之家(STR)
分档次,经济型酒店ADR,,元,周,2022-01-02T00:00:00Z,132.82,-0.01,,,酒店之家(STR)
分档次,经济型酒店RevPAR,,元,周,2022-01-02T00:00:00Z,78.8287,-11.07,,,酒店之家(STR)
分档次,经济型酒店OCC,,%,周,2022-01-09T00:00:00Z,53.84,-6.2,,,酒店之家(STR)
分档次,经济型酒店ADR,,元,周,2022-01-09T00:00:00Z,123.08,0.75,,,酒店之家(STR)
分档次,经济型酒店RevPAR,,元,周,2022-01-09T00:00:00Z,66.2663,-5.5,,,酒店之家(STR)
分档次,经济型酒店OCC,,%,周,2022-01-16T00:00:00Z,53.64,-3.78,,,酒店之家(STR)
分档次,经济型酒店ADR,,元,周,2022-01-16T00:00:00Z,123.46,1.43,,,酒店之家(STR)
分档次,经济型酒店RevPAR,,元,周,2022-01-16T00:00:00Z,66.2239,-2.41,,,酒店之家(STR)
分档次,经济型酒店OCC,,%,周,2022-01-23T00:00:00Z,50.95,-2.17,,,酒店之家(STR)
分档次,经济型酒店ADR,,元,周,2022-01-23T00:00:00Z,122.96,1.69,,,酒店之家(STR)
分档次,经济型酒店RevPAR,,元,周,2022-01-23T00:00:00Z,62.6481,-0.52,,,酒店之家(STR)
分档次,经济型酒店OCC,,%,周,2022-01-30T00:00:00Z,41.23,-13.4,,,酒店之家(STR)
分档次,经济型酒店ADR,,元,周,2022-01-30T00:00:00Z,124.4,4,,,酒店之家(STR)
分档次,经济型酒店RevPAR,,元,周,2022-01-30T00:00:00Z,51.2901,-9.94,,,酒店之家(STR)
分档次,经济型酒店OCC,,%,周,2022-02-06T00:00:00Z,40.86,-6.37,,,酒店之家(STR)
分档次,经济型酒店ADR,,元,周,2022-02-06T00:00:00Z,143.7,19.84,,,酒店之家(STR)
分档次,经济型酒店RevPAR,,元,周,2022-02-06T00:00:00Z,58.7158,12.21,,,酒店之家(STR)
分档次,经济型酒店OCC,,%,周,2022-02-13T00:00:00Z,52.98,57.91,,,酒店之家(STR)
分档次,经济型酒店ADR,,元,周,2022-02-13T00:00:00Z,128.11,-3.7,,,酒店之家(STR)
分档次,经济型酒店RevPAR,,元,周,2022-02-13T00:00:00Z,67.8727,52.07,,,酒店之家(STR)
分档次,经济型酒店OCC,,%,周,2022-02-20T00:00:00Z,58.77,17.61,,,酒店之家(STR)
分档次,经济型酒店ADR,,元,周,2022-02-20T00:00:00Z,125.74,-1.4,,,酒店之家(STR)
分档次,经济型酒店RevPAR,,元,周,2022-02-20T00:00:00Z,73.8974,15.96,,,酒店之家(STR)
分档次,经济型酒店OCC,,%,周,2022-02-27T00:00:00Z,60.39,6.56,,,酒店之家(STR)
分档次,经济型酒店ADR,,元,周,2022-02-27T00:00:00Z,125.07,1.9,,,酒店之家(STR)
分档次,经济型酒店RevPAR,,元,周,2022-02-27T00:00:00Z,75.5298,8.59,,,酒店之家(STR)
分档次,经济型酒店OCC,,%,周,2022-03-06T00:00:00Z,56.79,-10.69,,,酒店之家(STR)
分档次,经济型酒店ADR,,元,周,2022-03-06T00:00:00Z,124.13,-1.22,,,酒店之家(STR)
分档次,经济型酒店RevPAR,,元,周,2022-03-06T00:00:00Z,70.4934,-11.78,,,酒店之家(STR)
分档次,经济型酒店OCC,,%,周,2022-03-13T00:00:00Z,55.1,-15.72,,,酒店之家(STR)
分档次,经济型酒店ADR,,元,周,2022-03-13T00:00:00Z,124,-4.07,,,酒店之家(STR)
分档次,经济型酒店RevPAR,,元,周,2022-03-13T00:00:00Z,68.324,-19.15,,,酒店之家(STR)
分档次,经济型酒店OCC,,%,周,2022-03-20T00:00:00Z,48.07,-27.47,,,酒店之家(STR)
分档次,经济型酒店ADR,,元,周,2022-03-20T00:00:00Z,121,-8.24,,,酒店之家(STR)
分档次,经济型酒店RevPAR,,元,周,2022-03-20T00:00:00Z,58.1647,-33.45,,,酒店之家(STR)
分档次,经济型酒店OCC,,%,周,2022-03-27T00:00:00Z,45.65,-31.6,,,酒店之家(STR)
分档次,经济型酒店ADR,,元,周,2022-03-27T00:00:00Z,120.93,-10.34,,,酒店之家(STR)
分档次,经济型酒店RevPAR,,元,周,2022-03-27T00:00:00Z,55.2045,-38.67,,,酒店之家(STR)
分档次,经济型酒店OCC,,%,周,2022-04-03T00:00:00Z,44.44,-31.04,,,酒店之家(STR)
分档次,经济型酒店ADR,,元,周,2022-04-03T00:00:00Z,121.34,-14.07,,,酒店之家(STR)
分档次,经济型酒店RevPAR,,元,周,2022-04-03T00:00:00Z,53.9235,-40.74,,,酒店之家(STR)
分档次,经济型酒店OCC,,%,周,2022-04-10T00:00:00Z,42.48,-33.46,,,酒店之家(STR)
分档次,经济型酒店ADR,,元,周,2022-04-10T00:00:00Z,119.33,-10.97,,,酒店之家(STR)
分档次,经济型酒店RevPAR,,元,周,2022-04-10T00:00:00Z,50.6914,-40.76,,,酒店之家(STR)
分档次,经济型酒店OCC,,%,周,2022-04-17T00:00:00Z,45.76,-32.48,,,酒店之家(STR)
分档次,经济型酒店ADR,,元,周,2022-04-17T00:00:00Z,117.95,-13.95,,,酒店之家(STR)
分档次,经济型酒店RevPAR,,元,周,2022-04-17T00:00:00Z,53.9739,-41.9,,,酒店之家(STR)
分档次,经济型酒店OCC,,%,周,2022-04-24T00:00:00Z,47.12,-28.56,,,酒店之家(STR)
分档次,经济型酒店ADR,,元,周,2022-04-24T00:00:00Z,118.29,-12.64,,,酒店之家(STR)
分档次,经济型酒店RevPAR,,元,周,2022-04-24T00:00:00Z,55.7382,-37.59,,,酒店之家(STR)
分档次,经济型酒店OCC,,%,周,2022-05-01T00:00:00Z,51.14,-20.19,,,酒店之家(STR)
分档次,经济型酒店ADR,,元,周,2022-05-01T00:00:00Z,125.56,-28.2,,,酒店之家(STR)
分档次,经济型酒店RevPAR,,元,周,2022-05-01T00:00:00Z,64.2114,-42.7,,,酒店之家(STR)
分档次,经济型酒店OCC,,%,周,2022-05-08T00:00:00Z,47.66,-19.08,,,酒店之家(STR)
分档次,经济型酒店ADR,,元,周,2022-05-08T00:00:00Z,121.35,-19.77,,,酒店之家(STR)
分档次,经济型酒店RevPAR,,元,周,2022-05-08T00:00:00Z,57.8354,-35.08,,,酒店之家(STR)
分档次,经济型酒店OCC,,%,周,2022-05-15T00:00:00Z,50.75,-24.65,,,酒店之家(STR)
分档次,经济型酒店ADR,,元,周,2022-05-15T00:00:00Z,118.57,-12.98,,,酒店之家(STR)
分档次,经济型酒店RevPAR,,元,周,2022-05-15T00:00:00Z,60.1743,-34.43,,,酒店之家(STR)
分档次,经济型酒店OCC,,%,周,2022-05-22T00:00:00Z,53.92,-21.27,,,酒店之家(STR)
分档次,经济型酒店ADR,,元,周,2022-05-22T00:00:00Z,120.94,-11.48,,,酒店之家(STR)
分档次,经济型酒店RevPAR,,元,周,2022-05-22T00:00:00Z,65.2108,-30.31,,,酒店之家(STR)
分档次,经济型酒店OCC,,%,周,2022-05-29T00:00:00Z,53.46,-15.97,,,酒店之家(STR)
分档次,经济型酒店ADR,,元,周,2022-05-29T00:00:00Z,119.64,-10.15,,,酒店之家(STR)
分档次,经济型酒店RevPAR,,元,周,2022-05-29T00:00:00Z,63.9595,-24.5,,,酒店之家(STR)
分档次,经济型酒店OCC,,%,周,2022-06-05T00:00:00Z,54.7,-8.42,,,酒店之家(STR)
分档次,经济型酒店ADR,,元,周,2022-06-05T00:00:00Z,124.86,-4.4,,,酒店之家(STR)
分档次,经济型酒店RevPAR,,元,周,2022-06-05T00:00:00Z,68.2984,-12.45,,,酒店之家(STR)
分档次,经济型酒店OCC,,%,周,2022-06-12T00:00:00Z,58.47,-7.37,,,酒店之家(STR)
分档次,经济型酒店ADR,,元,周,2022-06-12T00:00:00Z,123.97,-9.13,,,酒店之家(STR)
分档次,经济型酒店RevPAR,,元,周,2022-06-12T00:00:00Z,72.4853,-15.83,,,酒店之家(STR)
分档次,经济型酒店OCC,,%,周,2022-06-19T00:00:00Z,61.26,-1.08,,,酒店之家(STR)
分档次,经济型酒店ADR,,元,周,2022-06-19T00:00:00Z,125.69,-3.77,,,酒店之家(STR)
分档次,经济型酒店RevPAR,,元,周,2022-06-19T00:00:00Z,76.9977,-4.82,,,酒店之家(STR)
分档次,经济型酒店OCC,,%,周,2022-06-26T00:00:00Z,62.92,-1.92,,,酒店之家(STR)
分档次,经济型酒店ADR,,元,周,2022-06-26T00:00:00Z,126.49,-3.24,,,酒店之家(STR)
分档次,经济型酒店RevPAR,,元,周,2022-06-26T00:00:00Z,79.5875,-5.1,,,酒店之家(STR)
分档次,经济型酒店OCC,,%,周,2022-07-03T00:00:00Z,62.84,-2.39,,,酒店之家(STR)
分档次,经济型酒店ADR,,元,周,2022-07-03T00:00:00Z,129.24,-2.67,,,酒店之家(STR)
分档次,经济型酒店RevPAR,,元,周,2022-07-03T00:00:00Z,81.2144,-4.99,,,酒店之家(STR)
分档次,经济型酒店OCC,,%,周,2022-07-10T00:00:00Z,65.58,-6.37,,,酒店之家(STR)
分档次,经济型酒店ADR,,元,周,2022-07-10T00:00:00Z,135.67,-2.53,,,酒店之家(STR)
分档次,经济型酒店RevPAR,,元,周,2022-07-10T00:00:00Z,88.9724,-8.74,,,酒店之家(STR)
分档次,经济型酒店OCC,,%,周,2022-07-17T00:00:00Z,64.61,-12.41,,,酒店之家(STR)
分档次,经济型酒店ADR,,元,周,2022-07-17T00:00:00Z,138.38,-5.3,,,酒店之家(STR)
分档次,经济型酒店RevPAR,,元,周,2022-07-17T00:00:00Z,89.4073,-17.05,,,酒店之家(STR)
分档次,经济型酒店OCC,,%,周,2022-07-24T00:00:00Z,64.94,-11.24,,,酒店之家(STR)
分档次,经济型酒店ADR,,元,周,2022-07-24T00:00:00Z,140.99,-6.64,,,酒店之家(STR)
分档次,经济型酒店RevPAR,,元,周,2022-07-24T00:00:00Z,91.5589,-17.13,,,酒店之家(STR)
分档次,经济型酒店OCC,,%,周,2022-07-31T00:00:00Z,65.87,-3.27,,,酒店之家(STR)
分档次,经济型酒店ADR,,元,周,2022-07-31T00:00:00Z,144.89,-0.08,,,酒店之家(STR)
分档次,经济型酒店RevPAR,,元,周,2022-07-31T00:00:00Z,95.439,-3.35,,,酒店之家(STR)
分档次,经济型酒店OCC,,%,周,2022-08-07T00:00:00Z,67.91,26.72,,,酒店之家(STR)
分档次,经济型酒店ADR,,元,周,2022-08-07T00:00:00Z,151.35,15.56,,,酒店之家(STR)
分档次,经济型酒店RevPAR,,元,周,2022-08-07T00:00:00Z,102.7818,46.44,,,酒店之家(STR)
分档次,经济型酒店OCC,,%,周,2022-08-14T00:00:00Z,63.35,20.05,,,酒店之家(STR)
分档次,经济型酒店ADR,,元,周,2022-08-14T00:00:00Z,146.17,13.53,,,酒店之家(STR)
分档次,经济型酒店RevPAR,,元,周,2022-08-14T00:00:00Z,92.5987,36.29,,,酒店之家(STR)
分档次,经济型酒店OCC,,%,周,2022-08-21T00:00:00Z,63.76,22.97,,,酒店之家(STR)
分档次,经济型酒店ADR,,元,周,2022-08-21T00:00:00Z,139.63,10.41,,,酒店之家(STR)
分档次,经济型酒店RevPAR,,元,周,2022-08-21T00:00:00Z,89.0281,35.77,,,酒店之家(STR)
分档次,经济型酒店OCC,,%,周,2022-08-28T00:00:00Z,59.02,5.64,,,酒店之家(STR)
分档次,经济型酒店ADR,,元,周,2022-08-28T00:00:00Z,133.39,4.92,,,酒店之家(STR)
分档次,经济型酒店RevPAR,,元,周,2022-08-28T00:00:00Z,78.7268,10.84,,,酒店之家(STR)
分档次,经济型酒店OCC,,%,周,2022-09-04T00:00:00Z,54.35,-5.07,,,酒店之家(STR)
分档次,经济型酒店ADR,,元,周,2022-09-04T00:00:00Z,129.56,0.33,,,酒店之家(STR)
分档次,经济型酒店RevPAR,,元,周,2022-09-04T00:00:00Z,70.4159,-4.76,,,酒店之家(STR)
分档次,经济型酒店OCC,,%,周,2022-09-11T00:00:00Z,51.4,-13.44,,,酒店之家(STR)
分档次,经济型酒店ADR,,元,周,2022-09-11T00:00:00Z,130.16,-0.77,,,酒店之家(STR)
分档次,经济型酒店RevPAR,,元,周,2022-09-11T00:00:00Z,66.9022,-14.11,,,酒店之家(STR)
分档次,经济型酒店OCC,,%,周,2022-09-18T00:00:00Z,53.62,-11.18,,,酒店之家(STR)
分档次,经济型酒店ADR,,元,周,2022-09-18T00:00:00Z,125.6,-4.85,,,酒店之家(STR)
分档次,经济型酒店RevPAR,,元,周,2022-09-18T00:00:00Z,67.3467,-15.49,,,酒店之家(STR)
分档次,经济型酒店OCC,,%,周,2022-09-25T00:00:00Z,55.65,-0.34,,,酒店之家(STR)
分档次,经济型酒店ADR,,元,周,2022-09-25T00:00:00Z,125.95,-3.72,,,酒店之家(STR)
分档次,经济型酒店RevPAR,,元,周,2022-09-25T00:00:00Z,70.0912,-4.04,,,酒店之家(STR)
分档次,经济型酒店OCC,,%,周,2022-10-02T00:00:00Z,56.76,-13.99,,,酒店之家(STR)
分档次,经济型酒店ADR,,元,周,2022-10-02T00:00:00Z,141.87,-11.9,,,酒店之家(STR)
分档次,经济型酒店RevPAR,,元,周,2022-10-02T00:00:00Z,80.5254,-24.22,,,酒店之家(STR)
分档次,经济型酒店OCC,,%,周,2022-10-09T00:00:00Z,52.17,-11.28,,,酒店之家(STR)
分档次,经济型酒店ADR,,元,周,2022-10-09T00:00:00Z,137.47,-3.16,,,酒店之家(STR)
分档次,经济型酒店RevPAR,,元,周,2022-10-09T00:00:00Z,71.7181,-14.08,,,酒店之家(STR)
分档次,经济型酒店OCC,,%,周,2022-10-16T00:00:00Z,50.1,-19.75,,,酒店之家(STR)
分档次,经济型酒店ADR,,元,周,2022-10-16T00:00:00Z,122.98,-7.16,,,酒店之家(STR)
分档次,经济型酒店RevPAR,,元,周,2022-10-16T00:00:00Z,61.613,-25.49,,,酒店之家(STR)
分档次,经济型酒店OCC,,%,周,2022-10-23T00:00:00Z,51.64,-16.26,,,酒店之家(STR)
分档次,经济型酒店ADR,,元,周,2022-10-23T00:00:00Z,122.81,-6.73,,,酒店之家(STR)
分档次,经济型酒店RevPAR,,元,周,2022-10-23T00:00:00Z,63.4191,-21.9,,,酒店之家(STR)
分档次,经济型酒店OCC,,%,周,2022-10-30T00:00:00Z,52.6,-6.54,,,酒店之家(STR)
分档次,经济型酒店ADR,,元,周,2022-10-30T00:00:00Z,123.06,-4.66,,,酒店之家(STR)
分档次,经济型酒店RevPAR,,元,周,2022-10-30T00:00:00Z,64.7296,-10.89,,,酒店之家(STR)
分档次,经济型酒店OCC,,%,周,2022-11-06T00:00:00Z,53.19,2.15,,,酒店之家(STR)
分档次,经济型酒店ADR,,元,周,2022-11-06T00:00:00Z,123.14,-2.29,,,酒店之家(STR)
分档次,经济型酒店RevPAR,,元,周,2022-11-06T00:00:00Z,65.4982,-0.19,,,酒店之家(STR)
分档次,经济型酒店OCC,,%,周,2022-11-13T00:00:00Z,52.6,0.31,,,酒店之家(STR)
分档次,经济型酒店ADR,,元,周,2022-11-13T00:00:00Z,122.6,-1.5,,,酒店之家(STR)
分档次,经济型酒店RevPAR,,元,周,2022-11-13T00:00:00Z,64.4876,-1.2,,,酒店之家(STR)
分档次,经济型酒店OCC,,%,周,2022-11-20T00:00:00Z,54.09,-0.97,,,酒店之家(STR)
分档次,经济型酒店ADR,,元,周,2022-11-20T00:00:00Z,123.53,-0.46,,,酒店之家(STR)
分档次,经济型酒店RevPAR,,元,周,2022-11-20T00:00:00Z,66.8174,-1.43,,,酒店之家(STR)
分档次,经济型酒店OCC,,%,周,2022-11-27T00:00:00Z,54.37,-4.38,,,酒店之家(STR)
分档次,经济型酒店ADR,,元,周,2022-11-27T00:00:00Z,124.42,-1.27,,,酒店之家(STR)
分档次,经济型酒店RevPAR,,元,周,2022-11-27T00:00:00Z,67.6472,-5.59,,,酒店之家(STR)
分档次,经济型酒店OCC,,%,周,2022-12-04T00:00:00Z,51.87,-8.42,,,酒店之家(STR)
分档次,经济型酒店ADR,,元,周,2022-12-04T00:00:00Z,124.41,0.13,,,酒店之家(STR)
分档次,经济型酒店RevPAR,,元,周,2022-12-04T00:00:00Z,64.5315,-8.3,,,酒店之家(STR)
分档次,经济型酒店OCC,,%,周,2022-12-11T00:00:00Z,53.51,-6.35,,,酒店之家(STR)
分档次,经济型酒店ADR,,元,周,2022-12-11T00:00:00Z,124.68,0.04,,,酒店之家(STR)
分档次,经济型酒店RevPAR,,元,周,2022-12-11T00:00:00Z,66.7163,-6.32,,,酒店之家(STR)
分档次,经济型酒店OCC,,%,周,2022-12-18T00:00:00Z,57,0.55,,,酒店之家(STR)
分档次,经济型酒店ADR,,元,周,2022-12-18T00:00:00Z,127.08,2.45,,,酒店之家(STR)
分档次,经济型酒店RevPAR,,元,周,2022-12-18T00:00:00Z,72.4356,3.01,,,酒店之家(STR)
分档次,经济型酒店OCC,,%,周,2022-12-25T00:00:00Z,52.41,-10.59,,,酒店之家(STR)
分档次,经济型酒店ADR,,元,周,2022-12-25T00:00:00Z,133.56,2.09,,,酒店之家(STR)
分档次,经济型酒店RevPAR,,元,周,2022-12-25T00:00:00Z,69.9988,-8.72,,,酒店之家(STR)
分档次,经济型酒店OCC,,%,周,2023-01-01T00:00:00Z,50.74,-14.51,,,酒店之家(STR)
分档次,经济型酒店ADR,,元,周,2023-01-01T00:00:00Z,131.32,-1.13,,,酒店之家(STR)
分档次,经济型酒店RevPAR,,元,周,2023-01-01T00:00:00Z,66.6318,-15.47,,,酒店之家(STR)
分档次,经济型酒店OCC,,%,周,2023-01-08T00:00:00Z,52.52,-2.45,,,酒店之家(STR)
分档次,经济型酒店ADR,,元,周,2023-01-08T00:00:00Z,128.75,4.61,,,酒店之家(STR)
分档次,经济型酒店RevPAR,,元,周,2023-01-08T00:00:00Z,67.6195,2.04,,,酒店之家(STR)
分档次,经济型酒店OCC,,%,周,2023-01-15T00:00:00Z,54.1,0.86,,,酒店之家(STR)
分档次,经济型酒店ADR,,元,周,2023-01-15T00:00:00Z,132.43,7.27,,,酒店之家(STR)
分档次,经济型酒店RevPAR,,元,周,2023-01-15T00:00:00Z,71.6446,8.19,,,酒店之家(STR)
分档次,经济型酒店OCC,,%,周,2023-01-22T00:00:00Z,41.32,-18.9,,,酒店之家(STR)
分档次,经济型酒店ADR,,元,周,2023-01-22T00:00:00Z,144.25,17.31,,,酒店之家(STR)
分档次,经济型酒店RevPAR,,元,周,2023-01-22T00:00:00Z,59.6041,-4.86,,,酒店之家(STR)
分档次,经济型酒店OCC,,%,周,2023-01-29T00:00:00Z,58.35,41.52,,,酒店之家(STR)
分档次,经济型酒店ADR,,元,周,2023-01-29T00:00:00Z,172.47,38.64,,,酒店之家(STR)
分档次,经济型酒店RevPAR,,元,周,2023-01-29T00:00:00Z,100.6362,96.21,,,酒店之家(STR)
分档次,经济型酒店OCC,,%,周,2023-02-05T00:00:00Z,59.29,45.11,,,酒店之家(STR)
分档次,经济型酒店ADR,,元,周,2023-02-05T00:00:00Z,144.74,0.72,,,酒店之家(STR)
分档次,经济型酒店RevPAR,,元,周,2023-02-05T00:00:00Z,85.8163,46.16,,,酒店之家(STR)
分档次,经济型酒店OCC,,%,周,2023-02-12T00:00:00Z,66.26,25.07,,,酒店之家(STR)
分档次,经济型酒店ADR,,元,周,2023-02-12T00:00:00Z,142.46,11.2,,,酒店之家(STR)
分档次,经济型酒店RevPAR,,元,周,2023-02-12T00:00:00Z,94.394,39.08,,,酒店之家(STR)
分档次,经济型酒店OCC,,%,周,2023-02-19T00:00:00Z,68.62,16.76,,,酒店之家(STR)
分档次,经济型酒店ADR,,元,周,2023-02-19T00:00:00Z,146.26,16.32,,,酒店之家(STR)
分档次,经济型酒店RevPAR,,元,周,2023-02-19T00:00:00Z,100.3636,35.81,,,酒店之家(STR)
分档次,经济型酒店OCC,,%,周,2023-02-26T00:00:00Z,67.53,11.82,,,酒店之家(STR)
分档次,经济型酒店ADR,,元,周,2023-02-26T00:00:00Z,147.46,17.9,,,酒店之家(STR)
分档次,经济型酒店RevPAR,,元,周,2023-02-26T00:00:00Z,99.5797,31.84,,,酒店之家(STR)
分档次,经济型酒店OCC,,%,周,2023-03-05T00:00:00Z,64.1,12.87,,,酒店之家(STR)
分档次,经济型酒店ADR,,元,周,2023-03-05T00:00:00Z,144.63,16.51,,,酒店之家(STR)
分档次,经济型酒店RevPAR,,元,周,2023-03-05T00:00:00Z,92.7078,31.51,,,酒店之家(STR)
分档次,经济型酒店OCC,,%,周,2023-03-12T00:00:00Z,63.77,15.74,,,酒店之家(STR)
分档次,经济型酒店ADR,,元,周,2023-03-12T00:00:00Z,144.44,16.48,,,酒店之家(STR)
分档次,经济型酒店RevPAR,,元,周,2023-03-12T00:00:00Z,92.1094,34.81,,,酒店之家(STR)
分档次,经济型酒店OCC,,%,周,2023-03-19T00:00:00Z,64.53,34.24,,,酒店之家(STR)
分档次,经济型酒店ADR,,元,周,2023-03-19T00:00:00Z,146.43,21.02,,,酒店之家(STR)
分档次,经济型酒店RevPAR,,元,周,2023-03-19T00:00:00Z,94.4913,62.45,,,酒店之家(STR)
分档次,经济型酒店OCC,,%,周,2023-03-26T00:00:00Z,64.45,41.18,,,酒店之家(STR)
分档次,经济型酒店ADR,,元,周,2023-03-26T00:00:00Z,146.27,20.95,,,酒店之家(STR)
分档次,经济型酒店RevPAR,,元,周,2023-03-26T00:00:00Z,94.271,70.77,,,酒店之家(STR)
分档次,经济型酒店OCC,,%,周,2023-04-02T00:00:00Z,62.75,41.2,,,酒店之家(STR)
分档次,经济型酒店ADR,,元,周,2023-04-02T00:00:00Z,146.55,20.78,,,酒店之家(STR)
分档次,经济型酒店RevPAR,,元,周,2023-04-02T00:00:00Z,91.9601,70.54,,,酒店之家(STR)
分档次,经济型酒店OCC,,%,周,2023-04-09T00:00:00Z,61.64,45.1,,,酒店之家(STR)
分档次,经济型酒店ADR,,元,周,2023-04-09T00:00:00Z,145.65,22.06,,,酒店之家(STR)
分档次,经济型酒店RevPAR,,元,周,2023-04-09T00:00:00Z,89.7787,77.11,,,酒店之家(STR)
分档次,经济型酒店OCC,,%,周,2023-04-16T00:00:00Z,66.55,45.43,,,酒店之家(STR)
分档次,经济型酒店ADR,,元,周,2023-04-16T00:00:00Z,151.51,28.45,,,酒店之家(STR)
分档次,经济型酒店RevPAR,,元,周,2023-04-16T00:00:00Z,100.8299,86.81,,,酒店之家(STR)
分档次,经济型酒店OCC,,%,周,2023-04-23T00:00:00Z,65.39,38.77,,,酒店之家(STR)
分档次,经济型酒店ADR,,元,周,2023-04-23T00:00:00Z,149.83,26.66,,,酒店之家(STR)
分档次,经济型酒店RevPAR,,元,周,2023-04-23T00:00:00Z,97.9738,75.77,,,酒店之家(STR)
分档次,经济型酒店OCC,,%,周,2023-04-30T00:00:00Z,68.54,34.02,,,酒店之家(STR)
分档次,经济型酒店ADR,,元,周,2023-04-30T00:00:00Z,194.78,55.13,,,酒店之家(STR)
分档次,经济型酒店RevPAR,,元,周,2023-04-30T00:00:00Z,133.5022,107.91,,,酒店之家(STR)
分档次,经济型酒店OCC,,%,周,2023-05-07T00:00:00Z,60.91,27.8,,,酒店之家(STR)
分档次,经济型酒店ADR,,元,周,2023-05-07T00:00:00Z,169.83,39.95,,,酒店之家(STR)
分档次,经济型酒店RevPAR,,元,周,2023-05-07T00:00:00Z,103.4435,78.86,,,酒店之家(STR)
分档次,经济型酒店OCC,,%,周,2023-05-14T00:00:00Z,61.29,20.77,,,酒店之家(STR)
分档次,经济型酒店ADR,,元,周,2023-05-14T00:00:00Z,146.07,23.19,,,酒店之家(STR)
分档次,经济型酒店RevPAR,,元,周,2023-05-14T00:00:00Z,89.5263,48.78,,,酒店之家(STR)
分档次,经济型酒店OCC,,%,周,2023-05-21T00:00:00Z,64.13,18.94,,,酒店之家(STR)
分档次,经济型酒店ADR,,元,周,2023-05-21T00:00:00Z,148.35,22.66,,,酒店之家(STR)
分档次,经济型酒店RevPAR,,元,周,2023-05-21T00:00:00Z,95.1369,45.89,,,酒店之家(STR)
分档次,经济型酒店OCC,,%,周,2023-05-28T00:00:00Z,60.82,13.77,,,酒店之家(STR)
分档次,经济型酒店ADR,,元,周,2023-05-28T00:00:00Z,144.16,20.49,,,酒店之家(STR)
分档次,经济型酒店RevPAR,,元,周,2023-05-28T00:00:00Z,87.6781,37.08,,,酒店之家(STR)
分档次,经济型酒店OCC,,%,周,2023-06-04T00:00:00Z,58.3,6.58,,,酒店之家(STR)
分档次,经济型酒店ADR,,元,周,2023-06-04T00:00:00Z,141.7,13.49,,,酒店之家(STR)
分档次,经济型酒店RevPAR,,元,周,2023-06-04T00:00:00Z,82.6111,20.96,,,酒店之家(STR)
分档次,经济型酒店OCC,,%,周,2023-06-11T00:00:00Z,62.42,6.76,,,酒店之家(STR)
分档次,经济型酒店ADR,,元,周,2023-06-11T00:00:00Z,144.71,16.73,,,酒店之家(STR)
分档次,经济型酒店RevPAR,,元,周,2023-06-11T00:00:00Z,90.328,24.62,,,酒店之家(STR)
分档次,经济型酒店OCC,,%,周,2023-06-18T00:00:00Z,63.74,4.05,,,酒店之家(STR)
分档次,经济型酒店ADR,,元,周,2023-06-18T00:00:00Z,145.82,16.02,,,酒店之家(STR)
分档次,经济型酒店RevPAR,,元,周,2023-06-18T00:00:00Z,92.9457,20.71,,,酒店之家(STR)
分档次,经济型酒店OCC,,%,周,2023-06-25T00:00:00Z,62.38,-0.86,,,酒店之家(STR)
分档次,经济型酒店ADR,,元,周,2023-06-25T00:00:00Z,152.44,20.52,,,酒店之家(STR)
分档次,经济型酒店RevPAR,,元,周,2023-06-25T00:00:00Z,95.0921,19.48,,,酒店之家(STR)
分档次,经济型酒店OCC,,%,周,2023-07-02T00:00:00Z,64.73,3.01,,,酒店之家(STR)
分档次,经济型酒店ADR,,元,周,2023-07-02T00:00:00Z,149.87,15.96,,,酒店之家(STR)
分档次,经济型酒店RevPAR,,元,周,2023-07-02T00:00:00Z,97.0109,19.45,,,酒店之家(STR)
分档次,经济型酒店OCC,,%,周,2023-07-09T00:00:00Z,67.77,3.34,,,酒店之家(STR)
分档次,经济型酒店ADR,,元,周,2023-07-09T00:00:00Z,159.06,17.24,,,酒店之家(STR)
分档次,经济型酒店RevPAR,,元,周,2023-07-09T00:00:00Z,107.795,21.16,,,酒店之家(STR)
分档次,经济型酒店OCC,,%,周,2023-07-16T00:00:00Z,70.7,9.43,,,酒店之家(STR)
分档次,经济型酒店ADR,,元,周,2023-07-16T00:00:00Z,166.72,20.48,,,酒店之家(STR)
分档次,经济型酒店RevPAR,,元,周,2023-07-16T00:00:00Z,117.871,31.84,,,酒店之家(STR)
分档次,经济型酒店OCC,,%,周,2023-07-23T00:00:00Z,70.77,8.98,,,酒店之家(STR)
分档次,经济型酒店ADR,,元,周,2023-07-23T00:00:00Z,172.22,22.15,,,酒店之家(STR)
分档次,经济型酒店RevPAR,,元,周,2023-07-23T00:00:00Z,121.8801,33.12,,,酒店之家(STR)
分档次,经济型酒店OCC,,%,周,2023-07-30T00:00:00Z,70.08,6.39,,,酒店之家(STR)
分档次,经济型酒店ADR,,元,周,2023-07-30T00:00:00Z,175.43,21.08,,,酒店之家(STR)
分档次,经济型酒店RevPAR,,元,周,2023-07-30T00:00:00Z,122.9413,28.82,,,酒店之家(STR)
分档次,经济型酒店OCC,,%,周,2023-08-06T00:00:00Z,71.17,4.8,,,酒店之家(STR)
分档次,经济型酒店ADR,,元,周,2023-08-06T00:00:00Z,183.3,21.11,,,酒店之家(STR)
分档次,经济型酒店RevPAR,,元,周,2023-08-06T00:00:00Z,130.4546,26.92,,,酒店之家(STR)
分档次,经济型酒店OCC,,%,周,2023-08-13T00:00:00Z,71.99,13.64,,,酒店之家(STR)
分档次,经济型酒店ADR,,元,周,2023-08-13T00:00:00Z,187.82,28.49,,,酒店之家(STR)
分档次,经济型酒店RevPAR,,元,周,2023-08-13T00:00:00Z,135.2116,46.02,,,酒店之家(STR)
分档次,经济型酒店OCC,,%,周,2023-08-20T00:00:00Z,70.96,11.29,,,酒店之家(STR)
分档次,经济型酒店ADR,,元,周,2023-08-20T00:00:00Z,182.43,30.65,,,酒店之家(STR)
分档次,经济型酒店RevPAR,,元,周,2023-08-20T00:00:00Z,129.4523,45.41,,,酒店之家(STR)
分档次,经济型酒店OCC,,%,周,2023-08-27T00:00:00Z,66.83,13.23,,,酒店之家(STR)
分档次,经济型酒店ADR,,元,周,2023-08-27T00:00:00Z,167.59,25.64,,,酒店之家(STR)
分档次,经济型酒店RevPAR,,元,周,2023-08-27T00:00:00Z,112.0004,42.26,,,酒店之家(STR)
分档次,经济型酒店OCC,,%,周,2023-09-03T00:00:00Z,57.75,6.26,,,酒店之家(STR)
分档次,经济型酒店ADR,,元,周,2023-09-03T00:00:00Z,148.38,14.53,,,酒店之家(STR)
分档次,经济型酒店RevPAR,,元,周,2023-09-03T00:00:00Z,85.6894,21.69,,,酒店之家(STR)
分档次,经济型酒店OCC,,%,周,2023-09-10T00:00:00Z,60.22,17.16,,,酒店之家(STR)
分档次,经济型酒店ADR,,元,周,2023-09-10T00:00:00Z,146.07,12.22,,,酒店之家(STR)
分档次,经济型酒店RevPAR,,元,周,2023-09-10T00:00:00Z,87.9634,31.48,,,酒店之家(STR)
分档次,经济型酒店OCC,,%,周,2023-09-17T00:00:00Z,60.63,13.07,,,酒店之家(STR)
分档次,经济型酒店ADR,,元,周,2023-09-17T00:00:00Z,143.22,14.03,,,酒店之家(STR)
分档次,经济型酒店RevPAR,,元,周,2023-09-17T00:00:00Z,86.8343,28.94,,,酒店之家(STR)
分档次,经济型酒店OCC,,%,周,2023-09-24T00:00:00Z,59.15,6.29,,,酒店之家(STR)
分档次,经济型酒店ADR,,元,周,2023-09-24T00:00:00Z,142.49,13.13,,,酒店之家(STR)
分档次,经济型酒店RevPAR,,元,周,2023-09-24T00:00:00Z,84.2828,20.25,,,酒店之家(STR)
分档次,经济型酒店OCC,,%,周,2023-10-01T00:00:00Z,60.46,6.52,,,酒店之家(STR)
分档次,经济型酒店ADR,,元,周,2023-10-01T00:00:00Z,189.16,33.33,,,酒店之家(STR)
分档次,经济型酒店RevPAR,,元,周,2023-10-01T00:00:00Z,114.3661,42.02,,,酒店之家(STR)
分档次,经济型酒店OCC,,%,周,2023-10-08T00:00:00Z,60.68,16.31,,,酒店之家(STR)
分档次,经济型酒店ADR,,元,周,2023-10-08T00:00:00Z,183.2,33.27,,,酒店之家(STR)
分档次,经济型酒店RevPAR,,元,周,2023-10-08T00:00:00Z,111.1658,55,,,酒店之家(STR)
分档次,经济型酒店OCC,,%,周,2023-10-15T00:00:00Z,57.02,13.81,,,酒店之家(STR)
分档次,经济型酒店ADR,,元,周,2023-10-15T00:00:00Z,139.22,13.21,,,酒店之家(STR)
分档次,经济型酒店RevPAR,,元,周,2023-10-15T00:00:00Z,79.3832,28.84,,,酒店之家(STR)
分档次,经济型酒店OCC,,%,周,2023-10-22T00:00:00Z,60.42,17,,,酒店之家(STR)
分档次,经济型酒店ADR,,元,周,2023-10-22T00:00:00Z,140.81,14.66,,,酒店之家(STR)
分档次,经济型酒店RevPAR,,元,周,2023-10-22T00:00:00Z,85.0774,34.15,,,酒店之家(STR)
分档次,经济型酒店OCC,,%,周,2023-10-29T00:00:00Z,59.16,12.47,,,酒店之家(STR)
分档次,经济型酒店ADR,,元,周,2023-10-29T00:00:00Z,140.54,14.2,,,酒店之家(STR)
分档次,经济型酒店RevPAR,,元,周,2023-10-29T00:00:00Z,83.1435,28.45,,,酒店之家(STR)
分档次,经济型酒店OCC,,%,周,2023-11-05T00:00:00Z,56.38,6,,,酒店之家(STR)
分档次,经济型酒店ADR,,元,周,2023-11-05T00:00:00Z,136.63,10.96,,,酒店之家(STR)
分档次,经济型酒店RevPAR,,元,周,2023-11-05T00:00:00Z,77.032,17.61,,,酒店之家(STR)
分档次,经济型酒店OCC,,%,周,2023-11-12T00:00:00Z,56.74,7.87,,,酒店之家(STR)
分档次,经济型酒店ADR,,元,周,2023-11-12T00:00:00Z,135.34,10.39,,,酒店之家(STR)
分档次,经济型酒店RevPAR,,元,周,2023-11-12T00:00:00Z,76.7919,19.08,,,酒店之家(STR)
分档次,经济型酒店OCC,,%,周,2023-11-19T00:00:00Z,57.66,6.6,,,酒店之家(STR)
分档次,经济型酒店ADR,,元,周,2023-11-19T00:00:00Z,135.18,9.43,,,酒店之家(STR)
分档次,经济型酒店RevPAR,,元,周,2023-11-19T00:00:00Z,77.9448,16.65,,,酒店之家(STR)
分档次,经济型酒店OCC,,%,周,2023-11-26T00:00:00Z,57.87,6.44,,,酒店之家(STR)
分档次,经济型酒店ADR,,元,周,2023-11-26T00:00:00Z,135.78,9.13,,,酒店之家(STR)
分档次,经济型酒店RevPAR,,元,周,2023-11-26T00:00:00Z,78.5759,16.16,,,酒店之家(STR)
分档次,经济型酒店OCC,,%,周,2023-12-03T00:00:00Z,56.63,9.18,,,酒店之家(STR)
分档次,经济型酒店ADR,,元,周,2023-12-03T00:00:00Z,133.92,7.64,,,酒店之家(STR)
分档次,经济型酒店RevPAR,,元,周,2023-12-03T00:00:00Z,75.8389,17.52,,,酒店之家(STR)
分档次,经济型酒店OCC,,%,周,2023-12-10T00:00:00Z,56.37,5.34,,,酒店之家(STR)
分档次,经济型酒店ADR,,元,周,2023-12-10T00:00:00Z,134.19,7.63,,,酒店之家(STR)
分档次,经济型酒店RevPAR,,元,周,2023-12-10T00:00:00Z,75.6429,13.38,,,酒店之家(STR)
分档次,经济型酒店OCC,,%,周,2023-12-17T00:00:00Z,55.42,-2.77,,,酒店之家(STR)
分档次,经济型酒店ADR,,元,周,2023-12-17T00:00:00Z,133.47,5.03,,,酒店之家(STR)
分档次,经济型酒店RevPAR,,元,周,2023-12-17T00:00:00Z,73.9691,2.12,,,酒店之家(STR)
分档次,经济型酒店OCC,,%,周,2023-12-24T00:00:00Z,57.78,10.25,,,酒店之家(STR)
分档次,经济型酒店ADR,,元,周,2023-12-24T00:00:00Z,139.77,4.65,,,酒店之家(STR)
分档次,经济型酒店RevPAR,,元,周,2023-12-24T00:00:00Z,80.7591,15.37,,,酒店之家(STR)
分档次,经济型酒店OCC,,%,周,2023-12-31T00:00:00Z,61.61,21.42,,,酒店之家(STR)
分档次,经济型酒店ADR,,元,周,2023-12-31T00:00:00Z,152.99,16.5,,,酒店之家(STR)
分档次,经济型酒店RevPAR,,元,周,2023-12-31T00:00:00Z,94.2571,41.46,,,酒店之家(STR)
分档次,经济型酒店OCC,,%,周,2024-01-07T00:00:00Z,53.36,1.6,,,酒店之家(STR)
分档次,经济型酒店ADR,,元,周,2024-01-07T00:00:00Z,134.27,4.29,,,酒店之家(STR)
分档次,经济型酒店RevPAR,,元,周,2024-01-07T00:00:00Z,71.6465,5.96,,,酒店之家(STR)
分档次,经济型酒店OCC,,%,周,2024-01-14T00:00:00Z,57.32,5.95,,,酒店之家(STR)
分档次,经济型酒店ADR,,元,周,2024-01-14T00:00:00Z,134.67,1.69,,,酒店之家(STR)
分档次,经济型酒店RevPAR,,元,周,2024-01-14T00:00:00Z,77.1928,7.74,,,酒店之家(STR)
分档次,经济型酒店OCC,,%,周,2024-01-21T00:00:00Z,58.95,42.67,,,酒店之家(STR)
分档次,经济型酒店ADR,,元,周,2024-01-21T00:00:00Z,137.52,-4.67,,,酒店之家(STR)
分档次,经济型酒店RevPAR,,元,周,2024-01-21T00:00:00Z,81.068,36.01,,,酒店之家(STR)
分档次,经济型酒店OCC,,%,周,2024-01-28T00:00:00Z,58.88,0.91,,,酒店之家(STR)
分档次,经济型酒店ADR,,元,周,2024-01-28T00:00:00Z,141.22,-18.12,,,酒店之家(STR)
分档次,经济型酒店RevPAR,,元,周,2024-01-28T00:00:00Z,83.1503,-17.38,,,酒店之家(STR)
分档次,经济型酒店OCC,,%,周,2024-02-04T00:00:00Z,54.97,-7.29,,,酒店之家(STR)
分档次,经济型酒店ADR,,元,周,2024-02-04T00:00:00Z,142.95,-1.24,,,酒店之家(STR)
分档次,经济型酒店RevPAR,,元,周,2024-02-04T00:00:00Z,78.5796,-8.43,,,酒店之家(STR)
分档次,经济型酒店OCC,,%,周,2024-02-11T00:00:00Z,43.88,-33.78,,,酒店之家(STR)
分档次,经济型酒店ADR,,元,周,2024-02-11T00:00:00Z,173.72,21.94,,,酒店之家(STR)
分档次,经济型酒店RevPAR,,元,周,2024-02-11T00:00:00Z,76.2283,-19.24,,,酒店之家(STR)
分档次,经济型酒店OCC,,%,周,2024-02-18T00:00:00Z,63.63,-7.27,,,酒店之家(STR)
分档次,经济型酒店ADR,,元,周,2024-02-18T00:00:00Z,195.82,33.88,,,酒店之家(STR)
分档次,经济型酒店RevPAR,,元,周,2024-02-18T00:00:00Z,124.6003,24.15,,,酒店之家(STR)
分档次,经济型酒店OCC,,%,周,2024-02-25T00:00:00Z,55.34,-18.05,,,酒店之家(STR)
分档次,经济型酒店ADR,,元,周,2024-02-25T00:00:00Z,142.01,-3.7,,,酒店之家(STR)
分档次,经济型酒店RevPAR,,元,周,2024-02-25T00:00:00Z,78.5883,-21.08,,,酒店之家(STR)
分档次,经济型酒店OCC,,%,周,2024-03-03T00:00:00Z,60.23,-6.04,,,酒店之家(STR)
分档次,经济型酒店ADR,,元,周,2024-03-03T00:00:00Z,137.96,-4.61,,,酒店之家(STR)
分档次,经济型酒店RevPAR,,元,周,2024-03-03T00:00:00Z,83.0933,-10.37,,,酒店之家(STR)
分档次,经济型酒店OCC,,%,周,2024-03-10T00:00:00Z,60.22,-5.57,,,酒店之家(STR)
分档次,经济型酒店ADR,,元,周,2024-03-10T00:00:00Z,138.51,-4.11,,,酒店之家(STR)
分档次,经济型酒店RevPAR,,元,周,2024-03-10T00:00:00Z,83.4107,-9.44,,,酒店之家(STR)
分档次,经济型酒店OCC,,%,周,2024-03-17T00:00:00Z,58.56,-9.25,,,酒店之家(STR)
分档次,经济型酒店ADR,,元,周,2024-03-17T00:00:00Z,141.38,-3.45,,,酒店之家(STR)
分档次,经济型酒店RevPAR,,元,周,2024-03-17T00:00:00Z,82.7921,-12.38,,,酒店之家(STR)
分档次,经济型酒店OCC,,%,周,2024-03-24T00:00:00Z,60.52,-6.1,,,酒店之家(STR)
分档次,经济型酒店ADR,,元,周,2024-03-24T00:00:00Z,141.04,-3.58,,,酒店之家(STR)
分档次,经济型酒店RevPAR,,元,周,2024-03-24T00:00:00Z,85.3574,-9.46,,,酒店之家(STR)
分档次,经济型酒店OCC,,%,周,2024-03-31T00:00:00Z,60.24,-4,,,酒店之家(STR)
分档次,经济型酒店ADR,,元,周,2024-03-31T00:00:00Z,144.39,-1.47,,,酒店之家(STR)
分档次,经济型酒店RevPAR,,元,周,2024-03-31T00:00:00Z,86.9805,-5.41,,,酒店之家(STR)
分档次,经济型酒店OCC,,%,周,2024-04-07T00:00:00Z,58.48,-5.13,,,酒店之家(STR)
分档次,经济型酒店ADR,,元,周,2024-04-07T00:00:00Z,153.74,5.55,,,酒店之家(STR)
分档次,经济型酒店RevPAR,,元,周,2024-04-07T00:00:00Z,89.9072,0.14,,,酒店之家(STR)
分档次,经济型酒店OCC,,%,周,2024-04-14T00:00:00Z,62.17,-6.58,,,酒店之家(STR)
分档次,经济型酒店ADR,,元,周,2024-04-14T00:00:00Z,146.13,-3.55,,,酒店之家(STR)
分档次,经济型酒店RevPAR,,元,周,2024-04-14T00:00:00Z,90.849,-9.9,,,酒店之家(STR)
分档次,经济型酒店OCC,,%,周,2024-04-21T00:00:00Z,63.58,-2.77,,,酒店之家(STR)
分档次,经济型酒店ADR,,元,周,2024-04-21T00:00:00Z,144.82,-3.34,,,酒店之家(STR)
分档次,经济型酒店RevPAR,,元,周,2024-04-21T00:00:00Z,92.0766,-6.02,,,酒店之家(STR)
分档次,经济型酒店OCC,,%,周,2024-04-28T00:00:00Z,58.89,-14.08,,,酒店之家(STR)
分档次,经济型酒店ADR,,元,周,2024-04-28T00:00:00Z,139.84,-28.21,,,酒店之家(STR)
分档次,经济型酒店RevPAR,,元,周,2024-04-28T00:00:00Z,82.3518,-38.31,,,酒店之家(STR)
分档次,经济型酒店OCC,,%,周,2024-05-05T00:00:00Z,66.08,8.49,,,酒店之家(STR)
分档次,经济型酒店ADR,,元,周,2024-05-05T00:00:00Z,203.14,19.61,,,酒店之家(STR)
分档次,经济型酒店RevPAR,,元,周,2024-05-05T00:00:00Z,134.2349,29.77,,,酒店之家(STR)
分档次,经济型酒店OCC,,%,周,2024-05-12T00:00:00Z,54.19,-11.58,,,酒店之家(STR)
分档次,经济型酒店ADR,,元,周,2024-05-12T00:00:00Z,133.75,-8.43,,,酒店之家(STR)
分档次,经济型酒店RevPAR,,元,周,2024-05-12T00:00:00Z,72.4791,-19.04,,,酒店之家(STR)
分档次,经济型酒店OCC,,%,周,2024-05-19T00:00:00Z,61.31,-4.4,,,酒店之家(STR)
分档次,经济型酒店ADR,,元,周,2024-05-19T00:00:00Z,140.49,-5.3,,,酒店之家(STR)
分档次,经济型酒店RevPAR,,元,周,2024-05-19T00:00:00Z,86.1344,-9.46,,,酒店之家(STR)
分档次,经济型酒店OCC,,%,周,2024-05-26T00:00:00Z,59.64,-1.94,,,酒店之家(STR)
分档次,经济型酒店ADR,,元,周,2024-05-26T00:00:00Z,138.42,-3.98,,,酒店之家(STR)
分档次,经济型酒店RevPAR,,元,周,2024-05-26T00:00:00Z,82.5537,-5.84,,,酒店之家(STR)
分档次,经济型酒店OCC,,%,周,2024-06-02T00:00:00Z,55.79,-4.31,,,酒店之家(STR)
分档次,经济型酒店ADR,,元,周,2024-06-02T00:00:00Z,136.62,-3.59,,,酒店之家(STR)
分档次,经济型酒店RevPAR,,元,周,2024-06-02T00:00:00Z,76.2203,-7.74,,,酒店之家(STR)
分档次,经济型酒店OCC,,%,周,2024-06-09T00:00:00Z,59.54,-4.61,,,酒店之家(STR)
分档次,经济型酒店ADR,,元,周,2024-06-09T00:00:00Z,147.04,1.61,,,酒店之家(STR)
分档次,经济型酒店RevPAR,,元,周,2024-06-09T00:00:00Z,87.5476,-3.08,,,酒店之家(STR)
分档次,经济型酒店OCC,,%,周,2024-06-16T00:00:00Z,56.95,-10.65,,,酒店之家(STR)
分档次,经济型酒店ADR,,元,周,2024-06-16T00:00:00Z,137.06,-6.01,,,酒店之家(STR)
分档次,经济型酒店RevPAR,,元,周,2024-06-16T00:00:00Z,78.0557,-16.02,,,酒店之家(STR)
分档次,经济型酒店OCC,,%,周,2024-06-23T00:00:00Z,59.02,-5.39,,,酒店之家(STR)
分档次,经济型酒店ADR,,元,周,2024-06-23T00:00:00Z,139.81,-8.29,,,酒店之家(STR)
分档次,经济型酒店RevPAR,,元,周,2024-06-23T00:00:00Z,82.5159,-13.23,,,酒店之家(STR)
分档次,经济型酒店OCC,,%,周,2024-06-30T00:00:00Z,61.04,-5.7,,,酒店之家(STR)
分档次,经济型酒店ADR,,元,周,2024-06-30T00:00:00Z,139.81,-6.71,,,酒店之家(STR)
分档次,经济型酒店RevPAR,,元,周,2024-06-30T00:00:00Z,85.34,-12.03,,,酒店之家(STR)
分档次,经济型酒店OCC,,%,周,2024-07-07T00:00:00Z,62.21,-8.2,,,酒店之家(STR)
分档次,经济型酒店ADR,,元,周,2024-07-07T00:00:00Z,147.7,-7.14,,,酒店之家(STR)
分档次,经济型酒店RevPAR,,元,周,2024-07-07T00:00:00Z,91.8842,-14.76,,,酒店之家(STR)
分档次,经济型酒店OCC,,%,周,2024-07-14T00:00:00Z,66.07,-6.55,,,酒店之家(STR)
分档次,经济型酒店ADR,,元,周,2024-07-14T00:00:00Z,155.76,-6.57,,,酒店之家(STR)
分档次,经济型酒店RevPAR,,元,周,2024-07-14T00:00:00Z,102.9106,-12.69,,,酒店之家(STR)
分档次,经济型酒店OCC,,%,周,2024-07-21T00:00:00Z,67.9,-4.06,,,酒店之家(STR)
分档次,经济型酒店ADR,,元,周,2024-07-21T00:00:00Z,162.59,-5.59,,,酒店之家(STR)
分档次,经济型酒店RevPAR,,元,周,2024-07-21T00:00:00Z,110.3986,-9.42,,,酒店之家(STR)
分档次,经济型酒店OCC,,%,周,2024-07-28T00:00:00Z,66.17,-5.58,,,酒店之家(STR)
分档次,经济型酒店ADR,,元,周,2024-07-28T00:00:00Z,162.57,-7.33,,,酒店之家(STR)
分档次,经济型酒店RevPAR,,元,周,2024-07-28T00:00:00Z,107.5726,-12.5,,,酒店之家(STR)
分档次,经济型酒店OCC,,%,周,2024-08-04T00:00:00Z,66.92,-5.97,,,酒店之家(STR)
分档次,经济型酒店ADR,,元,周,2024-08-04T00:00:00Z,169.23,-7.68,,,酒店之家(STR)
分档次,经济型酒店RevPAR,,元,周,2024-08-04T00:00:00Z,113.2487,-13.19,,,酒店之家(STR)
分档次,经济型酒店OCC,,%,周,2024-08-11T00:00:00Z,70.67,-1.83,,,酒店之家(STR)
分档次,经济型酒店ADR,,元,周,2024-08-11T00:00:00Z,178.91,-4.74,,,酒店之家(STR)
分档次,经济型酒店RevPAR,,元,周,2024-08-11T00:00:00Z,126.4357,-6.49,,,酒店之家(STR)
分档次,经济型酒店OCC,,%,周,2024-08-18T00:00:00Z,66.19,-6.72,,,酒店之家(STR)
分档次,经济型酒店ADR,,元,周,2024-08-18T00:00:00Z,171.43,-6.03,,,酒店之家(STR)
分档次,经济型酒店RevPAR,,元,周,2024-08-18T00:00:00Z,113.4695,-12.35,,,酒店之家(STR)
分档次,经济型酒店OCC,,%,周,2024-08-25T00:00:00Z,66.7,-0.19,,,酒店之家(STR)
分档次,经济型酒店ADR,,元,周,2024-08-25T00:00:00Z,162.38,-3.11,,,酒店之家(STR)
分档次,经济型酒店RevPAR,,元,周,2024-08-25T00:00:00Z,108.3075,-3.3,,,酒店之家(STR)
分档次,经济型酒店OCC,,%,周,2024-09-01T00:00:00Z,60.21,4.26,,,酒店之家(STR)
分档次,经济型酒店ADR,,元,周,2024-09-01T00:00:00Z,147.4,-0.66,,,酒店之家(STR)
分档次,经济型酒店RevPAR,,元,周,2024-09-01T00:00:00Z,88.7495,3.57,,,酒店之家(STR)
分档次,经济型酒店OCC,,%,周,2024-09-08T00:00:00Z,58.79,-2.37,,,酒店之家(STR)
分档次,经济型酒店ADR,,元,周,2024-09-08T00:00:00Z,140.79,-3.61,,,酒店之家(STR)
分档次,经济型酒店RevPAR,,元,周,2024-09-08T00:00:00Z,82.7704,-5.9,,,酒店之家(STR)
分档次,经济型酒店OCC,,%,周,2024-09-15T00:00:00Z,57.73,-4.78,,,酒店之家(STR)
分档次,经济型酒店ADR,,元,周,2024-09-15T00:00:00Z,140.34,-2.01,,,酒店之家(STR)
分档次,经济型酒店RevPAR,,元,周,2024-09-15T00:00:00Z,81.0183,-6.7,,,酒店之家(STR)
分档次,经济型酒店OCC,,%,周,2024-09-22T00:00:00Z,54.92,-7.15,,,酒店之家(STR)
分档次,经济型酒店ADR,,元,周,2024-09-22T00:00:00Z,137.26,-3.67,,,酒店之家(STR)
分档次,经济型酒店RevPAR,,元,周,2024-09-22T00:00:00Z,75.3832,-10.56,,,酒店之家(STR)
分档次,经济型酒店OCC,,%,周,2024-09-29T00:00:00Z,54.9,-9.2,,,酒店之家(STR)
分档次,经济型酒店ADR,,元,周,2024-09-29T00:00:00Z,133.83,-29.25,,,酒店之家(STR)
分档次,经济型酒店RevPAR,,元,周,2024-09-29T00:00:00Z,73.4727,-35.76,,,酒店之家(STR)
分档次,经济型酒店OCC,,%,周,2024-10-06T00:00:00Z,71.65,18.08,,,酒店之家(STR)
分档次,经济型酒店ADR,,元,周,2024-10-06T00:00:00Z,200.69,9.55,,,酒店之家(STR)
分档次,经济型酒店RevPAR,,元,周,2024-10-06T00:00:00Z,143.7944,29.35,,,酒店之家(STR)
分档次,经济型酒店OCC,,%,周,2024-10-13T00:00:00Z,51.09,-10.4,,,酒店之家(STR)
分档次,经济型酒店ADR,,元,周,2024-10-13T00:00:00Z,129.45,-7.02,,,酒店之家(STR)
分档次,经济型酒店RevPAR,,元,周,2024-10-13T00:00:00Z,66.136,-16.69,,,酒店之家(STR)
分档次,经济型酒店OCC,,%,周,2024-10-20T00:00:00Z,60.89,0.78,,,酒店之家(STR)
分档次,经济型酒店ADR,,元,周,2024-10-20T00:00:00Z,134.97,-4.15,,,酒店之家(STR)
分档次,经济型酒店RevPAR,,元,周,2024-10-20T00:00:00Z,82.1832,-3.4,,,酒店之家(STR)
分档次,经济型酒店OCC,,%,周,2024-10-27T00:00:00Z,58.72,-0.74,,,酒店之家(STR)
分档次,经济型酒店ADR,,元,周,2024-10-27T00:00:00Z,134.8,-4.08,,,酒店之家(STR)
分档次,经济型酒店RevPAR,,元,周,2024-10-27T00:00:00Z,79.1546,-4.8,,,酒店之家(STR)
分档次,经济型酒店OCC,,%,周,2024-11-03T00:00:00Z,56.16,-0.39,,,酒店之家(STR)
分档次,经济型酒店ADR,,元,周,2024-11-03T00:00:00Z,133.14,-2.55,,,酒店之家(STR)
分档次,经济型酒店RevPAR,,元,周,2024-11-03T00:00:00Z,74.7714,-2.93,,,酒店之家(STR)
分档次,经济型酒店OCC,,%,周,2024-11-10T00:00:00Z,56.25,-0.86,,,酒店之家(STR)
分档次,经济型酒店ADR,,元,周,2024-11-10T00:00:00Z,131.87,-2.56,,,酒店之家(STR)
分档次,经济型酒店RevPAR,,元,周,2024-11-10T00:00:00Z,74.1769,-3.41,,,酒店之家(STR)
分档次,经济型酒店OCC,,%,周,2024-11-17T00:00:00Z,57.3,-0.62,,,酒店之家(STR)
分档次,经济型酒店ADR,,元,周,2024-11-17T00:00:00Z,133.1,-1.54,,,酒店之家(STR)
分档次,经济型酒店RevPAR,,元,周,2024-11-17T00:00:00Z,76.2663,-2.15,,,酒店之家(STR)
分档次,经济型酒店OCC,,%,周,2024-11-24T00:00:00Z,57.23,-1.11,,,酒店之家(STR)
分档次,经济型酒店ADR,,元,周,2024-11-24T00:00:00Z,131.48,-3.17,,,酒店之家(STR)
分档次,经济型酒店RevPAR,,元,周,2024-11-24T00:00:00Z,75.246,-4.24,,,酒店之家(STR)
分档次,经济型酒店OCC,,%,周,2024-12-01T00:00:00Z,57.87,2.19,,,酒店之家(STR)
分档次,经济型酒店ADR,,元,周,2024-12-01T00:00:00Z,132.68,-0.93,,,酒店之家(STR)
分档次,经济型酒店RevPAR,,元,周,2024-12-01T00:00:00Z,76.7819,1.24,,,酒店之家(STR)
分档次,经济型酒店OCC,,%,周,2024-12-08T00:00:00Z,57,1.12,,,酒店之家(STR)
分档次,经济型酒店ADR,,元,周,2024-12-08T00:00:00Z,131.67,-1.88,,,酒店之家(STR)
分档次,经济型酒店RevPAR,,元,周,2024-12-08T00:00:00Z,75.0519,-0.78,,,酒店之家(STR)
分档次,经济型酒店OCC,,%,周,2024-12-15T00:00:00Z,55.91,0.88,,,酒店之家(STR)
分档次,经济型酒店ADR,,元,周,2024-12-15T00:00:00Z,129.72,-2.81,,,酒店之家(STR)
分档次,经济型酒店RevPAR,,元,周,2024-12-15T00:00:00Z,72.5265,-1.95,,,酒店之家(STR)
分档次,经济型酒店OCC,,%,周,2024-12-22T00:00:00Z,57.6,-0.31,,,酒店之家(STR)
分档次,经济型酒店ADR,,元,周,2024-12-22T00:00:00Z,134.95,-3.45,,,酒店之家(STR)
分档次,经济型酒店RevPAR,,元,周,2024-12-22T00:00:00Z,77.7312,-3.75,,,酒店之家(STR)
分档次,经济型酒店OCC,,%,周,2024-12-29T00:00:00Z,55.63,-9.71,,,酒店之家(STR)
分档次,经济型酒店ADR,,元,周,2024-12-29T00:00:00Z,132.8,-13.2,,,酒店之家(STR)
分档次,经济型酒店RevPAR,,元,周,2024-12-29T00:00:00Z,73.8766,-21.62,,,酒店之家(STR)
分档次,经济型酒店OCC,,%,周,2025-01-05T00:00:00Z,56.84,6.52,,,酒店之家(STR)
分档次,经济型酒店ADR,,元,周,2025-01-05T00:00:00Z,140.38,4.55,,,酒店之家(STR)
分档次,经济型酒店RevPAR,,元,周,2025-01-05T00:00:00Z,79.792,11.37,,,酒店之家(STR)
分档次,经济型酒店OCC,,%,周,2025-01-12T00:00:00Z,56.25,-1.87,,,酒店之家(STR)
分档次,经济型酒店ADR,,元,周,2025-01-12T00:00:00Z,131.02,-2.71,,,酒店之家(STR)
分档次,经济型酒店RevPAR,,元,周,2025-01-12T00:00:00Z,73.6988,-4.53,,,酒店之家(STR)
分档次,经济型酒店OCC,,%,周,2025-01-19T00:00:00Z,56.86,-3.55,,,酒店之家(STR)
分档次,经济型酒店ADR,,元,周,2025-01-19T00:00:00Z,134.7,-2.05,,,酒店之家(STR)
分档次,经济型酒店RevPAR,,元,周,2025-01-19T00:00:00Z,76.5904,-5.52,,,酒店之家(STR)
分档次,经济型酒店OCC,,%,周,2025-01-26T00:00:00Z,50.58,-14.1,,,酒店之家(STR)
分档次,经济型酒店ADR,,元,周,2025-01-26T00:00:00Z,137.45,-2.67,,,酒店之家(STR)
分档次,经济型酒店RevPAR,,元,周,2025-01-26T00:00:00Z,69.5222,-16.39,,,酒店之家(STR)
分档次,经济型酒店OCC,,%,周,2025-02-02T00:00:00Z,51.91,-5.57,,,酒店之家(STR)
分档次,经济型酒店ADR,,元,周,2025-02-02T00:00:00Z,204.42,43,,,酒店之家(STR)
分档次,经济型酒店RevPAR,,元,周,2025-02-02T00:00:00Z,106.1144,35.04,,,酒店之家(STR)
分档次,经济型酒店OCC,,%,周,2025-02-09T00:00:00Z,56.62,29.03,,,酒店之家(STR)
分档次,经济型酒店ADR,,元,周,2025-02-09T00:00:00Z,149.7,-13.83,,,酒店之家(STR)
分档次,经济型酒店RevPAR,,元,周,2025-02-09T00:00:00Z,84.7601,11.19,,,酒店之家(STR)
分档次,经济型酒店OCC,,%,周,2025-02-16T00:00:00Z,57.1,-10.26,,,酒店之家(STR)
分档次,经济型酒店ADR,,元,周,2025-02-16T00:00:00Z,136.74,-30.17,,,酒店之家(STR)
分档次,经济型酒店RevPAR,,元,周,2025-02-16T00:00:00Z,78.0785,-37.34,,,酒店之家(STR)
分档次,经济型酒店OCC,,%,周,2025-02-23T00:00:00Z,60.67,9.63,,,酒店之家(STR)
分档次,经济型酒店ADR,,元,周,2025-02-23T00:00:00Z,134.15,-5.53,,,酒店之家(STR)
分档次,经济型酒店RevPAR,,元,周,2025-02-23T00:00:00Z,81.3888,3.56,,,酒店之家(STR)
分档次,经济型酒店OCC,,%,周,2025-03-02T00:00:00Z,58.75,-2.46,,,酒店之家(STR)
分档次,经济型酒店ADR,,元,周,2025-03-02T00:00:00Z,132.42,-4.02,,,酒店之家(STR)
分档次,经济型酒店RevPAR,,元,周,2025-03-02T00:00:00Z,77.7967,-6.37,,,酒店之家(STR)
分档次,经济型酒店OCC,,%,周,2025-03-09T00:00:00Z,56.43,-6.29,,,酒店之家(STR)
分档次,经济型酒店ADR,,元,周,2025-03-09T00:00:00Z,131.76,-4.87,,,酒店之家(STR)
分档次,经济型酒店RevPAR,,元,周,2025-03-09T00:00:00Z,74.3522,-10.86,,,酒店之家(STR)
分档次,经济型酒店OCC,,%,周,2025-03-16T00:00:00Z,60.29,2.95,,,酒店之家(STR)
分档次,经济型酒店ADR,,元,周,2025-03-16T00:00:00Z,135.07,-4.46,,,酒店之家(STR)
分档次,经济型酒店RevPAR,,元,周,2025-03-16T00:00:00Z,81.4337,-1.64,,,酒店之家(STR)
分档次,经济型酒店OCC,,%,周,2025-03-23T00:00:00Z,60.31,-0.35,,,酒店之家(STR)
分档次,经济型酒店ADR,,元,周,2025-03-23T00:00:00Z,137.8,-2.3,,,酒店之家(STR)
分档次,经济型酒店RevPAR,,元,周,2025-03-23T00:00:00Z,83.1072,-2.64,,,酒店之家(STR)
分档次,经济型酒店OCC,,%,周,2025-03-30T00:00:00Z,59.52,-1.2,,,酒店之家(STR)
分档次,经济型酒店ADR,,元,周,2025-03-30T00:00:00Z,140.86,-2.44,,,酒店之家(STR)
分档次,经济型酒店RevPAR,,元,周,2025-03-30T00:00:00Z,83.8399,-3.61,,,酒店之家(STR)
分档次,经济型酒店OCC,,%,周,2025-04-06T00:00:00Z,57.87,-1.04,,,酒店之家(STR)
分档次,经济型酒店ADR,,元,周,2025-04-06T00:00:00Z,151.77,-1.28,,,酒店之家(STR)
分档次,经济型酒店RevPAR,,元,周,2025-04-06T00:00:00Z,87.8293,-2.31,,,酒店之家(STR)
分档次,经济型酒店OCC,,%,周,2025-04-13T00:00:00Z,58.96,-5.16,,,酒店之家(STR)
分档次,经济型酒店ADR,,元,周,2025-04-13T00:00:00Z,138.17,-5.45,,,酒店之家(STR)
分档次,经济型酒店RevPAR,,元,周,2025-04-13T00:00:00Z,81.465,-10.33,,,酒店之家(STR)
分档次,经济型酒店OCC,,%,周,2025-04-20T00:00:00Z,63.51,-0.11,,,酒店之家(STR)
分档次,经济型酒店ADR,,元,周,2025-04-20T00:00:00Z,142.81,-1.39,,,酒店之家(STR)
分档次,经济型酒店RevPAR,,元,周,2025-04-20T00:00:00Z,90.6986,-1.5,,,酒店之家(STR)
分档次,经济型酒店OCC,,%,周,2025-04-27T00:00:00Z,59.23,0.58,,,酒店之家(STR)
分档次,经济型酒店ADR,,元,周,2025-04-27T00:00:00Z,137.59,-1.61,,,酒店之家(STR)
分档次,经济型酒店RevPAR,,元,周,2025-04-27T00:00:00Z,81.4946,-1.04,,,酒店之家(STR)
分档次,经济型酒店OCC,,%,周,2025-05-04T00:00:00Z,68.84,4.18,,,酒店之家(STR)
分档次,经济型酒店ADR,,元,周,2025-05-04T00:00:00Z,212.7,4.71,,,酒店之家(STR)
分档次,经济型酒店RevPAR,,元,周,2025-05-04T00:00:00Z,146.4227,9.08,,,酒店之家(STR)
分档次,经济型酒店OCC,,%,周,2025-05-11T00:00:00Z,52.69,-2.77,,,酒店之家(STR)
分档次,经济型酒店ADR,,元,周,2025-05-11T00:00:00Z,134.93,0.88,,,酒店之家(STR)
分档次,经济型酒店RevPAR,,元,周,2025-05-11T00:00:00Z,71.0946,-1.91,,,酒店之家(STR)
分档次,经济型酒店OCC,,%,周,2025-05-18T00:00:00Z,59.55,-2.87,,,酒店之家(STR)
分档次,经济型酒店ADR,,元,周,2025-05-18T00:00:00Z,138.57,-1.37,,,酒店之家(STR)
分档次,经济型酒店RevPAR,,元,周,2025-05-18T00:00:00Z,82.5184,-4.2,,,酒店之家(STR)
分档次,经济型酒店OCC,,%,周,2025-05-25T00:00:00Z,59.2,-0.74,,,酒店之家(STR)
分档次,经济型酒店ADR,,元,周,2025-05-25T00:00:00Z,137.85,-0.41,,,酒店之家(STR)
分档次,经济型酒店RevPAR,,元,周,2025-05-25T00:00:00Z,81.6072,-1.15,,,酒店之家(STR)
分档次,经济型酒店OCC,,%,周,2025-06-01T00:00:00Z,56.8,1.81,,,酒店之家(STR)
分档次,经济型酒店ADR,,元,周,2025-06-01T00:00:00Z,148.77,8.89,,,酒店之家(STR)
分档次,经济型酒店RevPAR,,元,周,2025-06-01T00:00:00Z,84.5014,10.86,,,酒店之家(STR)
分档次,经济型酒店OCC,,%,周,2025-06-08T00:00:00Z,54.61,-8.28,,,酒店之家(STR)
分档次,经济型酒店ADR,,元,周,2025-06-08T00:00:00Z,137.97,-6.17,,,酒店之家(STR)
分档次,经济型酒店RevPAR,,元,周,2025-06-08T00:00:00Z,75.3454,-13.94,,,酒店之家(STR)
分档次,经济型酒店OCC,,%,周,2025-06-15T00:00:00Z,58.64,2.97,,,酒店之家(STR)
分档次,经济型酒店ADR,,元,周,2025-06-15T00:00:00Z,138.16,0.8,,,酒店之家(STR)
分档次,经济型酒店RevPAR,,元,周,2025-06-15T00:00:00Z,81.017,3.79,,,酒店之家(STR)
分档次,经济型酒店OCC,,%,周,2025-06-22T00:00:00Z,61.16,3.63,,,酒店之家(STR)
分档次,经济型酒店ADR,,元,周,2025-06-22T00:00:00Z,141.09,0.92,,,酒店之家(STR)
分档次,经济型酒店RevPAR,,元,周,2025-06-22T00:00:00Z,86.2906,4.57,,,酒店之家(STR)
分档次,经济型酒店OCC,,%,周,2025-06-29T00:00:00Z,60.01,-1.69,,,酒店之家(STR)
分档次,经济型酒店ADR,,元,周,2025-06-29T00:00:00Z,142.41,1.86,,,酒店之家(STR)
分档次,经济型酒店RevPAR,,元,周,2025-06-29T00:00:00Z,85.4602,0.14,,,酒店之家(STR)
分档次,经济型酒店OCC,,%,周,2025-07-06T00:00:00Z,61.38,-1.33,,,酒店之家(STR)
分档次,经济型酒店ADR,,元,周,2025-07-06T00:00:00Z,149,0.88,,,酒店之家(STR)
分档次,经济型酒店RevPAR,,元,周,2025-07-06T00:00:00Z,91.4562,-0.47,,,酒店之家(STR)
分档次,经济型酒店OCC,,%,周,2025-07-13T00:00:00Z,64.95,-1.7,,,酒店之家(STR)
分档次,经济型酒店ADR,,元,周,2025-07-13T00:00:00Z,157.44,1.08,,,酒店之家(STR)
分档次,经济型酒店RevPAR,,元,周,2025-07-13T00:00:00Z,102.2573,-0.63,,,酒店之家(STR)
分档次,经济型酒店OCC,,%,周,2025-07-20T00:00:00Z,67.73,-0.25,,,酒店之家(STR)
分档次,经济型酒店ADR,,元,周,2025-07-20T00:00:00Z,163.26,0.41,,,酒店之家(STR)
分档次,经济型酒店RevPAR,,元,周,2025-07-20T00:00:00Z,110.576,0.16,,,酒店之家(STR)
分档次,经济型酒店OCC,,%,周,2025-07-27T00:00:00Z,65.8,-0.56,,,酒店之家(STR)
分档次,经济型酒店ADR,,元,周,2025-07-27T00:00:00Z,167.57,3.08,,,酒店之家(STR)
分档次,经济型酒店RevPAR,,元,周,2025-07-27T00:00:00Z,110.2611,2.5,,,酒店之家(STR)
分档次,经济型酒店OCC,,%,周,2025-08-03T00:00:00Z,66.69,-0.34,,,酒店之家(STR)
分档次,经济型酒店ADR,,元,周,2025-08-03T00:00:00Z,172.3,1.81,,,酒店之家(STR)
分档次,经济型酒店RevPAR,,元,周,2025-08-03T00:00:00Z,114.9069,1.46,,,酒店之家(STR)
分档次,经济型酒店OCC,,%,周,2025-08-10T00:00:00Z,68.54,-3.01,,,酒店之家(STR)
分档次,经济型酒店ADR,,元,周,2025-08-10T00:00:00Z,185.49,3.68,,,酒店之家(STR)
分档次,经济型酒店RevPAR,,元,周,2025-08-10T00:00:00Z,127.1348,0.55,,,酒店之家(STR)
分档次,经济型酒店OCC,,%,周,2025-08-17T00:00:00Z,68.69,3.78,,,酒店之家(STR)
分档次,经济型酒店ADR,,元,周,2025-08-17T00:00:00Z,182.21,6.29,,,酒店之家(STR)
分档次,经济型酒店RevPAR,,元,周,2025-08-17T00:00:00Z,125.16,10.3,,,酒店之家(STR)
分档次,经济型酒店OCC,,%,周,2025-08-24T00:00:00Z,65.82,-1.32,,,酒店之家(STR)
分档次,经济型酒店ADR,,元,周,2025-08-24T00:00:00Z,169.13,4.16,,,酒店之家(STR)
分档次,经济型酒店RevPAR,,元,周,2025-08-24T00:00:00Z,111.3214,2.78,,,酒店之家(STR)
分档次,经济型酒店OCC,,%,周,2025-08-31T00:00:00Z,61.5,2.14,,,酒店之家(STR)
分档次,经济型酒店ADR,,元,周,2025-08-31T00:00:00Z,151.07,2.49,,,酒店之家(STR)
分档次,经济型酒店RevPAR,,元,周,2025-08-31T00:00:00Z,92.908,4.69,,,酒店之家(STR)
分档次,经济型酒店OCC,,%,周,2025-09-07T00:00:00Z,54.48,-7.33,,,酒店之家(STR)
分档次,经济型酒店ADR,,元,周,2025-09-07T00:00:00Z,140.93,0.1,,,酒店之家(STR)
分档次,经济型酒店RevPAR,,元,周,2025-09-07T00:00:00Z,76.7787,-7.24,,,酒店之家(STR)
分档次,经济型酒店OCC,,%,周,2025-09-14T00:00:00Z,58.81,1.87,,,酒店之家(STR)
分档次,经济型酒店ADR,,元,周,2025-09-14T00:00:00Z,139.86,-0.34,,,酒店之家(STR)
分档次,经济型酒店RevPAR,,元,周,2025-09-14T00:00:00Z,82.2517,1.52,,,酒店之家(STR)
分档次,经济型酒店OCC,,%,周,2025-09-21T00:00:00Z,58.25,6.06,,,酒店之家(STR)
分档次,经济型酒店ADR,,元,周,2025-09-21T00:00:00Z,138.39,0.82,,,酒店之家(STR)
分档次,经济型酒店RevPAR,,元,周,2025-09-21T00:00:00Z,80.6122,6.94,,,酒店之家(STR)
分档次,经济型酒店OCC,,%,周,2025-09-28T00:00:00Z,52.94,-3.57,,,酒店之家(STR)
分档次,经济型酒店ADR,,元,周,2025-09-28T00:00:00Z,134.01,0.13,,,酒店之家(STR)
分档次,经济型酒店RevPAR,,元,周,2025-09-28T00:00:00Z,70.9449,-3.44,,,酒店之家(STR)
分档次,经济型酒店OCC,,%,周,2025-10-05T00:00:00Z,69.31,-3.27,,,酒店之家(STR)
分档次,经济型酒店ADR,,元,周,2025-10-05T00:00:00Z,219.29,9.27,,,酒店之家(STR)
分档次,经济型酒店RevPAR,,元,周,2025-10-05T00:00:00Z,151.9899,5.7,,,酒店之家(STR)
分档次,经济型酒店OCC,,%,周,2025-10-12T00:00:00Z,49.65,-2.82,,,酒店之家(STR)
分档次,经济型酒店ADR,,元,周,2025-10-12T00:00:00Z,138.23,6.78,,,酒店之家(STR)
分档次,经济型酒店RevPAR,,元,周,2025-10-12T00:00:00Z,68.6312,3.77,,,酒店之家(STR)
分档次,经济型酒店OCC,,%,周,2025-10-19T00:00:00Z,58.85,-3.35,,,酒店之家(STR)
分档次,经济型酒店ADR,,元,周,2025-10-19T00:00:00Z,136.35,1.02,,,酒店之家(STR)
分档次,经济型酒店RevPAR,,元,周,2025-10-19T00:00:00Z,80.242,-2.36,,,酒店之家(STR)
分档次,经济型酒店OCC,,%,周,2025-10-26T00:00:00Z,57.7,-1.74,,,酒店之家(STR)
分档次,经济型酒店ADR,,元,周,2025-10-26T00:00:00Z,136.58,1.32,,,酒店之家(STR)
分档次,经济型酒店RevPAR,,元,周,2025-10-26T00:00:00Z,78.8067,-0.44,,,酒店之家(STR)
分档次,经济型酒店OCC,,%,周,2025-11-02T00:00:00Z,56.13,-0.05,,,酒店之家(STR)
分档次,经济型酒店ADR,,元,周,2025-11-02T00:00:00Z,135.27,1.6,,,酒店之家(STR)
分档次,经济型酒店RevPAR,,元,周,2025-11-02T00:00:00Z,75.9271,1.55,,,酒店之家(STR)
分档次,经济型酒店OCC,,%,周,2025-11-09T00:00:00Z,55.2,-1.87,,,酒店之家(STR)
分档次,经济型酒店ADR,,元,周,2025-11-09T00:00:00Z,134.29,1.84,,,酒店之家(STR)
分档次,经济型酒店RevPAR,,元,周,2025-11-09T00:00:00Z,74.1281,-0.07,,,酒店之家(STR)
分档次,经济型酒店OCC,,%,周,2025-11-16T00:00:00Z,56.86,-0.77,,,酒店之家(STR)
分档次,经济型酒店ADR,,元,周,2025-11-16T00:00:00Z,136.82,2.79,,,酒店之家(STR)
分档次,经济型酒店RevPAR,,元,周,2025-11-16T00:00:00Z,77.7959,2.01,,,酒店之家(STR)
分档次,经济型酒店OCC,,%,周,2025-11-23T00:00:00Z,56.03,-2.1,,,酒店之家(STR)
分档次,经济型酒店ADR,,元,周,2025-11-23T00:00:00Z,135.16,2.8,,,酒店之家(STR)
分档次,经济型酒店RevPAR,,元,周,2025-11-23T00:00:00Z,75.7301,0.64,,,酒店之家(STR)
分档次,经济型酒店OCC,,%,周,2025-11-30T00:00:00Z,56.8,-1.85,,,酒店之家(STR)
分档次,经济型酒店ADR,,元,周,2025-11-30T00:00:00Z,135.68,2.26,,,酒店之家(STR)
分档次,经济型酒店RevPAR,,元,周,2025-11-30T00:00:00Z,77.0662,0.37,,,酒店之家(STR)
分档次,经济型酒店OCC,,%,周,2025-12-07T00:00:00Z,55.45,-2.72,,,酒店之家(STR)
分档次,经济型酒店ADR,,元,周,2025-12-07T00:00:00Z,135.05,2.57,,,酒店之家(STR)
分档次,经济型酒店RevPAR,,元,周,2025-12-07T00:00:00Z,74.8852,-0.22,,,酒店之家(STR)
分档次,经济型酒店OCC,,%,周,2025-12-14T00:00:00Z,54.39,-2.72,,,酒店之家(STR)
分档次,经济型酒店ADR,,元,周,2025-12-14T00:00:00Z,131.2,1.14,,,酒店之家(STR)
分档次,经济型酒店RevPAR,,元,周,2025-12-14T00:00:00Z,71.3597,-1.61,,,酒店之家(STR)
分档次,经济型酒店OCC,,%,周,2025-12-21T00:00:00Z,56.55,-1.82,,,酒店之家(STR)
分档次,经济型酒店ADR,,元,周,2025-12-21T00:00:00Z,136,0.78,,,酒店之家(STR)
分档次,经济型酒店RevPAR,,元,周,2025-12-21T00:00:00Z,76.908,-1.06,,,酒店之家(STR)
分档次,经济型酒店OCC,,%,周,2025-12-28T00:00:00Z,54.48,-2.07,,,酒店之家(STR)
分档次,经济型酒店ADR,,元,周,2025-12-28T00:00:00Z,134.03,0.93,,,酒店之家(STR)
分档次,经济型酒店RevPAR,,元,周,2025-12-28T00:00:00Z,73.0195,-1.16,,,酒店之家(STR)
分档次,经济型酒店OCC,,%,周,2026-01-04T00:00:00Z,58.87,3.57,,,酒店之家(STR)
分档次,经济型酒店ADR,,元,周,2026-01-04T00:00:00Z,157.24,12.01,,,酒店之家(STR)
分档次,经济型酒店RevPAR,,元,周,2026-01-04T00:00:00Z,92.5672,16.01,,,酒店之家(STR)
分档次,经济型酒店OCC,,%,周,2026-01-11T00:00:00Z,53.66,-4.6,,,酒店之家(STR)
分档次,经济型酒店ADR,,元,周,2026-01-11T00:00:00Z,129.91,-0.85,,,酒店之家(STR)
分档次,经济型酒店RevPAR,,元,周,2026-01-11T00:00:00Z,69.7097,-5.41,,,酒店之家(STR)
分档次,经济型酒店OCC,,%,周,2026-01-18T00:00:00Z,56.33,-0.93,,,酒店之家(STR)
分档次,经济型酒店ADR,,元,周,2026-01-18T00:00:00Z,131.46,-2.41,,,酒店之家(STR)
分档次,经济型酒店RevPAR,,元,周,2026-01-18T00:00:00Z,74.0514,-3.32,,,酒店之家(STR)
分档次,经济型酒店OCC,,%,周,2026-01-25T00:00:00Z,56.11,10.93,,,酒店之家(STR)
分档次,经济型酒店ADR,,元,周,2026-01-25T00:00:00Z,133.86,-2.61,,,酒店之家(STR)
分档次,经济型酒店RevPAR,,元,周,2026-01-25T00:00:00Z,75.1088,8.04,,,酒店之家(STR)
分档次,经济型酒店OCC,,%,周,2026-02-01T00:00:00Z,56.69,9.21,,,酒店之家(STR)
分档次,经济型酒店ADR,,元,周,2026-02-01T00:00:00Z,136.42,-33.26,,,酒店之家(STR)
分档次,经济型酒店RevPAR,,元,周,2026-02-01T00:00:00Z,77.3365,-27.12,,,酒店之家(STR)
分档次,经济型酒店OCC,,%,周,2026-02-08T00:00:00Z,57.74,1.98,,,酒店之家(STR)
分档次,经济型酒店ADR,,元,周,2026-02-08T00:00:00Z,140.6,-6.08,,,酒店之家(STR)
分档次,经济型酒店RevPAR,,元,周,2026-02-08T00:00:00Z,81.1824,-4.22,,,酒店之家(STR)
分档次,经济型酒店OCC,,%,周,2026-02-15T00:00:00Z,48.93,-14.31,,,酒店之家(STR)
分档次,经济型酒店ADR,,元,周,2026-02-15T00:00:00Z,145.14,6.14,,,酒店之家(STR)
分档次,经济型酒店RevPAR,,元,周,2026-02-15T00:00:00Z,71.017,-9.04,,,酒店之家(STR)
分档次,经济型酒店OCC,,%,周,2026-02-22T00:00:00Z,60.3,-0.61,,,酒店之家(STR)
分档次,经济型酒店ADR,,元,周,2026-02-22T00:00:00Z,229.96,71.42,,,酒店之家(STR)
分档次,经济型酒店RevPAR,,元,周,2026-02-22T00:00:00Z,138.6659,70.37,,,酒店之家(STR)
分档次,经济型酒店OCC,,%,周,2026-03-01T00:00:00Z,56.39,-4.02,,,酒店之家(STR)
分档次,经济型酒店ADR,,元,周,2026-03-01T00:00:00Z,141.63,6.96,,,酒店之家(STR)
分档次,经济型酒店RevPAR,,元,周,2026-03-01T00:00:00Z,79.8652,2.66,,,酒店之家(STR)
分档次,经济型酒店OCC,,%,周,2026-03-08T00:00:00Z,56.27,-0.28,,,酒店之家(STR)
分档次,经济型酒店ADR,,元,周,2026-03-08T00:00:00Z,132.57,0.61,,,酒店之家(STR)
分档次,经济型酒店RevPAR,,元,周,2026-03-08T00:00:00Z,74.5971,0.33,,,酒店之家(STR)
分档次,经济型酒店OCC,,%,周,2026-03-15T00:00:00Z,60.63,0.56,,,酒店之家(STR)
分档次,经济型酒店ADR,,元,周,2026-03-15T00:00:00Z,136.97,1.41,,,酒店之家(STR)
分档次,经济型酒店RevPAR,,元,周,2026-03-15T00:00:00Z,83.0449,1.98,,,酒店之家(STR)
分档次,经济型酒店OCC,,%,周,2026-03-22T00:00:00Z,59.49,-1.36,,,酒店之家(STR)
分档次,经济型酒店ADR,,元,周,2026-03-22T00:00:00Z,138.34,0.39,,,酒店之家(STR)
分档次,经济型酒店RevPAR,,元,周,2026-03-22T00:00:00Z,82.2985,-0.97,,,酒店之家(STR)
分档次,经济型酒店OCC,,%,周,2026-03-29T00:00:00Z,59.86,0.57,,,酒店之家(STR)
分档次,经济型酒店ADR,,元,周,2026-03-29T00:00:00Z,141.23,0.26,,,酒店之家(STR)
分档次,经济型酒店RevPAR,,元,周,2026-03-29T00:00:00Z,84.5403,0.84,,,酒店之家(STR)
分档次,经济型酒店OCC,,%,周,2026-04-05T00:00:00Z,59.36,2.57,,,酒店之家(STR)
分档次,经济型酒店ADR,,元,周,2026-04-05T00:00:00Z,164.05,8.09,,,酒店之家(STR)
分档次,经济型酒店RevPAR,,元,周,2026-04-05T00:00:00Z,97.3801,10.87,,,酒店之家(STR)
分档次,经济型酒店OCC,,%,周,2026-04-12T00:00:00Z,57.14,-3.09,,,酒店之家(STR)
分档次,经济型酒店ADR,,元,周,2026-04-12T00:00:00Z,142.32,3,,,酒店之家(STR)
分档次,经济型酒店RevPAR,,元,周,2026-04-12T00:00:00Z,81.3216,-0.18,,,酒店之家(STR)
分档次,经济型酒店OCC,,%,周,2026-04-19T00:00:00Z,62.88,-0.99,,,酒店之家(STR)
分档次,经济型酒店ADR,,元,周,2026-04-19T00:00:00Z,149.72,4.84,,,酒店之家(STR)
分档次,经济型酒店RevPAR,,元,周,2026-04-19T00:00:00Z,94.1439,3.8,,,酒店之家(STR)
分档次,经济型酒店OCC,,%,周,2026-04-26T00:00:00Z,60.75,2.57,,,酒店之家(STR)
分档次,经济型酒店ADR,,元,周,2026-04-26T00:00:00Z,145.16,5.5,,,酒店之家(STR)
分档次,经济型酒店RevPAR,,元,周,2026-04-26T00:00:00Z,88.1847,8.21,,,酒店之家(STR)
分档次,经济型酒店OCC,,%,周,2026-05-03T00:00:00Z,66.27,-3.73,,,酒店之家(STR)
分档次,经济型酒店ADR,,元,周,2026-05-03T00:00:00Z,217.84,2.42,,,酒店之家(STR)
分档次,经济型酒店RevPAR,,元,周,2026-05-03T00:00:00Z,144.3626,-1.41,,,酒店之家(STR)
分档次,经济型酒店OCC,,%,周,2026-05-10T00:00:00Z,51.48,-2.3,,,酒店之家(STR)
分档次,经济型酒店ADR,,元,周,2026-05-10T00:00:00Z,142.02,5.25,,,酒店之家(STR)
分档次,经济型酒店RevPAR,,元,周,2026-05-10T00:00:00Z,73.1119,2.84,,,酒店之家(STR)
分档次,经济型酒店OCC,,%,周,2026-05-17T00:00:00Z,58.28,-2.13,,,酒店之家(STR)
分档次,经济型酒店ADR,,元,周,2026-05-17T00:00:00Z,140.47,1.37,,,酒店之家(STR)
分档次,经济型酒店RevPAR,,元,周,2026-05-17T00:00:00Z,81.8659,-0.79,,,酒店之家(STR)
分档次,经济型酒店OCC,,%,周,2026-05-24T00:00:00Z,58.7,-0.84,,,酒店之家(STR)
分档次,经济型酒店ADR,,元,周,2026-05-24T00:00:00Z,140.07,1.61,,,酒店之家(STR)
分档次,经济型酒店RevPAR,,元,周,2026-05-24T00:00:00Z,82.2211,0.75,,,酒店之家(STR)
分档次,经济型酒店OCC,,%,周,2026-05-31T00:00:00Z,56.89,0.16,,,酒店之家(STR)
分档次,经济型酒店ADR,,元,周,2026-05-31T00:00:00Z,139.66,-6.12,,,酒店之家(STR)
分档次,经济型酒店RevPAR,,元,周,2026-05-31T00:00:00Z,79.4526,-5.97,,,酒店之家(STR)
分档次,经济型酒店OCC,,%,周,2026-06-07T00:00:00Z,55.59,1.79,,,酒店之家(STR)
分档次,经济型酒店ADR,,元,周,2026-06-07T00:00:00Z,138.98,0.73,,,酒店之家(STR)
分档次,经济型酒店RevPAR,,元,周,2026-06-07T00:00:00Z,77.259,2.54,,,酒店之家(STR)
分档次,经济型酒店OCC,,%,周,2026-06-14T00:00:00Z,57.67,-1.65,,,酒店之家(STR)
分档次,经济型酒店ADR,,元,周,2026-06-14T00:00:00Z,138.99,0.6,,,酒店之家(STR)
分档次,经济型酒店RevPAR,,元,周,2026-06-14T00:00:00Z,80.1555,-1.06,,,酒店之家(STR)
分档次,经济型酒店OCC,,%,周,2026-06-21T00:00:00Z,59.06,-3.43,,,酒店之家(STR)
分档次,经济型酒店ADR,,元,周,2026-06-21T00:00:00Z,148.91,5.54,,,酒店之家(STR)
分档次,经济型酒店RevPAR,,元,周,2026-06-21T00:00:00Z,87.9462,1.92,,,酒店之家(STR)
分档次,经济型酒店OCC,,%,周,2026-06-28T00:00:00Z,57.81,-3.67,,,酒店之家(STR)
分档次,经济型酒店ADR,,元,周,2026-06-28T00:00:00Z,138.97,-2.42,,,酒店之家(STR)
分档次,经济型酒店RevPAR,,元,周,2026-06-28T00:00:00Z,80.3386,-5.99,,,酒店之家(STR)
分档次,经济型酒店OCC,,%,周,2026-07-05T00:00:00Z,58.48,-4.72,,,酒店之家(STR)
分档次,经济型酒店ADR,,元,周,2026-07-05T00:00:00Z,143.53,-3.67,,,酒店之家(STR)
分档次,经济型酒店RevPAR,,元,周,2026-07-05T00:00:00Z,83.9363,-8.22,,,酒店之家(STR)
分档次,经济型酒店OCC,,%,周,2026-07-12T00:00:00Z,63.17,-2.74,,,酒店之家(STR)
分档次,经济型酒店ADR,,元,周,2026-07-12T00:00:00Z,150.27,-4.55,,,酒店之家(STR)
分档次,经济型酒店RevPAR,,元,周,2026-07-12T00:00:00Z,94.9256,-7.17,,,酒店之家(STR)
分档次,经济型酒店OCC,,%,周,2026-07-19T00:00:00Z,65.37,-3.48,,,酒店之家(STR)
分档次,经济型酒店ADR,,元,周,2026-07-19T00:00:00Z,158.53,-2.9,,,酒店之家(STR)
分档次,经济型酒店RevPAR,,元,周,2026-07-19T00:00:00Z,103.6311,-6.28,,,酒店之家(STR)
分档次,经济型酒店OCC,,%,周,2026-07-26T00:00:00Z,66.14,0.52,,,酒店之家(STR)
分档次,经济型酒店ADR,,元,周,2026-07-26T00:00:00Z,164.59,-1.78,,,酒店之家(STR)
分档次,经济型酒店RevPAR,,元,周,2026-07-26T00:00:00Z,108.8598,-1.27,,,酒店之家(STR)
分档次,经济型酒店OCC,,%,周,2026-08-02T00:00:00Z,66.33,-0.54,,,酒店之家(STR)
分档次,经济型酒店ADR,,元,周,2026-08-02T00:00:00Z,170.63,-0.97,,,酒店之家(STR)
分档次,经济型酒店RevPAR,,元,周,2026-08-02T00:00:00Z,113.1789,-1.5,,,酒店之家(STR)
分档次,经济型酒店OCC,,%,周,2026-08-09T00:00:00Z,69.12,0.85,,,酒店之家(STR)
分档次,经济型酒店ADR,,元,周,2026-08-09T00:00:00Z,184.52,-0.52,,,酒店之家(STR)
分档次,经济型酒店RevPAR,,元,周,2026-08-09T00:00:00Z,127.5402,0.32,,,酒店之家(STR)
分档次,经济型酒店OCC,,%,周,2026-08-16T00:00:00Z,68.63,-0.09,,,酒店之家(STR)
分档次,经济型酒店ADR,,元,周,2026-08-16T00:00:00Z,182.28,0.04,,,酒店之家(STR)
分档次,经济型酒店RevPAR,,元,周,2026-08-16T00:00:00Z,125.0988,-0.05,,,酒店之家(STR)
分档次,经济型酒店OCC,,%,周,2026-08-23T00:00:00Z,67.79,2.99,,,酒店之家(STR)
分档次,经济型酒店ADR,,元,周,2026-08-23T00:00:00Z,172.89,2.22,,,酒店之家(STR)
分档次,经济型酒店RevPAR,,元,周,2026-08-23T00:00:00Z,117.2021,5.28,,,酒店之家(STR)
分档次,经济型酒店OCC,,%,周,2026-08-30T00:00:00Z,59.2,-3.74,,,酒店之家(STR)
分档次,经济型酒店ADR,,元,周,2026-08-30T00:00:00Z,152.2,0.75,,,酒店之家(STR)
分档次,经济型酒店RevPAR,,元,周,2026-08-30T00:00:00Z,90.1024,-3.02,,,酒店之家(STR)
分档次,经济型酒店OCC,,%,周,2026-09-06T00:00:00Z,56.73,4.13,,,酒店之家(STR)
分档次,经济型酒店ADR,,元,周,2026-09-06T00:00:00Z,141.82,0.63,,,酒店之家(STR)
分档次,经济型酒店RevPAR,,元,周,2026-09-06T00:00:00Z,80.4545,4.79,,,酒店之家(STR)
分档次,中档型酒店OCC,,%,周,2019-01-06T00:00:00Z,54.69,,,,酒店之家(STR)
分档次,中档型酒店ADR,,元,周,2019-01-06T00:00:00Z,233.77,,,,酒店之家(STR)
分档次,中档型酒店RevPAR,,元,周,2019-01-06T00:00:00Z,127.8488,,,,酒店之家(STR)
分档次,中档型酒店OCC,,%,周,2019-01-13T00:00:00Z,63.46,,,,酒店之家(STR)
分档次,中档型酒店ADR,,元,周,2019-01-13T00:00:00Z,226.74,,,,酒店之家(STR)
分档次,中档型酒店RevPAR,,元,周,2019-01-13T00:00:00Z,143.8892,,,,酒店之家(STR)
分档次,中档型酒店OCC,,%,周,2019-01-20T00:00:00Z,64.67,,,,酒店之家(STR)
分档次,中档型酒店ADR,,元,周,2019-01-20T00:00:00Z,229.08,,,,酒店之家(STR)
分档次,中档型酒店RevPAR,,元,周,2019-01-20T00:00:00Z,148.146,,,,酒店之家(STR)
分档次,中档型酒店OCC,,%,周,2019-01-27T00:00:00Z,62.18,,,,酒店之家(STR)
分档次,中档型酒店ADR,,元,周,2019-01-27T00:00:00Z,228.48,,,,酒店之家(STR)
分档次,中档型酒店RevPAR,,元,周,2019-01-27T00:00:00Z,142.0689,,,,酒店之家(STR)
分档次,中档型酒店OCC,,%,周,2019-02-03T00:00:00Z,48.98,,,,酒店之家(STR)
分档次,中档型酒店ADR,,元,周,2019-02-03T00:00:00Z,227.41,,,,酒店之家(STR)
分档次,中档型酒店RevPAR,,元,周,2019-02-03T00:00:00Z,111.3854,,,,酒店之家(STR)
分档次,中档型酒店OCC,,%,周,2019-02-10T00:00:00Z,63.48,,,,酒店之家(STR)
分档次,中档型酒店ADR,,元,周,2019-02-10T00:00:00Z,322.06,,,,酒店之家(STR)
分档次,中档型酒店RevPAR,,元,周,2019-02-10T00:00:00Z,204.4437,,,,酒店之家(STR)
分档次,中档型酒店OCC,,%,周,2019-02-17T00:00:00Z,63.7,,,,酒店之家(STR)
分档次,中档型酒店ADR,,元,周,2019-02-17T00:00:00Z,238.71,,,,酒店之家(STR)
分档次,中档型酒店RevPAR,,元,周,2019-02-17T00:00:00Z,152.0583,,,,酒店之家(STR)
分档次,中档型酒店OCC,,%,周,2019-02-24T00:00:00Z,61.73,,,,酒店之家(STR)
分档次,中档型酒店ADR,,元,周,2019-02-24T00:00:00Z,225.06,,,,酒店之家(STR)
分档次,中档型酒店RevPAR,,元,周,2019-02-24T00:00:00Z,138.9295,,,,酒店之家(STR)
分档次,中档型酒店OCC,,%,周,2019-03-03T00:00:00Z,63.65,,,,酒店之家(STR)
分档次,中档型酒店ADR,,元,周,2019-03-03T00:00:00Z,227.92,,,,酒店之家(STR)
分档次,中档型酒店RevPAR,,元,周,2019-03-03T00:00:00Z,145.0711,,,,酒店之家(STR)
分档次,中档型酒店OCC,,%,周,2019-03-10T00:00:00Z,63.05,,,,酒店之家(STR)
分档次,中档型酒店ADR,,元,周,2019-03-10T00:00:00Z,230.06,,,,酒店之家(STR)
分档次,中档型酒店RevPAR,,元,周,2019-03-10T00:00:00Z,145.0528,,,,酒店之家(STR)
分档次,中档型酒店OCC,,%,周,2019-03-17T00:00:00Z,63.62,,,,酒店之家(STR)
分档次,中档型酒店ADR,,元,周,2019-03-17T00:00:00Z,233.74,,,,酒店之家(STR)
分档次,中档型酒店RevPAR,,元,周,2019-03-17T00:00:00Z,148.7054,,,,酒店之家(STR)
分档次,中档型酒店OCC,,%,周,2019-03-24T00:00:00Z,64.87,,,,酒店之家(STR)
分档次,中档型酒店ADR,,元,周,2019-03-24T00:00:00Z,237.18,,,,酒店之家(STR)
分档次,中档型酒店RevPAR,,元,周,2019-03-24T00:00:00Z,153.8587,,,,酒店之家(STR)
分档次,中档型酒店OCC,,%,周,2019-03-31T00:00:00Z,63.48,,,,酒店之家(STR)
分档次,中档型酒店ADR,,元,周,2019-03-31T00:00:00Z,233.35,,,,酒店之家(STR)
分档次,中档型酒店RevPAR,,元,周,2019-03-31T00:00:00Z,148.1306,,,,酒店之家(STR)
分档次,中档型酒店OCC,,%,周,2019-04-07T00:00:00Z,61.74,,,,酒店之家(STR)
分档次,中档型酒店ADR,,元,周,2019-04-07T00:00:00Z,246.04,,,,酒店之家(STR)
分档次,中档型酒店RevPAR,,元,周,2019-04-07T00:00:00Z,151.9051,,,,酒店之家(STR)
分档次,中档型酒店OCC,,%,周,2019-04-14T00:00:00Z,65.37,,,,酒店之家(STR)
分档次,中档型酒店ADR,,元,周,2019-04-14T00:00:00Z,237.52,,,,酒店之家(STR)
分档次,中档型酒店RevPAR,,元,周,2019-04-14T00:00:00Z,155.2668,,,,酒店之家(STR)
分档次,中档型酒店OCC,,%,周,2019-04-21T00:00:00Z,69.7,,,,酒店之家(STR)
分档次,中档型酒店ADR,,元,周,2019-04-21T00:00:00Z,243.72,,,,酒店之家(STR)
分档次,中档型酒店RevPAR,,元,周,2019-04-21T00:00:00Z,169.8728,,,,酒店之家(STR)
分档次,中档型酒店OCC,,%,周,2019-04-28T00:00:00Z,66.02,,,,酒店之家(STR)
分档次,中档型酒店ADR,,元,周,2019-04-28T00:00:00Z,239.48,,,,酒店之家(STR)
分档次,中档型酒店RevPAR,,元,周,2019-04-28T00:00:00Z,158.1047,,,,酒店之家(STR)
分档次,中档型酒店OCC,,%,周,2019-05-05T00:00:00Z,69.91,,,,酒店之家(STR)
分档次,中档型酒店ADR,,元,周,2019-05-05T00:00:00Z,286.92,,,,酒店之家(STR)
分档次,中档型酒店RevPAR,,元,周,2019-05-05T00:00:00Z,200.5858,,,,酒店之家(STR)
分档次,中档型酒店OCC,,%,周,2019-05-12T00:00:00Z,61.25,,,,酒店之家(STR)
分档次,中档型酒店ADR,,元,周,2019-05-12T00:00:00Z,233.8,,,,酒店之家(STR)
分档次,中档型酒店RevPAR,,元,周,2019-05-12T00:00:00Z,143.2025,,,,酒店之家(STR)
分档次,中档型酒店OCC,,%,周,2019-05-19T00:00:00Z,66.29,,,,酒店之家(STR)
分档次,中档型酒店ADR,,元,周,2019-05-19T00:00:00Z,237.48,,,,酒店之家(STR)
分档次,中档型酒店RevPAR,,元,周,2019-05-19T00:00:00Z,157.4255,,,,酒店之家(STR)
分档次,中档型酒店OCC,,%,周,2019-05-26T00:00:00Z,66.5,,,,酒店之家(STR)
分档次,中档型酒店ADR,,元,周,2019-05-26T00:00:00Z,236.07,,,,酒店之家(STR)
分档次,中档型酒店RevPAR,,元,周,2019-05-26T00:00:00Z,156.9865,,,,酒店之家(STR)
分档次,中档型酒店OCC,,%,周,2019-06-02T00:00:00Z,59.67,,,,酒店之家(STR)
分档次,中档型酒店ADR,,元,周,2019-06-02T00:00:00Z,230.49,,,,酒店之家(STR)
分档次,中档型酒店RevPAR,,元,周,2019-06-02T00:00:00Z,137.5334,,,,酒店之家(STR)
分档次,中档型酒店OCC,,%,周,2019-06-09T00:00:00Z,59.19,,,,酒店之家(STR)
分档次,中档型酒店ADR,,元,周,2019-06-09T00:00:00Z,241.79,,,,酒店之家(STR)
分档次,中档型酒店RevPAR,,元,周,2019-06-09T00:00:00Z,143.1155,,,,酒店之家(STR)
分档次,中档型酒店OCC,,%,周,2019-06-16T00:00:00Z,63.33,,,,酒店之家(STR)
分档次,中档型酒店ADR,,元,周,2019-06-16T00:00:00Z,232.05,,,,酒店之家(STR)
分档次,中档型酒店RevPAR,,元,周,2019-06-16T00:00:00Z,146.9573,,,,酒店之家(STR)
分档次,中档型酒店OCC,,%,周,2019-06-23T00:00:00Z,66.47,,,,酒店之家(STR)
分档次,中档型酒店ADR,,元,周,2019-06-23T00:00:00Z,233.1,,,,酒店之家(STR)
分档次,中档型酒店RevPAR,,元,周,2019-06-23T00:00:00Z,154.9416,,,,酒店之家(STR)
分档次,中档型酒店OCC,,%,周,2019-06-30T00:00:00Z,65.72,,,,酒店之家(STR)
分档次,中档型酒店ADR,,元,周,2019-06-30T00:00:00Z,234.97,,,,酒店之家(STR)
分档次,中档型酒店RevPAR,,元,周,2019-06-30T00:00:00Z,154.4223,,,,酒店之家(STR)
分档次,中档型酒店OCC,,%,周,2019-07-07T00:00:00Z,65.9,,,,酒店之家(STR)
分档次,中档型酒店ADR,,元,周,2019-07-07T00:00:00Z,243.45,,,,酒店之家(STR)
分档次,中档型酒店RevPAR,,元,周,2019-07-07T00:00:00Z,160.4335,,,,酒店之家(STR)
分档次,中档型酒店OCC,,%,周,2019-07-14T00:00:00Z,70.16,,,,酒店之家(STR)
分档次,中档型酒店ADR,,元,周,2019-07-14T00:00:00Z,250.61,,,,酒店之家(STR)
分档次,中档型酒店RevPAR,,元,周,2019-07-14T00:00:00Z,175.828,,,,酒店之家(STR)
分档次,中档型酒店OCC,,%,周,2019-07-21T00:00:00Z,73.93,,,,酒店之家(STR)
分档次,中档型酒店ADR,,元,周,2019-07-21T00:00:00Z,258.42,,,,酒店之家(STR)
分档次,中档型酒店RevPAR,,元,周,2019-07-21T00:00:00Z,191.0499,,,,酒店之家(STR)
分档次,中档型酒店OCC,,%,周,2019-07-28T00:00:00Z,75.59,,,,酒店之家(STR)
分档次,中档型酒店ADR,,元,周,2019-07-28T00:00:00Z,266.61,,,,酒店之家(STR)
分档次,中档型酒店RevPAR,,元,周,2019-07-28T00:00:00Z,201.5305,,,,酒店之家(STR)
分档次,中档型酒店OCC,,%,周,2019-08-04T00:00:00Z,73.89,,,,酒店之家(STR)
分档次,中档型酒店ADR,,元,周,2019-08-04T00:00:00Z,269.64,,,,酒店之家(STR)
分档次,中档型酒店RevPAR,,元,周,2019-08-04T00:00:00Z,199.237,,,,酒店之家(STR)
分档次,中档型酒店OCC,,%,周,2019-08-11T00:00:00Z,77.3,,,,酒店之家(STR)
分档次,中档型酒店ADR,,元,周,2019-08-11T00:00:00Z,279.89,,,,酒店之家(STR)
分档次,中档型酒店RevPAR,,元,周,2019-08-11T00:00:00Z,216.355,,,,酒店之家(STR)
分档次,中档型酒店OCC,,%,周,2019-08-18T00:00:00Z,74.7,,,,酒店之家(STR)
分档次,中档型酒店ADR,,元,周,2019-08-18T00:00:00Z,279.69,,,,酒店之家(STR)
分档次,中档型酒店RevPAR,,元,周,2019-08-18T00:00:00Z,208.9284,,,,酒店之家(STR)
分档次,中档型酒店OCC,,%,周,2019-08-25T00:00:00Z,72.79,,,,酒店之家(STR)
分档次,中档型酒店ADR,,元,周,2019-08-25T00:00:00Z,272.47,,,,酒店之家(STR)
分档次,中档型酒店RevPAR,,元,周,2019-08-25T00:00:00Z,198.3309,,,,酒店之家(STR)
分档次,中档型酒店OCC,,%,周,2019-09-01T00:00:00Z,63.75,,,,酒店之家(STR)
分档次,中档型酒店ADR,,元,周,2019-09-01T00:00:00Z,245.09,,,,酒店之家(STR)
分档次,中档型酒店RevPAR,,元,周,2019-09-01T00:00:00Z,156.2449,,,,酒店之家(STR)
分档次,中档型酒店OCC,,%,周,2019-09-08T00:00:00Z,63.71,,,,酒店之家(STR)
分档次,中档型酒店ADR,,元,周,2019-09-08T00:00:00Z,234.1,,,,酒店之家(STR)
分档次,中档型酒店RevPAR,,元,周,2019-09-08T00:00:00Z,149.1451,,,,酒店之家(STR)
分档次,中档型酒店OCC,,%,周,2019-09-15T00:00:00Z,56.28,,,,酒店之家(STR)
分档次,中档型酒店ADR,,元,周,2019-09-15T00:00:00Z,234.06,,,,酒店之家(STR)
分档次,中档型酒店RevPAR,,元,周,2019-09-15T00:00:00Z,131.729,,,,酒店之家(STR)
分档次,中档型酒店OCC,,%,周,2019-09-22T00:00:00Z,66.95,,,,酒店之家(STR)
分档次,中档型酒店ADR,,元,周,2019-09-22T00:00:00Z,234.42,,,,酒店之家(STR)
分档次,中档型酒店RevPAR,,元,周,2019-09-22T00:00:00Z,156.9442,,,,酒店之家(STR)
分档次,中档型酒店OCC,,%,周,2019-09-29T00:00:00Z,60.36,,,,酒店之家(STR)
分档次,中档型酒店ADR,,元,周,2019-09-29T00:00:00Z,227.62,,,,酒店之家(STR)
分档次,中档型酒店RevPAR,,元,周,2019-09-29T00:00:00Z,137.3914,,,,酒店之家(STR)
分档次,中档型酒店OCC,,%,周,2019-10-06T00:00:00Z,76.18,,,,酒店之家(STR)
分档次,中档型酒店ADR,,元,周,2019-10-06T00:00:00Z,319.55,,,,酒店之家(STR)
分档次,中档型酒店RevPAR,,元,周,2019-10-06T00:00:00Z,243.4332,,,,酒店之家(STR)
分档次,中档型酒店OCC,,%,周,2019-10-13T00:00:00Z,55.6,,,,酒店之家(STR)
分档次,中档型酒店ADR,,元,周,2019-10-13T00:00:00Z,224.11,,,,酒店之家(STR)
分档次,中档型酒店RevPAR,,元,周,2019-10-13T00:00:00Z,124.6052,,,,酒店之家(STR)
分档次,中档型酒店OCC,,%,周,2019-10-20T00:00:00Z,69.03,,,,酒店之家(STR)
分档次,中档型酒店ADR,,元,周,2019-10-20T00:00:00Z,240.31,,,,酒店之家(STR)
分档次,中档型酒店RevPAR,,元,周,2019-10-20T00:00:00Z,165.886,,,,酒店之家(STR)
分档次,中档型酒店OCC,,%,周,2019-10-27T00:00:00Z,67.88,,,,酒店之家(STR)
分档次,中档型酒店ADR,,元,周,2019-10-27T00:00:00Z,236.53,,,,酒店之家(STR)
分档次,中档型酒店RevPAR,,元,周,2019-10-27T00:00:00Z,160.5566,,,,酒店之家(STR)
分档次,中档型酒店OCC,,%,周,2019-11-03T00:00:00Z,62.72,,,,酒店之家(STR)
分档次,中档型酒店ADR,,元,周,2019-11-03T00:00:00Z,231.32,,,,酒店之家(STR)
分档次,中档型酒店RevPAR,,元,周,2019-11-03T00:00:00Z,145.0839,,,,酒店之家(STR)
分档次,中档型酒店OCC,,%,周,2019-11-10T00:00:00Z,61.78,,,,酒店之家(STR)
分档次,中档型酒店ADR,,元,周,2019-11-10T00:00:00Z,230.96,,,,酒店之家(STR)
分档次,中档型酒店RevPAR,,元,周,2019-11-10T00:00:00Z,142.6871,,,,酒店之家(STR)
分档次,中档型酒店OCC,,%,周,2019-11-17T00:00:00Z,63.16,,,,酒店之家(STR)
分档次,中档型酒店ADR,,元,周,2019-11-17T00:00:00Z,227.49,,,,酒店之家(STR)
分档次,中档型酒店RevPAR,,元,周,2019-11-17T00:00:00Z,143.6827,,,,酒店之家(STR)
分档次,中档型酒店OCC,,%,周,2019-11-24T00:00:00Z,62.4,,,,酒店之家(STR)
分档次,中档型酒店ADR,,元,周,2019-11-24T00:00:00Z,225.03,,,,酒店之家(STR)
分档次,中档型酒店RevPAR,,元,周,2019-11-24T00:00:00Z,140.4187,,,,酒店之家(STR)
分档次,中档型酒店OCC,,%,周,2019-12-01T00:00:00Z,61.54,,,,酒店之家(STR)
分档次,中档型酒店ADR,,元,周,2019-12-01T00:00:00Z,219.94,,,,酒店之家(STR)
分档次,中档型酒店RevPAR,,元,周,2019-12-01T00:00:00Z,135.3511,,,,酒店之家(STR)
分档次,中档型酒店OCC,,%,周,2019-12-08T00:00:00Z,60.68,,,,酒店之家(STR)
分档次,中档型酒店ADR,,元,周,2019-12-08T00:00:00Z,221.6,,,,酒店之家(STR)
分档次,中档型酒店RevPAR,,元,周,2019-12-08T00:00:00Z,134.4669,,,,酒店之家(STR)
分档次,中档型酒店OCC,,%,周,2019-12-15T00:00:00Z,60.52,,,,酒店之家(STR)
分档次,中档型酒店ADR,,元,周,2019-12-15T00:00:00Z,219.74,,,,酒店之家(STR)
分档次,中档型酒店RevPAR,,元,周,2019-12-15T00:00:00Z,132.9866,,,,酒店之家(STR)
分档次,中档型酒店OCC,,%,周,2019-12-22T00:00:00Z,62.36,,,,酒店之家(STR)
分档次,中档型酒店ADR,,元,周,2019-12-22T00:00:00Z,222.71,,,,酒店之家(STR)
分档次,中档型酒店RevPAR,,元,周,2019-12-22T00:00:00Z,138.882,,,,酒店之家(STR)
分档次,中档型酒店OCC,,%,周,2019-12-29T00:00:00Z,59.21,,,,酒店之家(STR)
分档次,中档型酒店ADR,,元,周,2019-12-29T00:00:00Z,219.33,,,,酒店之家(STR)
分档次,中档型酒店RevPAR,,元,周,2019-12-29T00:00:00Z,129.8653,,,,酒店之家(STR)
分档次,中档型酒店OCC,,%,周,2020-01-05T00:00:00Z,50.22,-8.17,,,酒店之家(STR)
分档次,中档型酒店ADR,,元,周,2020-01-05T00:00:00Z,218.86,-6.38,,,酒店之家(STR)
分档次,中档型酒店RevPAR,,元,周,2020-01-05T00:00:00Z,109.9115,-14.03,,,酒店之家(STR)
分档次,中档型酒店OCC,,%,周,2020-01-12T00:00:00Z,65.32,2.93,,,酒店之家(STR)
分档次,中档型酒店ADR,,元,周,2020-01-12T00:00:00Z,218.32,-3.71,,,酒店之家(STR)
分档次,中档型酒店RevPAR,,元,周,2020-01-12T00:00:00Z,142.6066,-0.89,,,酒店之家(STR)
分档次,中档型酒店OCC,,%,周,2020-01-19T00:00:00Z,63.81,-1.33,,,酒店之家(STR)
分档次,中档型酒店ADR,,元,周,2020-01-19T00:00:00Z,219.53,-4.17,,,酒店之家(STR)
分档次,中档型酒店RevPAR,,元,周,2020-01-19T00:00:00Z,140.0821,-5.44,,,酒店之家(STR)
分档次,中档型酒店OCC,,%,周,2020-01-26T00:00:00Z,37.64,-39.47,,,酒店之家(STR)
分档次,中档型酒店ADR,,元,周,2020-01-26T00:00:00Z,225.94,-1.11,,,酒店之家(STR)
分档次,中档型酒店RevPAR,,元,周,2020-01-26T00:00:00Z,85.0438,-40.14,,,酒店之家(STR)
分档次,中档型酒店OCC,,%,周,2020-02-02T00:00:00Z,23.62,-51.78,,,酒店之家(STR)
分档次,中档型酒店ADR,,元,周,2020-02-02T00:00:00Z,211.91,-6.82,,,酒店之家(STR)
分档次,中档型酒店RevPAR,,元,周,2020-02-02T00:00:00Z,50.0531,-55.06,,,酒店之家(STR)
分档次,中档型酒店OCC,,%,周,2020-02-09T00:00:00Z,24.41,-61.55,,,酒店之家(STR)
分档次,中档型酒店ADR,,元,周,2020-02-09T00:00:00Z,208.98,-35.11,,,酒店之家(STR)
分档次,中档型酒店RevPAR,,元,周,2020-02-09T00:00:00Z,51.012,-75.05,,,酒店之家(STR)
分档次,中档型酒店OCC,,%,周,2020-02-16T00:00:00Z,28.25,-55.65,,,酒店之家(STR)
分档次,中档型酒店ADR,,元,周,2020-02-16T00:00:00Z,213.52,-10.55,,,酒店之家(STR)
分档次,中档型酒店RevPAR,,元,周,2020-02-16T00:00:00Z,60.3194,-60.33,,,酒店之家(STR)
分档次,中档型酒店OCC,,%,周,2020-02-23T00:00:00Z,29.46,-52.28,,,酒店之家(STR)
分档次,中档型酒店ADR,,元,周,2020-02-23T00:00:00Z,205.8,-8.56,,,酒店之家(STR)
分档次,中档型酒店RevPAR,,元,周,2020-02-23T00:00:00Z,60.6287,-56.36,,,酒店之家(STR)
分档次,中档型酒店OCC,,%,周,2020-03-01T00:00:00Z,31.2,-50.98,,,酒店之家(STR)
分档次,中档型酒店ADR,,元,周,2020-03-01T00:00:00Z,198.05,-13.11,,,酒店之家(STR)
分档次,中档型酒店RevPAR,,元,周,2020-03-01T00:00:00Z,61.7916,-57.41,,,酒店之家(STR)
分档次,中档型酒店OCC,,%,周,2020-03-08T00:00:00Z,31.82,-49.53,,,酒店之家(STR)
分档次,中档型酒店ADR,,元,周,2020-03-08T00:00:00Z,191.77,-16.64,,,酒店之家(STR)
分档次,中档型酒店RevPAR,,元,周,2020-03-08T00:00:00Z,61.0212,-57.93,,,酒店之家(STR)
分档次,中档型酒店OCC,,%,周,2020-03-15T00:00:00Z,34.68,-45.49,,,酒店之家(STR)
分档次,中档型酒店ADR,,元,周,2020-03-15T00:00:00Z,189.04,-19.12,,,酒店之家(STR)
分档次,中档型酒店RevPAR,,元,周,2020-03-15T00:00:00Z,65.5591,-55.91,,,酒店之家(STR)
分档次,中档型酒店OCC,,%,周,2020-03-22T00:00:00Z,37.53,-42.15,,,酒店之家(STR)
分档次,中档型酒店ADR,,元,周,2020-03-22T00:00:00Z,185.66,-21.72,,,酒店之家(STR)
分档次,中档型酒店RevPAR,,元,周,2020-03-22T00:00:00Z,69.6782,-54.71,,,酒店之家(STR)
分档次,中档型酒店OCC,,%,周,2020-03-29T00:00:00Z,41.52,-34.59,,,酒店之家(STR)
分档次,中档型酒店ADR,,元,周,2020-03-29T00:00:00Z,182.6,-21.75,,,酒店之家(STR)
分档次,中档型酒店RevPAR,,元,周,2020-03-29T00:00:00Z,75.8155,-48.82,,,酒店之家(STR)
分档次,中档型酒店OCC,,%,周,2020-04-05T00:00:00Z,41.78,-32.33,,,酒店之家(STR)
分档次,中档型酒店ADR,,元,周,2020-04-05T00:00:00Z,183.51,-25.41,,,酒店之家(STR)
分档次,中档型酒店RevPAR,,元,周,2020-04-05T00:00:00Z,76.6705,-49.53,,,酒店之家(STR)
分档次,中档型酒店OCC,,%,周,2020-04-12T00:00:00Z,43.62,-33.27,,,酒店之家(STR)
分档次,中档型酒店ADR,,元,周,2020-04-12T00:00:00Z,182.1,-23.33,,,酒店之家(STR)
分档次,中档型酒店RevPAR,,元,周,2020-04-12T00:00:00Z,79.432,-48.84,,,酒店之家(STR)
分档次,中档型酒店OCC,,%,周,2020-04-19T00:00:00Z,47.79,-31.43,,,酒店之家(STR)
分档次,中档型酒店ADR,,元,周,2020-04-19T00:00:00Z,183.76,-24.6,,,酒店之家(STR)
分档次,中档型酒店RevPAR,,元,周,2020-04-19T00:00:00Z,87.8189,-48.3,,,酒店之家(STR)
分档次,中档型酒店OCC,,%,周,2020-04-26T00:00:00Z,49.74,-24.66,,,酒店之家(STR)
分档次,中档型酒店ADR,,元,周,2020-04-26T00:00:00Z,184.15,-23.1,,,酒店之家(STR)
分档次,中档型酒店RevPAR,,元,周,2020-04-26T00:00:00Z,91.5962,-42.07,,,酒店之家(STR)
分档次,中档型酒店OCC,,%,周,2020-05-03T00:00:00Z,53.54,-23.42,,,酒店之家(STR)
分档次,中档型酒店ADR,,元,周,2020-05-03T00:00:00Z,204.15,-28.85,,,酒店之家(STR)
分档次,中档型酒店RevPAR,,元,周,2020-05-03T00:00:00Z,109.3019,-45.51,,,酒店之家(STR)
分档次,中档型酒店OCC,,%,周,2020-05-10T00:00:00Z,45.82,-25.19,,,酒店之家(STR)
分档次,中档型酒店ADR,,元,周,2020-05-10T00:00:00Z,186.35,-20.3,,,酒店之家(STR)
分档次,中档型酒店RevPAR,,元,周,2020-05-10T00:00:00Z,85.3856,-40.37,,,酒店之家(STR)
分档次,中档型酒店OCC,,%,周,2020-05-17T00:00:00Z,53.71,-18.98,,,酒店之家(STR)
分档次,中档型酒店ADR,,元,周,2020-05-17T00:00:00Z,189.36,-20.26,,,酒店之家(STR)
分档次,中档型酒店RevPAR,,元,周,2020-05-17T00:00:00Z,101.7053,-35.39,,,酒店之家(STR)
分档次,中档型酒店OCC,,%,周,2020-05-24T00:00:00Z,55.18,-17.02,,,酒店之家(STR)
分档次,中档型酒店ADR,,元,周,2020-05-24T00:00:00Z,191.34,-18.95,,,酒店之家(STR)
分档次,中档型酒店RevPAR,,元,周,2020-05-24T00:00:00Z,105.5814,-32.74,,,酒店之家(STR)
分档次,中档型酒店OCC,,%,周,2020-05-31T00:00:00Z,54.25,-9.08,,,酒店之家(STR)
分档次,中档型酒店ADR,,元,周,2020-05-31T00:00:00Z,191.96,-16.72,,,酒店之家(STR)
分档次,中档型酒店RevPAR,,元,周,2020-05-31T00:00:00Z,104.1383,-24.28,,,酒店之家(STR)
分档次,中档型酒店OCC,,%,周,2020-06-07T00:00:00Z,55.06,-6.98,,,酒店之家(STR)
分档次,中档型酒店ADR,,元,周,2020-06-07T00:00:00Z,194,-19.77,,,酒店之家(STR)
分档次,中档型酒店RevPAR,,元,周,2020-06-07T00:00:00Z,106.8164,-25.36,,,酒店之家(STR)
分档次,中档型酒店OCC,,%,周,2020-06-14T00:00:00Z,58.65,-7.39,,,酒店之家(STR)
分档次,中档型酒店ADR,,元,周,2020-06-14T00:00:00Z,196.48,-15.33,,,酒店之家(STR)
分档次,中档型酒店RevPAR,,元,周,2020-06-14T00:00:00Z,115.2355,-21.59,,,酒店之家(STR)
分档次,中档型酒店OCC,,%,周,2020-06-21T00:00:00Z,55.7,-16.2,,,酒店之家(STR)
分档次,中档型酒店ADR,,元,周,2020-06-21T00:00:00Z,193.46,-17.01,,,酒店之家(STR)
分档次,中档型酒店RevPAR,,元,周,2020-06-21T00:00:00Z,107.7572,-30.45,,,酒店之家(STR)
分档次,中档型酒店OCC,,%,周,2020-06-28T00:00:00Z,51.41,-21.77,,,酒店之家(STR)
分档次,中档型酒店ADR,,元,周,2020-06-28T00:00:00Z,197.39,-15.99,,,酒店之家(STR)
分档次,中档型酒店RevPAR,,元,周,2020-06-28T00:00:00Z,101.4782,-34.29,,,酒店之家(STR)
分档次,中档型酒店OCC,,%,周,2020-07-05T00:00:00Z,55.04,-16.48,,,酒店之家(STR)
分档次,中档型酒店ADR,,元,周,2020-07-05T00:00:00Z,194.17,-20.24,,,酒店之家(STR)
分档次,中档型酒店RevPAR,,元,周,2020-07-05T00:00:00Z,106.8712,-33.39,,,酒店之家(STR)
分档次,中档型酒店OCC,,%,周,2020-07-12T00:00:00Z,63.14,-10.01,,,酒店之家(STR)
分档次,中档型酒店ADR,,元,周,2020-07-12T00:00:00Z,204.03,-18.59,,,酒店之家(STR)
分档次,中档型酒店RevPAR,,元,周,2020-07-12T00:00:00Z,128.8245,-26.73,,,酒店之家(STR)
分档次,中档型酒店OCC,,%,周,2020-07-19T00:00:00Z,65.05,-12.01,,,酒店之家(STR)
分档次,中档型酒店ADR,,元,周,2020-07-19T00:00:00Z,208.6,-19.28,,,酒店之家(STR)
分档次,中档型酒店RevPAR,,元,周,2020-07-19T00:00:00Z,135.6943,-28.97,,,酒店之家(STR)
分档次,中档型酒店OCC,,%,周,2020-07-26T00:00:00Z,68.12,-9.88,,,酒店之家(STR)
分档次,中档型酒店ADR,,元,周,2020-07-26T00:00:00Z,214.95,-19.38,,,酒店之家(STR)
分档次,中档型酒店RevPAR,,元,周,2020-07-26T00:00:00Z,146.4239,-27.34,,,酒店之家(STR)
分档次,中档型酒店OCC,,%,周,2020-08-02T00:00:00Z,68.64,-7.11,,,酒店之家(STR)
分档次,中档型酒店ADR,,元,周,2020-08-02T00:00:00Z,220.17,-18.35,,,酒店之家(STR)
分档次,中档型酒店RevPAR,,元,周,2020-08-02T00:00:00Z,151.1247,-24.15,,,酒店之家(STR)
分档次,中档型酒店OCC,,%,周,2020-08-09T00:00:00Z,70.33,-9.02,,,酒店之家(STR)
分档次,中档型酒店ADR,,元,周,2020-08-09T00:00:00Z,230.4,-17.68,,,酒店之家(STR)
分档次,中档型酒店RevPAR,,元,周,2020-08-09T00:00:00Z,162.0403,-25.1,,,酒店之家(STR)
分档次,中档型酒店OCC,,%,周,2020-08-16T00:00:00Z,71.65,-4.08,,,酒店之家(STR)
分档次,中档型酒店ADR,,元,周,2020-08-16T00:00:00Z,235.96,-15.64,,,酒店之家(STR)
分档次,中档型酒店RevPAR,,元,周,2020-08-16T00:00:00Z,169.0653,-19.08,,,酒店之家(STR)
分档次,中档型酒店OCC,,%,周,2020-08-23T00:00:00Z,72.08,-0.98,,,酒店之家(STR)
分档次,中档型酒店ADR,,元,周,2020-08-23T00:00:00Z,233.83,-14.18,,,酒店之家(STR)
分档次,中档型酒店RevPAR,,元,周,2020-08-23T00:00:00Z,168.5447,-15.02,,,酒店之家(STR)
分档次,中档型酒店OCC,,%,周,2020-08-30T00:00:00Z,63.12,-0.99,,,酒店之家(STR)
分档次,中档型酒店ADR,,元,周,2020-08-30T00:00:00Z,224.64,-8.34,,,酒店之家(STR)
分档次,中档型酒店RevPAR,,元,周,2020-08-30T00:00:00Z,141.7928,-9.25,,,酒店之家(STR)
分档次,中档型酒店OCC,,%,周,2020-09-06T00:00:00Z,61.05,-4.18,,,酒店之家(STR)
分档次,中档型酒店ADR,,元,周,2020-09-06T00:00:00Z,214.88,-8.21,,,酒店之家(STR)
分档次,中档型酒店RevPAR,,元,周,2020-09-06T00:00:00Z,131.1842,-12.04,,,酒店之家(STR)
分档次,中档型酒店OCC,,%,周,2020-09-13T00:00:00Z,67.4,19.76,,,酒店之家(STR)
分档次,中档型酒店ADR,,元,周,2020-09-13T00:00:00Z,220.89,-5.63,,,酒店之家(STR)
分档次,中档型酒店RevPAR,,元,周,2020-09-13T00:00:00Z,148.8799,13.02,,,酒店之家(STR)
分档次,中档型酒店OCC,,%,周,2020-09-20T00:00:00Z,68.8,2.76,,,酒店之家(STR)
分档次,中档型酒店ADR,,元,周,2020-09-20T00:00:00Z,224.14,-4.39,,,酒店之家(STR)
分档次,中档型酒店RevPAR,,元,周,2020-09-20T00:00:00Z,154.2083,-1.74,,,酒店之家(STR)
分档次,中档型酒店OCC,,%,周,2020-09-27T00:00:00Z,65.6,8.68,,,酒店之家(STR)
分档次,中档型酒店ADR,,元,周,2020-09-27T00:00:00Z,220.06,-3.32,,,酒店之家(STR)
分档次,中档型酒店RevPAR,,元,周,2020-09-27T00:00:00Z,144.3594,5.07,,,酒店之家(STR)
分档次,中档型酒店OCC,,%,周,2020-10-04T00:00:00Z,71.22,-6.51,,,酒店之家(STR)
分档次,中档型酒店ADR,,元,周,2020-10-04T00:00:00Z,292.89,-8.34,,,酒店之家(STR)
分档次,中档型酒店RevPAR,,元,周,2020-10-04T00:00:00Z,208.5963,-14.31,,,酒店之家(STR)
分档次,中档型酒店OCC,,%,周,2020-10-11T00:00:00Z,61.98,11.47,,,酒店之家(STR)
分档次,中档型酒店ADR,,元,周,2020-10-11T00:00:00Z,245.37,9.49,,,酒店之家(STR)
分档次,中档型酒店RevPAR,,元,周,2020-10-11T00:00:00Z,152.0803,22.05,,,酒店之家(STR)
分档次,中档型酒店OCC,,%,周,2020-10-18T00:00:00Z,66.87,-3.13,,,酒店之家(STR)
分档次,中档型酒店ADR,,元,周,2020-10-18T00:00:00Z,222.73,-7.32,,,酒店之家(STR)
分档次,中档型酒店RevPAR,,元,周,2020-10-18T00:00:00Z,148.9396,-10.22,,,酒店之家(STR)
分档次,中档型酒店OCC,,%,周,2020-10-25T00:00:00Z,66.92,-1.41,,,酒店之家(STR)
分档次,中档型酒店ADR,,元,周,2020-10-25T00:00:00Z,224.45,-5.11,,,酒店之家(STR)
分档次,中档型酒店RevPAR,,元,周,2020-10-25T00:00:00Z,150.2019,-6.45,,,酒店之家(STR)
分档次,中档型酒店OCC,,%,周,2020-11-01T00:00:00Z,65.73,4.8,,,酒店之家(STR)
分档次,中档型酒店ADR,,元,周,2020-11-01T00:00:00Z,222.55,-3.79,,,酒店之家(STR)
分档次,中档型酒店RevPAR,,元,周,2020-11-01T00:00:00Z,146.2821,0.83,,,酒店之家(STR)
分档次,中档型酒店OCC,,%,周,2020-11-08T00:00:00Z,63.37,2.57,,,酒店之家(STR)
分档次,中档型酒店ADR,,元,周,2020-11-08T00:00:00Z,222.73,-3.56,,,酒店之家(STR)
分档次,中档型酒店RevPAR,,元,周,2020-11-08T00:00:00Z,141.144,-1.08,,,酒店之家(STR)
分档次,中档型酒店OCC,,%,周,2020-11-15T00:00:00Z,63.57,0.65,,,酒店之家(STR)
分档次,中档型酒店ADR,,元,周,2020-11-15T00:00:00Z,219.57,-3.48,,,酒店之家(STR)
分档次,中档型酒店RevPAR,,元,周,2020-11-15T00:00:00Z,139.5806,-2.85,,,酒店之家(STR)
分档次,中档型酒店OCC,,%,周,2020-11-22T00:00:00Z,64.18,2.85,,,酒店之家(STR)
分档次,中档型酒店ADR,,元,周,2020-11-22T00:00:00Z,217,-3.57,,,酒店之家(STR)
分档次,中档型酒店RevPAR,,元,周,2020-11-22T00:00:00Z,139.2706,-0.82,,,酒店之家(STR)
分档次,中档型酒店OCC,,%,周,2020-11-29T00:00:00Z,63.73,3.56,,,酒店之家(STR)
分档次,中档型酒店ADR,,元,周,2020-11-29T00:00:00Z,216.78,-1.44,,,酒店之家(STR)
分档次,中档型酒店RevPAR,,元,周,2020-11-29T00:00:00Z,138.1539,2.07,,,酒店之家(STR)
分档次,中档型酒店OCC,,%,周,2020-12-06T00:00:00Z,61.87,1.96,,,酒店之家(STR)
分档次,中档型酒店ADR,,元,周,2020-12-06T00:00:00Z,213.43,-3.69,,,酒店之家(STR)
分档次,中档型酒店RevPAR,,元,周,2020-12-06T00:00:00Z,132.0491,-1.8,,,酒店之家(STR)
分档次,中档型酒店OCC,,%,周,2020-12-13T00:00:00Z,61.89,2.26,,,酒店之家(STR)
分档次,中档型酒店ADR,,元,周,2020-12-13T00:00:00Z,212.63,-3.24,,,酒店之家(STR)
分档次,中档型酒店RevPAR,,元,周,2020-12-13T00:00:00Z,131.5967,-1.05,,,酒店之家(STR)
分档次,中档型酒店OCC,,%,周,2020-12-20T00:00:00Z,62.94,0.93,,,酒店之家(STR)
分档次,中档型酒店ADR,,元,周,2020-12-20T00:00:00Z,212.85,-4.43,,,酒店之家(STR)
分档次,中档型酒店RevPAR,,元,周,2020-12-20T00:00:00Z,133.9678,-3.54,,,酒店之家(STR)
分档次,中档型酒店OCC,,%,周,2020-12-27T00:00:00Z,63.76,7.68,,,酒店之家(STR)
分档次,中档型酒店ADR,,元,周,2020-12-27T00:00:00Z,216.49,-1.29,,,酒店之家(STR)
分档次,中档型酒店RevPAR,,元,周,2020-12-27T00:00:00Z,138.034,6.29,,,酒店之家(STR)
分档次,中档型酒店OCC,,%,周,2021-01-03T00:00:00Z,56.52,12.54,,,酒店之家(STR)
分档次,中档型酒店ADR,,元,周,2021-01-03T00:00:00Z,219.69,0.38,,,酒店之家(STR)
分档次,中档型酒店RevPAR,,元,周,2021-01-03T00:00:00Z,124.1688,12.97,,,酒店之家(STR)
分档次,中档型酒店OCC,,%,周,2021-01-10T00:00:00Z,51.59,-21.02,,,酒店之家(STR)
分档次,中档型酒店ADR,,元,周,2021-01-10T00:00:00Z,201.17,-7.86,,,酒店之家(STR)
分档次,中档型酒店RevPAR,,元,周,2021-01-10T00:00:00Z,103.7836,-27.22,,,酒店之家(STR)
分档次,中档型酒店OCC,,%,周,2021-01-17T00:00:00Z,51.32,-19.57,,,酒店之家(STR)
分档次,中档型酒店ADR,,元,周,2021-01-17T00:00:00Z,199.8,-8.99,,,酒店之家(STR)
分档次,中档型酒店RevPAR,,元,周,2021-01-17T00:00:00Z,102.5374,-26.8,,,酒店之家(STR)
分档次,中档型酒店OCC,,%,周,2021-01-24T00:00:00Z,49.15,30.58,,,酒店之家(STR)
分档次,中档型酒店ADR,,元,周,2021-01-24T00:00:00Z,196.65,-12.96,,,酒店之家(STR)
分档次,中档型酒店RevPAR,,元,周,2021-01-24T00:00:00Z,96.6535,13.65,,,酒店之家(STR)
分档次,中档型酒店OCC,,%,周,2021-01-31T00:00:00Z,44.77,89.54,,,酒店之家(STR)
分档次,中档型酒店ADR,,元,周,2021-01-31T00:00:00Z,191.6,-9.58,,,酒店之家(STR)
分档次,中档型酒店RevPAR,,元,周,2021-01-31T00:00:00Z,85.7793,71.38,,,酒店之家(STR)
分档次,中档型酒店OCC,,%,周,2021-02-07T00:00:00Z,40.85,67.35,,,酒店之家(STR)
分档次,中档型酒店ADR,,元,周,2021-02-07T00:00:00Z,190.08,-9.04,,,酒店之家(STR)
分档次,中档型酒店RevPAR,,元,周,2021-02-07T00:00:00Z,77.6477,52.21,,,酒店之家(STR)
分档次,中档型酒店OCC,,%,周,2021-02-14T00:00:00Z,31.36,11.01,,,酒店之家(STR)
分档次,中档型酒店ADR,,元,周,2021-02-14T00:00:00Z,212.6,-0.43,,,酒店之家(STR)
分档次,中档型酒店RevPAR,,元,周,2021-02-14T00:00:00Z,66.6714,10.53,,,酒店之家(STR)
分档次,中档型酒店OCC,,%,周,2021-02-21T00:00:00Z,44.8,52.07,,,酒店之家(STR)
分档次,中档型酒店ADR,,元,周,2021-02-21T00:00:00Z,205.94,0.07,,,酒店之家(STR)
分档次,中档型酒店RevPAR,,元,周,2021-02-21T00:00:00Z,92.2611,52.17,,,酒店之家(STR)
分档次,中档型酒店OCC,,%,周,2021-02-28T00:00:00Z,50.94,63.27,,,酒店之家(STR)
分档次,中档型酒店ADR,,元,周,2021-02-28T00:00:00Z,198.15,0.05,,,酒店之家(STR)
分档次,中档型酒店RevPAR,,元,周,2021-02-28T00:00:00Z,100.9376,63.35,,,酒店之家(STR)
分档次,中档型酒店OCC,,%,周,2021-03-07T00:00:00Z,58.33,83.31,,,酒店之家(STR)
分档次,中档型酒店ADR,,元,周,2021-03-07T00:00:00Z,208.4,8.67,,,酒店之家(STR)
分档次,中档型酒店RevPAR,,元,周,2021-03-07T00:00:00Z,121.5597,99.21,,,酒店之家(STR)
分档次,中档型酒店OCC,,%,周,2021-03-14T00:00:00Z,61.75,78.06,,,酒店之家(STR)
分档次,中档型酒店ADR,,元,周,2021-03-14T00:00:00Z,217.28,14.94,,,酒店之家(STR)
分档次,中档型酒店RevPAR,,元,周,2021-03-14T00:00:00Z,134.1704,104.66,,,酒店之家(STR)
分档次,中档型酒店OCC,,%,周,2021-03-21T00:00:00Z,63.45,69.06,,,酒店之家(STR)
分档次,中档型酒店ADR,,元,周,2021-03-21T00:00:00Z,224.54,20.94,,,酒店之家(STR)
分档次,中档型酒店RevPAR,,元,周,2021-03-21T00:00:00Z,142.4706,104.47,,,酒店之家(STR)
分档次,中档型酒店OCC,,%,周,2021-03-28T00:00:00Z,65.06,56.7,,,酒店之家(STR)
分档次,中档型酒店ADR,,元,周,2021-03-28T00:00:00Z,231.08,26.55,,,酒店之家(STR)
分档次,中档型酒店RevPAR,,元,周,2021-03-28T00:00:00Z,150.3406,98.3,,,酒店之家(STR)
分档次,中档型酒店OCC,,%,周,2021-04-04T00:00:00Z,61.29,46.7,,,酒店之家(STR)
分档次,中档型酒店ADR,,元,周,2021-04-04T00:00:00Z,241.78,31.75,,,酒店之家(STR)
分档次,中档型酒店RevPAR,,元,周,2021-04-04T00:00:00Z,148.187,93.28,,,酒店之家(STR)
分档次,中档型酒店OCC,,%,周,2021-04-11T00:00:00Z,60.79,39.36,,,酒店之家(STR)
分档次,中档型酒店ADR,,元,周,2021-04-11T00:00:00Z,229.03,25.77,,,酒店之家(STR)
分档次,中档型酒店RevPAR,,元,周,2021-04-11T00:00:00Z,139.2273,75.28,,,酒店之家(STR)
分档次,中档型酒店OCC,,%,周,2021-04-18T00:00:00Z,67.57,41.39,,,酒店之家(STR)
分档次,中档型酒店ADR,,元,周,2021-04-18T00:00:00Z,239.07,30.1,,,酒店之家(STR)
分档次,中档型酒店RevPAR,,元,周,2021-04-18T00:00:00Z,161.5396,83.95,,,酒店之家(STR)
分档次,中档型酒店OCC,,%,周,2021-04-25T00:00:00Z,66.2,33.09,,,酒店之家(STR)
分档次,中档型酒店ADR,,元,周,2021-04-25T00:00:00Z,236.43,28.39,,,酒店之家(STR)
分档次,中档型酒店RevPAR,,元,周,2021-04-25T00:00:00Z,156.5167,70.88,,,酒店之家(STR)
分档次,中档型酒店OCC,,%,周,2021-05-02T00:00:00Z,63.97,19.48,,,酒店之家(STR)
分档次,中档型酒店ADR,,元,周,2021-05-02T00:00:00Z,299.34,46.63,,,酒店之家(STR)
分档次,中档型酒店RevPAR,,元,周,2021-05-02T00:00:00Z,191.4878,75.19,,,酒店之家(STR)
分档次,中档型酒店OCC,,%,周,2021-05-09T00:00:00Z,60.3,31.6,,,酒店之家(STR)
分档次,中档型酒店ADR,,元,周,2021-05-09T00:00:00Z,261.3,40.22,,,酒店之家(STR)
分档次,中档型酒店RevPAR,,元,周,2021-05-09T00:00:00Z,157.5639,84.53,,,酒店之家(STR)
分档次,中档型酒店OCC,,%,周,2021-05-16T00:00:00Z,68.21,27,,,酒店之家(STR)
分档次,中档型酒店ADR,,元,周,2021-05-16T00:00:00Z,238.24,25.81,,,酒店之家(STR)
分档次,中档型酒店RevPAR,,元,周,2021-05-16T00:00:00Z,162.5035,59.78,,,酒店之家(STR)
分档次,中档型酒店OCC,,%,周,2021-05-23T00:00:00Z,68.04,23.31,,,酒店之家(STR)
分档次,中档型酒店ADR,,元,周,2021-05-23T00:00:00Z,236.99,23.86,,,酒店之家(STR)
分档次,中档型酒店RevPAR,,元,周,2021-05-23T00:00:00Z,161.248,52.72,,,酒店之家(STR)
分档次,中档型酒店OCC,,%,周,2021-05-30T00:00:00Z,63.5,17.05,,,酒店之家(STR)
分档次,中档型酒店ADR,,元,周,2021-05-30T00:00:00Z,229,19.3,,,酒店之家(STR)
分档次,中档型酒店RevPAR,,元,周,2021-05-30T00:00:00Z,145.415,39.64,,,酒店之家(STR)
分档次,中档型酒店OCC,,%,周,2021-06-06T00:00:00Z,58.63,6.48,,,酒店之家(STR)
分档次,中档型酒店ADR,,元,周,2021-06-06T00:00:00Z,223.12,15.01,,,酒店之家(STR)
分档次,中档型酒店RevPAR,,元,周,2021-06-06T00:00:00Z,130.8153,22.47,,,酒店之家(STR)
分档次,中档型酒店OCC,,%,周,2021-06-13T00:00:00Z,61.41,4.71,,,酒店之家(STR)
分档次,中档型酒店ADR,,元,周,2021-06-13T00:00:00Z,232.86,18.52,,,酒店之家(STR)
分档次,中档型酒店RevPAR,,元,周,2021-06-13T00:00:00Z,142.9993,24.09,,,酒店之家(STR)
分档次,中档型酒店OCC,,%,周,2021-06-20T00:00:00Z,59.43,6.7,,,酒店之家(STR)
分档次,中档型酒店ADR,,元,周,2021-06-20T00:00:00Z,222.22,14.87,,,酒店之家(STR)
分档次,中档型酒店RevPAR,,元,周,2021-06-20T00:00:00Z,132.0653,22.56,,,酒店之家(STR)
分档次,中档型酒店OCC,,%,周,2021-06-27T00:00:00Z,63.28,23.09,,,酒店之家(STR)
分档次,中档型酒店ADR,,元,周,2021-06-27T00:00:00Z,225.07,14.02,,,酒店之家(STR)
分档次,中档型酒店RevPAR,,元,周,2021-06-27T00:00:00Z,142.4243,40.35,,,酒店之家(STR)
分档次,中档型酒店OCC,,%,周,2021-07-04T00:00:00Z,61.23,11.25,,,酒店之家(STR)
分档次,中档型酒店ADR,,元,周,2021-07-04T00:00:00Z,230.11,18.51,,,酒店之家(STR)
分档次,中档型酒店RevPAR,,元,周,2021-07-04T00:00:00Z,140.8964,31.84,,,酒店之家(STR)
分档次,中档型酒店OCC,,%,周,2021-07-11T00:00:00Z,68.89,9.11,,,酒店之家(STR)
分档次,中档型酒店ADR,,元,周,2021-07-11T00:00:00Z,244.31,19.74,,,酒店之家(STR)
分档次,中档型酒店RevPAR,,元,周,2021-07-11T00:00:00Z,168.3052,30.65,,,酒店之家(STR)
分档次,中档型酒店OCC,,%,周,2021-07-18T00:00:00Z,73.19,12.51,,,酒店之家(STR)
分档次,中档型酒店ADR,,元,周,2021-07-18T00:00:00Z,256.75,23.08,,,酒店之家(STR)
分档次,中档型酒店RevPAR,,元,周,2021-07-18T00:00:00Z,187.9153,38.48,,,酒店之家(STR)
分档次,中档型酒店OCC,,%,周,2021-07-25T00:00:00Z,71.91,5.56,,,酒店之家(STR)
分档次,中档型酒店ADR,,元,周,2021-07-25T00:00:00Z,262.24,22,,,酒店之家(STR)
分档次,中档型酒店RevPAR,,元,周,2021-07-25T00:00:00Z,188.5768,28.79,,,酒店之家(STR)
分档次,中档型酒店OCC,,%,周,2021-08-01T00:00:00Z,66.53,-3.07,,,酒店之家(STR)
分档次,中档型酒店ADR,,元,周,2021-08-01T00:00:00Z,249.52,13.33,,,酒店之家(STR)
分档次,中档型酒店RevPAR,,元,周,2021-08-01T00:00:00Z,166.0057,9.85,,,酒店之家(STR)
分档次,中档型酒店OCC,,%,周,2021-08-08T00:00:00Z,46.9,-33.31,,,酒店之家(STR)
分档次,中档型酒店ADR,,元,周,2021-08-08T00:00:00Z,221.67,-3.79,,,酒店之家(STR)
分档次,中档型酒店RevPAR,,元,周,2021-08-08T00:00:00Z,103.9632,-35.84,,,酒店之家(STR)
分档次,中档型酒店OCC,,%,周,2021-08-15T00:00:00Z,43.71,-39,,,酒店之家(STR)
分档次,中档型酒店ADR,,元,周,2021-08-15T00:00:00Z,214.17,-9.23,,,酒店之家(STR)
分档次,中档型酒店RevPAR,,元,周,2021-08-15T00:00:00Z,93.6137,-44.63,,,酒店之家(STR)
分档次,中档型酒店OCC,,%,周,2021-08-22T00:00:00Z,44.41,-38.39,,,酒店之家(STR)
分档次,中档型酒店ADR,,元,周,2021-08-22T00:00:00Z,210.69,-9.9,,,酒店之家(STR)
分档次,中档型酒店RevPAR,,元,周,2021-08-22T00:00:00Z,93.5674,-44.49,,,酒店之家(STR)
分档次,中档型酒店OCC,,%,周,2021-08-29T00:00:00Z,49.21,-22.04,,,酒店之家(STR)
分档次,中档型酒店ADR,,元,周,2021-08-29T00:00:00Z,212.56,-5.38,,,酒店之家(STR)
分档次,中档型酒店RevPAR,,元,周,2021-08-29T00:00:00Z,104.6008,-26.23,,,酒店之家(STR)
分档次,中档型酒店OCC,,%,周,2021-09-05T00:00:00Z,51.42,-15.77,,,酒店之家(STR)
分档次,中档型酒店ADR,,元,周,2021-09-05T00:00:00Z,212.76,-0.99,,,酒店之家(STR)
分档次,中档型酒店RevPAR,,元,周,2021-09-05T00:00:00Z,109.4012,-16.6,,,酒店之家(STR)
分档次,中档型酒店OCC,,%,周,2021-09-12T00:00:00Z,57.32,-14.96,,,酒店之家(STR)
分档次,中档型酒店ADR,,元,周,2021-09-12T00:00:00Z,217.18,-1.68,,,酒店之家(STR)
分档次,中档型酒店RevPAR,,元,周,2021-09-12T00:00:00Z,124.4876,-16.38,,,酒店之家(STR)
分档次,中档型酒店OCC,,%,周,2021-09-19T00:00:00Z,57.37,-16.61,,,酒店之家(STR)
分档次,中档型酒店ADR,,元,周,2021-09-19T00:00:00Z,219.76,-1.95,,,酒店之家(STR)
分档次,中档型酒店RevPAR,,元,周,2021-09-19T00:00:00Z,126.0763,-18.24,,,酒店之家(STR)
分档次,中档型酒店OCC,,%,周,2021-09-26T00:00:00Z,52.21,-20.41,,,酒店之家(STR)
分档次,中档型酒店ADR,,元,周,2021-09-26T00:00:00Z,216.99,-1.4,,,酒店之家(STR)
分档次,中档型酒店RevPAR,,元,周,2021-09-26T00:00:00Z,113.2905,-21.52,,,酒店之家(STR)
分档次,中档型酒店OCC,,%,周,2021-10-03T00:00:00Z,62.82,-11.79,,,酒店之家(STR)
分档次,中档型酒店ADR,,元,周,2021-10-03T00:00:00Z,274.34,-6.33,,,酒店之家(STR)
分档次,中档型酒店RevPAR,,元,周,2021-10-03T00:00:00Z,172.3404,-17.38,,,酒店之家(STR)
分档次,中档型酒店OCC,,%,周,2021-10-10T00:00:00Z,53.09,-14.34,,,酒店之家(STR)
分档次,中档型酒店ADR,,元,周,2021-10-10T00:00:00Z,241.96,-1.39,,,酒店之家(STR)
分档次,中档型酒店RevPAR,,元,周,2021-10-10T00:00:00Z,128.4566,-15.53,,,酒店之家(STR)
分档次,中档型酒店OCC,,%,周,2021-10-17T00:00:00Z,61.31,-8.31,,,酒店之家(STR)
分档次,中档型酒店ADR,,元,周,2021-10-17T00:00:00Z,223.23,0.22,,,酒店之家(STR)
分档次,中档型酒店RevPAR,,元,周,2021-10-17T00:00:00Z,136.8623,-8.11,,,酒店之家(STR)
分档次,中档型酒店OCC,,%,周,2021-10-24T00:00:00Z,59.06,-11.75,,,酒店之家(STR)
分档次,中档型酒店ADR,,元,周,2021-10-24T00:00:00Z,221.83,-1.17,,,酒店之家(STR)
分档次,中档型酒店RevPAR,,元,周,2021-10-24T00:00:00Z,131.0128,-12.78,,,酒店之家(STR)
分档次,中档型酒店OCC,,%,周,2021-10-31T00:00:00Z,52.94,-19.46,,,酒店之家(STR)
分档次,中档型酒店ADR,,元,周,2021-10-31T00:00:00Z,213.51,-4.06,,,酒店之家(STR)
分档次,中档型酒店RevPAR,,元,周,2021-10-31T00:00:00Z,113.0322,-22.73,,,酒店之家(STR)
分档次,中档型酒店OCC,,%,周,2021-11-07T00:00:00Z,48.02,-24.22,,,酒店之家(STR)
分档次,中档型酒店ADR,,元,周,2021-11-07T00:00:00Z,206.35,-7.35,,,酒店之家(STR)
分档次,中档型酒店RevPAR,,元,周,2021-11-07T00:00:00Z,99.0893,-29.8,,,酒店之家(STR)
分档次,中档型酒店OCC,,%,周,2021-11-14T00:00:00Z,48.03,-24.45,,,酒店之家(STR)
分档次,中档型酒店ADR,,元,周,2021-11-14T00:00:00Z,202.89,-7.6,,,酒店之家(STR)
分档次,中档型酒店RevPAR,,元,周,2021-11-14T00:00:00Z,97.4481,-30.19,,,酒店之家(STR)
分档次,中档型酒店OCC,,%,周,2021-11-21T00:00:00Z,51.09,-20.4,,,酒店之家(STR)
分档次,中档型酒店ADR,,元,周,2021-11-21T00:00:00Z,201.59,-7.1,,,酒店之家(STR)
分档次,中档型酒店RevPAR,,元,周,2021-11-21T00:00:00Z,102.9923,-26.05,,,酒店之家(STR)
分档次,中档型酒店OCC,,%,周,2021-11-28T00:00:00Z,53.59,-15.91,,,酒店之家(STR)
分档次,中档型酒店ADR,,元,周,2021-11-28T00:00:00Z,204.54,-5.65,,,酒店之家(STR)
分档次,中档型酒店RevPAR,,元,周,2021-11-28T00:00:00Z,109.613,-20.66,,,酒店之家(STR)
分档次,中档型酒店OCC,,%,周,2021-12-05T00:00:00Z,52.87,-14.55,,,酒店之家(STR)
分档次,中档型酒店ADR,,元,周,2021-12-05T00:00:00Z,202.62,-5.06,,,酒店之家(STR)
分档次,中档型酒店RevPAR,,元,周,2021-12-05T00:00:00Z,107.1252,-18.87,,,酒店之家(STR)
分档次,中档型酒店OCC,,%,周,2021-12-12T00:00:00Z,53.69,-13.25,,,酒店之家(STR)
分档次,中档型酒店ADR,,元,周,2021-12-12T00:00:00Z,202.63,-4.7,,,酒店之家(STR)
分档次,中档型酒店RevPAR,,元,周,2021-12-12T00:00:00Z,108.792,-17.33,,,酒店之家(STR)
分档次,中档型酒店OCC,,%,周,2021-12-19T00:00:00Z,53.05,-15.71,,,酒店之家(STR)
分档次,中档型酒店ADR,,元,周,2021-12-19T00:00:00Z,201.21,-5.47,,,酒店之家(STR)
分档次,中档型酒店RevPAR,,元,周,2021-12-19T00:00:00Z,106.7419,-20.32,,,酒店之家(STR)
分档次,中档型酒店OCC,,%,周,2021-12-26T00:00:00Z,54.17,-15.04,,,酒店之家(STR)
分档次,中档型酒店ADR,,元,周,2021-12-26T00:00:00Z,209.12,-3.4,,,酒店之家(STR)
分档次,中档型酒店RevPAR,,元,周,2021-12-26T00:00:00Z,113.2803,-17.93,,,酒店之家(STR)
分档次,中档型酒店OCC,,%,周,2022-01-02T00:00:00Z,54.19,-4.12,,,酒店之家(STR)
分档次,中档型酒店ADR,,元,周,2022-01-02T00:00:00Z,213.5,-2.82,,,酒店之家(STR)
分档次,中档型酒店RevPAR,,元,周,2022-01-02T00:00:00Z,115.6957,-6.82,,,酒店之家(STR)
分档次,中档型酒店OCC,,%,周,2022-01-09T00:00:00Z,50.03,-3.02,,,酒店之家(STR)
分档次,中档型酒店ADR,,元,周,2022-01-09T00:00:00Z,198.02,-1.57,,,酒店之家(STR)
分档次,中档型酒店RevPAR,,元,周,2022-01-09T00:00:00Z,99.0694,-4.54,,,酒店之家(STR)
分档次,中档型酒店OCC,,%,周,2022-01-16T00:00:00Z,52.18,1.68,,,酒店之家(STR)
分档次,中档型酒店ADR,,元,周,2022-01-16T00:00:00Z,198.04,-0.88,,,酒店之家(STR)
分档次,中档型酒店RevPAR,,元,周,2022-01-16T00:00:00Z,103.3373,0.78,,,酒店之家(STR)
分档次,中档型酒店OCC,,%,周,2022-01-23T00:00:00Z,49.02,-0.26,,,酒店之家(STR)
分档次,中档型酒店ADR,,元,周,2022-01-23T00:00:00Z,194.98,-0.85,,,酒店之家(STR)
分档次,中档型酒店RevPAR,,元,周,2022-01-23T00:00:00Z,95.5792,-1.11,,,酒店之家(STR)
分档次,中档型酒店OCC,,%,周,2022-01-30T00:00:00Z,39.21,-12.42,,,酒店之家(STR)
分档次,中档型酒店ADR,,元,周,2022-01-30T00:00:00Z,194.21,1.36,,,酒店之家(STR)
分档次,中档型酒店RevPAR,,元,周,2022-01-30T00:00:00Z,76.1497,-11.23,,,酒店之家(STR)
分档次,中档型酒店OCC,,%,周,2022-02-06T00:00:00Z,39.98,-2.13,,,酒店之家(STR)
分档次,中档型酒店ADR,,元,周,2022-02-06T00:00:00Z,228,19.95,,,酒店之家(STR)
分档次,中档型酒店RevPAR,,元,周,2022-02-06T00:00:00Z,91.1544,17.39,,,酒店之家(STR)
分档次,中档型酒店OCC,,%,周,2022-02-13T00:00:00Z,49.78,58.74,,,酒店之家(STR)
分档次,中档型酒店ADR,,元,周,2022-02-13T00:00:00Z,202.98,-4.52,,,酒店之家(STR)
分档次,中档型酒店RevPAR,,元,周,2022-02-13T00:00:00Z,101.0434,51.55,,,酒店之家(STR)
分档次,中档型酒店OCC,,%,周,2022-02-20T00:00:00Z,54.49,21.63,,,酒店之家(STR)
分档次,中档型酒店ADR,,元,周,2022-02-20T00:00:00Z,200.22,-2.78,,,酒店之家(STR)
分档次,中档型酒店RevPAR,,元,周,2022-02-20T00:00:00Z,109.0999,18.25,,,酒店之家(STR)
分档次,中档型酒店OCC,,%,周,2022-02-27T00:00:00Z,56.06,10.05,,,酒店之家(STR)
分档次,中档型酒店ADR,,元,周,2022-02-27T00:00:00Z,201.18,1.53,,,酒店之家(STR)
分档次,中档型酒店RevPAR,,元,周,2022-02-27T00:00:00Z,112.7815,11.73,,,酒店之家(STR)
分档次,中档型酒店OCC,,%,周,2022-03-06T00:00:00Z,53.06,-9.03,,,酒店之家(STR)
分档次,中档型酒店ADR,,元,周,2022-03-06T00:00:00Z,200.39,-3.84,,,酒店之家(STR)
分档次,中档型酒店RevPAR,,元,周,2022-03-06T00:00:00Z,106.3269,-12.53,,,酒店之家(STR)
分档次,中档型酒店OCC,,%,周,2022-03-13T00:00:00Z,50.47,-18.27,,,酒店之家(STR)
分档次,中档型酒店ADR,,元,周,2022-03-13T00:00:00Z,198.54,-8.62,,,酒店之家(STR)
分档次,中档型酒店RevPAR,,元,周,2022-03-13T00:00:00Z,100.2031,-25.32,,,酒店之家(STR)
分档次,中档型酒店OCC,,%,周,2022-03-20T00:00:00Z,45.38,-28.48,,,酒店之家(STR)
分档次,中档型酒店ADR,,元,周,2022-03-20T00:00:00Z,190.63,-15.1,,,酒店之家(STR)
分档次,中档型酒店RevPAR,,元,周,2022-03-20T00:00:00Z,86.5079,-39.28,,,酒店之家(STR)
分档次,中档型酒店OCC,,%,周,2022-03-27T00:00:00Z,43.07,-33.8,,,酒店之家(STR)
分档次,中档型酒店ADR,,元,周,2022-03-27T00:00:00Z,187.44,-18.89,,,酒店之家(STR)
分档次,中档型酒店RevPAR,,元,周,2022-03-27T00:00:00Z,80.7304,-46.3,,,酒店之家(STR)
分档次,中档型酒店OCC,,%,周,2022-04-03T00:00:00Z,42.36,-30.89,,,酒店之家(STR)
分档次,中档型酒店ADR,,元,周,2022-04-03T00:00:00Z,188.86,-21.89,,,酒店之家(STR)
分档次,中档型酒店RevPAR,,元,周,2022-04-03T00:00:00Z,80.0011,-46.01,,,酒店之家(STR)
分档次,中档型酒店OCC,,%,周,2022-04-10T00:00:00Z,40.18,-33.9,,,酒店之家(STR)
分档次,中档型酒店ADR,,元,周,2022-04-10T00:00:00Z,186.35,-18.64,,,酒店之家(STR)
分档次,中档型酒店RevPAR,,元,周,2022-04-10T00:00:00Z,74.8754,-46.22,,,酒店之家(STR)
分档次,中档型酒店OCC,,%,周,2022-04-17T00:00:00Z,44.92,-33.52,,,酒店之家(STR)
分档次,中档型酒店ADR,,元,周,2022-04-17T00:00:00Z,184.11,-22.99,,,酒店之家(STR)
分档次,中档型酒店RevPAR,,元,周,2022-04-17T00:00:00Z,82.7022,-48.8,,,酒店之家(STR)
分档次,中档型酒店OCC,,%,周,2022-04-24T00:00:00Z,46.87,-29.2,,,酒店之家(STR)
分档次,中档型酒店ADR,,元,周,2022-04-24T00:00:00Z,185.2,-21.67,,,酒店之家(STR)
分档次,中档型酒店RevPAR,,元,周,2022-04-24T00:00:00Z,86.8032,-44.54,,,酒店之家(STR)
分档次,中档型酒店OCC,,%,周,2022-05-01T00:00:00Z,48.37,-24.39,,,酒店之家(STR)
分档次,中档型酒店ADR,,元,周,2022-05-01T00:00:00Z,196.89,-34.23,,,酒店之家(STR)
分档次,中档型酒店RevPAR,,元,周,2022-05-01T00:00:00Z,95.2357,-50.27,,,酒店之家(STR)
分档次,中档型酒店OCC,,%,周,2022-05-08T00:00:00Z,44.51,-26.19,,,酒店之家(STR)
分档次,中档型酒店ADR,,元,周,2022-05-08T00:00:00Z,191.35,-26.77,,,酒店之家(STR)
分档次,中档型酒店RevPAR,,元,周,2022-05-08T00:00:00Z,85.1699,-45.95,,,酒店之家(STR)
分档次,中档型酒店OCC,,%,周,2022-05-15T00:00:00Z,49.88,-26.87,,,酒店之家(STR)
分档次,中档型酒店ADR,,元,周,2022-05-15T00:00:00Z,186.53,-21.71,,,酒店之家(STR)
分档次,中档型酒店RevPAR,,元,周,2022-05-15T00:00:00Z,93.0412,-42.75,,,酒店之家(STR)
分档次,中档型酒店OCC,,%,周,2022-05-22T00:00:00Z,53.17,-21.85,,,酒店之家(STR)
分档次,中档型酒店ADR,,元,周,2022-05-22T00:00:00Z,190.91,-19.44,,,酒店之家(STR)
分档次,中档型酒店RevPAR,,元,周,2022-05-22T00:00:00Z,101.5068,-37.05,,,酒店之家(STR)
分档次,中档型酒店OCC,,%,周,2022-05-29T00:00:00Z,53.41,-15.89,,,酒店之家(STR)
分档次,中档型酒店ADR,,元,周,2022-05-29T00:00:00Z,189.67,-17.17,,,酒店之家(STR)
分档次,中档型酒店RevPAR,,元,周,2022-05-29T00:00:00Z,101.3027,-30.34,,,酒店之家(STR)
分档次,中档型酒店OCC,,%,周,2022-06-05T00:00:00Z,51.01,-13,,,酒店之家(STR)
分档次,中档型酒店ADR,,元,周,2022-06-05T00:00:00Z,197.35,-11.55,,,酒店之家(STR)
分档次,中档型酒店RevPAR,,元,周,2022-06-05T00:00:00Z,100.6682,-23.05,,,酒店之家(STR)
分档次,中档型酒店OCC,,%,周,2022-06-12T00:00:00Z,56.88,-7.38,,,酒店之家(STR)
分档次,中档型酒店ADR,,元,周,2022-06-12T00:00:00Z,198.37,-14.81,,,酒店之家(STR)
分档次,中档型酒店RevPAR,,元,周,2022-06-12T00:00:00Z,112.8329,-21.1,,,酒店之家(STR)
分档次,中档型酒店OCC,,%,周,2022-06-19T00:00:00Z,60.09,1.11,,,酒店之家(STR)
分档次,中档型酒店ADR,,元,周,2022-06-19T00:00:00Z,201.64,-9.26,,,酒店之家(STR)
分档次,中档型酒店RevPAR,,元,周,2022-06-19T00:00:00Z,121.1655,-8.25,,,酒店之家(STR)
分档次,中档型酒店OCC,,%,周,2022-06-26T00:00:00Z,61.73,-2.45,,,酒店之家(STR)
分档次,中档型酒店ADR,,元,周,2022-06-26T00:00:00Z,204.78,-9.01,,,酒店之家(STR)
分档次,中档型酒店RevPAR,,元,周,2022-06-26T00:00:00Z,126.4107,-11.24,,,酒店之家(STR)
分档次,中档型酒店OCC,,%,周,2022-07-03T00:00:00Z,61.27,0.07,,,酒店之家(STR)
分档次,中档型酒店ADR,,元,周,2022-07-03T00:00:00Z,211.64,-8.03,,,酒店之家(STR)
分档次,中档型酒店RevPAR,,元,周,2022-07-03T00:00:00Z,129.6718,-7.97,,,酒店之家(STR)
分档次,中档型酒店OCC,,%,周,2022-07-10T00:00:00Z,65.72,-4.6,,,酒店之家(STR)
分档次,中档型酒店ADR,,元,周,2022-07-10T00:00:00Z,225.57,-7.67,,,酒店之家(STR)
分档次,中档型酒店RevPAR,,元,周,2022-07-10T00:00:00Z,148.2446,-11.92,,,酒店之家(STR)
分档次,中档型酒店OCC,,%,周,2022-07-17T00:00:00Z,65.29,-10.79,,,酒店之家(STR)
分档次,中档型酒店ADR,,元,周,2022-07-17T00:00:00Z,232.32,-9.52,,,酒店之家(STR)
分档次,中档型酒店RevPAR,,元,周,2022-07-17T00:00:00Z,151.6817,-19.28,,,酒店之家(STR)
分档次,中档型酒店OCC,,%,周,2022-07-24T00:00:00Z,66.61,-7.37,,,酒店之家(STR)
分档次,中档型酒店ADR,,元,周,2022-07-24T00:00:00Z,238.38,-9.1,,,酒店之家(STR)
分档次,中档型酒店RevPAR,,元,周,2022-07-24T00:00:00Z,158.7849,-15.8,,,酒店之家(STR)
分档次,中档型酒店OCC,,%,周,2022-07-31T00:00:00Z,67.45,1.38,,,酒店之家(STR)
分档次,中档型酒店ADR,,元,周,2022-07-31T00:00:00Z,246.59,-1.17,,,酒店之家(STR)
分档次,中档型酒店RevPAR,,元,周,2022-07-31T00:00:00Z,166.325,0.19,,,酒店之家(STR)
分档次,中档型酒店OCC,,%,周,2022-08-07T00:00:00Z,68.21,45.44,,,酒店之家(STR)
分档次,中档型酒店ADR,,元,周,2022-08-07T00:00:00Z,258.95,16.82,,,酒店之家(STR)
分档次,中档型酒店RevPAR,,元,周,2022-08-07T00:00:00Z,176.6298,69.9,,,酒店之家(STR)
分档次,中档型酒店OCC,,%,周,2022-08-14T00:00:00Z,63.49,45.25,,,酒店之家(STR)
分档次,中档型酒店ADR,,元,周,2022-08-14T00:00:00Z,253.48,18.35,,,酒店之家(STR)
分档次,中档型酒店RevPAR,,元,周,2022-08-14T00:00:00Z,160.9345,71.91,,,酒店之家(STR)
分档次,中档型酒店OCC,,%,周,2022-08-21T00:00:00Z,62.19,40.04,,,酒店之家(STR)
分档次,中档型酒店ADR,,元,周,2022-08-21T00:00:00Z,237.75,12.84,,,酒店之家(STR)
分档次,中档型酒店RevPAR,,元,周,2022-08-21T00:00:00Z,147.8567,58.02,,,酒店之家(STR)
分档次,中档型酒店OCC,,%,周,2022-08-28T00:00:00Z,56.82,15.46,,,酒店之家(STR)
分档次,中档型酒店ADR,,元,周,2022-08-28T00:00:00Z,221.65,4.28,,,酒店之家(STR)
分档次,中档型酒店RevPAR,,元,周,2022-08-28T00:00:00Z,125.9415,20.4,,,酒店之家(STR)
分档次,中档型酒店OCC,,%,周,2022-09-04T00:00:00Z,51.78,0.7,,,酒店之家(STR)
分档次,中档型酒店ADR,,元,周,2022-09-04T00:00:00Z,209.54,-1.51,,,酒店之家(STR)
分档次,中档型酒店RevPAR,,元,周,2022-09-04T00:00:00Z,108.4998,-0.82,,,酒店之家(STR)
分档次,中档型酒店OCC,,%,周,2022-09-11T00:00:00Z,48.68,-15.07,,,酒店之家(STR)
分档次,中档型酒店ADR,,元,周,2022-09-11T00:00:00Z,210.67,-3,,,酒店之家(STR)
分档次,中档型酒店RevPAR,,元,周,2022-09-11T00:00:00Z,102.5542,-17.62,,,酒店之家(STR)
分档次,中档型酒店OCC,,%,周,2022-09-18T00:00:00Z,51.78,-9.74,,,酒店之家(STR)
分档次,中档型酒店ADR,,元,周,2022-09-18T00:00:00Z,203.8,-7.26,,,酒店之家(STR)
分档次,中档型酒店RevPAR,,元,周,2022-09-18T00:00:00Z,105.5276,-16.3,,,酒店之家(STR)
分档次,中档型酒店OCC,,%,周,2022-09-25T00:00:00Z,55.58,6.45,,,酒店之家(STR)
分档次,中档型酒店ADR,,元,周,2022-09-25T00:00:00Z,207.73,-4.27,,,酒店之家(STR)
分档次,中档型酒店RevPAR,,元,周,2022-09-25T00:00:00Z,115.4563,1.91,,,酒店之家(STR)
分档次,中档型酒店OCC,,%,周,2022-10-02T00:00:00Z,54.6,-13.09,,,酒店之家(STR)
分档次,中档型酒店ADR,,元,周,2022-10-02T00:00:00Z,232.75,-15.16,,,酒店之家(STR)
分档次,中档型酒店RevPAR,,元,周,2022-10-02T00:00:00Z,127.0815,-26.26,,,酒店之家(STR)
分档次,中档型酒店OCC,,%,周,2022-10-09T00:00:00Z,49.69,-6.4,,,酒店之家(STR)
分档次,中档型酒店ADR,,元,周,2022-10-09T00:00:00Z,230,-4.94,,,酒店之家(STR)
分档次,中档型酒店RevPAR,,元,周,2022-10-09T00:00:00Z,114.287,-11.03,,,酒店之家(STR)
分档次,中档型酒店OCC,,%,周,2022-10-16T00:00:00Z,48.09,-21.56,,,酒店之家(STR)
分档次,中档型酒店ADR,,元,周,2022-10-16T00:00:00Z,200.24,-10.3,,,酒店之家(STR)
分档次,中档型酒店RevPAR,,元,周,2022-10-16T00:00:00Z,96.2954,-29.64,,,酒店之家(STR)
分档次,中档型酒店OCC,,%,周,2022-10-23T00:00:00Z,50.08,-15.2,,,酒店之家(STR)
分档次,中档型酒店ADR,,元,周,2022-10-23T00:00:00Z,198.52,-10.51,,,酒店之家(STR)
分档次,中档型酒店RevPAR,,元,周,2022-10-23T00:00:00Z,99.4188,-24.12,,,酒店之家(STR)
分档次,中档型酒店OCC,,%,周,2022-10-30T00:00:00Z,51.8,-2.15,,,酒店之家(STR)
分档次,中档型酒店ADR,,元,周,2022-10-30T00:00:00Z,197.68,-7.41,,,酒店之家(STR)
分档次,中档型酒店RevPAR,,元,周,2022-10-30T00:00:00Z,102.3982,-9.41,,,酒店之家(STR)
分档次,中档型酒店OCC,,%,周,2022-11-06T00:00:00Z,51.86,8,,,酒店之家(STR)
分档次,中档型酒店ADR,,元,周,2022-11-06T00:00:00Z,198.1,-4,,,酒店之家(STR)
分档次,中档型酒店RevPAR,,元,周,2022-11-06T00:00:00Z,102.7347,3.68,,,酒店之家(STR)
分档次,中档型酒店OCC,,%,周,2022-11-13T00:00:00Z,51.95,8.16,,,酒店之家(STR)
分档次,中档型酒店ADR,,元,周,2022-11-13T00:00:00Z,197.86,-2.48,,,酒店之家(STR)
分档次,中档型酒店RevPAR,,元,周,2022-11-13T00:00:00Z,102.7883,5.48,,,酒店之家(STR)
分档次,中档型酒店OCC,,%,周,2022-11-20T00:00:00Z,53.97,5.64,,,酒店之家(STR)
分档次,中档型酒店ADR,,元,周,2022-11-20T00:00:00Z,197.64,-1.96,,,酒店之家(STR)
分档次,中档型酒店RevPAR,,元,周,2022-11-20T00:00:00Z,106.6663,3.57,,,酒店之家(STR)
分档次,中档型酒店OCC,,%,周,2022-11-27T00:00:00Z,54.37,1.46,,,酒店之家(STR)
分档次,中档型酒店ADR,,元,周,2022-11-27T00:00:00Z,198.77,-2.82,,,酒店之家(STR)
分档次,中档型酒店RevPAR,,元,周,2022-11-27T00:00:00Z,108.0712,-1.41,,,酒店之家(STR)
分档次,中档型酒店OCC,,%,周,2022-12-04T00:00:00Z,52.14,-1.38,,,酒店之家(STR)
分档次,中档型酒店ADR,,元,周,2022-12-04T00:00:00Z,195.84,-3.35,,,酒店之家(STR)
分档次,中档型酒店RevPAR,,元,周,2022-12-04T00:00:00Z,102.111,-4.68,,,酒店之家(STR)
分档次,中档型酒店OCC,,%,周,2022-12-11T00:00:00Z,53.81,0.22,,,酒店之家(STR)
分档次,中档型酒店ADR,,元,周,2022-12-11T00:00:00Z,197.78,-2.39,,,酒店之家(STR)
分档次,中档型酒店RevPAR,,元,周,2022-12-11T00:00:00Z,106.4254,-2.18,,,酒店之家(STR)
分档次,中档型酒店OCC,,%,周,2022-12-18T00:00:00Z,55.81,5.2,,,酒店之家(STR)
分档次,中档型酒店ADR,,元,周,2022-12-18T00:00:00Z,201.92,0.35,,,酒店之家(STR)
分档次,中档型酒店RevPAR,,元,周,2022-12-18T00:00:00Z,112.6916,5.57,,,酒店之家(STR)
分档次,中档型酒店OCC,,%,周,2022-12-25T00:00:00Z,49.93,-7.83,,,酒店之家(STR)
分档次,中档型酒店ADR,,元,周,2022-12-25T00:00:00Z,209.35,0.11,,,酒店之家(STR)
分档次,中档型酒店RevPAR,,元,周,2022-12-25T00:00:00Z,104.5285,-7.73,,,酒店之家(STR)
分档次,中档型酒店OCC,,%,周,2023-01-01T00:00:00Z,50.02,-7.7,,,酒店之家(STR)
分档次,中档型酒店ADR,,元,周,2023-01-01T00:00:00Z,208.74,-2.23,,,酒店之家(STR)
分档次,中档型酒店RevPAR,,元,周,2023-01-01T00:00:00Z,104.4117,-9.75,,,酒店之家(STR)
分档次,中档型酒店OCC,,%,周,2023-01-08T00:00:00Z,52.7,5.34,,,酒店之家(STR)
分档次,中档型酒店ADR,,元,周,2023-01-08T00:00:00Z,205.92,3.99,,,酒店之家(STR)
分档次,中档型酒店RevPAR,,元,周,2023-01-08T00:00:00Z,108.5198,9.54,,,酒店之家(STR)
分档次,中档型酒店OCC,,%,周,2023-01-15T00:00:00Z,57.32,9.85,,,酒店之家(STR)
分档次,中档型酒店ADR,,元,周,2023-01-15T00:00:00Z,215.32,8.73,,,酒店之家(STR)
分档次,中档型酒店RevPAR,,元,周,2023-01-15T00:00:00Z,123.4214,19.44,,,酒店之家(STR)
分档次,中档型酒店OCC,,%,周,2023-01-22T00:00:00Z,43.39,-11.49,,,酒店之家(STR)
分档次,中档型酒店ADR,,元,周,2023-01-22T00:00:00Z,234.06,20.04,,,酒店之家(STR)
分档次,中档型酒店RevPAR,,元,周,2023-01-22T00:00:00Z,101.5586,6.26,,,酒店之家(STR)
分档次,中档型酒店OCC,,%,周,2023-01-29T00:00:00Z,62.05,58.25,,,酒店之家(STR)
分档次,中档型酒店ADR,,元,周,2023-01-29T00:00:00Z,289.86,49.25,,,酒店之家(STR)
分档次,中档型酒店RevPAR,,元,周,2023-01-29T00:00:00Z,179.8581,136.19,,,酒店之家(STR)
分档次,中档型酒店OCC,,%,周,2023-02-05T00:00:00Z,58.9,47.32,,,酒店之家(STR)
分档次,中档型酒店ADR,,元,周,2023-02-05T00:00:00Z,237.71,4.26,,,酒店之家(STR)
分档次,中档型酒店RevPAR,,元,周,2023-02-05T00:00:00Z,140.0112,53.6,,,酒店之家(STR)
分档次,中档型酒店OCC,,%,周,2023-02-12T00:00:00Z,63.72,28,,,酒店之家(STR)
分档次,中档型酒店ADR,,元,周,2023-02-12T00:00:00Z,234.43,15.49,,,酒店之家(STR)
分档次,中档型酒店RevPAR,,元,周,2023-02-12T00:00:00Z,149.3788,47.84,,,酒店之家(STR)
分档次,中档型酒店OCC,,%,周,2023-02-19T00:00:00Z,66.32,21.71,,,酒店之家(STR)
分档次,中档型酒店ADR,,元,周,2023-02-19T00:00:00Z,240.73,20.23,,,酒店之家(STR)
分档次,中档型酒店RevPAR,,元,周,2023-02-19T00:00:00Z,159.6521,46.34,,,酒店之家(STR)
分档次,中档型酒店OCC,,%,周,2023-02-26T00:00:00Z,65.85,17.46,,,酒店之家(STR)
分档次,中档型酒店ADR,,元,周,2023-02-26T00:00:00Z,242.47,20.52,,,酒店之家(STR)
分档次,中档型酒店RevPAR,,元,周,2023-02-26T00:00:00Z,159.6665,41.57,,,酒店之家(STR)
分档次,中档型酒店OCC,,%,周,2023-03-05T00:00:00Z,62.51,17.81,,,酒店之家(STR)
分档次,中档型酒店ADR,,元,周,2023-03-05T00:00:00Z,238.2,18.87,,,酒店之家(STR)
分档次,中档型酒店RevPAR,,元,周,2023-03-05T00:00:00Z,148.8988,40.04,,,酒店之家(STR)
分档次,中档型酒店OCC,,%,周,2023-03-12T00:00:00Z,62.82,24.47,,,酒店之家(STR)
分档次,中档型酒店ADR,,元,周,2023-03-12T00:00:00Z,238.27,20.01,,,酒店之家(STR)
分档次,中档型酒店RevPAR,,元,周,2023-03-12T00:00:00Z,149.6812,49.38,,,酒店之家(STR)
分档次,中档型酒店OCC,,%,周,2023-03-19T00:00:00Z,63.85,40.7,,,酒店之家(STR)
分档次,中档型酒店ADR,,元,周,2023-03-19T00:00:00Z,242.14,27.02,,,酒店之家(STR)
分档次,中档型酒店RevPAR,,元,周,2023-03-19T00:00:00Z,154.6064,78.72,,,酒店之家(STR)
分档次,中档型酒店OCC,,%,周,2023-03-26T00:00:00Z,63.91,48.39,,,酒店之家(STR)
分档次,中档型酒店ADR,,元,周,2023-03-26T00:00:00Z,241.97,29.09,,,酒店之家(STR)
分档次,中档型酒店RevPAR,,元,周,2023-03-26T00:00:00Z,154.643,91.55,,,酒店之家(STR)
分档次,中档型酒店OCC,,%,周,2023-04-02T00:00:00Z,62.03,46.44,,,酒店之家(STR)
分档次,中档型酒店ADR,,元,周,2023-04-02T00:00:00Z,243.52,28.94,,,酒店之家(STR)
分档次,中档型酒店RevPAR,,元,周,2023-04-02T00:00:00Z,151.0555,88.82,,,酒店之家(STR)
分档次,中档型酒店OCC,,%,周,2023-04-09T00:00:00Z,59.22,47.39,,,酒店之家(STR)
分档次,中档型酒店ADR,,元,周,2023-04-09T00:00:00Z,242.33,30.04,,,酒店之家(STR)
分档次,中档型酒店RevPAR,,元,周,2023-04-09T00:00:00Z,143.5078,91.66,,,酒店之家(STR)
分档次,中档型酒店OCC,,%,周,2023-04-16T00:00:00Z,65.51,45.84,,,酒店之家(STR)
分档次,中档型酒店ADR,,元,周,2023-04-16T00:00:00Z,256.38,39.25,,,酒店之家(STR)
分档次,中档型酒店RevPAR,,元,周,2023-04-16T00:00:00Z,167.9545,103.08,,,酒店之家(STR)
分档次,中档型酒店OCC,,%,周,2023-04-23T00:00:00Z,65.45,39.64,,,酒店之家(STR)
分档次,中档型酒店ADR,,元,周,2023-04-23T00:00:00Z,252.5,36.34,,,酒店之家(STR)
分档次,中档型酒店RevPAR,,元,周,2023-04-23T00:00:00Z,165.2612,90.39,,,酒店之家(STR)
分档次,中档型酒店OCC,,%,周,2023-04-30T00:00:00Z,67,38.52,,,酒店之家(STR)
分档次,中档型酒店ADR,,元,周,2023-04-30T00:00:00Z,326.05,65.6,,,酒店之家(STR)
分档次,中档型酒店RevPAR,,元,周,2023-04-30T00:00:00Z,218.4535,129.38,,,酒店之家(STR)
分档次,中档型酒店OCC,,%,周,2023-05-07T00:00:00Z,56.77,27.54,,,酒店之家(STR)
分档次,中档型酒店ADR,,元,周,2023-05-07T00:00:00Z,282.36,47.56,,,酒店之家(STR)
分档次,中档型酒店RevPAR,,元,周,2023-05-07T00:00:00Z,160.2958,88.21,,,酒店之家(STR)
分档次,中档型酒店OCC,,%,周,2023-05-14T00:00:00Z,61.64,23.58,,,酒店之家(STR)
分档次,中档型酒店ADR,,元,周,2023-05-14T00:00:00Z,247.17,32.51,,,酒店之家(STR)
分档次,中档型酒店RevPAR,,元,周,2023-05-14T00:00:00Z,152.3556,63.75,,,酒店之家(STR)
分档次,中档型酒店OCC,,%,周,2023-05-21T00:00:00Z,63.79,19.97,,,酒店之家(STR)
分档次,中档型酒店ADR,,元,周,2023-05-21T00:00:00Z,248.14,29.98,,,酒店之家(STR)
分档次,中档型酒店RevPAR,,元,周,2023-05-21T00:00:00Z,158.2885,55.94,,,酒店之家(STR)
分档次,中档型酒店OCC,,%,周,2023-05-28T00:00:00Z,61.41,14.98,,,酒店之家(STR)
分档次,中档型酒店ADR,,元,周,2023-05-28T00:00:00Z,242.5,27.85,,,酒店之家(STR)
分档次,中档型酒店RevPAR,,元,周,2023-05-28T00:00:00Z,148.9193,47,,,酒店之家(STR)
分档次,中档型酒店OCC,,%,周,2023-06-04T00:00:00Z,57.12,11.98,,,酒店之家(STR)
分档次,中档型酒店ADR,,元,周,2023-06-04T00:00:00Z,234.66,18.91,,,酒店之家(STR)
分档次,中档型酒店RevPAR,,元,周,2023-06-04T00:00:00Z,134.0378,33.15,,,酒店之家(STR)
分档次,中档型酒店OCC,,%,周,2023-06-11T00:00:00Z,61.63,8.35,,,酒店之家(STR)
分档次,中档型酒店ADR,,元,周,2023-06-11T00:00:00Z,241.21,21.6,,,酒店之家(STR)
分档次,中档型酒店RevPAR,,元,周,2023-06-11T00:00:00Z,148.6577,31.75,,,酒店之家(STR)
分档次,中档型酒店OCC,,%,周,2023-06-18T00:00:00Z,63.25,5.26,,,酒店之家(STR)
分档次,中档型酒店ADR,,元,周,2023-06-18T00:00:00Z,244.14,21.08,,,酒店之家(STR)
分档次,中档型酒店RevPAR,,元,周,2023-06-18T00:00:00Z,154.4185,27.44,,,酒店之家(STR)
分档次,中档型酒店OCC,,%,周,2023-06-25T00:00:00Z,59.35,-3.86,,,酒店之家(STR)
分档次,中档型酒店ADR,,元,周,2023-06-25T00:00:00Z,253.53,23.81,,,酒店之家(STR)
分档次,中档型酒店RevPAR,,元,周,2023-06-25T00:00:00Z,150.4701,19.03,,,酒店之家(STR)
分档次,中档型酒店OCC,,%,周,2023-07-02T00:00:00Z,64.63,5.48,,,酒店之家(STR)
分档次,中档型酒店ADR,,元,周,2023-07-02T00:00:00Z,254.31,20.16,,,酒店之家(STR)
分档次,中档型酒店RevPAR,,元,周,2023-07-02T00:00:00Z,164.3606,26.75,,,酒店之家(STR)
分档次,中档型酒店OCC,,%,周,2023-07-09T00:00:00Z,68.4,4.08,,,酒店之家(STR)
分档次,中档型酒店ADR,,元,周,2023-07-09T00:00:00Z,270.79,20.05,,,酒店之家(STR)
分档次,中档型酒店RevPAR,,元,周,2023-07-09T00:00:00Z,185.2204,24.94,,,酒店之家(STR)
分档次,中档型酒店OCC,,%,周,2023-07-16T00:00:00Z,71.26,9.14,,,酒店之家(STR)
分档次,中档型酒店ADR,,元,周,2023-07-16T00:00:00Z,280.23,20.62,,,酒店之家(STR)
分档次,中档型酒店RevPAR,,元,周,2023-07-16T00:00:00Z,199.6919,31.65,,,酒店之家(STR)
分档次,中档型酒店OCC,,%,周,2023-07-23T00:00:00Z,71.86,7.88,,,酒店之家(STR)
分档次,中档型酒店ADR,,元,周,2023-07-23T00:00:00Z,288.58,21.06,,,酒店之家(STR)
分档次,中档型酒店RevPAR,,元,周,2023-07-23T00:00:00Z,207.3736,30.6,,,酒店之家(STR)
分档次,中档型酒店OCC,,%,周,2023-07-30T00:00:00Z,71.52,6.03,,,酒店之家(STR)
分档次,中档型酒店ADR,,元,周,2023-07-30T00:00:00Z,292.63,18.67,,,酒店之家(STR)
分档次,中档型酒店RevPAR,,元,周,2023-07-30T00:00:00Z,209.289,25.83,,,酒店之家(STR)
分档次,中档型酒店OCC,,%,周,2023-08-06T00:00:00Z,72.4,6.14,,,酒店之家(STR)
分档次,中档型酒店ADR,,元,周,2023-08-06T00:00:00Z,303.81,17.32,,,酒店之家(STR)
分档次,中档型酒店RevPAR,,元,周,2023-08-06T00:00:00Z,219.9584,24.53,,,酒店之家(STR)
分档次,中档型酒店OCC,,%,周,2023-08-13T00:00:00Z,73.76,16.18,,,酒店之家(STR)
分档次,中档型酒店ADR,,元,周,2023-08-13T00:00:00Z,311.61,22.93,,,酒店之家(STR)
分档次,中档型酒店RevPAR,,元,周,2023-08-13T00:00:00Z,229.8435,42.82,,,酒店之家(STR)
分档次,中档型酒店OCC,,%,周,2023-08-20T00:00:00Z,71.39,14.79,,,酒店之家(STR)
分档次,中档型酒店ADR,,元,周,2023-08-20T00:00:00Z,303.58,27.69,,,酒店之家(STR)
分档次,中档型酒店RevPAR,,元,周,2023-08-20T00:00:00Z,216.7258,46.58,,,酒店之家(STR)
分档次,中档型酒店OCC,,%,周,2023-08-27T00:00:00Z,66.5,17.04,,,酒店之家(STR)
分档次,中档型酒店ADR,,元,周,2023-08-27T00:00:00Z,276.57,24.78,,,酒店之家(STR)
分档次,中档型酒店RevPAR,,元,周,2023-08-27T00:00:00Z,183.919,46.04,,,酒店之家(STR)
分档次,中档型酒店OCC,,%,周,2023-09-03T00:00:00Z,54.53,5.31,,,酒店之家(STR)
分档次,中档型酒店ADR,,元,周,2023-09-03T00:00:00Z,241.73,15.36,,,酒店之家(STR)
分档次,中档型酒店RevPAR,,元,周,2023-09-03T00:00:00Z,131.8154,21.49,,,酒店之家(STR)
分档次,中档型酒店OCC,,%,周,2023-09-10T00:00:00Z,59.28,21.77,,,酒店之家(STR)
分档次,中档型酒店ADR,,元,周,2023-09-10T00:00:00Z,241.39,14.58,,,酒店之家(STR)
分档次,中档型酒店RevPAR,,元,周,2023-09-10T00:00:00Z,143.096,39.53,,,酒店之家(STR)
分档次,中档型酒店OCC,,%,周,2023-09-17T00:00:00Z,61.73,19.22,,,酒店之家(STR)
分档次,中档型酒店ADR,,元,周,2023-09-17T00:00:00Z,239.95,17.74,,,酒店之家(STR)
分档次,中档型酒店RevPAR,,元,周,2023-09-17T00:00:00Z,148.1211,40.36,,,酒店之家(STR)
分档次,中档型酒店OCC,,%,周,2023-09-24T00:00:00Z,60.94,9.64,,,酒店之家(STR)
分档次,中档型酒店ADR,,元,周,2023-09-24T00:00:00Z,240,15.53,,,酒店之家(STR)
分档次,中档型酒店RevPAR,,元,周,2023-09-24T00:00:00Z,146.256,26.68,,,酒店之家(STR)
分档次,中档型酒店OCC,,%,周,2023-10-01T00:00:00Z,58.56,7.25,,,酒店之家(STR)
分档次,中档型酒店ADR,,元,周,2023-10-01T00:00:00Z,314.29,35.03,,,酒店之家(STR)
分档次,中档型酒店RevPAR,,元,周,2023-10-01T00:00:00Z,184.0482,44.83,,,酒店之家(STR)
分档次,中档型酒店OCC,,%,周,2023-10-08T00:00:00Z,58.16,17.05,,,酒店之家(STR)
分档次,中档型酒店ADR,,元,周,2023-10-08T00:00:00Z,310.79,35.13,,,酒店之家(STR)
分档次,中档型酒店RevPAR,,元,周,2023-10-08T00:00:00Z,180.7555,58.16,,,酒店之家(STR)
分档次,中档型酒店OCC,,%,周,2023-10-15T00:00:00Z,57.14,18.82,,,酒店之家(STR)
分档次,中档型酒店ADR,,元,周,2023-10-15T00:00:00Z,236.77,18.24,,,酒店之家(STR)
分档次,中档型酒店RevPAR,,元,周,2023-10-15T00:00:00Z,135.2904,40.5,,,酒店之家(STR)
分档次,中档型酒店OCC,,%,周,2023-10-22T00:00:00Z,61.04,21.88,,,酒店之家(STR)
分档次,中档型酒店ADR,,元,周,2023-10-22T00:00:00Z,240.07,20.93,,,酒店之家(STR)
分档次,中档型酒店RevPAR,,元,周,2023-10-22T00:00:00Z,146.5387,47.4,,,酒店之家(STR)
分档次,中档型酒店OCC,,%,周,2023-10-29T00:00:00Z,59.5,14.86,,,酒店之家(STR)
分档次,中档型酒店ADR,,元,周,2023-10-29T00:00:00Z,237.39,20.09,,,酒店之家(STR)
分档次,中档型酒店RevPAR,,元,周,2023-10-29T00:00:00Z,141.247,37.94,,,酒店之家(STR)
分档次,中档型酒店OCC,,%,周,2023-11-05T00:00:00Z,55.34,6.71,,,酒店之家(STR)
分档次,中档型酒店ADR,,元,周,2023-11-05T00:00:00Z,229.44,15.82,,,酒店之家(STR)
分档次,中档型酒店RevPAR,,元,周,2023-11-05T00:00:00Z,126.9721,23.59,,,酒店之家(STR)
分档次,中档型酒店OCC,,%,周,2023-11-12T00:00:00Z,56.24,8.26,,,酒店之家(STR)
分档次,中档型酒店ADR,,元,周,2023-11-12T00:00:00Z,226.81,14.63,,,酒店之家(STR)
分档次,中档型酒店RevPAR,,元,周,2023-11-12T00:00:00Z,127.5579,24.1,,,酒店之家(STR)
分档次,中档型酒店OCC,,%,周,2023-11-19T00:00:00Z,57.91,7.3,,,酒店之家(STR)
分档次,中档型酒店ADR,,元,周,2023-11-19T00:00:00Z,226.18,14.44,,,酒店之家(STR)
分档次,中档型酒店RevPAR,,元,周,2023-11-19T00:00:00Z,130.9808,22.79,,,酒店之家(STR)
分档次,中档型酒店OCC,,%,周,2023-11-26T00:00:00Z,58.01,6.69,,,酒店之家(STR)
分档次,中档型酒店ADR,,元,周,2023-11-26T00:00:00Z,225.75,13.57,,,酒店之家(STR)
分档次,中档型酒店RevPAR,,元,周,2023-11-26T00:00:00Z,130.9576,21.18,,,酒店之家(STR)
分档次,中档型酒店OCC,,%,周,2023-12-03T00:00:00Z,56.17,7.73,,,酒店之家(STR)
分档次,中档型酒店ADR,,元,周,2023-12-03T00:00:00Z,222.1,13.41,,,酒店之家(STR)
分档次,中档型酒店RevPAR,,元,周,2023-12-03T00:00:00Z,124.7536,22.17,,,酒店之家(STR)
分档次,中档型酒店OCC,,%,周,2023-12-10T00:00:00Z,55.56,3.25,,,酒店之家(STR)
分档次,中档型酒店ADR,,元,周,2023-12-10T00:00:00Z,222.62,12.56,,,酒店之家(STR)
分档次,中档型酒店RevPAR,,元,周,2023-12-10T00:00:00Z,123.6877,16.22,,,酒店之家(STR)
分档次,中档型酒店OCC,,%,周,2023-12-17T00:00:00Z,54.97,-1.51,,,酒店之家(STR)
分档次,中档型酒店ADR,,元,周,2023-12-17T00:00:00Z,220.62,9.26,,,酒店之家(STR)
分档次,中档型酒店RevPAR,,元,周,2023-12-17T00:00:00Z,121.2748,7.62,,,酒店之家(STR)
分档次,中档型酒店OCC,,%,周,2023-12-24T00:00:00Z,56.7,13.56,,,酒店之家(STR)
分档次,中档型酒店ADR,,元,周,2023-12-24T00:00:00Z,226.44,8.16,,,酒店之家(STR)
分档次,中档型酒店RevPAR,,元,周,2023-12-24T00:00:00Z,128.3915,22.83,,,酒店之家(STR)
分档次,中档型酒店OCC,,%,周,2023-12-31T00:00:00Z,59.51,18.97,,,酒店之家(STR)
分档次,中档型酒店ADR,,元,周,2023-12-31T00:00:00Z,243.6,16.7,,,酒店之家(STR)
分档次,中档型酒店RevPAR,,元,周,2023-12-31T00:00:00Z,144.9664,38.84,,,酒店之家(STR)
分档次,中档型酒店OCC,,%,周,2024-01-07T00:00:00Z,49.3,-6.45,,,酒店之家(STR)
分档次,中档型酒店ADR,,元,周,2024-01-07T00:00:00Z,215.82,4.81,,,酒店之家(STR)
分档次,中档型酒店RevPAR,,元,周,2024-01-07T00:00:00Z,106.3993,-1.95,,,酒店之家(STR)
分档次,中档型酒店OCC,,%,周,2024-01-14T00:00:00Z,55.8,-2.65,,,酒店之家(STR)
分档次,中档型酒店ADR,,元,周,2024-01-14T00:00:00Z,218.8,1.62,,,酒店之家(STR)
分档次,中档型酒店RevPAR,,元,周,2024-01-14T00:00:00Z,122.0904,-1.08,,,酒店之家(STR)
分档次,中档型酒店OCC,,%,周,2024-01-21T00:00:00Z,58.93,35.81,,,酒店之家(STR)
分档次,中档型酒店ADR,,元,周,2024-01-21T00:00:00Z,223.86,-4.36,,,酒店之家(STR)
分档次,中档型酒店RevPAR,,元,周,2024-01-21T00:00:00Z,131.9207,29.9,,,酒店之家(STR)
分档次,中档型酒店OCC,,%,周,2024-01-28T00:00:00Z,60.71,-2.16,,,酒店之家(STR)
分档次,中档型酒店ADR,,元,周,2024-01-28T00:00:00Z,230.67,-20.42,,,酒店之家(STR)
分档次,中档型酒店RevPAR,,元,周,2024-01-28T00:00:00Z,140.0398,-22.14,,,酒店之家(STR)
分档次,中档型酒店OCC,,%,周,2024-02-04T00:00:00Z,56.33,-4.36,,,酒店之家(STR)
分档次,中档型酒店ADR,,元,周,2024-02-04T00:00:00Z,230.88,-2.87,,,酒店之家(STR)
分档次,中档型酒店RevPAR,,元,周,2024-02-04T00:00:00Z,130.0547,-7.11,,,酒店之家(STR)
分档次,中档型酒店OCC,,%,周,2024-02-11T00:00:00Z,46.3,-27.34,,,酒店之家(STR)
分档次,中档型酒店ADR,,元,周,2024-02-11T00:00:00Z,270.56,15.41,,,酒店之家(STR)
分档次,中档型酒店RevPAR,,元,周,2024-02-11T00:00:00Z,125.2693,-16.14,,,酒店之家(STR)
分档次,中档型酒店OCC,,%,周,2024-02-18T00:00:00Z,65.19,-1.7,,,酒店之家(STR)
分档次,中档型酒店ADR,,元,周,2024-02-18T00:00:00Z,312.63,29.87,,,酒店之家(STR)
分档次,中档型酒店RevPAR,,元,周,2024-02-18T00:00:00Z,203.8035,27.65,,,酒店之家(STR)
分档次,中档型酒店OCC,,%,周,2024-02-25T00:00:00Z,50.55,-23.23,,,酒店之家(STR)
分档次,中档型酒店ADR,,元,周,2024-02-25T00:00:00Z,224.63,-7.36,,,酒店之家(STR)
分档次,中档型酒店RevPAR,,元,周,2024-02-25T00:00:00Z,113.5505,-28.88,,,酒店之家(STR)
分档次,中档型酒店OCC,,%,周,2024-03-03T00:00:00Z,55.19,-11.71,,,酒店之家(STR)
分档次,中档型酒店ADR,,元,周,2024-03-03T00:00:00Z,223.05,-6.36,,,酒店之家(STR)
分档次,中档型酒店RevPAR,,元,周,2024-03-03T00:00:00Z,123.1013,-17.33,,,酒店之家(STR)
分档次,中档型酒店OCC,,%,周,2024-03-10T00:00:00Z,56.92,-9.39,,,酒店之家(STR)
分档次,中档型酒店ADR,,元,周,2024-03-10T00:00:00Z,227.52,-4.51,,,酒店之家(STR)
分档次,中档型酒店RevPAR,,元,周,2024-03-10T00:00:00Z,129.5044,-13.48,,,酒店之家(STR)
分档次,中档型酒店OCC,,%,周,2024-03-17T00:00:00Z,55.76,-12.67,,,酒店之家(STR)
分档次,中档型酒店ADR,,元,周,2024-03-17T00:00:00Z,231.65,-4.33,,,酒店之家(STR)
分档次,中档型酒店RevPAR,,元,周,2024-03-17T00:00:00Z,129.168,-16.45,,,酒店之家(STR)
分档次,中档型酒店OCC,,%,周,2024-03-24T00:00:00Z,59.33,-7.17,,,酒店之家(STR)
分档次,中档型酒店ADR,,元,周,2024-03-24T00:00:00Z,232.61,-3.87,,,酒店之家(STR)
分档次,中档型酒店RevPAR,,元,周,2024-03-24T00:00:00Z,138.0075,-10.76,,,酒店之家(STR)
分档次,中档型酒店OCC,,%,周,2024-03-31T00:00:00Z,60.3,-2.79,,,酒店之家(STR)
分档次,中档型酒店ADR,,元,周,2024-03-31T00:00:00Z,238.05,-2.25,,,酒店之家(STR)
分档次,中档型酒店RevPAR,,元,周,2024-03-31T00:00:00Z,143.5442,-4.97,,,酒店之家(STR)
分档次,中档型酒店OCC,,%,周,2024-04-07T00:00:00Z,54.63,-7.75,,,酒店之家(STR)
分档次,中档型酒店ADR,,元,周,2024-04-07T00:00:00Z,248.69,2.62,,,酒店之家(STR)
分档次,中档型酒店RevPAR,,元,周,2024-04-07T00:00:00Z,135.8593,-5.33,,,酒店之家(STR)
分档次,中档型酒店OCC,,%,周,2024-04-14T00:00:00Z,62.37,-4.79,,,酒店之家(STR)
分档次,中档型酒店ADR,,元,周,2024-04-14T00:00:00Z,244.56,-4.61,,,酒店之家(STR)
分档次,中档型酒店RevPAR,,元,周,2024-04-14T00:00:00Z,152.5321,-9.18,,,酒店之家(STR)
分档次,中档型酒店OCC,,%,周,2024-04-21T00:00:00Z,63.8,-2.52,,,酒店之家(STR)
分档次,中档型酒店ADR,,元,周,2024-04-21T00:00:00Z,243.8,-3.45,,,酒店之家(STR)
分档次,中档型酒店RevPAR,,元,周,2024-04-21T00:00:00Z,155.5444,-5.88,,,酒店之家(STR)
分档次,中档型酒店OCC,,%,周,2024-04-28T00:00:00Z,60.02,-10.42,,,酒店之家(STR)
分档次,中档型酒店ADR,,元,周,2024-04-28T00:00:00Z,235.44,-27.79,,,酒店之家(STR)
分档次,中档型酒店RevPAR,,元,周,2024-04-28T00:00:00Z,141.3111,-35.31,,,酒店之家(STR)
分档次,中档型酒店OCC,,%,周,2024-05-05T00:00:00Z,62.1,9.39,,,酒店之家(STR)
分档次,中档型酒店ADR,,元,周,2024-05-05T00:00:00Z,322.85,14.34,,,酒店之家(STR)
分档次,中档型酒店RevPAR,,元,周,2024-05-05T00:00:00Z,200.4899,25.07,,,酒店之家(STR)
分档次,中档型酒店OCC,,%,周,2024-05-12T00:00:00Z,52.9,-14.18,,,酒店之家(STR)
分档次,中档型酒店ADR,,元,周,2024-05-12T00:00:00Z,222.43,-10.01,,,酒店之家(STR)
分档次,中档型酒店RevPAR,,元,周,2024-05-12T00:00:00Z,117.6655,-22.77,,,酒店之家(STR)
分档次,中档型酒店OCC,,%,周,2024-05-19T00:00:00Z,61.25,-3.98,,,酒店之家(STR)
分档次,中档型酒店ADR,,元,周,2024-05-19T00:00:00Z,233.32,-5.97,,,酒店之家(STR)
分档次,中档型酒店RevPAR,,元,周,2024-05-19T00:00:00Z,142.9085,-9.72,,,酒店之家(STR)
分档次,中档型酒店OCC,,%,周,2024-05-26T00:00:00Z,59.65,-2.87,,,酒店之家(STR)
分档次,中档型酒店ADR,,元,周,2024-05-26T00:00:00Z,229.48,-5.37,,,酒店之家(STR)
分档次,中档型酒店RevPAR,,元,周,2024-05-26T00:00:00Z,136.8848,-8.08,,,酒店之家(STR)
分档次,中档型酒店OCC,,%,周,2024-06-02T00:00:00Z,55.75,-2.4,,,酒店之家(STR)
分档次,中档型酒店ADR,,元,周,2024-06-02T00:00:00Z,226.17,-3.62,,,酒店之家(STR)
分档次,中档型酒店RevPAR,,元,周,2024-06-02T00:00:00Z,126.0898,-5.93,,,酒店之家(STR)
分档次,中档型酒店OCC,,%,周,2024-06-09T00:00:00Z,57.8,-6.21,,,酒店之家(STR)
分档次,中档型酒店ADR,,元,周,2024-06-09T00:00:00Z,239.27,-0.8,,,酒店之家(STR)
分档次,中档型酒店RevPAR,,元,周,2024-06-09T00:00:00Z,138.2981,-6.97,,,酒店之家(STR)
分档次,中档型酒店OCC,,%,周,2024-06-16T00:00:00Z,55.64,-12.03,,,酒店之家(STR)
分档次,中档型酒店ADR,,元,周,2024-06-16T00:00:00Z,225.68,-7.56,,,酒店之家(STR)
分档次,中档型酒店RevPAR,,元,周,2024-06-16T00:00:00Z,125.5684,-18.68,,,酒店之家(STR)
分档次,中档型酒店OCC,,%,周,2024-06-23T00:00:00Z,58.46,-1.5,,,酒店之家(STR)
分档次,中档型酒店ADR,,元,周,2024-06-23T00:00:00Z,232.36,-8.35,,,酒店之家(STR)
分档次,中档型酒店RevPAR,,元,周,2024-06-23T00:00:00Z,135.8377,-9.72,,,酒店之家(STR)
分档次,中档型酒店OCC,,%,周,2024-06-30T00:00:00Z,60.53,-6.34,,,酒店之家(STR)
分档次,中档型酒店ADR,,元,周,2024-06-30T00:00:00Z,233.49,-8.19,,,酒店之家(STR)
分档次,中档型酒店RevPAR,,元,周,2024-06-30T00:00:00Z,141.3315,-14.01,,,酒店之家(STR)
分档次,中档型酒店OCC,,%,周,2024-07-07T00:00:00Z,61.57,-9.99,,,酒店之家(STR)
分档次,中档型酒店ADR,,元,周,2024-07-07T00:00:00Z,244.92,-9.55,,,酒店之家(STR)
分档次,中档型酒店RevPAR,,元,周,2024-07-07T00:00:00Z,150.7972,-18.58,,,酒店之家(STR)
分档次,中档型酒店OCC,,%,周,2024-07-14T00:00:00Z,66.27,-7,,,酒店之家(STR)
分档次,中档型酒店ADR,,元,周,2024-07-14T00:00:00Z,255.69,-8.76,,,酒店之家(STR)
分档次,中档型酒店RevPAR,,元,周,2024-07-14T00:00:00Z,169.4458,-15.15,,,酒店之家(STR)
分档次,中档型酒店OCC,,%,周,2024-07-21T00:00:00Z,69.25,-3.63,,,酒店之家(STR)
分档次,中档型酒店ADR,,元,周,2024-07-21T00:00:00Z,265.17,-8.11,,,酒店之家(STR)
分档次,中档型酒店RevPAR,,元,周,2024-07-21T00:00:00Z,183.6302,-11.45,,,酒店之家(STR)
分档次,中档型酒店OCC,,%,周,2024-07-28T00:00:00Z,67.8,-5.2,,,酒店之家(STR)
分档次,中档型酒店ADR,,元,周,2024-07-28T00:00:00Z,264.96,-9.46,,,酒店之家(STR)
分档次,中档型酒店RevPAR,,元,周,2024-07-28T00:00:00Z,179.6429,-14.17,,,酒店之家(STR)
分档次,中档型酒店OCC,,%,周,2024-08-04T00:00:00Z,68.69,-5.12,,,酒店之家(STR)
分档次,中档型酒店ADR,,元,周,2024-08-04T00:00:00Z,273.71,-9.91,,,酒店之家(STR)
分档次,中档型酒店RevPAR,,元,周,2024-08-04T00:00:00Z,188.0114,-14.52,,,酒店之家(STR)
分档次,中档型酒店OCC,,%,周,2024-08-11T00:00:00Z,72.42,-1.82,,,酒店之家(STR)
分档次,中档型酒店ADR,,元,周,2024-08-11T00:00:00Z,286.28,-8.13,,,酒店之家(STR)
分档次,中档型酒店RevPAR,,元,周,2024-08-11T00:00:00Z,207.324,-9.8,,,酒店之家(STR)
分档次,中档型酒店OCC,,%,周,2024-08-18T00:00:00Z,67.95,-4.82,,,酒店之家(STR)
分档次,中档型酒店ADR,,元,周,2024-08-18T00:00:00Z,275.84,-9.14,,,酒店之家(STR)
分档次,中档型酒店RevPAR,,元,周,2024-08-18T00:00:00Z,187.4333,-13.52,,,酒店之家(STR)
分档次,中档型酒店OCC,,%,周,2024-08-25T00:00:00Z,67.43,1.4,,,酒店之家(STR)
分档次,中档型酒店ADR,,元,周,2024-08-25T00:00:00Z,263.44,-4.75,,,酒店之家(STR)
分档次,中档型酒店RevPAR,,元,周,2024-08-25T00:00:00Z,177.6376,-3.42,,,酒店之家(STR)
分档次,中档型酒店OCC,,%,周,2024-09-01T00:00:00Z,57.04,4.6,,,酒店之家(STR)
分档次,中档型酒店ADR,,元,周,2024-09-01T00:00:00Z,235.8,-2.45,,,酒店之家(STR)
分档次,中档型酒店RevPAR,,元,周,2024-09-01T00:00:00Z,134.5003,2.04,,,酒店之家(STR)
分档次,中档型酒店OCC,,%,周,2024-09-08T00:00:00Z,56.9,-4.01,,,酒店之家(STR)
分档次,中档型酒店ADR,,元,周,2024-09-08T00:00:00Z,225.8,-6.46,,,酒店之家(STR)
分档次,中档型酒店RevPAR,,元,周,2024-09-08T00:00:00Z,128.4802,-10.21,,,酒店之家(STR)
分档次,中档型酒店OCC,,%,周,2024-09-15T00:00:00Z,56.38,-8.67,,,酒店之家(STR)
分档次,中档型酒店ADR,,元,周,2024-09-15T00:00:00Z,225.77,-5.91,,,酒店之家(STR)
分档次,中档型酒店RevPAR,,元,周,2024-09-15T00:00:00Z,127.2891,-14.06,,,酒店之家(STR)
分档次,中档型酒店OCC,,%,周,2024-09-22T00:00:00Z,52.3,-14.18,,,酒店之家(STR)
分档次,中档型酒店ADR,,元,周,2024-09-22T00:00:00Z,220.12,-8.28,,,酒店之家(STR)
分档次,中档型酒店RevPAR,,元,周,2024-09-22T00:00:00Z,115.1228,-21.29,,,酒店之家(STR)
分档次,中档型酒店OCC,,%,周,2024-09-29T00:00:00Z,56.08,-4.23,,,酒店之家(STR)
分档次,中档型酒店ADR,,元,周,2024-09-29T00:00:00Z,217.89,-30.67,,,酒店之家(STR)
分档次,中档型酒店RevPAR,,元,周,2024-09-29T00:00:00Z,122.1927,-33.61,,,酒店之家(STR)
分档次,中档型酒店OCC,,%,周,2024-10-06T00:00:00Z,68.08,17.06,,,酒店之家(STR)
分档次,中档型酒店ADR,,元,周,2024-10-06T00:00:00Z,317.4,2.13,,,酒店之家(STR)
分档次,中档型酒店RevPAR,,元,周,2024-10-06T00:00:00Z,216.0859,19.55,,,酒店之家(STR)
分档次,中档型酒店OCC,,%,周,2024-10-13T00:00:00Z,48.51,-15.1,,,酒店之家(STR)
分档次,中档型酒店ADR,,元,周,2024-10-13T00:00:00Z,210.55,-11.07,,,酒店之家(STR)
分档次,中档型酒店RevPAR,,元,周,2024-10-13T00:00:00Z,102.1378,-24.5,,,酒店之家(STR)
分档次,中档型酒店OCC,,%,周,2024-10-20T00:00:00Z,60.81,-0.38,,,酒店之家(STR)
分档次,中档型酒店ADR,,元,周,2024-10-20T00:00:00Z,222.72,-7.23,,,酒店之家(STR)
分档次,中档型酒店RevPAR,,元,周,2024-10-20T00:00:00Z,135.436,-7.58,,,酒店之家(STR)
分档次,中档型酒店OCC,,%,周,2024-10-27T00:00:00Z,58.59,-1.53,,,酒店之家(STR)
分档次,中档型酒店ADR,,元,周,2024-10-27T00:00:00Z,221.56,-6.67,,,酒店之家(STR)
分档次,中档型酒店RevPAR,,元,周,2024-10-27T00:00:00Z,129.812,-8.1,,,酒店之家(STR)
分档次,中档型酒店OCC,,%,周,2024-11-03T00:00:00Z,54.82,-0.94,,,酒店之家(STR)
分档次,中档型酒店ADR,,元,周,2024-11-03T00:00:00Z,217.34,-5.27,,,酒店之家(STR)
分档次,中档型酒店RevPAR,,元,周,2024-11-03T00:00:00Z,119.1458,-6.16,,,酒店之家(STR)
分档次,中档型酒店OCC,,%,周,2024-11-10T00:00:00Z,55.28,-1.71,,,酒店之家(STR)
分档次,中档型酒店ADR,,元,周,2024-11-10T00:00:00Z,215.72,-4.89,,,酒店之家(STR)
分档次,中档型酒店RevPAR,,元,周,2024-11-10T00:00:00Z,119.25,-6.51,,,酒店之家(STR)
分档次,中档型酒店OCC,,%,周,2024-11-17T00:00:00Z,56.35,-2.69,,,酒店之家(STR)
分档次,中档型酒店ADR,,元,周,2024-11-17T00:00:00Z,215.88,-4.55,,,酒店之家(STR)
分档次,中档型酒店RevPAR,,元,周,2024-11-17T00:00:00Z,121.6484,-7.13,,,酒店之家(STR)
分档次,中档型酒店OCC,,%,周,2024-11-24T00:00:00Z,56.19,-3.14,,,酒店之家(STR)
分档次,中档型酒店ADR,,元,周,2024-11-24T00:00:00Z,213.61,-5.38,,,酒店之家(STR)
分档次,中档型酒店RevPAR,,元,周,2024-11-24T00:00:00Z,120.0275,-8.35,,,酒店之家(STR)
分档次,中档型酒店OCC,,%,周,2024-12-01T00:00:00Z,57.13,1.71,,,酒店之家(STR)
分档次,中档型酒店ADR,,元,周,2024-12-01T00:00:00Z,213.92,-3.68,,,酒店之家(STR)
分档次,中档型酒店RevPAR,,元,周,2024-12-01T00:00:00Z,122.2125,-2.04,,,酒店之家(STR)
分档次,中档型酒店OCC,,%,周,2024-12-08T00:00:00Z,54.51,-1.89,,,酒店之家(STR)
分档次,中档型酒店ADR,,元,周,2024-12-08T00:00:00Z,212.3,-4.64,,,酒店之家(STR)
分档次,中档型酒店RevPAR,,元,周,2024-12-08T00:00:00Z,115.7247,-6.44,,,酒店之家(STR)
分档次,中档型酒店OCC,,%,周,2024-12-15T00:00:00Z,53.17,-3.27,,,酒店之家(STR)
分档次,中档型酒店ADR,,元,周,2024-12-15T00:00:00Z,210.04,-4.8,,,酒店之家(STR)
分档次,中档型酒店RevPAR,,元,周,2024-12-15T00:00:00Z,111.6783,-7.91,,,酒店之家(STR)
分档次,中档型酒店OCC,,%,周,2024-12-22T00:00:00Z,54.01,-4.74,,,酒店之家(STR)
分档次,中档型酒店ADR,,元,周,2024-12-22T00:00:00Z,214.94,-5.08,,,酒店之家(STR)
分档次,中档型酒店RevPAR,,元,周,2024-12-22T00:00:00Z,116.0891,-9.58,,,酒店之家(STR)
分档次,中档型酒店OCC,,%,周,2024-12-29T00:00:00Z,52.94,-11.04,,,酒店之家(STR)
分档次,中档型酒店ADR,,元,周,2024-12-29T00:00:00Z,212.46,-12.78,,,酒店之家(STR)
分档次,中档型酒店RevPAR,,元,周,2024-12-29T00:00:00Z,112.4763,-22.41,,,酒店之家(STR)
分档次,中档型酒店OCC,,%,周,2025-01-05T00:00:00Z,50.39,2.21,,,酒店之家(STR)
分档次,中档型酒店ADR,,元,周,2025-01-05T00:00:00Z,216.45,0.29,,,酒店之家(STR)
分档次,中档型酒店RevPAR,,元,周,2025-01-05T00:00:00Z,109.0692,2.51,,,酒店之家(STR)
分档次,中档型酒店OCC,,%,周,2025-01-12T00:00:00Z,53.83,-3.53,,,酒店之家(STR)
分档次,中档型酒店ADR,,元,周,2025-01-12T00:00:00Z,209.28,-4.35,,,酒店之家(STR)
分档次,中档型酒店RevPAR,,元,周,2025-01-12T00:00:00Z,112.6554,-7.73,,,酒店之家(STR)
分档次,中档型酒店OCC,,%,周,2025-01-19T00:00:00Z,55.09,-6.52,,,酒店之家(STR)
分档次,中档型酒店ADR,,元,周,2025-01-19T00:00:00Z,216.47,-3.3,,,酒店之家(STR)
分档次,中档型酒店RevPAR,,元,周,2025-01-19T00:00:00Z,119.2533,-9.6,,,酒店之家(STR)
分档次,中档型酒店OCC,,%,周,2025-01-26T00:00:00Z,50.3,-17.15,,,酒店之家(STR)
分档次,中档型酒店ADR,,元,周,2025-01-26T00:00:00Z,218.38,-5.33,,,酒店之家(STR)
分档次,中档型酒店RevPAR,,元,周,2025-01-26T00:00:00Z,109.8451,-21.56,,,酒店之家(STR)
分档次,中档型酒店OCC,,%,周,2025-02-02T00:00:00Z,55.45,-1.56,,,酒店之家(STR)
分档次,中档型酒店ADR,,元,周,2025-02-02T00:00:00Z,310.92,34.67,,,酒店之家(STR)
分档次,中档型酒店RevPAR,,元,周,2025-02-02T00:00:00Z,172.4051,32.56,,,酒店之家(STR)
分档次,中档型酒店OCC,,%,周,2025-02-09T00:00:00Z,55.06,18.92,,,酒店之家(STR)
分档次,中档型酒店ADR,,元,周,2025-02-09T00:00:00Z,237.55,-12.2,,,酒店之家(STR)
分档次,中档型酒店RevPAR,,元,周,2025-02-09T00:00:00Z,130.795,4.41,,,酒店之家(STR)
分档次,中档型酒店OCC,,%,周,2025-02-16T00:00:00Z,51.86,-20.45,,,酒店之家(STR)
分档次,中档型酒店ADR,,元,周,2025-02-16T00:00:00Z,217.78,-30.34,,,酒店之家(STR)
分档次,中档型酒店RevPAR,,元,周,2025-02-16T00:00:00Z,112.9407,-44.58,,,酒店之家(STR)
分档次,中档型酒店OCC,,%,周,2025-02-23T00:00:00Z,55.18,9.16,,,酒店之家(STR)
分档次,中档型酒店ADR,,元,周,2025-02-23T00:00:00Z,217.03,-3.38,,,酒店之家(STR)
分档次,中档型酒店RevPAR,,元,周,2025-02-23T00:00:00Z,119.7572,5.47,,,酒店之家(STR)
分档次,中档型酒店OCC,,%,周,2025-03-02T00:00:00Z,53.56,-2.95,,,酒店之家(STR)
分档次,中档型酒店ADR,,元,周,2025-03-02T00:00:00Z,214.33,-3.91,,,酒店之家(STR)
分档次,中档型酒店RevPAR,,元,周,2025-03-02T00:00:00Z,114.7951,-6.75,,,酒店之家(STR)
分档次,中档型酒店OCC,,%,周,2025-03-09T00:00:00Z,51.9,-8.82,,,酒店之家(STR)
分档次,中档型酒店ADR,,元,周,2025-03-09T00:00:00Z,212.94,-6.41,,,酒店之家(STR)
分档次,中档型酒店RevPAR,,元,周,2025-03-09T00:00:00Z,110.5159,-14.66,,,酒店之家(STR)
分档次,中档型酒店OCC,,%,周,2025-03-16T00:00:00Z,56.45,1.24,,,酒店之家(STR)
分档次,中档型酒店ADR,,元,周,2025-03-16T00:00:00Z,216.04,-6.74,,,酒店之家(STR)
分档次,中档型酒店RevPAR,,元,周,2025-03-16T00:00:00Z,121.9546,-5.58,,,酒店之家(STR)
分档次,中档型酒店OCC,,%,周,2025-03-23T00:00:00Z,58.05,-2.16,,,酒店之家(STR)
分档次,中档型酒店ADR,,元,周,2025-03-23T00:00:00Z,223.24,-4.03,,,酒店之家(STR)
分档次,中档型酒店RevPAR,,元,周,2025-03-23T00:00:00Z,129.5908,-6.1,,,酒店之家(STR)
分档次,中档型酒店OCC,,%,周,2025-03-30T00:00:00Z,58.13,-3.6,,,酒店之家(STR)
分档次,中档型酒店ADR,,元,周,2025-03-30T00:00:00Z,224.15,-5.84,,,酒店之家(STR)
分档次,中档型酒店RevPAR,,元,周,2025-03-30T00:00:00Z,130.2984,-9.23,,,酒店之家(STR)
分档次,中档型酒店OCC,,%,周,2025-04-06T00:00:00Z,54.02,-1.12,,,酒店之家(STR)
分档次,中档型酒店ADR,,元,周,2025-04-06T00:00:00Z,236.41,-4.94,,,酒店之家(STR)
分档次,中档型酒店RevPAR,,元,周,2025-04-06T00:00:00Z,127.7087,-6,,,酒店之家(STR)
分档次,中档型酒店OCC,,%,周,2025-04-13T00:00:00Z,57.64,-7.58,,,酒店之家(STR)
分档次,中档型酒店ADR,,元,周,2025-04-13T00:00:00Z,222.35,-9.08,,,酒店之家(STR)
分档次,中档型酒店RevPAR,,元,周,2025-04-13T00:00:00Z,128.1625,-15.98,,,酒店之家(STR)
分档次,中档型酒店OCC,,%,周,2025-04-20T00:00:00Z,62.9,-1.41,,,酒店之家(STR)
分档次,中档型酒店ADR,,元,周,2025-04-20T00:00:00Z,232.91,-4.47,,,酒店之家(STR)
分档次,中档型酒店RevPAR,,元,周,2025-04-20T00:00:00Z,146.5004,-5.81,,,酒店之家(STR)
分档次,中档型酒店OCC,,%,周,2025-04-27T00:00:00Z,59.4,-1.03,,,酒店之家(STR)
分档次,中档型酒店ADR,,元,周,2025-04-27T00:00:00Z,224.61,-4.6,,,酒店之家(STR)
分档次,中档型酒店RevPAR,,元,周,2025-04-27T00:00:00Z,133.4183,-5.59,,,酒店之家(STR)
分档次,中档型酒店OCC,,%,周,2025-05-04T00:00:00Z,65.84,6.02,,,酒店之家(STR)
分档次,中档型酒店ADR,,元,周,2025-05-04T00:00:00Z,328.62,1.79,,,酒店之家(STR)
分档次,中档型酒店RevPAR,,元,周,2025-05-04T00:00:00Z,216.3634,7.92,,,酒店之家(STR)
分档次,中档型酒店OCC,,%,周,2025-05-11T00:00:00Z,50.55,-4.44,,,酒店之家(STR)
分档次,中档型酒店ADR,,元,周,2025-05-11T00:00:00Z,217.77,-2.1,,,酒店之家(STR)
分档次,中档型酒店RevPAR,,元,周,2025-05-11T00:00:00Z,110.0827,-6.44,,,酒店之家(STR)
分档次,中档型酒店OCC,,%,周,2025-05-18T00:00:00Z,60.09,-1.89,,,酒店之家(STR)
分档次,中档型酒店ADR,,元,周,2025-05-18T00:00:00Z,225.45,-3.37,,,酒店之家(STR)
分档次,中档型酒店RevPAR,,元,周,2025-05-18T00:00:00Z,135.4729,-5.2,,,酒店之家(STR)
分档次,中档型酒店OCC,,%,周,2025-05-25T00:00:00Z,59.51,-0.23,,,酒店之家(STR)
分档次,中档型酒店ADR,,元,周,2025-05-25T00:00:00Z,223.43,-2.64,,,酒店之家(STR)
分档次,中档型酒店RevPAR,,元,周,2025-05-25T00:00:00Z,132.9632,-2.86,,,酒店之家(STR)
分档次,中档型酒店OCC,,%,周,2025-06-01T00:00:00Z,54.89,-1.54,,,酒店之家(STR)
分档次,中档型酒店ADR,,元,周,2025-06-01T00:00:00Z,233.44,3.21,,,酒店之家(STR)
分档次,中档型酒店RevPAR,,元,周,2025-06-01T00:00:00Z,128.1352,1.62,,,酒店之家(STR)
分档次,中档型酒店OCC,,%,周,2025-06-08T00:00:00Z,52.18,-9.72,,,酒店之家(STR)
分档次,中档型酒店ADR,,元,周,2025-06-08T00:00:00Z,222.85,-6.86,,,酒店之家(STR)
分档次,中档型酒店RevPAR,,元,周,2025-06-08T00:00:00Z,116.2831,-15.92,,,酒店之家(STR)
分档次,中档型酒店OCC,,%,周,2025-06-15T00:00:00Z,57.83,3.94,,,酒店之家(STR)
分档次,中档型酒店ADR,,元,周,2025-06-15T00:00:00Z,224.07,-0.71,,,酒店之家(STR)
分档次,中档型酒店RevPAR,,元,周,2025-06-15T00:00:00Z,129.5797,3.19,,,酒店之家(STR)
分档次,中档型酒店OCC,,%,周,2025-06-22T00:00:00Z,59.92,2.5,,,酒店之家(STR)
分档次,中档型酒店ADR,,元,周,2025-06-22T00:00:00Z,227,-2.31,,,酒店之家(STR)
分档次,中档型酒店RevPAR,,元,周,2025-06-22T00:00:00Z,136.0184,0.13,,,酒店之家(STR)
分档次,中档型酒店OCC,,%,周,2025-06-29T00:00:00Z,59.4,-1.87,,,酒店之家(STR)
分档次,中档型酒店ADR,,元,周,2025-06-29T00:00:00Z,231.35,-0.92,,,酒店之家(STR)
分档次,中档型酒店RevPAR,,元,周,2025-06-29T00:00:00Z,137.4219,-2.77,,,酒店之家(STR)
分档次,中档型酒店OCC,,%,周,2025-07-06T00:00:00Z,59.05,-4.09,,,酒店之家(STR)
分档次,中档型酒店ADR,,元,周,2025-07-06T00:00:00Z,240.34,-1.87,,,酒店之家(STR)
分档次,中档型酒店RevPAR,,元,周,2025-07-06T00:00:00Z,141.9208,-5.89,,,酒店之家(STR)
分档次,中档型酒店OCC,,%,周,2025-07-13T00:00:00Z,64.42,-2.79,,,酒店之家(STR)
分档次,中档型酒店ADR,,元,周,2025-07-13T00:00:00Z,251.48,-1.65,,,酒店之家(STR)
分档次,中档型酒店RevPAR,,元,周,2025-07-13T00:00:00Z,162.0034,-4.39,,,酒店之家(STR)
分档次,中档型酒店OCC,,%,周,2025-07-20T00:00:00Z,68.3,-1.37,,,酒店之家(STR)
分档次,中档型酒店ADR,,元,周,2025-07-20T00:00:00Z,258.96,-2.34,,,酒店之家(STR)
分档次,中档型酒店RevPAR,,元,周,2025-07-20T00:00:00Z,176.8697,-3.68,,,酒店之家(STR)
分档次,中档型酒店OCC,,%,周,2025-07-27T00:00:00Z,67.44,-0.53,,,酒店之家(STR)
分档次,中档型酒店ADR,,元,周,2025-07-27T00:00:00Z,263.25,-0.65,,,酒店之家(STR)
分档次,中档型酒店RevPAR,,元,周,2025-07-27T00:00:00Z,177.5358,-1.17,,,酒店之家(STR)
分档次,中档型酒店OCC,,%,周,2025-08-03T00:00:00Z,67.95,-1.08,,,酒店之家(STR)
分档次,中档型酒店ADR,,元,周,2025-08-03T00:00:00Z,270.23,-1.27,,,酒店之家(STR)
分档次,中档型酒店RevPAR,,元,周,2025-08-03T00:00:00Z,183.6213,-2.34,,,酒店之家(STR)
分档次,中档型酒店OCC,,%,周,2025-08-10T00:00:00Z,70.68,-2.4,,,酒店之家(STR)
分档次,中档型酒店ADR,,元,周,2025-08-10T00:00:00Z,287.12,0.29,,,酒店之家(STR)
分档次,中档型酒店RevPAR,,元,周,2025-08-10T00:00:00Z,202.9364,-2.12,,,酒店之家(STR)
分档次,中档型酒店OCC,,%,周,2025-08-17T00:00:00Z,70.67,4,,,酒店之家(STR)
分档次,中档型酒店ADR,,元,周,2025-08-17T00:00:00Z,284.71,3.22,,,酒店之家(STR)
分档次,中档型酒店RevPAR,,元,周,2025-08-17T00:00:00Z,201.2046,7.35,,,酒店之家(STR)
分档次,中档型酒店OCC,,%,周,2025-08-24T00:00:00Z,67.28,-0.22,,,酒店之家(STR)
分档次,中档型酒店ADR,,元,周,2025-08-24T00:00:00Z,267.12,1.4,,,酒店之家(STR)
分档次,中档型酒店RevPAR,,元,周,2025-08-24T00:00:00Z,179.7183,1.17,,,酒店之家(STR)
分档次,中档型酒店OCC,,%,周,2025-08-31T00:00:00Z,60.73,6.47,,,酒店之家(STR)
分档次,中档型酒店ADR,,元,周,2025-08-31T00:00:00Z,238.31,1.06,,,酒店之家(STR)
分档次,中档型酒店RevPAR,,元,周,2025-08-31T00:00:00Z,144.7257,7.6,,,酒店之家(STR)
分档次,中档型酒店OCC,,%,周,2025-09-07T00:00:00Z,51.35,-9.75,,,酒店之家(STR)
分档次,中档型酒店ADR,,元,周,2025-09-07T00:00:00Z,222.38,-1.51,,,酒店之家(STR)
分档次,中档型酒店RevPAR,,元,周,2025-09-07T00:00:00Z,114.1921,-11.12,,,酒店之家(STR)
分档次,中档型酒店OCC,,%,周,2025-09-14T00:00:00Z,59.36,5.29,,,酒店之家(STR)
分档次,中档型酒店ADR,,元,周,2025-09-14T00:00:00Z,226.26,0.22,,,酒店之家(STR)
分档次,中档型酒店RevPAR,,元,周,2025-09-14T00:00:00Z,134.3079,5.51,,,酒店之家(STR)
分档次,中档型酒店OCC,,%,周,2025-09-21T00:00:00Z,60.26,15.22,,,酒店之家(STR)
分档次,中档型酒店ADR,,元,周,2025-09-21T00:00:00Z,226.43,2.87,,,酒店之家(STR)
分档次,中档型酒店RevPAR,,元,周,2025-09-21T00:00:00Z,136.4467,18.52,,,酒店之家(STR)
分档次,中档型酒店OCC,,%,周,2025-09-28T00:00:00Z,53.84,-3.99,,,酒店之家(STR)
分档次,中档型酒店ADR,,元,周,2025-09-28T00:00:00Z,217.31,-0.27,,,酒店之家(STR)
分档次,中档型酒店RevPAR,,元,周,2025-09-28T00:00:00Z,116.9997,-4.25,,,酒店之家(STR)
分档次,中档型酒店OCC,,%,周,2025-10-05T00:00:00Z,67.4,-1,,,酒店之家(STR)
分档次,中档型酒店ADR,,元,周,2025-10-05T00:00:00Z,339.67,7.02,,,酒店之家(STR)
分档次,中档型酒店RevPAR,,元,周,2025-10-05T00:00:00Z,228.9376,5.95,,,酒店之家(STR)
分档次,中档型酒店OCC,,%,周,2025-10-12T00:00:00Z,47.07,-2.97,,,酒店之家(STR)
分档次,中档型酒店ADR,,元,周,2025-10-12T00:00:00Z,221.48,5.19,,,酒店之家(STR)
分档次,中档型酒店RevPAR,,元,周,2025-10-12T00:00:00Z,104.2506,2.07,,,酒店之家(STR)
分档次,中档型酒店OCC,,%,周,2025-10-19T00:00:00Z,60.37,-0.72,,,酒店之家(STR)
分档次,中档型酒店ADR,,元,周,2025-10-19T00:00:00Z,223.14,0.19,,,酒店之家(STR)
分档次,中档型酒店RevPAR,,元,周,2025-10-19T00:00:00Z,134.7096,-0.54,,,酒店之家(STR)
分档次,中档型酒店OCC,,%,周,2025-10-26T00:00:00Z,59.13,0.92,,,酒店之家(STR)
分档次,中档型酒店ADR,,元,周,2025-10-26T00:00:00Z,223.62,0.93,,,酒店之家(STR)
分档次,中档型酒店RevPAR,,元,周,2025-10-26T00:00:00Z,132.2265,1.86,,,酒店之家(STR)
分档次,中档型酒店OCC,,%,周,2025-11-02T00:00:00Z,56.51,3.08,,,酒店之家(STR)
分档次,中档型酒店ADR,,元,周,2025-11-02T00:00:00Z,219.54,1.01,,,酒店之家(STR)
分档次,中档型酒店RevPAR,,元,周,2025-11-02T00:00:00Z,124.0621,4.13,,,酒店之家(STR)
分档次,中档型酒店OCC,,%,周,2025-11-09T00:00:00Z,55.27,-0.02,,,酒店之家(STR)
分档次,中档型酒店ADR,,元,周,2025-11-09T00:00:00Z,217.44,0.8,,,酒店之家(STR)
分档次,中档型酒店RevPAR,,元,周,2025-11-09T00:00:00Z,120.1791,0.78,,,酒店之家(STR)
分档次,中档型酒店OCC,,%,周,2025-11-16T00:00:00Z,57.6,2.22,,,酒店之家(STR)
分档次,中档型酒店ADR,,元,周,2025-11-16T00:00:00Z,221.26,2.49,,,酒店之家(STR)
分档次,中档型酒店RevPAR,,元,周,2025-11-16T00:00:00Z,127.4458,4.77,,,酒店之家(STR)
分档次,中档型酒店OCC,,%,周,2025-11-23T00:00:00Z,56.37,0.32,,,酒店之家(STR)
分档次,中档型酒店ADR,,元,周,2025-11-23T00:00:00Z,216.34,1.28,,,酒店之家(STR)
分档次,中档型酒店RevPAR,,元,周,2025-11-23T00:00:00Z,121.9509,1.6,,,酒店之家(STR)
分档次,中档型酒店OCC,,%,周,2025-11-30T00:00:00Z,56.18,-1.66,,,酒店之家(STR)
分档次,中档型酒店ADR,,元,周,2025-11-30T00:00:00Z,215.18,0.59,,,酒店之家(STR)
分档次,中档型酒店RevPAR,,元,周,2025-11-30T00:00:00Z,120.8881,-1.08,,,酒店之家(STR)
分档次,中档型酒店OCC,,%,周,2025-12-07T00:00:00Z,53.74,-1.41,,,酒店之家(STR)
分档次,中档型酒店ADR,,元,周,2025-12-07T00:00:00Z,214.36,0.97,,,酒店之家(STR)
分档次,中档型酒店RevPAR,,元,周,2025-12-07T00:00:00Z,115.1971,-0.46,,,酒店之家(STR)
分档次,中档型酒店OCC,,%,周,2025-12-14T00:00:00Z,53.3,0.24,,,酒店之家(STR)
分档次,中档型酒店ADR,,元,周,2025-12-14T00:00:00Z,208.61,-0.68,,,酒店之家(STR)
分档次,中档型酒店RevPAR,,元,周,2025-12-14T00:00:00Z,111.1891,-0.44,,,酒店之家(STR)
分档次,中档型酒店OCC,,%,周,2025-12-21T00:00:00Z,54.64,1.17,,,酒店之家(STR)
分档次,中档型酒店ADR,,元,周,2025-12-21T00:00:00Z,214.73,-0.1,,,酒店之家(STR)
分档次,中档型酒店RevPAR,,元,周,2025-12-21T00:00:00Z,117.3285,1.07,,,酒店之家(STR)
分档次,中档型酒店OCC,,%,周,2025-12-28T00:00:00Z,54.03,2.06,,,酒店之家(STR)
分档次,中档型酒店ADR,,元,周,2025-12-28T00:00:00Z,212.15,-0.15,,,酒店之家(STR)
分档次,中档型酒店RevPAR,,元,周,2025-12-28T00:00:00Z,114.6246,1.91,,,酒店之家(STR)
分档次,中档型酒店OCC,,%,周,2026-01-04T00:00:00Z,54.75,8.65,,,酒店之家(STR)
分档次,中档型酒店ADR,,元,周,2026-01-04T00:00:00Z,237.17,9.57,,,酒店之家(STR)
分档次,中档型酒店RevPAR,,元,周,2026-01-04T00:00:00Z,129.8506,19.05,,,酒店之家(STR)
分档次,中档型酒店OCC,,%,周,2026-01-11T00:00:00Z,51.21,-4.87,,,酒店之家(STR)
分档次,中档型酒店ADR,,元,周,2026-01-11T00:00:00Z,205.42,-1.84,,,酒店之家(STR)
分档次,中档型酒店RevPAR,,元,周,2026-01-11T00:00:00Z,105.1956,-6.62,,,酒店之家(STR)
分档次,中档型酒店OCC,,%,周,2026-01-18T00:00:00Z,54.6,-0.89,,,酒店之家(STR)
分档次,中档型酒店ADR,,元,周,2026-01-18T00:00:00Z,208.26,-3.79,,,酒店之家(STR)
分档次,中档型酒店RevPAR,,元,周,2026-01-18T00:00:00Z,113.71,-4.65,,,酒店之家(STR)
分档次,中档型酒店OCC,,%,周,2026-01-25T00:00:00Z,54.94,9.22,,,酒店之家(STR)
分档次,中档型酒店ADR,,元,周,2026-01-25T00:00:00Z,212.4,-2.74,,,酒店之家(STR)
分档次,中档型酒店RevPAR,,元,周,2026-01-25T00:00:00Z,116.6926,6.23,,,酒店之家(STR)
分档次,中档型酒店OCC,,%,周,2026-02-01T00:00:00Z,56.59,2.06,,,酒店之家(STR)
分档次,中档型酒店ADR,,元,周,2026-02-01T00:00:00Z,219.38,-29.44,,,酒店之家(STR)
分档次,中档型酒店RevPAR,,元,周,2026-02-01T00:00:00Z,124.1471,-27.99,,,酒店之家(STR)
分档次,中档型酒店OCC,,%,周,2026-02-08T00:00:00Z,58.2,5.7,,,酒店之家(STR)
分档次,中档型酒店ADR,,元,周,2026-02-08T00:00:00Z,228.21,-3.93,,,酒店之家(STR)
分档次,中档型酒店RevPAR,,元,周,2026-02-08T00:00:00Z,132.8182,1.55,,,酒店之家(STR)
分档次,中档型酒店OCC,,%,周,2026-02-15T00:00:00Z,48.5,-6.48,,,酒店之家(STR)
分档次,中档型酒店ADR,,元,周,2026-02-15T00:00:00Z,231.61,6.35,,,酒店之家(STR)
分档次,中档型酒店RevPAR,,元,周,2026-02-15T00:00:00Z,112.3308,-0.54,,,酒店之家(STR)
分档次,中档型酒店OCC,,%,周,2026-02-22T00:00:00Z,62.98,14.14,,,酒店之家(STR)
分档次,中档型酒店ADR,,元,周,2026-02-22T00:00:00Z,357.57,64.76,,,酒店之家(STR)
分档次,中档型酒店RevPAR,,元,周,2026-02-22T00:00:00Z,225.1976,88.05,,,酒店之家(STR)
分档次,中档型酒店OCC,,%,周,2026-03-01T00:00:00Z,52.93,-1.18,,,酒店之家(STR)
分档次,中档型酒店ADR,,元,周,2026-03-01T00:00:00Z,223.79,4.41,,,酒店之家(STR)
分档次,中档型酒店RevPAR,,元,周,2026-03-01T00:00:00Z,118.452,3.19,,,酒店之家(STR)
分档次,中档型酒店OCC,,%,周,2026-03-08T00:00:00Z,50.41,-2.87,,,酒店之家(STR)
分档次,中档型酒店ADR,,元,周,2026-03-08T00:00:00Z,211.19,-0.82,,,酒店之家(STR)
分档次,中档型酒店RevPAR,,元,周,2026-03-08T00:00:00Z,106.4609,-3.67,,,酒店之家(STR)
分档次,中档型酒店OCC,,%,周,2026-03-15T00:00:00Z,56.29,-0.28,,,酒店之家(STR)
分档次,中档型酒店ADR,,元,周,2026-03-15T00:00:00Z,221.38,2.47,,,酒店之家(STR)
分档次,中档型酒店RevPAR,,元,周,2026-03-15T00:00:00Z,124.6148,2.18,,,酒店之家(STR)
分档次,中档型酒店OCC,,%,周,2026-03-22T00:00:00Z,56.64,-2.43,,,酒店之家(STR)
分档次,中档型酒店ADR,,元,周,2026-03-22T00:00:00Z,223.81,0.26,,,酒店之家(STR)
分档次,中档型酒店RevPAR,,元,周,2026-03-22T00:00:00Z,126.766,-2.18,,,酒店之家(STR)
分档次,中档型酒店OCC,,%,周,2026-03-29T00:00:00Z,58.19,0.1,,,酒店之家(STR)
分档次,中档型酒店ADR,,元,周,2026-03-29T00:00:00Z,227.54,1.51,,,酒店之家(STR)
分档次,中档型酒店RevPAR,,元,周,2026-03-29T00:00:00Z,132.4055,1.62,,,酒店之家(STR)
分档次,中档型酒店OCC,,%,周,2026-04-05T00:00:00Z,57.47,6.39,,,酒店之家(STR)
分档次,中档型酒店ADR,,元,周,2026-04-05T00:00:00Z,258.56,9.37,,,酒店之家(STR)
分档次,中档型酒店RevPAR,,元,周,2026-04-05T00:00:00Z,148.5944,16.35,,,酒店之家(STR)
分档次,中档型酒店OCC,,%,周,2026-04-12T00:00:00Z,54.35,-5.71,,,酒店之家(STR)
分档次,中档型酒店ADR,,元,周,2026-04-12T00:00:00Z,226.58,1.9,,,酒店之家(STR)
分档次,中档型酒店RevPAR,,元,周,2026-04-12T00:00:00Z,123.1462,-3.91,,,酒店之家(STR)
分档次,中档型酒店OCC,,%,周,2026-04-19T00:00:00Z,62.35,-0.87,,,酒店之家(STR)
分档次,中档型酒店ADR,,元,周,2026-04-19T00:00:00Z,241.24,3.58,,,酒店之家(STR)
分档次,中档型酒店RevPAR,,元,周,2026-04-19T00:00:00Z,150.4131,2.67,,,酒店之家(STR)
分档次,中档型酒店OCC,,%,周,2026-04-26T00:00:00Z,60.59,2,,,酒店之家(STR)
分档次,中档型酒店ADR,,元,周,2026-04-26T00:00:00Z,234.44,4.38,,,酒店之家(STR)
分档次,中档型酒店RevPAR,,元,周,2026-04-26T00:00:00Z,142.0472,6.47,,,酒店之家(STR)
分档次,中档型酒店OCC,,%,周,2026-05-03T00:00:00Z,64.49,-2.05,,,酒店之家(STR)
分档次,中档型酒店ADR,,元,周,2026-05-03T00:00:00Z,330.66,0.62,,,酒店之家(STR)
分档次,中档型酒店RevPAR,,元,周,2026-05-03T00:00:00Z,213.2426,-1.44,,,酒店之家(STR)
分档次,中档型酒店OCC,,%,周,2026-05-10T00:00:00Z,48.79,-3.48,,,酒店之家(STR)
分档次,中档型酒店ADR,,元,周,2026-05-10T00:00:00Z,224.09,2.9,,,酒店之家(STR)
分档次,中档型酒店RevPAR,,元,周,2026-05-10T00:00:00Z,109.3335,-0.68,,,酒店之家(STR)
分档次,中档型酒店OCC,,%,周,2026-05-17T00:00:00Z,58.85,-2.06,,,酒店之家(STR)
分档次,中档型酒店ADR,,元,周,2026-05-17T00:00:00Z,225.31,-0.06,,,酒店之家(STR)
分档次,中档型酒店RevPAR,,元,周,2026-05-17T00:00:00Z,132.5949,-2.12,,,酒店之家(STR)
分档次,中档型酒店OCC,,%,周,2026-05-24T00:00:00Z,59.28,-0.39,,,酒店之家(STR)
分档次,中档型酒店ADR,,元,周,2026-05-24T00:00:00Z,223.67,0.11,,,酒店之家(STR)
分档次,中档型酒店RevPAR,,元,周,2026-05-24T00:00:00Z,132.5916,-0.28,,,酒店之家(STR)
分档次,中档型酒店OCC,,%,周,2026-05-31T00:00:00Z,57.21,4.23,,,酒店之家(STR)
分档次,中档型酒店ADR,,元,周,2026-05-31T00:00:00Z,223.23,-4.37,,,酒店之家(STR)
分档次,中档型酒店RevPAR,,元,周,2026-05-31T00:00:00Z,127.7099,-0.33,,,酒店之家(STR)
分档次,中档型酒店OCC,,%,周,2026-06-07T00:00:00Z,54.58,4.6,,,酒店之家(STR)
分档次,中档型酒店ADR,,元,周,2026-06-07T00:00:00Z,222.66,-0.09,,,酒店之家(STR)
分档次,中档型酒店RevPAR,,元,周,2026-06-07T00:00:00Z,121.5278,4.51,,,酒店之家(STR)
分档次,中档型酒店OCC,,%,周,2026-06-14T00:00:00Z,57.54,-0.5,,,酒店之家(STR)
分档次,中档型酒店ADR,,元,周,2026-06-14T00:00:00Z,222.55,-0.68,,,酒店之家(STR)
分档次,中档型酒店RevPAR,,元,周,2026-06-14T00:00:00Z,128.0553,-1.18,,,酒店之家(STR)
分档次,中档型酒店OCC,,%,周,2026-06-21T00:00:00Z,56.37,-5.92,,,酒店之家(STR)
分档次,中档型酒店ADR,,元,周,2026-06-21T00:00:00Z,233.93,3.05,,,酒店之家(STR)
分档次,中档型酒店RevPAR,,元,周,2026-06-21T00:00:00Z,131.8663,-3.05,,,酒店之家(STR)
分档次,中档型酒店OCC,,%,周,2026-06-28T00:00:00Z,58.32,-1.82,,,酒店之家(STR)
分档次,中档型酒店ADR,,元,周,2026-06-28T00:00:00Z,224.36,-3.02,,,酒店之家(STR)
分档次,中档型酒店RevPAR,,元,周,2026-06-28T00:00:00Z,130.8468,-4.78,,,酒店之家(STR)
分档次,中档型酒店OCC,,%,周,2026-07-05T00:00:00Z,56.77,-3.86,,,酒店之家(STR)
分档次,中档型酒店ADR,,元,周,2026-07-05T00:00:00Z,230.38,-4.14,,,酒店之家(STR)
分档次,中档型酒店RevPAR,,元,周,2026-07-05T00:00:00Z,130.7867,-7.85,,,酒店之家(STR)
分档次,中档型酒店OCC,,%,周,2026-07-12T00:00:00Z,61.66,-4.28,,,酒店之家(STR)
分档次,中档型酒店ADR,,元,周,2026-07-12T00:00:00Z,240.43,-4.39,,,酒店之家(STR)
分档次,中档型酒店RevPAR,,元,周,2026-07-12T00:00:00Z,148.2491,-8.49,,,酒店之家(STR)
分档次,中档型酒店OCC,,%,周,2026-07-19T00:00:00Z,65.16,-4.6,,,酒店之家(STR)
分档次,中档型酒店ADR,,元,周,2026-07-19T00:00:00Z,253.74,-2.02,,,酒店之家(STR)
分档次,中档型酒店RevPAR,,元,周,2026-07-19T00:00:00Z,165.337,-6.52,,,酒店之家(STR)
分档次,中档型酒店OCC,,%,周,2026-07-26T00:00:00Z,66.51,-1.38,,,酒店之家(STR)
分档次,中档型酒店ADR,,元,周,2026-07-26T00:00:00Z,260.98,-0.86,,,酒店之家(STR)
分档次,中档型酒店RevPAR,,元,周,2026-07-26T00:00:00Z,173.5778,-2.23,,,酒店之家(STR)
分档次,中档型酒店OCC,,%,周,2026-08-02T00:00:00Z,66.94,-1.49,,,酒店之家(STR)
分档次,中档型酒店ADR,,元,周,2026-08-02T00:00:00Z,268.63,-0.59,,,酒店之家(STR)
分档次,中档型酒店RevPAR,,元,周,2026-08-02T00:00:00Z,179.8209,-2.07,,,酒店之家(STR)
分档次,中档型酒店OCC,,%,周,2026-08-09T00:00:00Z,70.28,-0.57,,,酒店之家(STR)
分档次,中档型酒店ADR,,元,周,2026-08-09T00:00:00Z,287.25,0.05,,,酒店之家(STR)
分档次,中档型酒店RevPAR,,元,周,2026-08-09T00:00:00Z,201.8793,-0.52,,,酒店之家(STR)
分档次,中档型酒店OCC,,%,周,2026-08-16T00:00:00Z,69.9,-1.09,,,酒店之家(STR)
分档次,中档型酒店ADR,,元,周,2026-08-16T00:00:00Z,284.93,0.08,,,酒店之家(STR)
分档次,中档型酒店RevPAR,,元,周,2026-08-16T00:00:00Z,199.1661,-1.01,,,酒店之家(STR)
分档次,中档型酒店OCC,,%,周,2026-08-23T00:00:00Z,68.73,2.16,,,酒店之家(STR)
分档次,中档型酒店ADR,,元,周,2026-08-23T00:00:00Z,273.44,2.37,,,酒店之家(STR)
分档次,中档型酒店RevPAR,,元,周,2026-08-23T00:00:00Z,187.9353,4.57,,,酒店之家(STR)
分档次,中档型酒店OCC,,%,周,2026-08-30T00:00:00Z,58.21,-4.15,,,酒店之家(STR)
分档次,中档型酒店ADR,,元,周,2026-08-30T00:00:00Z,239.8,0.63,,,酒店之家(STR)
分档次,中档型酒店RevPAR,,元,周,2026-08-30T00:00:00Z,139.5876,-3.55,,,酒店之家(STR)
分档次,中档型酒店OCC,,%,周,2026-09-06T00:00:00Z,54.34,5.82,,,酒店之家(STR)
分档次,中档型酒店ADR,,元,周,2026-09-06T00:00:00Z,222.29,-0.04,,,酒店之家(STR)
分档次,中档型酒店RevPAR,,元,周,2026-09-06T00:00:00Z,120.7924,5.78,,,酒店之家(STR)
分档次,高档型酒店OCC,,%,周,2019-01-06T00:00:00Z,43.37,,,,酒店之家(STR)
分档次,高档型酒店ADR,,元,周,2019-01-06T00:00:00Z,360.83,,,,酒店之家(STR)
分档次,高档型酒店RevPAR,,元,周,2019-01-06T00:00:00Z,156.492,,,,酒店之家(STR)
分档次,高档型酒店OCC,,%,周,2019-01-13T00:00:00Z,56.51,,,,酒店之家(STR)
分档次,高档型酒店ADR,,元,周,2019-01-13T00:00:00Z,358.72,,,,酒店之家(STR)
分档次,高档型酒店RevPAR,,元,周,2019-01-13T00:00:00Z,202.7127,,,,酒店之家(STR)
分档次,高档型酒店OCC,,%,周,2019-01-20T00:00:00Z,55.09,,,,酒店之家(STR)
分档次,高档型酒店ADR,,元,周,2019-01-20T00:00:00Z,362.66,,,,酒店之家(STR)
分档次,高档型酒店RevPAR,,元,周,2019-01-20T00:00:00Z,199.7894,,,,酒店之家(STR)
分档次,高档型酒店OCC,,%,周,2019-01-27T00:00:00Z,49.54,,,,酒店之家(STR)
分档次,高档型酒店ADR,,元,周,2019-01-27T00:00:00Z,357.96,,,,酒店之家(STR)
分档次,高档型酒店RevPAR,,元,周,2019-01-27T00:00:00Z,177.3334,,,,酒店之家(STR)
分档次,高档型酒店OCC,,%,周,2019-02-03T00:00:00Z,40.3,,,,酒店之家(STR)
分档次,高档型酒店ADR,,元,周,2019-02-03T00:00:00Z,353.55,,,,酒店之家(STR)
分档次,高档型酒店RevPAR,,元,周,2019-02-03T00:00:00Z,142.4807,,,,酒店之家(STR)
分档次,高档型酒店OCC,,%,周,2019-02-10T00:00:00Z,74.44,,,,酒店之家(STR)
分档次,高档型酒店ADR,,元,周,2019-02-10T00:00:00Z,467.1,,,,酒店之家(STR)
分档次,高档型酒店RevPAR,,元,周,2019-02-10T00:00:00Z,347.7092,,,,酒店之家(STR)
分档次,高档型酒店OCC,,%,周,2019-02-17T00:00:00Z,63.57,,,,酒店之家(STR)
分档次,高档型酒店ADR,,元,周,2019-02-17T00:00:00Z,362.09,,,,酒店之家(STR)
分档次,高档型酒店RevPAR,,元,周,2019-02-17T00:00:00Z,230.1806,,,,酒店之家(STR)
分档次,高档型酒店OCC,,%,周,2019-02-24T00:00:00Z,49.11,,,,酒店之家(STR)
分档次,高档型酒店ADR,,元,周,2019-02-24T00:00:00Z,348.74,,,,酒店之家(STR)
分档次,高档型酒店RevPAR,,元,周,2019-02-24T00:00:00Z,171.2662,,,,酒店之家(STR)
分档次,高档型酒店OCC,,%,周,2019-03-03T00:00:00Z,55.51,,,,酒店之家(STR)
分档次,高档型酒店ADR,,元,周,2019-03-03T00:00:00Z,353.07,,,,酒店之家(STR)
分档次,高档型酒店RevPAR,,元,周,2019-03-03T00:00:00Z,195.9892,,,,酒店之家(STR)
分档次,高档型酒店OCC,,%,周,2019-03-10T00:00:00Z,57.79,,,,酒店之家(STR)
分档次,高档型酒店ADR,,元,周,2019-03-10T00:00:00Z,356.17,,,,酒店之家(STR)
分档次,高档型酒店RevPAR,,元,周,2019-03-10T00:00:00Z,205.8306,,,,酒店之家(STR)
分档次,高档型酒店OCC,,%,周,2019-03-17T00:00:00Z,56.73,,,,酒店之家(STR)
分档次,高档型酒店ADR,,元,周,2019-03-17T00:00:00Z,362.49,,,,酒店之家(STR)
分档次,高档型酒店RevPAR,,元,周,2019-03-17T00:00:00Z,205.6406,,,,酒店之家(STR)
分档次,高档型酒店OCC,,%,周,2019-03-24T00:00:00Z,61.4,,,,酒店之家(STR)
分档次,高档型酒店ADR,,元,周,2019-03-24T00:00:00Z,368.86,,,,酒店之家(STR)
分档次,高档型酒店RevPAR,,元,周,2019-03-24T00:00:00Z,226.48,,,,酒店之家(STR)
分档次,高档型酒店OCC,,%,周,2019-03-31T00:00:00Z,57.55,,,,酒店之家(STR)
分档次,高档型酒店ADR,,元,周,2019-03-31T00:00:00Z,363.76,,,,酒店之家(STR)
分档次,高档型酒店RevPAR,,元,周,2019-03-31T00:00:00Z,209.3439,,,,酒店之家(STR)
分档次,高档型酒店OCC,,%,周,2019-04-07T00:00:00Z,61.58,,,,酒店之家(STR)
分档次,高档型酒店ADR,,元,周,2019-04-07T00:00:00Z,373.66,,,,酒店之家(STR)
分档次,高档型酒店RevPAR,,元,周,2019-04-07T00:00:00Z,230.0998,,,,酒店之家(STR)
分档次,高档型酒店OCC,,%,周,2019-04-14T00:00:00Z,62.88,,,,酒店之家(STR)
分档次,高档型酒店ADR,,元,周,2019-04-14T00:00:00Z,370.7,,,,酒店之家(STR)
分档次,高档型酒店RevPAR,,元,周,2019-04-14T00:00:00Z,233.0962,,,,酒店之家(STR)
分档次,高档型酒店OCC,,%,周,2019-04-21T00:00:00Z,68.24,,,,酒店之家(STR)
分档次,高档型酒店ADR,,元,周,2019-04-21T00:00:00Z,379.58,,,,酒店之家(STR)
分档次,高档型酒店RevPAR,,元,周,2019-04-21T00:00:00Z,259.0254,,,,酒店之家(STR)
分档次,高档型酒店OCC,,%,周,2019-04-28T00:00:00Z,66.82,,,,酒店之家(STR)
分档次,高档型酒店ADR,,元,周,2019-04-28T00:00:00Z,374.02,,,,酒店之家(STR)
分档次,高档型酒店RevPAR,,元,周,2019-04-28T00:00:00Z,249.9202,,,,酒店之家(STR)
分档次,高档型酒店OCC,,%,周,2019-05-05T00:00:00Z,76.33,,,,酒店之家(STR)
分档次,高档型酒店ADR,,元,周,2019-05-05T00:00:00Z,418.76,,,,酒店之家(STR)
分档次,高档型酒店RevPAR,,元,周,2019-05-05T00:00:00Z,319.6395,,,,酒店之家(STR)
分档次,高档型酒店OCC,,%,周,2019-05-12T00:00:00Z,58.52,,,,酒店之家(STR)
分档次,高档型酒店ADR,,元,周,2019-05-12T00:00:00Z,366.08,,,,酒店之家(STR)
分档次,高档型酒店RevPAR,,元,周,2019-05-12T00:00:00Z,214.23,,,,酒店之家(STR)
分档次,高档型酒店OCC,,%,周,2019-05-19T00:00:00Z,61.87,,,,酒店之家(STR)
分档次,高档型酒店ADR,,元,周,2019-05-19T00:00:00Z,373.54,,,,酒店之家(STR)
分档次,高档型酒店RevPAR,,元,周,2019-05-19T00:00:00Z,231.1092,,,,酒店之家(STR)
分档次,高档型酒店OCC,,%,周,2019-05-26T00:00:00Z,65.29,,,,酒店之家(STR)
分档次,高档型酒店ADR,,元,周,2019-05-26T00:00:00Z,370.58,,,,酒店之家(STR)
分档次,高档型酒店RevPAR,,元,周,2019-05-26T00:00:00Z,241.9517,,,,酒店之家(STR)
分档次,高档型酒店OCC,,%,周,2019-06-02T00:00:00Z,56.81,,,,酒店之家(STR)
分档次,高档型酒店ADR,,元,周,2019-06-02T00:00:00Z,361.97,,,,酒店之家(STR)
分档次,高档型酒店RevPAR,,元,周,2019-06-02T00:00:00Z,205.6352,,,,酒店之家(STR)
分档次,高档型酒店OCC,,%,周,2019-06-09T00:00:00Z,60.93,,,,酒店之家(STR)
分档次,高档型酒店ADR,,元,周,2019-06-09T00:00:00Z,371.4,,,,酒店之家(STR)
分档次,高档型酒店RevPAR,,元,周,2019-06-09T00:00:00Z,226.294,,,,酒店之家(STR)
分档次,高档型酒店OCC,,%,周,2019-06-16T00:00:00Z,62.2,,,,酒店之家(STR)
分档次,高档型酒店ADR,,元,周,2019-06-16T00:00:00Z,361.95,,,,酒店之家(STR)
分档次,高档型酒店RevPAR,,元,周,2019-06-16T00:00:00Z,225.1329,,,,酒店之家(STR)
分档次,高档型酒店OCC,,%,周,2019-06-23T00:00:00Z,63.64,,,,酒店之家(STR)
分档次,高档型酒店ADR,,元,周,2019-06-23T00:00:00Z,364.13,,,,酒店之家(STR)
分档次,高档型酒店RevPAR,,元,周,2019-06-23T00:00:00Z,231.7323,,,,酒店之家(STR)
分档次,高档型酒店OCC,,%,周,2019-06-30T00:00:00Z,61.68,,,,酒店之家(STR)
分档次,高档型酒店ADR,,元,周,2019-06-30T00:00:00Z,366.42,,,,酒店之家(STR)
分档次,高档型酒店RevPAR,,元,周,2019-06-30T00:00:00Z,226.0079,,,,酒店之家(STR)
分档次,高档型酒店OCC,,%,周,2019-07-07T00:00:00Z,67.5,,,,酒店之家(STR)
分档次,高档型酒店ADR,,元,周,2019-07-07T00:00:00Z,376.62,,,,酒店之家(STR)
分档次,高档型酒店RevPAR,,元,周,2019-07-07T00:00:00Z,254.2185,,,,酒店之家(STR)
分档次,高档型酒店OCC,,%,周,2019-07-14T00:00:00Z,67.4,,,,酒店之家(STR)
分档次,高档型酒店ADR,,元,周,2019-07-14T00:00:00Z,384.39,,,,酒店之家(STR)
分档次,高档型酒店RevPAR,,元,周,2019-07-14T00:00:00Z,259.0789,,,,酒店之家(STR)
分档次,高档型酒店OCC,,%,周,2019-07-21T00:00:00Z,71.01,,,,酒店之家(STR)
分档次,高档型酒店ADR,,元,周,2019-07-21T00:00:00Z,393.52,,,,酒店之家(STR)
分档次,高档型酒店RevPAR,,元,周,2019-07-21T00:00:00Z,279.4386,,,,酒店之家(STR)
分档次,高档型酒店OCC,,%,周,2019-07-28T00:00:00Z,72.06,,,,酒店之家(STR)
分档次,高档型酒店ADR,,元,周,2019-07-28T00:00:00Z,401.09,,,,酒店之家(STR)
分档次,高档型酒店RevPAR,,元,周,2019-07-28T00:00:00Z,289.0255,,,,酒店之家(STR)
分档次,高档型酒店OCC,,%,周,2019-08-04T00:00:00Z,76.6,,,,酒店之家(STR)
分档次,高档型酒店ADR,,元,周,2019-08-04T00:00:00Z,405.02,,,,酒店之家(STR)
分档次,高档型酒店RevPAR,,元,周,2019-08-04T00:00:00Z,310.2453,,,,酒店之家(STR)
分档次,高档型酒店OCC,,%,周,2019-08-11T00:00:00Z,78.3,,,,酒店之家(STR)
分档次,高档型酒店ADR,,元,周,2019-08-11T00:00:00Z,413.77,,,,酒店之家(STR)
分档次,高档型酒店RevPAR,,元,周,2019-08-11T00:00:00Z,323.9819,,,,酒店之家(STR)
分档次,高档型酒店OCC,,%,周,2019-08-18T00:00:00Z,77.22,,,,酒店之家(STR)
分档次,高档型酒店ADR,,元,周,2019-08-18T00:00:00Z,415.54,,,,酒店之家(STR)
分档次,高档型酒店RevPAR,,元,周,2019-08-18T00:00:00Z,320.88,,,,酒店之家(STR)
分档次,高档型酒店OCC,,%,周,2019-08-25T00:00:00Z,75.17,,,,酒店之家(STR)
分档次,高档型酒店ADR,,元,周,2019-08-25T00:00:00Z,412.56,,,,酒店之家(STR)
分档次,高档型酒店RevPAR,,元,周,2019-08-25T00:00:00Z,310.1214,,,,酒店之家(STR)
分档次,高档型酒店OCC,,%,周,2019-09-01T00:00:00Z,60.94,,,,酒店之家(STR)
分档次,高档型酒店ADR,,元,周,2019-09-01T00:00:00Z,373.92,,,,酒店之家(STR)
分档次,高档型酒店RevPAR,,元,周,2019-09-01T00:00:00Z,227.8668,,,,酒店之家(STR)
分档次,高档型酒店OCC,,%,周,2019-09-08T00:00:00Z,61.15,,,,酒店之家(STR)
分档次,高档型酒店ADR,,元,周,2019-09-08T00:00:00Z,360.14,,,,酒店之家(STR)
分档次,高档型酒店RevPAR,,元,周,2019-09-08T00:00:00Z,220.2256,,,,酒店之家(STR)
分档次,高档型酒店OCC,,%,周,2019-09-15T00:00:00Z,56.25,,,,酒店之家(STR)
分档次,高档型酒店ADR,,元,周,2019-09-15T00:00:00Z,359.87,,,,酒店之家(STR)
分档次,高档型酒店RevPAR,,元,周,2019-09-15T00:00:00Z,202.4269,,,,酒店之家(STR)
分档次,高档型酒店OCC,,%,周,2019-09-22T00:00:00Z,64.67,,,,酒店之家(STR)
分档次,高档型酒店ADR,,元,周,2019-09-22T00:00:00Z,363.68,,,,酒店之家(STR)
分档次,高档型酒店RevPAR,,元,周,2019-09-22T00:00:00Z,235.1919,,,,酒店之家(STR)
分档次,高档型酒店OCC,,%,周,2019-09-29T00:00:00Z,58.91,,,,酒店之家(STR)
分档次,高档型酒店ADR,,元,周,2019-09-29T00:00:00Z,350.84,,,,酒店之家(STR)
分档次,高档型酒店RevPAR,,元,周,2019-09-29T00:00:00Z,206.6798,,,,酒店之家(STR)
分档次,高档型酒店OCC,,%,周,2019-10-06T00:00:00Z,79.57,,,,酒店之家(STR)
分档次,高档型酒店ADR,,元,周,2019-10-06T00:00:00Z,451.18,,,,酒店之家(STR)
分档次,高档型酒店RevPAR,,元,周,2019-10-06T00:00:00Z,359.0039,,,,酒店之家(STR)
分档次,高档型酒店OCC,,%,周,2019-10-13T00:00:00Z,51.36,,,,酒店之家(STR)
分档次,高档型酒店ADR,,元,周,2019-10-13T00:00:00Z,345.81,,,,酒店之家(STR)
分档次,高档型酒店RevPAR,,元,周,2019-10-13T00:00:00Z,177.608,,,,酒店之家(STR)
分档次,高档型酒店OCC,,%,周,2019-10-20T00:00:00Z,68.46,,,,酒店之家(STR)
分档次,高档型酒店ADR,,元,周,2019-10-20T00:00:00Z,373.76,,,,酒店之家(STR)
分档次,高档型酒店RevPAR,,元,周,2019-10-20T00:00:00Z,255.8761,,,,酒店之家(STR)
分档次,高档型酒店OCC,,%,周,2019-10-27T00:00:00Z,68.92,,,,酒店之家(STR)
分档次,高档型酒店ADR,,元,周,2019-10-27T00:00:00Z,369.47,,,,酒店之家(STR)
分档次,高档型酒店RevPAR,,元,周,2019-10-27T00:00:00Z,254.6387,,,,酒店之家(STR)
分档次,高档型酒店OCC,,%,周,2019-11-03T00:00:00Z,62.41,,,,酒店之家(STR)
分档次,高档型酒店ADR,,元,周,2019-11-03T00:00:00Z,362.43,,,,酒店之家(STR)
分档次,高档型酒店RevPAR,,元,周,2019-11-03T00:00:00Z,226.1926,,,,酒店之家(STR)
分档次,高档型酒店OCC,,%,周,2019-11-10T00:00:00Z,64.19,,,,酒店之家(STR)
分档次,高档型酒店ADR,,元,周,2019-11-10T00:00:00Z,362.68,,,,酒店之家(STR)
分档次,高档型酒店RevPAR,,元,周,2019-11-10T00:00:00Z,232.8043,,,,酒店之家(STR)
分档次,高档型酒店OCC,,%,周,2019-11-17T00:00:00Z,57.16,,,,酒店之家(STR)
分档次,高档型酒店ADR,,元,周,2019-11-17T00:00:00Z,359.01,,,,酒店之家(STR)
分档次,高档型酒店RevPAR,,元,周,2019-11-17T00:00:00Z,205.2101,,,,酒店之家(STR)
分档次,高档型酒店OCC,,%,周,2019-11-24T00:00:00Z,55.95,,,,酒店之家(STR)
分档次,高档型酒店ADR,,元,周,2019-11-24T00:00:00Z,354.05,,,,酒店之家(STR)
分档次,高档型酒店RevPAR,,元,周,2019-11-24T00:00:00Z,198.091,,,,酒店之家(STR)
分档次,高档型酒店OCC,,%,周,2019-12-01T00:00:00Z,49.23,,,,酒店之家(STR)
分档次,高档型酒店ADR,,元,周,2019-12-01T00:00:00Z,345.52,,,,酒店之家(STR)
分档次,高档型酒店RevPAR,,元,周,2019-12-01T00:00:00Z,170.0995,,,,酒店之家(STR)
分档次,高档型酒店OCC,,%,周,2019-12-08T00:00:00Z,48.94,,,,酒店之家(STR)
分档次,高档型酒店ADR,,元,周,2019-12-08T00:00:00Z,348.7,,,,酒店之家(STR)
分档次,高档型酒店RevPAR,,元,周,2019-12-08T00:00:00Z,170.6538,,,,酒店之家(STR)
分档次,高档型酒店OCC,,%,周,2019-12-15T00:00:00Z,51.93,,,,酒店之家(STR)
分档次,高档型酒店ADR,,元,周,2019-12-15T00:00:00Z,346.6,,,,酒店之家(STR)
分档次,高档型酒店RevPAR,,元,周,2019-12-15T00:00:00Z,179.9894,,,,酒店之家(STR)
分档次,高档型酒店OCC,,%,周,2019-12-22T00:00:00Z,57.21,,,,酒店之家(STR)
分档次,高档型酒店ADR,,元,周,2019-12-22T00:00:00Z,347.69,,,,酒店之家(STR)
分档次,高档型酒店RevPAR,,元,周,2019-12-22T00:00:00Z,198.9134,,,,酒店之家(STR)
分档次,高档型酒店OCC,,%,周,2019-12-29T00:00:00Z,53.33,,,,酒店之家(STR)
分档次,高档型酒店ADR,,元,周,2019-12-29T00:00:00Z,344.58,,,,酒店之家(STR)
分档次,高档型酒店RevPAR,,元,周,2019-12-29T00:00:00Z,183.7645,,,,酒店之家(STR)
分档次,高档型酒店OCC,,%,周,2020-01-05T00:00:00Z,36.47,-15.91,,,酒店之家(STR)
分档次,高档型酒店ADR,,元,周,2020-01-05T00:00:00Z,338.53,-6.18,,,酒店之家(STR)
分档次,高档型酒店RevPAR,,元,周,2020-01-05T00:00:00Z,123.4619,-21.11,,,酒店之家(STR)
分档次,高档型酒店OCC,,%,周,2020-01-12T00:00:00Z,65.28,15.52,,,酒店之家(STR)
分档次,高档型酒店ADR,,元,周,2020-01-12T00:00:00Z,344.76,-3.89,,,酒店之家(STR)
分档次,高档型酒店RevPAR,,元,周,2020-01-12T00:00:00Z,225.0593,11.02,,,酒店之家(STR)
分档次,高档型酒店OCC,,%,周,2020-01-19T00:00:00Z,59.6,8.19,,,酒店之家(STR)
分档次,高档型酒店ADR,,元,周,2020-01-19T00:00:00Z,343.35,-5.32,,,酒店之家(STR)
分档次,高档型酒店RevPAR,,元,周,2020-01-19T00:00:00Z,204.6366,2.43,,,酒店之家(STR)
分档次,高档型酒店OCC,,%,周,2020-01-26T00:00:00Z,35.52,-28.3,,,酒店之家(STR)
分档次,高档型酒店ADR,,元,周,2020-01-26T00:00:00Z,356.24,-0.48,,,酒店之家(STR)
分档次,高档型酒店RevPAR,,元,周,2020-01-26T00:00:00Z,126.5364,-28.64,,,酒店之家(STR)
分档次,高档型酒店OCC,,%,周,2020-02-02T00:00:00Z,20.08,-50.17,,,酒店之家(STR)
分档次,高档型酒店ADR,,元,周,2020-02-02T00:00:00Z,322.19,-8.87,,,酒店之家(STR)
分档次,高档型酒店RevPAR,,元,周,2020-02-02T00:00:00Z,64.6958,-54.59,,,酒店之家(STR)
分档次,高档型酒店OCC,,%,周,2020-02-09T00:00:00Z,18.32,-75.39,,,酒店之家(STR)
分档次,高档型酒店ADR,,元,周,2020-02-09T00:00:00Z,306.41,-34.4,,,酒店之家(STR)
分档次,高档型酒店RevPAR,,元,周,2020-02-09T00:00:00Z,56.1343,-83.86,,,酒店之家(STR)
分档次,高档型酒店OCC,,%,周,2020-02-16T00:00:00Z,19.87,-68.74,,,酒店之家(STR)
分档次,高档型酒店ADR,,元,周,2020-02-16T00:00:00Z,308.8,-14.72,,,酒店之家(STR)
分档次,高档型酒店RevPAR,,元,周,2020-02-16T00:00:00Z,61.3586,-73.34,,,酒店之家(STR)
分档次,高档型酒店OCC,,%,周,2020-02-23T00:00:00Z,17.77,-63.82,,,酒店之家(STR)
分档次,高档型酒店ADR,,元,周,2020-02-23T00:00:00Z,295.87,-15.16,,,酒店之家(STR)
分档次,高档型酒店RevPAR,,元,周,2020-02-23T00:00:00Z,52.5761,-69.3,,,酒店之家(STR)
分档次,高档型酒店OCC,,%,周,2020-03-01T00:00:00Z,23.55,-57.58,,,酒店之家(STR)
分档次,高档型酒店ADR,,元,周,2020-03-01T00:00:00Z,291.94,-17.31,,,酒店之家(STR)
分档次,高档型酒店RevPAR,,元,周,2020-03-01T00:00:00Z,68.7519,-64.92,,,酒店之家(STR)
分档次,高档型酒店OCC,,%,周,2020-03-08T00:00:00Z,19.33,-66.55,,,酒店之家(STR)
分档次,高档型酒店ADR,,元,周,2020-03-08T00:00:00Z,286.19,-19.65,,,酒店之家(STR)
分档次,高档型酒店RevPAR,,元,周,2020-03-08T00:00:00Z,55.3205,-73.12,,,酒店之家(STR)
分档次,高档型酒店OCC,,%,周,2020-03-15T00:00:00Z,23.26,-59,,,酒店之家(STR)
分档次,高档型酒店ADR,,元,周,2020-03-15T00:00:00Z,282.16,-22.16,,,酒店之家(STR)
分档次,高档型酒店RevPAR,,元,周,2020-03-15T00:00:00Z,65.6304,-68.08,,,酒店之家(STR)
分档次,高档型酒店OCC,,%,周,2020-03-22T00:00:00Z,27.66,-54.95,,,酒店之家(STR)
分档次,高档型酒店ADR,,元,周,2020-03-22T00:00:00Z,280.83,-23.87,,,酒店之家(STR)
分档次,高档型酒店RevPAR,,元,周,2020-03-22T00:00:00Z,77.6776,-65.7,,,酒店之家(STR)
分档次,高档型酒店OCC,,%,周,2020-03-29T00:00:00Z,33.48,-41.82,,,酒店之家(STR)
分档次,高档型酒店ADR,,元,周,2020-03-29T00:00:00Z,278.38,-23.47,,,酒店之家(STR)
分档次,高档型酒店RevPAR,,元,周,2020-03-29T00:00:00Z,93.2016,-55.48,,,酒店之家(STR)
分档次,高档型酒店OCC,,%,周,2020-04-05T00:00:00Z,37.42,-39.23,,,酒店之家(STR)
分档次,高档型酒店ADR,,元,周,2020-04-05T00:00:00Z,281.53,-24.66,,,酒店之家(STR)
分档次,高档型酒店RevPAR,,元,周,2020-04-05T00:00:00Z,105.3485,-54.22,,,酒店之家(STR)
分档次,高档型酒店OCC,,%,周,2020-04-12T00:00:00Z,34.87,-44.55,,,酒店之家(STR)
分档次,高档型酒店ADR,,元,周,2020-04-12T00:00:00Z,280.08,-24.45,,,酒店之家(STR)
分档次,高档型酒店RevPAR,,元,周,2020-04-12T00:00:00Z,97.6639,-58.1,,,酒店之家(STR)
分档次,高档型酒店OCC,,%,周,2020-04-19T00:00:00Z,40.06,-41.3,,,酒店之家(STR)
分档次,高档型酒店ADR,,元,周,2020-04-19T00:00:00Z,281.04,-25.96,,,酒店之家(STR)
分档次,高档型酒店RevPAR,,元,周,2020-04-19T00:00:00Z,112.5846,-56.54,,,酒店之家(STR)
分档次,高档型酒店OCC,,%,周,2020-04-26T00:00:00Z,41.72,-37.56,,,酒店之家(STR)
分档次,高档型酒店ADR,,元,周,2020-04-26T00:00:00Z,278.89,-25.43,,,酒店之家(STR)
分档次,高档型酒店RevPAR,,元,周,2020-04-26T00:00:00Z,116.3529,-53.44,,,酒店之家(STR)
分档次,高档型酒店OCC,,%,周,2020-05-03T00:00:00Z,48.77,-36.11,,,酒店之家(STR)
分档次,高档型酒店ADR,,元,周,2020-05-03T00:00:00Z,308.19,-26.4,,,酒店之家(STR)
分档次,高档型酒店RevPAR,,元,周,2020-05-03T00:00:00Z,150.3043,-52.98,,,酒店之家(STR)
分档次,高档型酒店OCC,,%,周,2020-05-10T00:00:00Z,36.43,-37.75,,,酒店之家(STR)
分档次,高档型酒店ADR,,元,周,2020-05-10T00:00:00Z,285.89,-21.91,,,酒店之家(STR)
分档次,高档型酒店RevPAR,,元,周,2020-05-10T00:00:00Z,104.1497,-51.38,,,酒店之家(STR)
分档次,高档型酒店OCC,,%,周,2020-05-17T00:00:00Z,40.69,-34.23,,,酒店之家(STR)
分档次,高档型酒店ADR,,元,周,2020-05-17T00:00:00Z,291.42,-21.98,,,酒店之家(STR)
分档次,高档型酒店RevPAR,,元,周,2020-05-17T00:00:00Z,118.5788,-48.69,,,酒店之家(STR)
分档次,高档型酒店OCC,,%,周,2020-05-24T00:00:00Z,40.99,-37.22,,,酒店之家(STR)
分档次,高档型酒店ADR,,元,周,2020-05-24T00:00:00Z,294.93,-20.41,,,酒店之家(STR)
分档次,高档型酒店RevPAR,,元,周,2020-05-24T00:00:00Z,120.8918,-50.03,,,酒店之家(STR)
分档次,高档型酒店OCC,,%,周,2020-05-31T00:00:00Z,41.77,-26.47,,,酒店之家(STR)
分档次,高档型酒店ADR,,元,周,2020-05-31T00:00:00Z,294.22,-18.72,,,酒店之家(STR)
分档次,高档型酒店RevPAR,,元,周,2020-05-31T00:00:00Z,122.8957,-40.24,,,酒店之家(STR)
分档次,高档型酒店OCC,,%,周,2020-06-07T00:00:00Z,44.67,-26.69,,,酒店之家(STR)
分档次,高档型酒店ADR,,元,周,2020-06-07T00:00:00Z,298.05,-19.75,,,酒店之家(STR)
分档次,高档型酒店RevPAR,,元,周,2020-06-07T00:00:00Z,133.1389,-41.17,,,酒店之家(STR)
分档次,高档型酒店OCC,,%,周,2020-06-14T00:00:00Z,47.48,-23.67,,,酒店之家(STR)
分档次,高档型酒店ADR,,元,周,2020-06-14T00:00:00Z,302.91,-16.31,,,酒店之家(STR)
分档次,高档型酒店RevPAR,,元,周,2020-06-14T00:00:00Z,143.8217,-36.12,,,酒店之家(STR)
分档次,高档型酒店OCC,,%,周,2020-06-21T00:00:00Z,45.41,-28.65,,,酒店之家(STR)
分档次,高档型酒店ADR,,元,周,2020-06-21T00:00:00Z,292,-19.81,,,酒店之家(STR)
分档次,高档型酒店RevPAR,,元,周,2020-06-21T00:00:00Z,132.5972,-42.78,,,酒店之家(STR)
分档次,高档型酒店OCC,,%,周,2020-06-28T00:00:00Z,50.01,-18.92,,,酒店之家(STR)
分档次,高档型酒店ADR,,元,周,2020-06-28T00:00:00Z,297.87,-18.71,,,酒店之家(STR)
分档次,高档型酒店RevPAR,,元,周,2020-06-28T00:00:00Z,148.9648,-34.09,,,酒店之家(STR)
分档次,高档型酒店OCC,,%,周,2020-07-05T00:00:00Z,48.78,-27.73,,,酒店之家(STR)
分档次,高档型酒店ADR,,元,周,2020-07-05T00:00:00Z,295.52,-21.53,,,酒店之家(STR)
分档次,高档型酒店RevPAR,,元,周,2020-07-05T00:00:00Z,144.1547,-43.29,,,酒店之家(STR)
分档次,高档型酒店OCC,,%,周,2020-07-12T00:00:00Z,55.74,-17.3,,,酒店之家(STR)
分档次,高档型酒店ADR,,元,周,2020-07-12T00:00:00Z,310.32,-19.27,,,酒店之家(STR)
分档次,高档型酒店RevPAR,,元,周,2020-07-12T00:00:00Z,172.9724,-33.24,,,酒店之家(STR)
分档次,高档型酒店OCC,,%,周,2020-07-19T00:00:00Z,57.33,-19.26,,,酒店之家(STR)
分档次,高档型酒店ADR,,元,周,2020-07-19T00:00:00Z,317.67,-19.27,,,酒店之家(STR)
分档次,高档型酒店RevPAR,,元,周,2020-07-19T00:00:00Z,182.1202,-34.83,,,酒店之家(STR)
分档次,高档型酒店OCC,,%,周,2020-07-26T00:00:00Z,58.89,-18.28,,,酒店之家(STR)
分档次,高档型酒店ADR,,元,周,2020-07-26T00:00:00Z,328.63,-18.07,,,酒店之家(STR)
分档次,高档型酒店RevPAR,,元,周,2020-07-26T00:00:00Z,193.5302,-33.04,,,酒店之家(STR)
分档次,高档型酒店OCC,,%,周,2020-08-02T00:00:00Z,63.19,-17.51,,,酒店之家(STR)
分档次,高档型酒店ADR,,元,周,2020-08-02T00:00:00Z,338.98,-16.31,,,酒店之家(STR)
分档次,高档型酒店RevPAR,,元,周,2020-08-02T00:00:00Z,214.2015,-30.96,,,酒店之家(STR)
分档次,高档型酒店OCC,,%,周,2020-08-09T00:00:00Z,62.27,-20.47,,,酒店之家(STR)
分档次,高档型酒店ADR,,元,周,2020-08-09T00:00:00Z,352.69,-14.76,,,酒店之家(STR)
分档次,高档型酒店RevPAR,,元,周,2020-08-09T00:00:00Z,219.6201,-32.21,,,酒店之家(STR)
分档次,高档型酒店OCC,,%,周,2020-08-16T00:00:00Z,65.86,-14.71,,,酒店之家(STR)
分档次,高档型酒店ADR,,元,周,2020-08-16T00:00:00Z,361.99,-12.89,,,酒店之家(STR)
分档次,高档型酒店RevPAR,,元,周,2020-08-16T00:00:00Z,238.4066,-25.7,,,酒店之家(STR)
分档次,高档型酒店OCC,,%,周,2020-08-23T00:00:00Z,62.83,-16.42,,,酒店之家(STR)
分档次,高档型酒店ADR,,元,周,2020-08-23T00:00:00Z,354.33,-14.11,,,酒店之家(STR)
分档次,高档型酒店RevPAR,,元,周,2020-08-23T00:00:00Z,222.6255,-28.21,,,酒店之家(STR)
分档次,高档型酒店OCC,,%,周,2020-08-30T00:00:00Z,67.36,10.53,,,酒店之家(STR)
分档次,高档型酒店ADR,,元,周,2020-08-30T00:00:00Z,342.81,-8.32,,,酒店之家(STR)
分档次,高档型酒店RevPAR,,元,周,2020-08-30T00:00:00Z,230.9168,1.34,,,酒店之家(STR)
分档次,高档型酒店OCC,,%,周,2020-09-06T00:00:00Z,53.3,-12.84,,,酒店之家(STR)
分档次,高档型酒店ADR,,元,周,2020-09-06T00:00:00Z,327.87,-8.96,,,酒店之家(STR)
分档次,高档型酒店RevPAR,,元,周,2020-09-06T00:00:00Z,174.7547,-20.65,,,酒店之家(STR)
分档次,高档型酒店OCC,,%,周,2020-09-13T00:00:00Z,54.49,-3.13,,,酒店之家(STR)
分档次,高档型酒店ADR,,元,周,2020-09-13T00:00:00Z,333.78,-7.25,,,酒店之家(STR)
分档次,高档型酒店RevPAR,,元,周,2020-09-13T00:00:00Z,181.8767,-10.15,,,酒店之家(STR)
分档次,高档型酒店OCC,,%,周,2020-09-20T00:00:00Z,61.39,-5.07,,,酒店之家(STR)
分档次,高档型酒店ADR,,元,周,2020-09-20T00:00:00Z,337.68,-7.15,,,酒店之家(STR)
分档次,高档型酒店RevPAR,,元,周,2020-09-20T00:00:00Z,207.3018,-11.86,,,酒店之家(STR)
分档次,高档型酒店OCC,,%,周,2020-09-27T00:00:00Z,57.19,-2.92,,,酒店之家(STR)
分档次,高档型酒店ADR,,元,周,2020-09-27T00:00:00Z,334.41,-4.68,,,酒店之家(STR)
分档次,高档型酒店RevPAR,,元,周,2020-09-27T00:00:00Z,191.2491,-7.47,,,酒店之家(STR)
分档次,高档型酒店OCC,,%,周,2020-10-04T00:00:00Z,75.81,-4.73,,,酒店之家(STR)
分档次,高档型酒店ADR,,元,周,2020-10-04T00:00:00Z,424.3,-5.96,,,酒店之家(STR)
分档次,高档型酒店RevPAR,,元,周,2020-10-04T00:00:00Z,321.6618,-10.4,,,酒店之家(STR)
分档次,高档型酒店OCC,,%,周,2020-10-11T00:00:00Z,61.71,20.15,,,酒店之家(STR)
分档次,高档型酒店ADR,,元,周,2020-10-11T00:00:00Z,366.66,6.03,,,酒店之家(STR)
分档次,高档型酒店RevPAR,,元,周,2020-10-11T00:00:00Z,226.2659,27.4,,,酒店之家(STR)
分档次,高档型酒店OCC,,%,周,2020-10-18T00:00:00Z,54.53,-20.35,,,酒店之家(STR)
分档次,高档型酒店ADR,,元,周,2020-10-18T00:00:00Z,339.33,-9.21,,,酒店之家(STR)
分档次,高档型酒店RevPAR,,元,周,2020-10-18T00:00:00Z,185.0366,-27.69,,,酒店之家(STR)
分档次,高档型酒店OCC,,%,周,2020-10-25T00:00:00Z,57.77,-16.18,,,酒店之家(STR)
分档次,高档型酒店ADR,,元,周,2020-10-25T00:00:00Z,343.18,-7.12,,,酒店之家(STR)
分档次,高档型酒店RevPAR,,元,周,2020-10-25T00:00:00Z,198.2551,-22.14,,,酒店之家(STR)
分档次,高档型酒店OCC,,%,周,2020-11-01T00:00:00Z,56.61,-9.29,,,酒店之家(STR)
分档次,高档型酒店ADR,,元,周,2020-11-01T00:00:00Z,339.52,-6.32,,,酒店之家(STR)
分档次,高档型酒店RevPAR,,元,周,2020-11-01T00:00:00Z,192.2023,-15.03,,,酒店之家(STR)
分档次,高档型酒店OCC,,%,周,2020-11-08T00:00:00Z,56.16,-12.51,,,酒店之家(STR)
分档次,高档型酒店ADR,,元,周,2020-11-08T00:00:00Z,340.94,-5.99,,,酒店之家(STR)
分档次,高档型酒店RevPAR,,元,周,2020-11-08T00:00:00Z,191.4719,-17.75,,,酒店之家(STR)
分档次,高档型酒店OCC,,%,周,2020-11-15T00:00:00Z,53.75,-5.97,,,酒店之家(STR)
分档次,高档型酒店ADR,,元,周,2020-11-15T00:00:00Z,335.68,-6.5,,,酒店之家(STR)
分档次,高档型酒店RevPAR,,元,周,2020-11-15T00:00:00Z,180.428,-12.08,,,酒店之家(STR)
分档次,高档型酒店OCC,,%,周,2020-11-22T00:00:00Z,57.09,2.04,,,酒店之家(STR)
分档次,高档型酒店ADR,,元,周,2020-11-22T00:00:00Z,334.31,-5.58,,,酒店之家(STR)
分档次,高档型酒店RevPAR,,元,周,2020-11-22T00:00:00Z,190.8576,-3.65,,,酒店之家(STR)
分档次,高档型酒店OCC,,%,周,2020-11-29T00:00:00Z,53.01,7.68,,,酒店之家(STR)
分档次,高档型酒店ADR,,元,周,2020-11-29T00:00:00Z,331.68,-4.01,,,酒店之家(STR)
分档次,高档型酒店RevPAR,,元,周,2020-11-29T00:00:00Z,175.8236,3.37,,,酒店之家(STR)
分档次,高档型酒店OCC,,%,周,2020-12-06T00:00:00Z,50.32,2.82,,,酒店之家(STR)
分档次,高档型酒店ADR,,元,周,2020-12-06T00:00:00Z,328.15,-5.89,,,酒店之家(STR)
分档次,高档型酒店RevPAR,,元,周,2020-12-06T00:00:00Z,165.1251,-3.24,,,酒店之家(STR)
分档次,高档型酒店OCC,,%,周,2020-12-13T00:00:00Z,50.6,-2.56,,,酒店之家(STR)
分档次,高档型酒店ADR,,元,周,2020-12-13T00:00:00Z,327.58,-5.49,,,酒店之家(STR)
分档次,高档型酒店RevPAR,,元,周,2020-12-13T00:00:00Z,165.7555,-7.91,,,酒店之家(STR)
分档次,高档型酒店OCC,,%,周,2020-12-20T00:00:00Z,49.89,-12.79,,,酒店之家(STR)
分档次,高档型酒店ADR,,元,周,2020-12-20T00:00:00Z,325.92,-6.26,,,酒店之家(STR)
分档次,高档型酒店RevPAR,,元,周,2020-12-20T00:00:00Z,162.6015,-18.26,,,酒店之家(STR)
分档次,高档型酒店OCC,,%,周,2020-12-27T00:00:00Z,48.29,-9.45,,,酒店之家(STR)
分档次,高档型酒店ADR,,元,周,2020-12-27T00:00:00Z,326.81,-5.16,,,酒店之家(STR)
分档次,高档型酒店RevPAR,,元,周,2020-12-27T00:00:00Z,157.8165,-14.12,,,酒店之家(STR)
分档次,高档型酒店OCC,,%,周,2021-01-03T00:00:00Z,48.92,34.14,,,酒店之家(STR)
分档次,高档型酒店ADR,,元,周,2021-01-03T00:00:00Z,328.11,-3.08,,,酒店之家(STR)
分档次,高档型酒店RevPAR,,元,周,2021-01-03T00:00:00Z,160.5114,30.01,,,酒店之家(STR)
分档次,高档型酒店OCC,,%,周,2021-01-10T00:00:00Z,46.15,-29.3,,,酒店之家(STR)
分档次,高档型酒店ADR,,元,周,2021-01-10T00:00:00Z,303.9,-11.85,,,酒店之家(STR)
分档次,高档型酒店RevPAR,,元,周,2021-01-10T00:00:00Z,140.2499,-37.68,,,酒店之家(STR)
分档次,高档型酒店OCC,,%,周,2021-01-17T00:00:00Z,43.59,-26.86,,,酒店之家(STR)
分档次,高档型酒店ADR,,元,周,2021-01-17T00:00:00Z,301.43,-12.21,,,酒店之家(STR)
分档次,高档型酒店RevPAR,,元,周,2021-01-17T00:00:00Z,131.3933,-35.79,,,酒店之家(STR)
分档次,高档型酒店OCC,,%,周,2021-01-24T00:00:00Z,41.99,18.22,,,酒店之家(STR)
分档次,高档型酒店ADR,,元,周,2021-01-24T00:00:00Z,298.73,-16.14,,,酒店之家(STR)
分档次,高档型酒店RevPAR,,元,周,2021-01-24T00:00:00Z,125.4367,-0.87,,,酒店之家(STR)
分档次,高档型酒店OCC,,%,周,2021-01-31T00:00:00Z,41.03,104.33,,,酒店之家(STR)
分档次,高档型酒店ADR,,元,周,2021-01-31T00:00:00Z,289.26,-10.22,,,酒店之家(STR)
分档次,高档型酒店RevPAR,,元,周,2021-01-31T00:00:00Z,118.6834,83.45,,,酒店之家(STR)
分档次,高档型酒店OCC,,%,周,2021-02-07T00:00:00Z,39.94,118.01,,,酒店之家(STR)
分档次,高档型酒店ADR,,元,周,2021-02-07T00:00:00Z,288.13,-5.97,,,酒店之家(STR)
分档次,高档型酒店RevPAR,,元,周,2021-02-07T00:00:00Z,115.0791,105.01,,,酒店之家(STR)
分档次,高档型酒店OCC,,%,周,2021-02-14T00:00:00Z,33.95,70.86,,,酒店之家(STR)
分档次,高档型酒店ADR,,元,周,2021-02-14T00:00:00Z,337.93,9.43,,,酒店之家(STR)
分档次,高档型酒店RevPAR,,元,周,2021-02-14T00:00:00Z,114.7272,86.98,,,酒店之家(STR)
分档次,高档型酒店OCC,,%,周,2021-02-21T00:00:00Z,47.09,165,,,酒店之家(STR)
分档次,高档型酒店ADR,,元,周,2021-02-21T00:00:00Z,319.77,8.08,,,酒店之家(STR)
分档次,高档型酒店RevPAR,,元,周,2021-02-21T00:00:00Z,150.5797,186.4,,,酒店之家(STR)
分档次,高档型酒店OCC,,%,周,2021-02-28T00:00:00Z,45.27,92.23,,,酒店之家(STR)
分档次,高档型酒店ADR,,元,周,2021-02-28T00:00:00Z,297.26,1.82,,,酒店之家(STR)
分档次,高档型酒店RevPAR,,元,周,2021-02-28T00:00:00Z,134.5696,95.73,,,酒店之家(STR)
分档次,高档型酒店OCC,,%,周,2021-03-07T00:00:00Z,49.35,155.3,,,酒店之家(STR)
分档次,高档型酒店ADR,,元,周,2021-03-07T00:00:00Z,310.83,8.61,,,酒店之家(STR)
分档次,高档型酒店RevPAR,,元,周,2021-03-07T00:00:00Z,153.3946,177.28,,,酒店之家(STR)
分档次,高档型酒店OCC,,%,周,2021-03-14T00:00:00Z,57.13,145.61,,,酒店之家(STR)
分档次,高档型酒店ADR,,元,周,2021-03-14T00:00:00Z,319.42,13.21,,,酒店之家(STR)
分档次,高档型酒店RevPAR,,元,周,2021-03-14T00:00:00Z,182.4846,178.05,,,酒店之家(STR)
分档次,高档型酒店OCC,,%,周,2021-03-21T00:00:00Z,57.33,107.27,,,酒店之家(STR)
分档次,高档型酒店ADR,,元,周,2021-03-21T00:00:00Z,334.89,19.25,,,酒店之家(STR)
分档次,高档型酒店RevPAR,,元,周,2021-03-21T00:00:00Z,191.9924,147.17,,,酒店之家(STR)
分档次,高档型酒店OCC,,%,周,2021-03-28T00:00:00Z,58.84,75.75,,,酒店之家(STR)
分档次,高档型酒店ADR,,元,周,2021-03-28T00:00:00Z,342.27,22.95,,,酒店之家(STR)
分档次,高档型酒店RevPAR,,元,周,2021-03-28T00:00:00Z,201.3917,116.08,,,酒店之家(STR)
分档次,高档型酒店OCC,,%,周,2021-04-04T00:00:00Z,53.61,43.27,,,酒店之家(STR)
分档次,高档型酒店ADR,,元,周,2021-04-04T00:00:00Z,361.62,28.45,,,酒店之家(STR)
分档次,高档型酒店RevPAR,,元,周,2021-04-04T00:00:00Z,193.8645,84.02,,,酒店之家(STR)
分档次,高档型酒店OCC,,%,周,2021-04-11T00:00:00Z,51.53,47.78,,,酒店之家(STR)
分档次,高档型酒店ADR,,元,周,2021-04-11T00:00:00Z,343.73,22.73,,,酒店之家(STR)
分档次,高档型酒店RevPAR,,元,周,2021-04-11T00:00:00Z,177.1241,81.36,,,酒店之家(STR)
分档次,高档型酒店OCC,,%,周,2021-04-18T00:00:00Z,57.97,44.71,,,酒店之家(STR)
分档次,高档型酒店ADR,,元,周,2021-04-18T00:00:00Z,359.8,28.02,,,酒店之家(STR)
分档次,高档型酒店RevPAR,,元,周,2021-04-18T00:00:00Z,208.5761,85.26,,,酒店之家(STR)
分档次,高档型酒店OCC,,%,周,2021-04-25T00:00:00Z,60.05,43.94,,,酒店之家(STR)
分档次,高档型酒店ADR,,元,周,2021-04-25T00:00:00Z,356.59,27.86,,,酒店之家(STR)
分档次,高档型酒店RevPAR,,元,周,2021-04-25T00:00:00Z,214.1323,84.04,,,酒店之家(STR)
分档次,高档型酒店OCC,,%,周,2021-05-02T00:00:00Z,56.26,15.36,,,酒店之家(STR)
分档次,高档型酒店ADR,,元,周,2021-05-02T00:00:00Z,441.38,43.22,,,酒店之家(STR)
分档次,高档型酒店RevPAR,,元,周,2021-05-02T00:00:00Z,248.3204,65.21,,,酒店之家(STR)
分档次,高档型酒店OCC,,%,周,2021-05-09T00:00:00Z,60.98,67.39,,,酒店之家(STR)
分档次,高档型酒店ADR,,元,周,2021-05-09T00:00:00Z,397.74,39.12,,,酒店之家(STR)
分档次,高档型酒店RevPAR,,元,周,2021-05-09T00:00:00Z,242.5419,132.88,,,酒店之家(STR)
分档次,高档型酒店OCC,,%,周,2021-05-16T00:00:00Z,59.02,45.05,,,酒店之家(STR)
分档次,高档型酒店ADR,,元,周,2021-05-16T00:00:00Z,362.77,24.48,,,酒店之家(STR)
分档次,高档型酒店RevPAR,,元,周,2021-05-16T00:00:00Z,214.1069,80.56,,,酒店之家(STR)
分档次,高档型酒店OCC,,%,周,2021-05-23T00:00:00Z,63.29,54.4,,,酒店之家(STR)
分档次,高档型酒店ADR,,元,周,2021-05-23T00:00:00Z,361.03,22.41,,,酒店之家(STR)
分档次,高档型酒店RevPAR,,元,周,2021-05-23T00:00:00Z,228.4959,89.01,,,酒店之家(STR)
分档次,高档型酒店OCC,,%,周,2021-05-30T00:00:00Z,48.05,15.03,,,酒店之家(STR)
分档次,高档型酒店ADR,,元,周,2021-05-30T00:00:00Z,351.66,19.52,,,酒店之家(STR)
分档次,高档型酒店RevPAR,,元,周,2021-05-30T00:00:00Z,168.9726,37.49,,,酒店之家(STR)
分档次,高档型酒店OCC,,%,周,2021-06-06T00:00:00Z,40.78,-8.71,,,酒店之家(STR)
分档次,高档型酒店ADR,,元,周,2021-06-06T00:00:00Z,342.85,15.03,,,酒店之家(STR)
分档次,高档型酒店RevPAR,,元,周,2021-06-06T00:00:00Z,139.8142,5.01,,,酒店之家(STR)
分档次,高档型酒店OCC,,%,周,2021-06-13T00:00:00Z,47.18,-0.63,,,酒店之家(STR)
分档次,高档型酒店ADR,,元,周,2021-06-13T00:00:00Z,358.17,18.24,,,酒店之家(STR)
分档次,高档型酒店RevPAR,,元,周,2021-06-13T00:00:00Z,168.9846,17.5,,,酒店之家(STR)
分档次,高档型酒店OCC,,%,周,2021-06-20T00:00:00Z,41.89,-7.75,,,酒店之家(STR)
分档次,高档型酒店ADR,,元,周,2021-06-20T00:00:00Z,339.17,16.15,,,酒店之家(STR)
分档次,高档型酒店RevPAR,,元,周,2021-06-20T00:00:00Z,142.0783,7.15,,,酒店之家(STR)
分档次,高档型酒店OCC,,%,周,2021-06-27T00:00:00Z,48.38,-3.26,,,酒店之家(STR)
分档次,高档型酒店ADR,,元,周,2021-06-27T00:00:00Z,345.41,15.96,,,酒店之家(STR)
分档次,高档型酒店RevPAR,,元,周,2021-06-27T00:00:00Z,167.1094,12.18,,,酒店之家(STR)
分档次,高档型酒店OCC,,%,周,2021-07-04T00:00:00Z,44.14,-9.51,,,酒店之家(STR)
分档次,高档型酒店ADR,,元,周,2021-07-04T00:00:00Z,352.55,19.3,,,酒店之家(STR)
分档次,高档型酒店RevPAR,,元,周,2021-07-04T00:00:00Z,155.6156,7.95,,,酒店之家(STR)
分档次,高档型酒店OCC,,%,周,2021-07-11T00:00:00Z,52.76,-5.35,,,酒店之家(STR)
分档次,高档型酒店ADR,,元,周,2021-07-11T00:00:00Z,379.26,22.22,,,酒店之家(STR)
分档次,高档型酒店RevPAR,,元,周,2021-07-11T00:00:00Z,200.0976,15.68,,,酒店之家(STR)
分档次,高档型酒店OCC,,%,周,2021-07-18T00:00:00Z,53.79,-6.17,,,酒店之家(STR)
分档次,高档型酒店ADR,,元,周,2021-07-18T00:00:00Z,397.62,25.17,,,酒店之家(STR)
分档次,高档型酒店RevPAR,,元,周,2021-07-18T00:00:00Z,213.8798,17.44,,,酒店之家(STR)
分档次,高档型酒店OCC,,%,周,2021-07-25T00:00:00Z,52.44,-10.95,,,酒店之家(STR)
分档次,高档型酒店ADR,,元,周,2021-07-25T00:00:00Z,403.28,22.72,,,酒店之家(STR)
分档次,高档型酒店RevPAR,,元,周,2021-07-25T00:00:00Z,211.48,9.27,,,酒店之家(STR)
分档次,高档型酒店OCC,,%,周,2021-08-01T00:00:00Z,49.18,-22.17,,,酒店之家(STR)
分档次,高档型酒店ADR,,元,周,2021-08-01T00:00:00Z,388.82,14.7,,,酒店之家(STR)
分档次,高档型酒店RevPAR,,元,周,2021-08-01T00:00:00Z,191.2217,-10.73,,,酒店之家(STR)
分档次,高档型酒店OCC,,%,周,2021-08-08T00:00:00Z,38.69,-37.87,,,酒店之家(STR)
分档次,高档型酒店ADR,,元,周,2021-08-08T00:00:00Z,345.88,-1.93,,,酒店之家(STR)
分档次,高档型酒店RevPAR,,元,周,2021-08-08T00:00:00Z,133.821,-39.07,,,酒店之家(STR)
分档次,高档型酒店OCC,,%,周,2021-08-15T00:00:00Z,37.84,-42.54,,,酒店之家(STR)
分档次,高档型酒店ADR,,元,周,2021-08-15T00:00:00Z,328.65,-9.21,,,酒店之家(STR)
分档次,高档型酒店RevPAR,,元,周,2021-08-15T00:00:00Z,124.3612,-47.84,,,酒店之家(STR)
分档次,高档型酒店OCC,,%,周,2021-08-22T00:00:00Z,37.67,-40.04,,,酒店之家(STR)
分档次,高档型酒店ADR,,元,周,2021-08-22T00:00:00Z,326.59,-7.83,,,酒店之家(STR)
分档次,高档型酒店RevPAR,,元,周,2021-08-22T00:00:00Z,123.0265,-44.74,,,酒店之家(STR)
分档次,高档型酒店OCC,,%,周,2021-08-29T00:00:00Z,39.36,-41.57,,,酒店之家(STR)
分档次,高档型酒店ADR,,元,周,2021-08-29T00:00:00Z,327.53,-4.46,,,酒店之家(STR)
分档次,高档型酒店RevPAR,,元,周,2021-08-29T00:00:00Z,128.9158,-44.17,,,酒店之家(STR)
分档次,高档型酒店OCC,,%,周,2021-09-05T00:00:00Z,42.11,-20.99,,,酒店之家(STR)
分档次,高档型酒店ADR,,元,周,2021-09-05T00:00:00Z,324.78,-0.94,,,酒店之家(STR)
分档次,高档型酒店RevPAR,,元,周,2021-09-05T00:00:00Z,136.7649,-21.74,,,酒店之家(STR)
分档次,高档型酒店OCC,,%,周,2021-09-12T00:00:00Z,49.78,-8.64,,,酒店之家(STR)
分档次,高档型酒店ADR,,元,周,2021-09-12T00:00:00Z,332.84,-0.28,,,酒店之家(STR)
分档次,高档型酒店RevPAR,,元,周,2021-09-12T00:00:00Z,165.6878,-8.9,,,酒店之家(STR)
分档次,高档型酒店OCC,,%,周,2021-09-19T00:00:00Z,47.73,-22.25,,,酒店之家(STR)
分档次,高档型酒店ADR,,元,周,2021-09-19T00:00:00Z,339.79,0.62,,,酒店之家(STR)
分档次,高档型酒店RevPAR,,元,周,2021-09-19T00:00:00Z,162.1818,-21.77,,,酒店之家(STR)
分档次,高档型酒店OCC,,%,周,2021-09-26T00:00:00Z,46.11,-19.37,,,酒店之家(STR)
分档次,高档型酒店ADR,,元,周,2021-09-26T00:00:00Z,337.47,0.92,,,酒店之家(STR)
分档次,高档型酒店RevPAR,,元,周,2021-09-26T00:00:00Z,155.6074,-18.64,,,酒店之家(STR)
分档次,高档型酒店OCC,,%,周,2021-10-03T00:00:00Z,54.36,-28.29,,,酒店之家(STR)
分档次,高档型酒店ADR,,元,周,2021-10-03T00:00:00Z,421.55,-0.65,,,酒店之家(STR)
分档次,高档型酒店RevPAR,,元,周,2021-10-03T00:00:00Z,229.1546,-28.76,,,酒店之家(STR)
分档次,高档型酒店OCC,,%,周,2021-10-10T00:00:00Z,47.49,-23.04,,,酒店之家(STR)
分档次,高档型酒店ADR,,元,周,2021-10-10T00:00:00Z,381.89,4.15,,,酒店之家(STR)
分档次,高档型酒店RevPAR,,元,周,2021-10-10T00:00:00Z,181.3596,-19.85,,,酒店之家(STR)
分档次,高档型酒店OCC,,%,周,2021-10-17T00:00:00Z,53.38,-2.11,,,酒店之家(STR)
分档次,高档型酒店ADR,,元,周,2021-10-17T00:00:00Z,348.94,2.83,,,酒店之家(STR)
分档次,高档型酒店RevPAR,,元,周,2021-10-17T00:00:00Z,186.2642,0.66,,,酒店之家(STR)
分档次,高档型酒店OCC,,%,周,2021-10-24T00:00:00Z,56.58,-2.06,,,酒店之家(STR)
分档次,高档型酒店ADR,,元,周,2021-10-24T00:00:00Z,349.05,1.71,,,酒店之家(STR)
分档次,高档型酒店RevPAR,,元,周,2021-10-24T00:00:00Z,197.4925,-0.38,,,酒店之家(STR)
分档次,高档型酒店OCC,,%,周,2021-10-31T00:00:00Z,43.04,-23.97,,,酒店之家(STR)
分档次,高档型酒店ADR,,元,周,2021-10-31T00:00:00Z,332.7,-2.01,,,酒店之家(STR)
分档次,高档型酒店RevPAR,,元,周,2021-10-31T00:00:00Z,143.1941,-25.5,,,酒店之家(STR)
分档次,高档型酒店OCC,,%,周,2021-11-07T00:00:00Z,38.89,-30.75,,,酒店之家(STR)
分档次,高档型酒店ADR,,元,周,2021-11-07T00:00:00Z,319.9,-6.17,,,酒店之家(STR)
分档次,高档型酒店RevPAR,,元,周,2021-11-07T00:00:00Z,124.4091,-35.02,,,酒店之家(STR)
分档次,高档型酒店OCC,,%,周,2021-11-14T00:00:00Z,36.94,-31.27,,,酒店之家(STR)
分档次,高档型酒店ADR,,元,周,2021-11-14T00:00:00Z,313.57,-6.59,,,酒店之家(STR)
分档次,高档型酒店RevPAR,,元,周,2021-11-14T00:00:00Z,115.8328,-35.8,,,酒店之家(STR)
分档次,高档型酒店OCC,,%,周,2021-11-21T00:00:00Z,41.96,-26.5,,,酒店之家(STR)
分档次,高档型酒店ADR,,元,周,2021-11-21T00:00:00Z,314.12,-6.04,,,酒店之家(STR)
分档次,高档型酒店RevPAR,,元,周,2021-11-21T00:00:00Z,131.8048,-30.94,,,酒店之家(STR)
分档次,高档型酒店OCC,,%,周,2021-11-28T00:00:00Z,45.64,-13.9,,,酒店之家(STR)
分档次,高档型酒店ADR,,元,周,2021-11-28T00:00:00Z,315.62,-4.84,,,酒店之家(STR)
分档次,高档型酒店RevPAR,,元,周,2021-11-28T00:00:00Z,144.049,-18.07,,,酒店之家(STR)
分档次,高档型酒店OCC,,%,周,2021-12-05T00:00:00Z,43.19,-14.17,,,酒店之家(STR)
分档次,高档型酒店ADR,,元,周,2021-12-05T00:00:00Z,311.81,-4.98,,,酒店之家(STR)
分档次,高档型酒店RevPAR,,元,周,2021-12-05T00:00:00Z,134.6707,-18.44,,,酒店之家(STR)
分档次,高档型酒店OCC,,%,周,2021-12-12T00:00:00Z,45.55,-9.98,,,酒店之家(STR)
分档次,高档型酒店ADR,,元,周,2021-12-12T00:00:00Z,314.07,-4.12,,,酒店之家(STR)
分档次,高档型酒店RevPAR,,元,周,2021-12-12T00:00:00Z,143.0589,-13.69,,,酒店之家(STR)
分档次,高档型酒店OCC,,%,周,2021-12-19T00:00:00Z,44.08,-11.65,,,酒店之家(STR)
分档次,高档型酒店ADR,,元,周,2021-12-19T00:00:00Z,311.16,-4.53,,,酒店之家(STR)
分档次,高档型酒店RevPAR,,元,周,2021-12-19T00:00:00Z,137.1593,-15.65,,,酒店之家(STR)
分档次,高档型酒店OCC,,%,周,2021-12-26T00:00:00Z,43.9,-9.09,,,酒店之家(STR)
分档次,高档型酒店ADR,,元,周,2021-12-26T00:00:00Z,318.21,-2.63,,,酒店之家(STR)
分档次,高档型酒店RevPAR,,元,周,2021-12-26T00:00:00Z,139.6942,-11.48,,,酒店之家(STR)
分档次,高档型酒店OCC,,%,周,2022-01-02T00:00:00Z,49.55,1.29,,,酒店之家(STR)
分档次,高档型酒店ADR,,元,周,2022-01-02T00:00:00Z,325.21,-0.88,,,酒店之家(STR)
分档次,高档型酒店RevPAR,,元,周,2022-01-02T00:00:00Z,161.1416,0.39,,,酒店之家(STR)
分档次,高档型酒店OCC,,%,周,2022-01-09T00:00:00Z,42.4,-8.13,,,酒店之家(STR)
分档次,高档型酒店ADR,,元,周,2022-01-09T00:00:00Z,304.63,0.24,,,酒店之家(STR)
分档次,高档型酒店RevPAR,,元,周,2022-01-09T00:00:00Z,129.1631,-7.9,,,酒店之家(STR)
分档次,高档型酒店OCC,,%,周,2022-01-16T00:00:00Z,42.73,-1.97,,,酒店之家(STR)
分档次,高档型酒店ADR,,元,周,2022-01-16T00:00:00Z,305.41,1.32,,,酒店之家(STR)
分档次,高档型酒店RevPAR,,元,周,2022-01-16T00:00:00Z,130.5017,-0.68,,,酒店之家(STR)
分档次,高档型酒店OCC,,%,周,2022-01-23T00:00:00Z,41.96,-0.07,,,酒店之家(STR)
分档次,高档型酒店ADR,,元,周,2022-01-23T00:00:00Z,297.68,-0.35,,,酒店之家(STR)
分档次,高档型酒店RevPAR,,元,周,2022-01-23T00:00:00Z,124.9065,-0.42,,,酒店之家(STR)
分档次,高档型酒店OCC,,%,周,2022-01-30T00:00:00Z,37.92,-7.58,,,酒店之家(STR)
分档次,高档型酒店ADR,,元,周,2022-01-30T00:00:00Z,300.61,3.92,,,酒店之家(STR)
分档次,高档型酒店RevPAR,,元,周,2022-01-30T00:00:00Z,113.9913,-3.95,,,酒店之家(STR)
分档次,高档型酒店OCC,,%,周,2022-02-06T00:00:00Z,42.91,7.44,,,酒店之家(STR)
分档次,高档型酒店ADR,,元,周,2022-02-06T00:00:00Z,374.19,29.87,,,酒店之家(STR)
分档次,高档型酒店RevPAR,,元,周,2022-02-06T00:00:00Z,160.5649,39.53,,,酒店之家(STR)
分档次,高档型酒店OCC,,%,周,2022-02-13T00:00:00Z,46.73,37.64,,,酒店之家(STR)
分档次,高档型酒店ADR,,元,周,2022-02-13T00:00:00Z,314.87,-6.82,,,酒店之家(STR)
分档次,高档型酒店RevPAR,,元,周,2022-02-13T00:00:00Z,147.1388,28.25,,,酒店之家(STR)
分档次,高档型酒店OCC,,%,周,2022-02-20T00:00:00Z,46.59,-1.06,,,酒店之家(STR)
分档次,高档型酒店ADR,,元,周,2022-02-20T00:00:00Z,304.01,-4.93,,,酒店之家(STR)
分档次,高档型酒店RevPAR,,元,周,2022-02-20T00:00:00Z,141.6383,-5.94,,,酒店之家(STR)
分档次,高档型酒店OCC,,%,周,2022-02-27T00:00:00Z,47.83,5.65,,,酒店之家(STR)
分档次,高档型酒店ADR,,元,周,2022-02-27T00:00:00Z,304,2.27,,,酒店之家(STR)
分档次,高档型酒店RevPAR,,元,周,2022-02-27T00:00:00Z,145.4032,8.05,,,酒店之家(STR)
分档次,高档型酒店OCC,,%,周,2022-03-06T00:00:00Z,45.61,-7.58,,,酒店之家(STR)
分档次,高档型酒店ADR,,元,周,2022-03-06T00:00:00Z,301.42,-3.03,,,酒店之家(STR)
分档次,高档型酒店RevPAR,,元,周,2022-03-06T00:00:00Z,137.4777,-10.38,,,酒店之家(STR)
分档次,高档型酒店OCC,,%,周,2022-03-13T00:00:00Z,43.83,-23.28,,,酒店之家(STR)
分档次,高档型酒店ADR,,元,周,2022-03-13T00:00:00Z,296.83,-7.07,,,酒店之家(STR)
分档次,高档型酒店RevPAR,,元,周,2022-03-13T00:00:00Z,130.1006,-28.71,,,酒店之家(STR)
分档次,高档型酒店OCC,,%,周,2022-03-20T00:00:00Z,39.19,-31.64,,,酒店之家(STR)
分档次,高档型酒店ADR,,元,周,2022-03-20T00:00:00Z,282.62,-15.61,,,酒店之家(STR)
分档次,高档型酒店RevPAR,,元,周,2022-03-20T00:00:00Z,110.7588,-42.31,,,酒店之家(STR)
分档次,高档型酒店OCC,,%,周,2022-03-27T00:00:00Z,39.19,-33.4,,,酒店之家(STR)
分档次,高档型酒店ADR,,元,周,2022-03-27T00:00:00Z,278.26,-18.7,,,酒店之家(STR)
分档次,高档型酒店RevPAR,,元,周,2022-03-27T00:00:00Z,109.0501,-45.85,,,酒店之家(STR)
分档次,高档型酒店OCC,,%,周,2022-04-03T00:00:00Z,38.87,-27.49,,,酒店之家(STR)
分档次,高档型酒店ADR,,元,周,2022-04-03T00:00:00Z,283.94,-21.48,,,酒店之家(STR)
分档次,高档型酒店RevPAR,,元,周,2022-04-03T00:00:00Z,110.3675,-43.07,,,酒店之家(STR)
分档次,高档型酒店OCC,,%,周,2022-04-10T00:00:00Z,37.02,-28.16,,,酒店之家(STR)
分档次,高档型酒店ADR,,元,周,2022-04-10T00:00:00Z,283.89,-17.41,,,酒店之家(STR)
分档次,高档型酒店RevPAR,,元,周,2022-04-10T00:00:00Z,105.0961,-40.67,,,酒店之家(STR)
分档次,高档型酒店OCC,,%,周,2022-04-17T00:00:00Z,37.22,-35.79,,,酒店之家(STR)
分档次,高档型酒店ADR,,元,周,2022-04-17T00:00:00Z,275.65,-23.39,,,酒店之家(STR)
分档次,高档型酒店RevPAR,,元,周,2022-04-17T00:00:00Z,102.5969,-50.81,,,酒店之家(STR)
分档次,高档型酒店OCC,,%,周,2022-04-24T00:00:00Z,38.27,-36.27,,,酒店之家(STR)
分档次,高档型酒店ADR,,元,周,2022-04-24T00:00:00Z,277.27,-22.24,,,酒店之家(STR)
分档次,高档型酒店RevPAR,,元,周,2022-04-24T00:00:00Z,106.1112,-50.45,,,酒店之家(STR)
分档次,高档型酒店OCC,,%,周,2022-05-01T00:00:00Z,43.4,-22.86,,,酒店之家(STR)
分档次,高档型酒店ADR,,元,周,2022-05-01T00:00:00Z,299.77,-32.08,,,酒店之家(STR)
分档次,高档型酒店RevPAR,,元,周,2022-05-01T00:00:00Z,130.1002,-47.61,,,酒店之家(STR)
分档次,高档型酒店OCC,,%,周,2022-05-08T00:00:00Z,41.87,-31.34,,,酒店之家(STR)
分档次,高档型酒店ADR,,元,周,2022-05-08T00:00:00Z,293.62,-26.18,,,酒店之家(STR)
分档次,高档型酒店RevPAR,,元,周,2022-05-08T00:00:00Z,122.9387,-49.31,,,酒店之家(STR)
分档次,高档型酒店OCC,,%,周,2022-05-15T00:00:00Z,43.96,-25.52,,,酒店之家(STR)
分档次,高档型酒店ADR,,元,周,2022-05-15T00:00:00Z,279.55,-22.94,,,酒店之家(STR)
分档次,高档型酒店RevPAR,,元,周,2022-05-15T00:00:00Z,122.8902,-42.6,,,酒店之家(STR)
分档次,高档型酒店OCC,,%,周,2022-05-22T00:00:00Z,46.87,-25.94,,,酒店之家(STR)
分档次,高档型酒店ADR,,元,周,2022-05-22T00:00:00Z,283.78,-21.4,,,酒店之家(STR)
分档次,高档型酒店RevPAR,,元,周,2022-05-22T00:00:00Z,133.0077,-41.79,,,酒店之家(STR)
分档次,高档型酒店OCC,,%,周,2022-05-29T00:00:00Z,46.62,-2.98,,,酒店之家(STR)
分档次,高档型酒店ADR,,元,周,2022-05-29T00:00:00Z,286.89,-18.42,,,酒店之家(STR)
分档次,高档型酒店RevPAR,,元,周,2022-05-29T00:00:00Z,133.7481,-20.85,,,酒店之家(STR)
分档次,高档型酒店OCC,,%,周,2022-06-05T00:00:00Z,48.26,18.34,,,酒店之家(STR)
分档次,高档型酒店ADR,,元,周,2022-06-05T00:00:00Z,302.58,-11.75,,,酒店之家(STR)
分档次,高档型酒店RevPAR,,元,周,2022-06-05T00:00:00Z,146.0251,4.44,,,酒店之家(STR)
分档次,高档型酒店OCC,,%,周,2022-06-12T00:00:00Z,49.71,5.36,,,酒店之家(STR)
分档次,高档型酒店ADR,,元,周,2022-06-12T00:00:00Z,299.05,-16.51,,,酒店之家(STR)
分档次,高档型酒店RevPAR,,元,周,2022-06-12T00:00:00Z,148.6578,-12.03,,,酒店之家(STR)
分档次,高档型酒店OCC,,%,周,2022-06-19T00:00:00Z,54.38,29.82,,,酒店之家(STR)
分档次,高档型酒店ADR,,元,周,2022-06-19T00:00:00Z,306.19,-9.72,,,酒店之家(STR)
分档次,高档型酒店RevPAR,,元,周,2022-06-19T00:00:00Z,166.5061,17.19,,,酒店之家(STR)
分档次,高档型酒店OCC,,%,周,2022-06-26T00:00:00Z,55.89,15.52,,,酒店之家(STR)
分档次,高档型酒店ADR,,元,周,2022-06-26T00:00:00Z,313.1,-9.35,,,酒店之家(STR)
分档次,高档型酒店RevPAR,,元,周,2022-06-26T00:00:00Z,174.9916,4.72,,,酒店之家(STR)
分档次,高档型酒店OCC,,%,周,2022-07-03T00:00:00Z,56.98,29.09,,,酒店之家(STR)
分档次,高档型酒店ADR,,元,周,2022-07-03T00:00:00Z,326.74,-7.32,,,酒店之家(STR)
分档次,高档型酒店RevPAR,,元,周,2022-07-03T00:00:00Z,186.1765,19.64,,,酒店之家(STR)
分档次,高档型酒店OCC,,%,周,2022-07-10T00:00:00Z,61.82,17.17,,,酒店之家(STR)
分档次,高档型酒店ADR,,元,周,2022-07-10T00:00:00Z,350.54,-7.57,,,酒店之家(STR)
分档次,高档型酒店RevPAR,,元,周,2022-07-10T00:00:00Z,216.7038,8.3,,,酒店之家(STR)
分档次,高档型酒店OCC,,%,周,2022-07-17T00:00:00Z,62.73,16.62,,,酒店之家(STR)
分档次,高档型酒店ADR,,元,周,2022-07-17T00:00:00Z,364.4,-8.35,,,酒店之家(STR)
分档次,高档型酒店RevPAR,,元,周,2022-07-17T00:00:00Z,228.5881,6.88,,,酒店之家(STR)
分档次,高档型酒店OCC,,%,周,2022-07-24T00:00:00Z,62.33,18.86,,,酒店之家(STR)
分档次,高档型酒店ADR,,元,周,2022-07-24T00:00:00Z,373.88,-7.29,,,酒店之家(STR)
分档次,高档型酒店RevPAR,,元,周,2022-07-24T00:00:00Z,233.0394,10.19,,,酒店之家(STR)
分档次,高档型酒店OCC,,%,周,2022-07-31T00:00:00Z,57.52,16.96,,,酒店之家(STR)
分档次,高档型酒店ADR,,元,周,2022-07-31T00:00:00Z,386.76,-0.53,,,酒店之家(STR)
分档次,高档型酒店RevPAR,,元,周,2022-07-31T00:00:00Z,222.4644,16.34,,,酒店之家(STR)
分档次,高档型酒店OCC,,%,周,2022-08-07T00:00:00Z,59.46,53.68,,,酒店之家(STR)
分档次,高档型酒店ADR,,元,周,2022-08-07T00:00:00Z,402.83,16.47,,,酒店之家(STR)
分档次,高档型酒店RevPAR,,元,周,2022-08-07T00:00:00Z,239.5227,78.99,,,酒店之家(STR)
分档次,高档型酒店OCC,,%,周,2022-08-14T00:00:00Z,56.1,48.26,,,酒店之家(STR)
分档次,高档型酒店ADR,,元,周,2022-08-14T00:00:00Z,401.72,22.23,,,酒店之家(STR)
分档次,高档型酒店RevPAR,,元,周,2022-08-14T00:00:00Z,225.3649,81.22,,,酒店之家(STR)
分档次,高档型酒店OCC,,%,周,2022-08-21T00:00:00Z,57.08,51.53,,,酒店之家(STR)
分档次,高档型酒店ADR,,元,周,2022-08-21T00:00:00Z,378.83,16,,,酒店之家(STR)
分档次,高档型酒店RevPAR,,元,周,2022-08-21T00:00:00Z,216.2362,75.76,,,酒店之家(STR)
分档次,高档型酒店OCC,,%,周,2022-08-28T00:00:00Z,46.98,19.36,,,酒店之家(STR)
分档次,高档型酒店ADR,,元,周,2022-08-28T00:00:00Z,351.19,7.22,,,酒店之家(STR)
分档次,高档型酒店RevPAR,,元,周,2022-08-28T00:00:00Z,164.9891,27.98,,,酒店之家(STR)
分档次,高档型酒店OCC,,%,周,2022-09-04T00:00:00Z,39.11,-7.12,,,酒店之家(STR)
分档次,高档型酒店ADR,,元,周,2022-09-04T00:00:00Z,325.71,0.29,,,酒店之家(STR)
分档次,高档型酒店RevPAR,,元,周,2022-09-04T00:00:00Z,127.3852,-6.86,,,酒店之家(STR)
分档次,高档型酒店OCC,,%,周,2022-09-11T00:00:00Z,39.89,-19.87,,,酒店之家(STR)
分档次,高档型酒店ADR,,元,周,2022-09-11T00:00:00Z,329.16,-1.11,,,酒店之家(STR)
分档次,高档型酒店RevPAR,,元,周,2022-09-11T00:00:00Z,131.3019,-20.75,,,酒店之家(STR)
分档次,高档型酒店OCC,,%,周,2022-09-18T00:00:00Z,44.85,-6.03,,,酒店之家(STR)
分档次,高档型酒店ADR,,元,周,2022-09-18T00:00:00Z,316.41,-6.88,,,酒店之家(STR)
分档次,高档型酒店RevPAR,,元,周,2022-09-18T00:00:00Z,141.9099,-12.5,,,酒店之家(STR)
分档次,高档型酒店OCC,,%,周,2022-09-25T00:00:00Z,48.56,5.31,,,酒店之家(STR)
分档次,高档型酒店ADR,,元,周,2022-09-25T00:00:00Z,326.22,-3.33,,,酒店之家(STR)
分档次,高档型酒店RevPAR,,元,周,2022-09-25T00:00:00Z,158.4124,1.8,,,酒店之家(STR)
分档次,高档型酒店OCC,,%,周,2022-10-02T00:00:00Z,46.76,-13.98,,,酒店之家(STR)
分档次,高档型酒店ADR,,元,周,2022-10-02T00:00:00Z,367.67,-12.78,,,酒店之家(STR)
分档次,高档型酒店RevPAR,,元,周,2022-10-02T00:00:00Z,171.9225,-24.98,,,酒店之家(STR)
分档次,高档型酒店OCC,,%,周,2022-10-09T00:00:00Z,42.01,-11.54,,,酒店之家(STR)
分档次,高档型酒店ADR,,元,周,2022-10-09T00:00:00Z,374.41,-1.96,,,酒店之家(STR)
分档次,高档型酒店RevPAR,,元,周,2022-10-09T00:00:00Z,157.2896,-13.27,,,酒店之家(STR)
分档次,高档型酒店OCC,,%,周,2022-10-16T00:00:00Z,39.84,-25.37,,,酒店之家(STR)
分档次,高档型酒店ADR,,元,周,2022-10-16T00:00:00Z,311.83,-10.64,,,酒店之家(STR)
分档次,高档型酒店RevPAR,,元,周,2022-10-16T00:00:00Z,124.2331,-33.3,,,酒店之家(STR)
分档次,高档型酒店OCC,,%,周,2022-10-23T00:00:00Z,39.67,-29.89,,,酒店之家(STR)
分档次,高档型酒店ADR,,元,周,2022-10-23T00:00:00Z,307.43,-11.92,,,酒店之家(STR)
分档次,高档型酒店RevPAR,,元,周,2022-10-23T00:00:00Z,121.9575,-38.25,,,酒店之家(STR)
分档次,高档型酒店OCC,,%,周,2022-10-30T00:00:00Z,40.38,-6.18,,,酒店之家(STR)
分档次,高档型酒店ADR,,元,周,2022-10-30T00:00:00Z,307.72,-7.51,,,酒店之家(STR)
分档次,高档型酒店RevPAR,,元,周,2022-10-30T00:00:00Z,124.2573,-13.22,,,酒店之家(STR)
分档次,高档型酒店OCC,,%,周,2022-11-06T00:00:00Z,41.94,7.84,,,酒店之家(STR)
分档次,高档型酒店ADR,,元,周,2022-11-06T00:00:00Z,308.17,-3.67,,,酒店之家(STR)
分档次,高档型酒店RevPAR,,元,周,2022-11-06T00:00:00Z,129.2465,3.89,,,酒店之家(STR)
分档次,高档型酒店OCC,,%,周,2022-11-13T00:00:00Z,40.97,10.91,,,酒店之家(STR)
分档次,高档型酒店ADR,,元,周,2022-11-13T00:00:00Z,308.4,-1.65,,,酒店之家(STR)
分档次,高档型酒店RevPAR,,元,周,2022-11-13T00:00:00Z,126.3515,9.08,,,酒店之家(STR)
分档次,高档型酒店OCC,,%,周,2022-11-20T00:00:00Z,42.92,2.29,,,酒店之家(STR)
分档次,高档型酒店ADR,,元,周,2022-11-20T00:00:00Z,307.47,-2.12,,,酒店之家(STR)
分档次,高档型酒店RevPAR,,元,周,2022-11-20T00:00:00Z,131.9661,0.12,,,酒店之家(STR)
分档次,高档型酒店OCC,,%,周,2022-11-27T00:00:00Z,42.72,-6.4,,,酒店之家(STR)
分档次,高档型酒店ADR,,元,周,2022-11-27T00:00:00Z,308.01,-2.41,,,酒店之家(STR)
分档次,高档型酒店RevPAR,,元,周,2022-11-27T00:00:00Z,131.5819,-8.65,,,酒店之家(STR)
分档次,高档型酒店OCC,,%,周,2022-12-04T00:00:00Z,41.67,-3.52,,,酒店之家(STR)
分档次,高档型酒店ADR,,元,周,2022-12-04T00:00:00Z,303.13,-2.78,,,酒店之家(STR)
分档次,高档型酒店RevPAR,,元,周,2022-12-04T00:00:00Z,126.3143,-6.21,,,酒店之家(STR)
分档次,高档型酒店OCC,,%,周,2022-12-11T00:00:00Z,42.39,-6.94,,,酒店之家(STR)
分档次,高档型酒店ADR,,元,周,2022-12-11T00:00:00Z,303.11,-3.49,,,酒店之家(STR)
分档次,高档型酒店RevPAR,,元,周,2022-12-11T00:00:00Z,128.4883,-10.19,,,酒店之家(STR)
分档次,高档型酒店OCC,,%,周,2022-12-18T00:00:00Z,46.25,4.92,,,酒店之家(STR)
分档次,高档型酒店ADR,,元,周,2022-12-18T00:00:00Z,304.7,-2.08,,,酒店之家(STR)
分档次,高档型酒店RevPAR,,元,周,2022-12-18T00:00:00Z,140.9238,2.74,,,酒店之家(STR)
分档次,高档型酒店OCC,,%,周,2022-12-25T00:00:00Z,41.91,-4.53,,,酒店之家(STR)
分档次,高档型酒店ADR,,元,周,2022-12-25T00:00:00Z,308.66,-3,,,酒店之家(STR)
分档次,高档型酒店RevPAR,,元,周,2022-12-25T00:00:00Z,129.3594,-7.4,,,酒店之家(STR)
分档次,高档型酒店OCC,,%,周,2023-01-01T00:00:00Z,48.67,-1.78,,,酒店之家(STR)
分档次,高档型酒店ADR,,元,周,2023-01-01T00:00:00Z,318.32,-2.12,,,酒店之家(STR)
分档次,高档型酒店RevPAR,,元,周,2023-01-01T00:00:00Z,154.9263,-3.86,,,酒店之家(STR)
分档次,高档型酒店OCC,,%,周,2023-01-08T00:00:00Z,45.75,7.9,,,酒店之家(STR)
分档次,高档型酒店ADR,,元,周,2023-01-08T00:00:00Z,314,3.08,,,酒店之家(STR)
分档次,高档型酒店RevPAR,,元,周,2023-01-08T00:00:00Z,143.655,11.22,,,酒店之家(STR)
分档次,高档型酒店OCC,,%,周,2023-01-15T00:00:00Z,52.15,22.05,,,酒店之家(STR)
分档次,高档型酒店ADR,,元,周,2023-01-15T00:00:00Z,331.51,8.55,,,酒店之家(STR)
分档次,高档型酒店RevPAR,,元,周,2023-01-15T00:00:00Z,172.8825,32.48,,,酒店之家(STR)
分档次,高档型酒店OCC,,%,周,2023-01-22T00:00:00Z,48.61,15.85,,,酒店之家(STR)
分档次,高档型酒店ADR,,元,周,2023-01-22T00:00:00Z,371.73,24.88,,,酒店之家(STR)
分档次,高档型酒店RevPAR,,元,周,2023-01-22T00:00:00Z,180.698,44.67,,,酒店之家(STR)
分档次,高档型酒店OCC,,%,周,2023-01-29T00:00:00Z,64.59,70.33,,,酒店之家(STR)
分档次,高档型酒店ADR,,元,周,2023-01-29T00:00:00Z,446.39,48.49,,,酒店之家(STR)
分档次,高档型酒店RevPAR,,元,周,2023-01-29T00:00:00Z,288.3233,152.93,,,酒店之家(STR)
分档次,高档型酒店OCC,,%,周,2023-02-05T00:00:00Z,54.48,26.96,,,酒店之家(STR)
分档次,高档型酒店ADR,,元,周,2023-02-05T00:00:00Z,362.31,-3.17,,,酒店之家(STR)
分档次,高档型酒店RevPAR,,元,周,2023-02-05T00:00:00Z,197.3865,22.93,,,酒店之家(STR)
分档次,高档型酒店OCC,,%,周,2023-02-12T00:00:00Z,52.08,11.45,,,酒店之家(STR)
分档次,高档型酒店ADR,,元,周,2023-02-12T00:00:00Z,354.17,12.48,,,酒店之家(STR)
分档次,高档型酒店RevPAR,,元,周,2023-02-12T00:00:00Z,184.4517,25.36,,,酒店之家(STR)
分档次,高档型酒店OCC,,%,周,2023-02-19T00:00:00Z,51.91,11.42,,,酒店之家(STR)
分档次,高档型酒店ADR,,元,周,2023-02-19T00:00:00Z,359.78,18.34,,,酒店之家(STR)
分档次,高档型酒店RevPAR,,元,周,2023-02-19T00:00:00Z,186.7618,31.86,,,酒店之家(STR)
分档次,高档型酒店OCC,,%,周,2023-02-26T00:00:00Z,54.13,13.17,,,酒店之家(STR)
分档次,高档型酒店ADR,,元,周,2023-02-26T00:00:00Z,361.5,18.91,,,酒店之家(STR)
分档次,高档型酒店RevPAR,,元,周,2023-02-26T00:00:00Z,195.6799,34.58,,,酒店之家(STR)
分档次,高档型酒店OCC,,%,周,2023-03-05T00:00:00Z,52.85,15.87,,,酒店之家(STR)
分档次,高档型酒店ADR,,元,周,2023-03-05T00:00:00Z,358.05,18.79,,,酒店之家(STR)
分档次,高档型酒店RevPAR,,元,周,2023-03-05T00:00:00Z,189.2294,37.64,,,酒店之家(STR)
分档次,高档型酒店OCC,,%,周,2023-03-12T00:00:00Z,54.51,24.37,,,酒店之家(STR)
分档次,高档型酒店ADR,,元,周,2023-03-12T00:00:00Z,357.28,20.37,,,酒店之家(STR)
分档次,高档型酒店RevPAR,,元,周,2023-03-12T00:00:00Z,194.7533,49.69,,,酒店之家(STR)
分档次,高档型酒店OCC,,%,周,2023-03-19T00:00:00Z,54.87,40.01,,,酒店之家(STR)
分档次,高档型酒店ADR,,元,周,2023-03-19T00:00:00Z,364.23,28.88,,,酒店之家(STR)
分档次,高档型酒店RevPAR,,元,周,2023-03-19T00:00:00Z,199.853,80.44,,,酒店之家(STR)
分档次,高档型酒店OCC,,%,周,2023-03-26T00:00:00Z,55.25,40.98,,,酒店之家(STR)
分档次,高档型酒店ADR,,元,周,2023-03-26T00:00:00Z,362.84,30.4,,,酒店之家(STR)
分档次,高档型酒店RevPAR,,元,周,2023-03-26T00:00:00Z,200.4691,83.83,,,酒店之家(STR)
分档次,高档型酒店OCC,,%,周,2023-04-02T00:00:00Z,54.22,39.49,,,酒店之家(STR)
分档次,高档型酒店ADR,,元,周,2023-04-02T00:00:00Z,364.77,28.47,,,酒店之家(STR)
分档次,高档型酒店RevPAR,,元,周,2023-04-02T00:00:00Z,197.7783,79.2,,,酒店之家(STR)
分档次,高档型酒店OCC,,%,周,2023-04-09T00:00:00Z,52.56,41.98,,,酒店之家(STR)
分档次,高档型酒店ADR,,元,周,2023-04-09T00:00:00Z,370.25,30.42,,,酒店之家(STR)
分档次,高档型酒店RevPAR,,元,周,2023-04-09T00:00:00Z,194.6034,85.17,,,酒店之家(STR)
分档次,高档型酒店OCC,,%,周,2023-04-16T00:00:00Z,55.43,48.93,,,酒店之家(STR)
分档次,高档型酒店ADR,,元,周,2023-04-16T00:00:00Z,391.43,42,,,酒店之家(STR)
分档次,高档型酒店RevPAR,,元,周,2023-04-16T00:00:00Z,216.9696,111.48,,,酒店之家(STR)
分档次,高档型酒店OCC,,%,周,2023-04-23T00:00:00Z,53.43,39.61,,,酒店之家(STR)
分档次,高档型酒店ADR,,元,周,2023-04-23T00:00:00Z,383.84,38.44,,,酒店之家(STR)
分档次,高档型酒店RevPAR,,元,周,2023-04-23T00:00:00Z,205.0857,93.27,,,酒店之家(STR)
分档次,高档型酒店OCC,,%,周,2023-04-30T00:00:00Z,60.37,39.1,,,酒店之家(STR)
分档次,高档型酒店ADR,,元,周,2023-04-30T00:00:00Z,484.72,61.7,,,酒店之家(STR)
分档次,高档型酒店RevPAR,,元,周,2023-04-30T00:00:00Z,292.6255,124.92,,,酒店之家(STR)
分档次,高档型酒店OCC,,%,周,2023-05-07T00:00:00Z,53.05,26.7,,,酒店之家(STR)
分档次,高档型酒店ADR,,元,周,2023-05-07T00:00:00Z,422.67,43.95,,,酒店之家(STR)
分档次,高档型酒店RevPAR,,元,周,2023-05-07T00:00:00Z,224.2264,82.39,,,酒店之家(STR)
分档次,高档型酒店OCC,,%,周,2023-05-14T00:00:00Z,50.6,15.1,,,酒店之家(STR)
分档次,高档型酒店ADR,,元,周,2023-05-14T00:00:00Z,376.18,34.57,,,酒店之家(STR)
分档次,高档型酒店RevPAR,,元,周,2023-05-14T00:00:00Z,190.3471,54.89,,,酒店之家(STR)
分档次,高档型酒店OCC,,%,周,2023-05-21T00:00:00Z,55.32,18.03,,,酒店之家(STR)
分档次,高档型酒店ADR,,元,周,2023-05-21T00:00:00Z,375.04,32.16,,,酒店之家(STR)
分档次,高档型酒店RevPAR,,元,周,2023-05-21T00:00:00Z,207.4721,55.99,,,酒店之家(STR)
分档次,高档型酒店OCC,,%,周,2023-05-28T00:00:00Z,50.78,8.92,,,酒店之家(STR)
分档次,高档型酒店ADR,,元,周,2023-05-28T00:00:00Z,369.57,28.82,,,酒店之家(STR)
分档次,高档型酒店RevPAR,,元,周,2023-05-28T00:00:00Z,187.6676,40.31,,,酒店之家(STR)
分档次,高档型酒店OCC,,%,周,2023-06-04T00:00:00Z,46.09,-4.5,,,酒店之家(STR)
分档次,高档型酒店ADR,,元,周,2023-06-04T00:00:00Z,355.61,17.53,,,酒店之家(STR)
分档次,高档型酒店RevPAR,,元,周,2023-06-04T00:00:00Z,163.9006,12.24,,,酒店之家(STR)
分档次,高档型酒店OCC,,%,周,2023-06-11T00:00:00Z,50.96,2.51,,,酒店之家(STR)
分档次,高档型酒店ADR,,元,周,2023-06-11T00:00:00Z,365.24,22.13,,,酒店之家(STR)
分档次,高档型酒店RevPAR,,元,周,2023-06-11T00:00:00Z,186.1263,25.2,,,酒店之家(STR)
分档次,高档型酒店OCC,,%,周,2023-06-18T00:00:00Z,50.32,-7.47,,,酒店之家(STR)
分档次,高档型酒店ADR,,元,周,2023-06-18T00:00:00Z,368.55,20.37,,,酒店之家(STR)
分档次,高档型酒店RevPAR,,元,周,2023-06-18T00:00:00Z,185.4544,11.38,,,酒店之家(STR)
分档次,高档型酒店OCC,,%,周,2023-06-25T00:00:00Z,52.46,-6.14,,,酒店之家(STR)
分档次,高档型酒店ADR,,元,周,2023-06-25T00:00:00Z,384.01,22.65,,,酒店之家(STR)
分档次,高档型酒店RevPAR,,元,周,2023-06-25T00:00:00Z,201.4516,15.12,,,酒店之家(STR)
分档次,高档型酒店OCC,,%,周,2023-07-02T00:00:00Z,59.33,4.12,,,酒店之家(STR)
分档次,高档型酒店ADR,,元,周,2023-07-02T00:00:00Z,391.92,19.95,,,酒店之家(STR)
分档次,高档型酒店RevPAR,,元,周,2023-07-02T00:00:00Z,232.5261,24.9,,,酒店之家(STR)
分档次,高档型酒店OCC,,%,周,2023-07-09T00:00:00Z,61.83,0.02,,,酒店之家(STR)
分档次,高档型酒店ADR,,元,周,2023-07-09T00:00:00Z,413.3,17.9,,,酒店之家(STR)
分档次,高档型酒店RevPAR,,元,周,2023-07-09T00:00:00Z,255.5434,17.92,,,酒店之家(STR)
分档次,高档型酒店OCC,,%,周,2023-07-16T00:00:00Z,63.05,0.51,,,酒店之家(STR)
分档次,高档型酒店ADR,,元,周,2023-07-16T00:00:00Z,423.27,16.16,,,酒店之家(STR)
分档次,高档型酒店RevPAR,,元,周,2023-07-16T00:00:00Z,266.8717,16.75,,,酒店之家(STR)
分档次,高档型酒店OCC,,%,周,2023-07-23T00:00:00Z,63.73,2.25,,,酒店之家(STR)
分档次,高档型酒店ADR,,元,周,2023-07-23T00:00:00Z,431,15.28,,,酒店之家(STR)
分档次,高档型酒店RevPAR,,元,周,2023-07-23T00:00:00Z,274.6763,17.87,,,酒店之家(STR)
分档次,高档型酒店OCC,,%,周,2023-07-30T00:00:00Z,61.8,7.44,,,酒店之家(STR)
分档次,高档型酒店ADR,,元,周,2023-07-30T00:00:00Z,434.2,12.27,,,酒店之家(STR)
分档次,高档型酒店RevPAR,,元,周,2023-07-30T00:00:00Z,268.3356,20.62,,,酒店之家(STR)
分档次,高档型酒店OCC,,%,周,2023-08-06T00:00:00Z,65.45,10.07,,,酒店之家(STR)
分档次,高档型酒店ADR,,元,周,2023-08-06T00:00:00Z,443.42,10.08,,,酒店之家(STR)
分档次,高档型酒店RevPAR,,元,周,2023-08-06T00:00:00Z,290.2184,21.17,,,酒店之家(STR)
分档次,高档型酒店OCC,,%,周,2023-08-13T00:00:00Z,67.32,20,,,酒店之家(STR)
分档次,高档型酒店ADR,,元,周,2023-08-13T00:00:00Z,449.72,11.95,,,酒店之家(STR)
分档次,高档型酒店RevPAR,,元,周,2023-08-13T00:00:00Z,302.7515,34.34,,,酒店之家(STR)
分档次,高档型酒店OCC,,%,周,2023-08-20T00:00:00Z,63.99,12.11,,,酒店之家(STR)
分档次,高档型酒店ADR,,元,周,2023-08-20T00:00:00Z,443.22,17,,,酒店之家(STR)
分档次,高档型酒店RevPAR,,元,周,2023-08-20T00:00:00Z,283.6165,31.16,,,酒店之家(STR)
分档次,高档型酒店OCC,,%,周,2023-08-27T00:00:00Z,59.09,25.78,,,酒店之家(STR)
分档次,高档型酒店ADR,,元,周,2023-08-27T00:00:00Z,411.72,17.24,,,酒店之家(STR)
分档次,高档型酒店RevPAR,,元,周,2023-08-27T00:00:00Z,243.2853,47.46,,,酒店之家(STR)
分档次,高档型酒店OCC,,%,周,2023-09-03T00:00:00Z,47.5,21.45,,,酒店之家(STR)
分档次,高档型酒店ADR,,元,周,2023-09-03T00:00:00Z,358.86,10.18,,,酒店之家(STR)
分档次,高档型酒店RevPAR,,元,周,2023-09-03T00:00:00Z,170.4585,33.81,,,酒店之家(STR)
分档次,高档型酒店OCC,,%,周,2023-09-10T00:00:00Z,49.63,24.42,,,酒店之家(STR)
分档次,高档型酒店ADR,,元,周,2023-09-10T00:00:00Z,358.02,8.77,,,酒店之家(STR)
分档次,高档型酒店RevPAR,,元,周,2023-09-10T00:00:00Z,177.6853,35.33,,,酒店之家(STR)
分档次,高档型酒店OCC,,%,周,2023-09-17T00:00:00Z,52.65,17.39,,,酒店之家(STR)
分档次,高档型酒店ADR,,元,周,2023-09-17T00:00:00Z,357.47,12.98,,,酒店之家(STR)
分档次,高档型酒店RevPAR,,元,周,2023-09-17T00:00:00Z,188.208,32.62,,,酒店之家(STR)
分档次,高档型酒店OCC,,%,周,2023-09-24T00:00:00Z,52.07,7.23,,,酒店之家(STR)
分档次,高档型酒店ADR,,元,周,2023-09-24T00:00:00Z,361.95,10.95,,,酒店之家(STR)
分档次,高档型酒店RevPAR,,元,周,2023-09-24T00:00:00Z,188.4674,18.97,,,酒店之家(STR)
分档次,高档型酒店OCC,,%,周,2023-10-01T00:00:00Z,52.33,11.91,,,酒店之家(STR)
分档次,高档型酒店ADR,,元,周,2023-10-01T00:00:00Z,448.12,21.88,,,酒店之家(STR)
分档次,高档型酒店RevPAR,,元,周,2023-10-01T00:00:00Z,234.5012,36.4,,,酒店之家(STR)
分档次,高档型酒店OCC,,%,周,2023-10-08T00:00:00Z,53.37,27.04,,,酒店之家(STR)
分档次,高档型酒店ADR,,元,周,2023-10-08T00:00:00Z,448.21,19.71,,,酒店之家(STR)
分档次,高档型酒店RevPAR,,元,周,2023-10-08T00:00:00Z,239.2097,52.08,,,酒店之家(STR)
分档次,高档型酒店OCC,,%,周,2023-10-15T00:00:00Z,51.07,28.19,,,酒店之家(STR)
分档次,高档型酒店ADR,,元,周,2023-10-15T00:00:00Z,351.65,12.77,,,酒店之家(STR)
分档次,高档型酒店RevPAR,,元,周,2023-10-15T00:00:00Z,179.5877,44.56,,,酒店之家(STR)
分档次,高档型酒店OCC,,%,周,2023-10-22T00:00:00Z,53.16,34.01,,,酒店之家(STR)
分档次,高档型酒店ADR,,元,周,2023-10-22T00:00:00Z,359.49,16.93,,,酒店之家(STR)
分档次,高档型酒店RevPAR,,元,周,2023-10-22T00:00:00Z,191.1049,56.7,,,酒店之家(STR)
分档次,高档型酒店OCC,,%,周,2023-10-29T00:00:00Z,51.76,28.18,,,酒店之家(STR)
分档次,高档型酒店ADR,,元,周,2023-10-29T00:00:00Z,355.56,15.55,,,酒店之家(STR)
分档次,高档型酒店RevPAR,,元,周,2023-10-29T00:00:00Z,184.0379,48.11,,,酒店之家(STR)
分档次,高档型酒店OCC,,%,周,2023-11-05T00:00:00Z,49.59,18.24,,,酒店之家(STR)
分档次,高档型酒店ADR,,元,周,2023-11-05T00:00:00Z,345.18,12.01,,,酒店之家(STR)
分档次,高档型酒店RevPAR,,元,周,2023-11-05T00:00:00Z,171.1748,32.44,,,酒店之家(STR)
分档次,高档型酒店OCC,,%,周,2023-11-12T00:00:00Z,49.73,21.38,,,酒店之家(STR)
分档次,高档型酒店ADR,,元,周,2023-11-12T00:00:00Z,342.93,11.2,,,酒店之家(STR)
分档次,高档型酒店RevPAR,,元,周,2023-11-12T00:00:00Z,170.5391,34.97,,,酒店之家(STR)
分档次,高档型酒店OCC,,%,周,2023-11-19T00:00:00Z,50.32,17.24,,,酒店之家(STR)
分档次,高档型酒店ADR,,元,周,2023-11-19T00:00:00Z,343.56,11.74,,,酒店之家(STR)
分档次,高档型酒店RevPAR,,元,周,2023-11-19T00:00:00Z,172.8794,31,,,酒店之家(STR)
分档次,高档型酒店OCC,,%,周,2023-11-26T00:00:00Z,51.9,21.49,,,酒店之家(STR)
分档次,高档型酒店ADR,,元,周,2023-11-26T00:00:00Z,342.72,11.27,,,酒店之家(STR)
分档次,高档型酒店RevPAR,,元,周,2023-11-26T00:00:00Z,177.8717,35.18,,,酒店之家(STR)
分档次,高档型酒店OCC,,%,周,2023-12-03T00:00:00Z,48.05,15.31,,,酒店之家(STR)
分档次,高档型酒店ADR,,元,周,2023-12-03T00:00:00Z,337.78,11.43,,,酒店之家(STR)
分档次,高档型酒店RevPAR,,元,周,2023-12-03T00:00:00Z,162.3033,28.49,,,酒店之家(STR)
分档次,高档型酒店OCC,,%,周,2023-12-10T00:00:00Z,49.27,16.23,,,酒店之家(STR)
分档次,高档型酒店ADR,,元,周,2023-12-10T00:00:00Z,339.3,11.94,,,酒店之家(STR)
分档次,高档型酒店RevPAR,,元,周,2023-12-10T00:00:00Z,167.1731,30.11,,,酒店之家(STR)
分档次,高档型酒店OCC,,%,周,2023-12-17T00:00:00Z,49.46,6.94,,,酒店之家(STR)
分档次,高档型酒店ADR,,元,周,2023-12-17T00:00:00Z,336.28,10.36,,,酒店之家(STR)
分档次,高档型酒店RevPAR,,元,周,2023-12-17T00:00:00Z,166.3241,18.02,,,酒店之家(STR)
分档次,高档型酒店OCC,,%,周,2023-12-24T00:00:00Z,50.22,19.83,,,酒店之家(STR)
分档次,高档型酒店ADR,,元,周,2023-12-24T00:00:00Z,338.71,9.74,,,酒店之家(STR)
分档次,高档型酒店RevPAR,,元,周,2023-12-24T00:00:00Z,170.1002,31.49,,,酒店之家(STR)
分档次,高档型酒店OCC,,%,周,2023-12-31T00:00:00Z,53.84,10.62,,,酒店之家(STR)
分档次,高档型酒店ADR,,元,周,2023-12-31T00:00:00Z,360.37,13.21,,,酒店之家(STR)
分档次,高档型酒店RevPAR,,元,周,2023-12-31T00:00:00Z,194.0232,25.24,,,酒店之家(STR)
分档次,高档型酒店OCC,,%,周,2024-01-07T00:00:00Z,42.48,-7.15,,,酒店之家(STR)
分档次,高档型酒店ADR,,元,周,2024-01-07T00:00:00Z,322.57,2.73,,,酒店之家(STR)
分档次,高档型酒店RevPAR,,元,周,2024-01-07T00:00:00Z,137.0277,-4.61,,,酒店之家(STR)
分档次,高档型酒店OCC,,%,周,2024-01-14T00:00:00Z,49.92,-4.28,,,酒店之家(STR)
分档次,高档型酒店ADR,,元,周,2024-01-14T00:00:00Z,330.7,-0.24,,,酒店之家(STR)
分档次,高档型酒店RevPAR,,元,周,2024-01-14T00:00:00Z,165.0854,-4.51,,,酒店之家(STR)
分档次,高档型酒店OCC,,%,周,2024-01-21T00:00:00Z,53.32,9.69,,,酒店之家(STR)
分档次,高档型酒店ADR,,元,周,2024-01-21T00:00:00Z,338.66,-8.9,,,酒店之家(STR)
分档次,高档型酒店RevPAR,,元,周,2024-01-21T00:00:00Z,180.5735,-0.07,,,酒店之家(STR)
分档次,高档型酒店OCC,,%,周,2024-01-28T00:00:00Z,54.55,-15.54,,,酒店之家(STR)
分档次,高档型酒店ADR,,元,周,2024-01-28T00:00:00Z,349.69,-21.66,,,酒店之家(STR)
分档次,高档型酒店RevPAR,,元,周,2024-01-28T00:00:00Z,190.7559,-33.84,,,酒店之家(STR)
分档次,高档型酒店OCC,,%,周,2024-02-04T00:00:00Z,52.23,-4.13,,,酒店之家(STR)
分档次,高档型酒店ADR,,元,周,2024-02-04T00:00:00Z,346.93,-4.24,,,酒店之家(STR)
分档次,高档型酒店RevPAR,,元,周,2024-02-04T00:00:00Z,181.2015,-8.2,,,酒店之家(STR)
分档次,高档型酒店OCC,,%,周,2024-02-11T00:00:00Z,46.35,-11,,,酒店之家(STR)
分档次,高档型酒店ADR,,元,周,2024-02-11T00:00:00Z,407.9,15.17,,,酒店之家(STR)
分档次,高档型酒店RevPAR,,元,周,2024-02-11T00:00:00Z,189.0616,2.5,,,酒店之家(STR)
分档次,高档型酒店OCC,,%,周,2024-02-18T00:00:00Z,59.74,15.08,,,酒店之家(STR)
分档次,高档型酒店ADR,,元,周,2024-02-18T00:00:00Z,457.79,27.24,,,酒店之家(STR)
分档次,高档型酒店RevPAR,,元,周,2024-02-18T00:00:00Z,273.4837,46.43,,,酒店之家(STR)
分档次,高档型酒店OCC,,%,周,2024-02-25T00:00:00Z,46.59,-13.93,,,酒店之家(STR)
分档次,高档型酒店ADR,,元,周,2024-02-25T00:00:00Z,328.05,-9.25,,,酒店之家(STR)
分档次,高档型酒店RevPAR,,元,周,2024-02-25T00:00:00Z,152.8385,-21.89,,,酒店之家(STR)
分档次,高档型酒店OCC,,%,周,2024-03-03T00:00:00Z,47.46,-10.2,,,酒店之家(STR)
分档次,高档型酒店ADR,,元,周,2024-03-03T00:00:00Z,326.07,-8.93,,,酒店之家(STR)
分档次,高档型酒店RevPAR,,元,周,2024-03-03T00:00:00Z,154.7528,-18.22,,,酒店之家(STR)
分档次,高档型酒店OCC,,%,周,2024-03-10T00:00:00Z,48.97,-10.16,,,酒店之家(STR)
分档次,高档型酒店ADR,,元,周,2024-03-10T00:00:00Z,331.83,-7.12,,,酒店之家(STR)
分档次,高档型酒店RevPAR,,元,周,2024-03-10T00:00:00Z,162.4972,-16.56,,,酒店之家(STR)
分档次,高档型酒店OCC,,%,周,2024-03-17T00:00:00Z,44.84,-18.28,,,酒店之家(STR)
分档次,高档型酒店ADR,,元,周,2024-03-17T00:00:00Z,335.7,-7.83,,,酒店之家(STR)
分档次,高档型酒店RevPAR,,元,周,2024-03-17T00:00:00Z,150.5279,-24.68,,,酒店之家(STR)
分档次,高档型酒店OCC,,%,周,2024-03-24T00:00:00Z,52.67,-4.67,,,酒店之家(STR)
分档次,高档型酒店ADR,,元,周,2024-03-24T00:00:00Z,340.22,-6.23,,,酒店之家(STR)
分档次,高档型酒店RevPAR,,元,周,2024-03-24T00:00:00Z,179.1939,-10.61,,,酒店之家(STR)
分档次,高档型酒店OCC,,%,周,2024-03-31T00:00:00Z,52.66,-2.88,,,酒店之家(STR)
分档次,高档型酒店ADR,,元,周,2024-03-31T00:00:00Z,345.66,-5.24,,,酒店之家(STR)
分档次,高档型酒店RevPAR,,元,周,2024-03-31T00:00:00Z,182.0246,-7.97,,,酒店之家(STR)
分档次,高档型酒店OCC,,%,周,2024-04-07T00:00:00Z,49.85,-5.16,,,酒店之家(STR)
分档次,高档型酒店ADR,,元,周,2024-04-07T00:00:00Z,354.36,-4.29,,,酒店之家(STR)
分档次,高档型酒店RevPAR,,元,周,2024-04-07T00:00:00Z,176.6485,-9.23,,,酒店之家(STR)
分档次,高档型酒店OCC,,%,周,2024-04-14T00:00:00Z,54.69,-1.34,,,酒店之家(STR)
分档次,高档型酒店ADR,,元,周,2024-04-14T00:00:00Z,351.49,-10.2,,,酒店之家(STR)
分档次,高档型酒店RevPAR,,元,周,2024-04-14T00:00:00Z,192.2299,-11.4,,,酒店之家(STR)
分档次,高档型酒店OCC,,%,周,2024-04-21T00:00:00Z,55.97,4.75,,,酒店之家(STR)
分档次,高档型酒店ADR,,元,周,2024-04-21T00:00:00Z,354.47,-7.65,,,酒店之家(STR)
分档次,高档型酒店RevPAR,,元,周,2024-04-21T00:00:00Z,198.3969,-3.26,,,酒店之家(STR)
分档次,高档型酒店OCC,,%,周,2024-04-28T00:00:00Z,54.04,-10.49,,,酒店之家(STR)
分档次,高档型酒店ADR,,元,周,2024-04-28T00:00:00Z,345.68,-28.68,,,酒店之家(STR)
分档次,高档型酒店RevPAR,,元,周,2024-04-28T00:00:00Z,186.8055,-36.16,,,酒店之家(STR)
分档次,高档型酒店OCC,,%,周,2024-05-05T00:00:00Z,55.81,5.2,,,酒店之家(STR)
分档次,高档型酒店ADR,,元,周,2024-05-05T00:00:00Z,447.88,5.96,,,酒店之家(STR)
分档次,高档型酒店RevPAR,,元,周,2024-05-05T00:00:00Z,249.9618,11.48,,,酒店之家(STR)
分档次,高档型酒店OCC,,%,周,2024-05-12T00:00:00Z,47.28,-6.56,,,酒店之家(STR)
分档次,高档型酒店ADR,,元,周,2024-05-12T00:00:00Z,326.28,-13.26,,,酒店之家(STR)
分档次,高档型酒店RevPAR,,元,周,2024-05-12T00:00:00Z,154.2652,-18.96,,,酒店之家(STR)
分档次,高档型酒店OCC,,%,周,2024-05-19T00:00:00Z,53.3,-3.65,,,酒店之家(STR)
分档次,高档型酒店ADR,,元,周,2024-05-19T00:00:00Z,345.36,-7.91,,,酒店之家(STR)
分档次,高档型酒店RevPAR,,元,周,2024-05-19T00:00:00Z,184.0769,-11.28,,,酒店之家(STR)
分档次,高档型酒店OCC,,%,周,2024-05-26T00:00:00Z,52.44,3.27,,,酒店之家(STR)
分档次,高档型酒店ADR,,元,周,2024-05-26T00:00:00Z,341.44,-7.61,,,酒店之家(STR)
分档次,高档型酒店RevPAR,,元,周,2024-05-26T00:00:00Z,179.0511,-4.59,,,酒店之家(STR)
分档次,高档型酒店OCC,,%,周,2024-06-02T00:00:00Z,48.65,5.55,,,酒店之家(STR)
分档次,高档型酒店ADR,,元,周,2024-06-02T00:00:00Z,334.81,-5.85,,,酒店之家(STR)
分档次,高档型酒店RevPAR,,元,周,2024-06-02T00:00:00Z,162.8851,-0.62,,,酒店之家(STR)
分档次,高档型酒店OCC,,%,周,2024-06-09T00:00:00Z,51.48,1.02,,,酒店之家(STR)
分档次,高档型酒店ADR,,元,周,2024-06-09T00:00:00Z,350.36,-4.07,,,酒店之家(STR)
分档次,高档型酒店RevPAR,,元,周,2024-06-09T00:00:00Z,180.3653,-3.1,,,酒店之家(STR)
分档次,高档型酒店OCC,,%,周,2024-06-16T00:00:00Z,50.03,-0.58,,,酒店之家(STR)
分档次,高档型酒店ADR,,元,周,2024-06-16T00:00:00Z,334.4,-9.27,,,酒店之家(STR)
分档次,高档型酒店RevPAR,,元,周,2024-06-16T00:00:00Z,167.3003,-9.79,,,酒店之家(STR)
分档次,高档型酒店OCC,,%,周,2024-06-23T00:00:00Z,48.81,-6.96,,,酒店之家(STR)
分档次,高档型酒店ADR,,元,周,2024-06-23T00:00:00Z,345.29,-10.08,,,酒店之家(STR)
分档次,高档型酒店RevPAR,,元,周,2024-06-23T00:00:00Z,168.536,-16.34,,,酒店之家(STR)
分档次,高档型酒店OCC,,%,周,2024-06-30T00:00:00Z,53.04,-10.6,,,酒店之家(STR)
分档次,高档型酒店ADR,,元,周,2024-06-30T00:00:00Z,350.06,-10.68,,,酒店之家(STR)
分档次,高档型酒店RevPAR,,元,周,2024-06-30T00:00:00Z,185.6718,-20.15,,,酒店之家(STR)
分档次,高档型酒店OCC,,%,周,2024-07-07T00:00:00Z,53.59,-13.33,,,酒店之家(STR)
分档次,高档型酒店ADR,,元,周,2024-07-07T00:00:00Z,362.85,-12.21,,,酒店之家(STR)
分档次,高档型酒店RevPAR,,元,周,2024-07-07T00:00:00Z,194.4513,-23.91,,,酒店之家(STR)
分档次,高档型酒店OCC,,%,周,2024-07-14T00:00:00Z,56.46,-10.45,,,酒店之家(STR)
分档次,高档型酒店ADR,,元,周,2024-07-14T00:00:00Z,374.62,-11.49,,,酒店之家(STR)
分档次,高档型酒店RevPAR,,元,周,2024-07-14T00:00:00Z,211.5105,-20.74,,,酒店之家(STR)
分档次,高档型酒店OCC,,%,周,2024-07-21T00:00:00Z,61.48,-3.53,,,酒店之家(STR)
分档次,高档型酒店ADR,,元,周,2024-07-21T00:00:00Z,387.93,-9.99,,,酒店之家(STR)
分档次,高档型酒店RevPAR,,元,周,2024-07-21T00:00:00Z,238.4994,-13.17,,,酒店之家(STR)
分档次,高档型酒店OCC,,%,周,2024-07-28T00:00:00Z,60.18,-2.62,,,酒店之家(STR)
分档次,高档型酒店ADR,,元,周,2024-07-28T00:00:00Z,387.69,-10.71,,,酒店之家(STR)
分档次,高档型酒店RevPAR,,元,周,2024-07-28T00:00:00Z,233.3118,-13.05,,,酒店之家(STR)
分档次,高档型酒店OCC,,%,周,2024-08-04T00:00:00Z,63.26,-3.35,,,酒店之家(STR)
分档次,高档型酒店ADR,,元,周,2024-08-04T00:00:00Z,396.44,-10.59,,,酒店之家(STR)
分档次,高档型酒店RevPAR,,元,周,2024-08-04T00:00:00Z,250.7879,-13.59,,,酒店之家(STR)
分档次,高档型酒店OCC,,%,周,2024-08-11T00:00:00Z,67.74,0.62,,,酒店之家(STR)
分档次,高档型酒店ADR,,元,周,2024-08-11T00:00:00Z,411.7,-8.45,,,酒店之家(STR)
分档次,高档型酒店RevPAR,,元,周,2024-08-11T00:00:00Z,278.8856,-7.88,,,酒店之家(STR)
分档次,高档型酒店OCC,,%,周,2024-08-18T00:00:00Z,62.02,-3.08,,,酒店之家(STR)
分档次,高档型酒店ADR,,元,周,2024-08-18T00:00:00Z,400.55,-9.63,,,酒店之家(STR)
分档次,高档型酒店RevPAR,,元,周,2024-08-18T00:00:00Z,248.4211,-12.41,,,酒店之家(STR)
分档次,高档型酒店OCC,,%,周,2024-08-25T00:00:00Z,61.65,4.33,,,酒店之家(STR)
分档次,高档型酒店ADR,,元,周,2024-08-25T00:00:00Z,386.96,-6.01,,,酒店之家(STR)
分档次,高档型酒店RevPAR,,元,周,2024-08-25T00:00:00Z,238.5608,-1.94,,,酒店之家(STR)
分档次,高档型酒店OCC,,%,周,2024-09-01T00:00:00Z,49.73,4.69,,,酒店之家(STR)
分档次,高档型酒店ADR,,元,周,2024-09-01T00:00:00Z,348.09,-3,,,酒店之家(STR)
分档次,高档型酒店RevPAR,,元,周,2024-09-01T00:00:00Z,173.1052,1.55,,,酒店之家(STR)
分档次,高档型酒店OCC,,%,周,2024-09-08T00:00:00Z,49.63,0,,,酒店之家(STR)
分档次,高档型酒店ADR,,元,周,2024-09-08T00:00:00Z,334.03,-6.7,,,酒店之家(STR)
分档次,高档型酒店RevPAR,,元,周,2024-09-08T00:00:00Z,165.7791,-6.7,,,酒店之家(STR)
分档次,高档型酒店OCC,,%,周,2024-09-15T00:00:00Z,50.3,-4.46,,,酒店之家(STR)
分档次,高档型酒店ADR,,元,周,2024-09-15T00:00:00Z,336.02,-6,,,酒店之家(STR)
分档次,高档型酒店RevPAR,,元,周,2024-09-15T00:00:00Z,169.0181,-10.2,,,酒店之家(STR)
分档次,高档型酒店OCC,,%,周,2024-09-22T00:00:00Z,47.8,-8.2,,,酒店之家(STR)
分档次,高档型酒店ADR,,元,周,2024-09-22T00:00:00Z,330.63,-8.65,,,酒店之家(STR)
分档次,高档型酒店RevPAR,,元,周,2024-09-22T00:00:00Z,158.0411,-16.14,,,酒店之家(STR)
分档次,高档型酒店OCC,,%,周,2024-09-29T00:00:00Z,47.34,-9.54,,,酒店之家(STR)
分档次,高档型酒店ADR,,元,周,2024-09-29T00:00:00Z,330.21,-26.31,,,酒店之家(STR)
分档次,高档型酒店RevPAR,,元,周,2024-09-29T00:00:00Z,156.3214,-33.34,,,酒店之家(STR)
分档次,高档型酒店OCC,,%,周,2024-10-06T00:00:00Z,59.52,11.52,,,酒店之家(STR)
分档次,高档型酒店ADR,,元,周,2024-10-06T00:00:00Z,450.75,0.57,,,酒店之家(STR)
分档次,高档型酒店RevPAR,,元,周,2024-10-06T00:00:00Z,268.2864,12.16,,,酒店之家(STR)
分档次,高档型酒店OCC,,%,周,2024-10-13T00:00:00Z,42.58,-16.62,,,酒店之家(STR)
分档次,高档型酒店ADR,,元,周,2024-10-13T00:00:00Z,316.38,-10.03,,,酒店之家(STR)
分档次,高档型酒店RevPAR,,元,周,2024-10-13T00:00:00Z,134.7146,-24.99,,,酒店之家(STR)
分档次,高档型酒店OCC,,%,周,2024-10-20T00:00:00Z,52.14,-1.92,,,酒店之家(STR)
分档次,高档型酒店ADR,,元,周,2024-10-20T00:00:00Z,337.9,-6.01,,,酒店之家(STR)
分档次,高档型酒店RevPAR,,元,周,2024-10-20T00:00:00Z,176.1811,-7.81,,,酒店之家(STR)
分档次,高档型酒店OCC,,%,周,2024-10-27T00:00:00Z,50.55,-2.34,,,酒店之家(STR)
分档次,高档型酒店ADR,,元,周,2024-10-27T00:00:00Z,336.74,-5.29,,,酒店之家(STR)
分档次,高档型酒店RevPAR,,元,周,2024-10-27T00:00:00Z,170.2221,-7.51,,,酒店之家(STR)
分档次,高档型酒店OCC,,%,周,2024-11-03T00:00:00Z,46.43,-6.37,,,酒店之家(STR)
分档次,高档型酒店ADR,,元,周,2024-11-03T00:00:00Z,327.39,-5.15,,,酒店之家(STR)
分档次,高档型酒店RevPAR,,元,周,2024-11-03T00:00:00Z,152.0072,-11.2,,,酒店之家(STR)
分档次,高档型酒店OCC,,%,周,2024-11-10T00:00:00Z,45.78,-7.94,,,酒店之家(STR)
分档次,高档型酒店ADR,,元,周,2024-11-10T00:00:00Z,326.3,-4.85,,,酒店之家(STR)
分档次,高档型酒店RevPAR,,元,周,2024-11-10T00:00:00Z,149.3801,-12.41,,,酒店之家(STR)
分档次,高档型酒店OCC,,%,周,2024-11-17T00:00:00Z,46.35,-7.89,,,酒店之家(STR)
分档次,高档型酒店ADR,,元,周,2024-11-17T00:00:00Z,327.74,-4.6,,,酒店之家(STR)
分档次,高档型酒店RevPAR,,元,周,2024-11-17T00:00:00Z,151.9075,-12.13,,,酒店之家(STR)
分档次,高档型酒店OCC,,%,周,2024-11-24T00:00:00Z,46.52,-10.37,,,酒店之家(STR)
分档次,高档型酒店ADR,,元,周,2024-11-24T00:00:00Z,323.26,-5.68,,,酒店之家(STR)
分档次,高档型酒店RevPAR,,元,周,2024-11-24T00:00:00Z,150.3806,-15.46,,,酒店之家(STR)
分档次,高档型酒店OCC,,%,周,2024-12-01T00:00:00Z,45.09,-6.16,,,酒店之家(STR)
分档次,高档型酒店ADR,,元,周,2024-12-01T00:00:00Z,322,-4.67,,,酒店之家(STR)
分档次,高档型酒店RevPAR,,元,周,2024-12-01T00:00:00Z,145.1898,-10.54,,,酒店之家(STR)
分档次,高档型酒店OCC,,%,周,2024-12-08T00:00:00Z,46.2,-6.23,,,酒店之家(STR)
分档次,高档型酒店ADR,,元,周,2024-12-08T00:00:00Z,320.96,-5.41,,,酒店之家(STR)
分档次,高档型酒店RevPAR,,元,周,2024-12-08T00:00:00Z,148.2835,-11.3,,,酒店之家(STR)
分档次,高档型酒店OCC,,%,周,2024-12-15T00:00:00Z,45.19,-8.63,,,酒店之家(STR)
分档次,高档型酒店ADR,,元,周,2024-12-15T00:00:00Z,317.97,-5.44,,,酒店之家(STR)
分档次,高档型酒店RevPAR,,元,周,2024-12-15T00:00:00Z,143.6906,-13.61,,,酒店之家(STR)
分档次,高档型酒店OCC,,%,周,2024-12-22T00:00:00Z,47.04,-6.33,,,酒店之家(STR)
分档次,高档型酒店ADR,,元,周,2024-12-22T00:00:00Z,319.02,-5.81,,,酒店之家(STR)
分档次,高档型酒店RevPAR,,元,周,2024-12-22T00:00:00Z,150.067,-11.78,,,酒店之家(STR)
分档次,高档型酒店OCC,,%,周,2024-12-29T00:00:00Z,49.57,-7.93,,,酒店之家(STR)
分档次,高档型酒店ADR,,元,周,2024-12-29T00:00:00Z,321.66,-10.74,,,酒店之家(STR)
分档次,高档型酒店RevPAR,,元,周,2024-12-29T00:00:00Z,159.4469,-17.82,,,酒店之家(STR)
分档次,高档型酒店OCC,,%,周,2025-01-05T00:00:00Z,45.83,7.89,,,酒店之家(STR)
分档次,高档型酒店ADR,,元,周,2025-01-05T00:00:00Z,316.08,-2.01,,,酒店之家(STR)
分档次,高档型酒店RevPAR,,元,周,2025-01-05T00:00:00Z,144.8595,5.72,,,酒店之家(STR)
分档次,高档型酒店OCC,,%,周,2025-01-12T00:00:00Z,48.96,-1.92,,,酒店之家(STR)
分档次,高档型酒店ADR,,元,周,2025-01-12T00:00:00Z,315.82,-4.5,,,酒店之家(STR)
分档次,高档型酒店RevPAR,,元,周,2025-01-12T00:00:00Z,154.6255,-6.34,,,酒店之家(STR)
分档次,高档型酒店OCC,,%,周,2025-01-19T00:00:00Z,52.15,-2.19,,,酒店之家(STR)
分档次,高档型酒店ADR,,元,周,2025-01-19T00:00:00Z,325.55,-3.87,,,酒店之家(STR)
分档次,高档型酒店RevPAR,,元,周,2025-01-19T00:00:00Z,169.7743,-5.98,,,酒店之家(STR)
分档次,高档型酒店OCC,,%,周,2025-01-26T00:00:00Z,48.89,-10.38,,,酒店之家(STR)
分档次,高档型酒店ADR,,元,周,2025-01-26T00:00:00Z,327.76,-6.27,,,酒店之家(STR)
分档次,高档型酒店RevPAR,,元,周,2025-01-26T00:00:00Z,160.2419,-16,,,酒店之家(STR)
分档次,高档型酒店OCC,,%,周,2025-02-02T00:00:00Z,56.56,8.29,,,酒店之家(STR)
分档次,高档型酒店ADR,,元,周,2025-02-02T00:00:00Z,458.14,32.06,,,酒店之家(STR)
分档次,高档型酒店RevPAR,,元,周,2025-02-02T00:00:00Z,259.124,43,,,酒店之家(STR)
分档次,高档型酒店OCC,,%,周,2025-02-09T00:00:00Z,51.55,11.22,,,酒店之家(STR)
分档次,高档型酒店ADR,,元,周,2025-02-09T00:00:00Z,352.58,-13.56,,,酒店之家(STR)
分档次,高档型酒店RevPAR,,元,周,2025-02-09T00:00:00Z,181.755,-3.86,,,酒店之家(STR)
分档次,高档型酒店OCC,,%,周,2025-02-16T00:00:00Z,45.63,-23.62,,,酒店之家(STR)
分档次,高档型酒店ADR,,元,周,2025-02-16T00:00:00Z,319.5,-30.21,,,酒店之家(STR)
分档次,高档型酒店RevPAR,,元,周,2025-02-16T00:00:00Z,145.7878,-46.69,,,酒店之家(STR)
分档次,高档型酒店OCC,,%,周,2025-02-23T00:00:00Z,49.13,5.45,,,酒店之家(STR)
分档次,高档型酒店ADR,,元,周,2025-02-23T00:00:00Z,318.02,-3.06,,,酒店之家(STR)
分档次,高档型酒店RevPAR,,元,周,2025-02-23T00:00:00Z,156.2432,2.23,,,酒店之家(STR)
分档次,高档型酒店OCC,,%,周,2025-03-02T00:00:00Z,46.67,-1.66,,,酒店之家(STR)
分档次,高档型酒店ADR,,元,周,2025-03-02T00:00:00Z,314.31,-3.61,,,酒店之家(STR)
分档次,高档型酒店RevPAR,,元,周,2025-03-02T00:00:00Z,146.6885,-5.21,,,酒店之家(STR)
分档次,高档型酒店OCC,,%,周,2025-03-09T00:00:00Z,45.77,-6.53,,,酒店之家(STR)
分档次,高档型酒店ADR,,元,周,2025-03-09T00:00:00Z,312.19,-5.92,,,酒店之家(STR)
分档次,高档型酒店RevPAR,,元,周,2025-03-09T00:00:00Z,142.8894,-12.07,,,酒店之家(STR)
分档次,高档型酒店OCC,,%,周,2025-03-16T00:00:00Z,51.13,14.03,,,酒店之家(STR)
分档次,高档型酒店ADR,,元,周,2025-03-16T00:00:00Z,312.71,-6.85,,,酒店之家(STR)
分档次,高档型酒店RevPAR,,元,周,2025-03-16T00:00:00Z,159.8886,6.22,,,酒店之家(STR)
分档次,高档型酒店OCC,,%,周,2025-03-23T00:00:00Z,52.66,-0.02,,,酒店之家(STR)
分档次,高档型酒店ADR,,元,周,2025-03-23T00:00:00Z,330.12,-2.97,,,酒店之家(STR)
分档次,高档型酒店RevPAR,,元,周,2025-03-23T00:00:00Z,173.8412,-2.99,,,酒店之家(STR)
分档次,高档型酒店OCC,,%,周,2025-03-30T00:00:00Z,52.95,0.55,,,酒店之家(STR)
分档次,高档型酒店ADR,,元,周,2025-03-30T00:00:00Z,327.8,-5.17,,,酒店之家(STR)
分档次,高档型酒店RevPAR,,元,周,2025-03-30T00:00:00Z,173.5701,-4.64,,,酒店之家(STR)
分档次,高档型酒店OCC,,%,周,2025-04-06T00:00:00Z,48.25,-3.21,,,酒店之家(STR)
分档次,高档型酒店ADR,,元,周,2025-04-06T00:00:00Z,343.76,-2.99,,,酒店之家(STR)
分档次,高档型酒店RevPAR,,元,周,2025-04-06T00:00:00Z,165.8642,-6.1,,,酒店之家(STR)
分档次,高档型酒店OCC,,%,周,2025-04-13T00:00:00Z,49.69,-9.14,,,酒店之家(STR)
分档次,高档型酒店ADR,,元,周,2025-04-13T00:00:00Z,329.09,-6.37,,,酒店之家(STR)
分档次,高档型酒店RevPAR,,元,周,2025-04-13T00:00:00Z,163.5248,-14.93,,,酒店之家(STR)
分档次,高档型酒店OCC,,%,周,2025-04-20T00:00:00Z,52.76,-5.74,,,酒店之家(STR)
分档次,高档型酒店ADR,,元,周,2025-04-20T00:00:00Z,344.84,-2.72,,,酒店之家(STR)
分档次,高档型酒店RevPAR,,元,周,2025-04-20T00:00:00Z,181.9376,-8.3,,,酒店之家(STR)
分档次,高档型酒店OCC,,%,周,2025-04-27T00:00:00Z,51.53,-4.64,,,酒店之家(STR)
分档次,高档型酒店ADR,,元,周,2025-04-27T00:00:00Z,333.75,-3.45,,,酒店之家(STR)
分档次,高档型酒店RevPAR,,元,周,2025-04-27T00:00:00Z,171.9814,-7.94,,,酒店之家(STR)
分档次,高档型酒店OCC,,%,周,2025-05-04T00:00:00Z,58.99,5.7,,,酒店之家(STR)
分档次,高档型酒店ADR,,元,周,2025-05-04T00:00:00Z,454.09,1.39,,,酒店之家(STR)
分档次,高档型酒店RevPAR,,元,周,2025-05-04T00:00:00Z,267.8677,7.16,,,酒店之家(STR)
分档次,高档型酒店OCC,,%,周,2025-05-11T00:00:00Z,42.12,-10.91,,,酒店之家(STR)
分档次,高档型酒店ADR,,元,周,2025-05-11T00:00:00Z,321.38,-1.5,,,酒店之家(STR)
分档次,高档型酒店RevPAR,,元,周,2025-05-11T00:00:00Z,135.3653,-12.25,,,酒店之家(STR)
分档次,高档型酒店OCC,,%,周,2025-05-18T00:00:00Z,50.85,-4.6,,,酒店之家(STR)
分档次,高档型酒店ADR,,元,周,2025-05-18T00:00:00Z,333.47,-3.44,,,酒店之家(STR)
分档次,高档型酒店RevPAR,,元,周,2025-05-18T00:00:00Z,169.5695,-7.88,,,酒店之家(STR)
分档次,高档型酒店OCC,,%,周,2025-05-25T00:00:00Z,49.13,-6.31,,,酒店之家(STR)
分档次,高档型酒店ADR,,元,周,2025-05-25T00:00:00Z,331.98,-2.77,,,酒店之家(STR)
分档次,高档型酒店RevPAR,,元,周,2025-05-25T00:00:00Z,163.1018,-8.91,,,酒店之家(STR)
分档次,高档型酒店OCC,,%,周,2025-06-01T00:00:00Z,46,-5.45,,,酒店之家(STR)
分档次,高档型酒店ADR,,元,周,2025-06-01T00:00:00Z,341.43,1.98,,,酒店之家(STR)
分档次,高档型酒店RevPAR,,元,周,2025-06-01T00:00:00Z,157.0578,-3.58,,,酒店之家(STR)
分档次,高档型酒店OCC,,%,周,2025-06-08T00:00:00Z,43.65,-15.21,,,酒店之家(STR)
分档次,高档型酒店ADR,,元,周,2025-06-08T00:00:00Z,327.61,-6.49,,,酒店之家(STR)
分档次,高档型酒店RevPAR,,元,周,2025-06-08T00:00:00Z,143.0018,-20.72,,,酒店之家(STR)
分档次,高档型酒店OCC,,%,周,2025-06-15T00:00:00Z,47.24,-5.58,,,酒店之家(STR)
分档次,高档型酒店ADR,,元,周,2025-06-15T00:00:00Z,330.77,-1.09,,,酒店之家(STR)
分档次,高档型酒店RevPAR,,元,周,2025-06-15T00:00:00Z,156.2557,-6.6,,,酒店之家(STR)
分档次,高档型酒店OCC,,%,周,2025-06-22T00:00:00Z,49.69,1.8,,,酒店之家(STR)
分档次,高档型酒店ADR,,元,周,2025-06-22T00:00:00Z,334.8,-3.04,,,酒店之家(STR)
分档次,高档型酒店RevPAR,,元,周,2025-06-22T00:00:00Z,166.3621,-1.29,,,酒店之家(STR)
分档次,高档型酒店OCC,,%,周,2025-06-29T00:00:00Z,52.13,-1.72,,,酒店之家(STR)
分档次,高档型酒店ADR,,元,周,2025-06-29T00:00:00Z,342.85,-2.06,,,酒店之家(STR)
分档次,高档型酒店RevPAR,,元,周,2025-06-29T00:00:00Z,178.7277,-3.74,,,酒店之家(STR)
分档次,高档型酒店OCC,,%,周,2025-07-06T00:00:00Z,51.85,-3.25,,,酒店之家(STR)
分档次,高档型酒店ADR,,元,周,2025-07-06T00:00:00Z,357.39,-1.5,,,酒店之家(STR)
分档次,高档型酒店RevPAR,,元,周,2025-07-06T00:00:00Z,185.3067,-4.7,,,酒店之家(STR)
分档次,高档型酒店OCC,,%,周,2025-07-13T00:00:00Z,56.38,-0.14,,,酒店之家(STR)
分档次,高档型酒店ADR,,元,周,2025-07-13T00:00:00Z,371.78,-0.76,,,酒店之家(STR)
分档次,高档型酒店RevPAR,,元,周,2025-07-13T00:00:00Z,209.6096,-0.9,,,酒店之家(STR)
分档次,高档型酒店OCC,,%,周,2025-07-20T00:00:00Z,59.79,-2.75,,,酒店之家(STR)
分档次,高档型酒店ADR,,元,周,2025-07-20T00:00:00Z,379.19,-2.25,,,酒店之家(STR)
分档次,高档型酒店RevPAR,,元,周,2025-07-20T00:00:00Z,226.7177,-4.94,,,酒店之家(STR)
分档次,高档型酒店OCC,,%,周,2025-07-27T00:00:00Z,61.34,1.93,,,酒店之家(STR)
分档次,高档型酒店ADR,,元,周,2025-07-27T00:00:00Z,385.1,-0.67,,,酒店之家(STR)
分档次,高档型酒店RevPAR,,元,周,2025-07-27T00:00:00Z,236.2203,1.25,,,酒店之家(STR)
分档次,高档型酒店OCC,,%,周,2025-08-03T00:00:00Z,62.79,-0.74,,,酒店之家(STR)
分档次,高档型酒店ADR,,元,周,2025-08-03T00:00:00Z,391.51,-1.24,,,酒店之家(STR)
分档次,高档型酒店RevPAR,,元,周,2025-08-03T00:00:00Z,245.8291,-1.98,,,酒店之家(STR)
分档次,高档型酒店OCC,,%,周,2025-08-10T00:00:00Z,67.15,-0.87,,,酒店之家(STR)
分档次,高档型酒店ADR,,元,周,2025-08-10T00:00:00Z,410.55,-0.28,,,酒店之家(STR)
分档次,高档型酒店RevPAR,,元,周,2025-08-10T00:00:00Z,275.6843,-1.15,,,酒店之家(STR)
分档次,高档型酒店OCC,,%,周,2025-08-17T00:00:00Z,67.6,9,,,酒店之家(STR)
分档次,高档型酒店ADR,,元,周,2025-08-17T00:00:00Z,406.85,1.57,,,酒店之家(STR)
分档次,高档型酒店RevPAR,,元,周,2025-08-17T00:00:00Z,275.0306,10.71,,,酒店之家(STR)
分档次,高档型酒店OCC,,%,周,2025-08-24T00:00:00Z,63.37,2.79,,,酒店之家(STR)
分档次,高档型酒店ADR,,元,周,2025-08-24T00:00:00Z,387.7,0.19,,,酒店之家(STR)
分档次,高档型酒店RevPAR,,元,周,2025-08-24T00:00:00Z,245.6855,2.99,,,酒店之家(STR)
分档次,高档型酒店OCC,,%,周,2025-08-31T00:00:00Z,55.29,11.18,,,酒店之家(STR)
分档次,高档型酒店ADR,,元,周,2025-08-31T00:00:00Z,347.88,-0.06,,,酒店之家(STR)
分档次,高档型酒店RevPAR,,元,周,2025-08-31T00:00:00Z,192.3429,11.11,,,酒店之家(STR)
分档次,高档型酒店OCC,,%,周,2025-09-07T00:00:00Z,46.88,-5.54,,,酒店之家(STR)
分档次,高档型酒店ADR,,元,周,2025-09-07T00:00:00Z,323.48,-3.16,,,酒店之家(STR)
分档次,高档型酒店RevPAR,,元,周,2025-09-07T00:00:00Z,151.6474,-8.52,,,酒店之家(STR)
分档次,高档型酒店OCC,,%,周,2025-09-14T00:00:00Z,55.75,10.83,,,酒店之家(STR)
分档次,高档型酒店ADR,,元,周,2025-09-14T00:00:00Z,331.94,-1.21,,,酒店之家(STR)
分档次,高档型酒店RevPAR,,元,周,2025-09-14T00:00:00Z,185.0565,9.49,,,酒店之家(STR)
分档次,高档型酒店OCC,,%,周,2025-09-21T00:00:00Z,56.14,17.45,,,酒店之家(STR)
分档次,高档型酒店ADR,,元,周,2025-09-21T00:00:00Z,335.68,1.53,,,酒店之家(STR)
分档次,高档型酒店RevPAR,,元,周,2025-09-21T00:00:00Z,188.4508,19.24,,,酒店之家(STR)
分档次,高档型酒店OCC,,%,周,2025-09-28T00:00:00Z,47.88,1.14,,,酒店之家(STR)
分档次,高档型酒店ADR,,元,周,2025-09-28T00:00:00Z,322.33,-2.39,,,酒店之家(STR)
分档次,高档型酒店RevPAR,,元,周,2025-09-28T00:00:00Z,154.3316,-1.27,,,酒店之家(STR)
分档次,高档型酒店OCC,,%,周,2025-10-05T00:00:00Z,61.63,3.55,,,酒店之家(STR)
分档次,高档型酒店ADR,,元,周,2025-10-05T00:00:00Z,472.81,4.89,,,酒店之家(STR)
分档次,高档型酒店RevPAR,,元,周,2025-10-05T00:00:00Z,291.3928,8.61,,,酒店之家(STR)
分档次,高档型酒店OCC,,%,周,2025-10-12T00:00:00Z,41.97,-1.43,,,酒店之家(STR)
分档次,高档型酒店ADR,,元,周,2025-10-12T00:00:00Z,328.56,3.85,,,酒店之家(STR)
分档次,高档型酒店RevPAR,,元,周,2025-10-12T00:00:00Z,137.8966,2.36,,,酒店之家(STR)
分档次,高档型酒店OCC,,%,周,2025-10-19T00:00:00Z,52.12,-0.04,,,酒店之家(STR)
分档次,高档型酒店ADR,,元,周,2025-10-19T00:00:00Z,333.19,-1.39,,,酒店之家(STR)
分档次,高档型酒店RevPAR,,元,周,2025-10-19T00:00:00Z,173.6586,-1.43,,,酒店之家(STR)
分档次,高档型酒店OCC,,%,周,2025-10-26T00:00:00Z,51.42,1.72,,,酒店之家(STR)
分档次,高档型酒店ADR,,元,周,2025-10-26T00:00:00Z,335.14,-0.48,,,酒店之家(STR)
分档次,高档型酒店RevPAR,,元,周,2025-10-26T00:00:00Z,172.329,1.24,,,酒店之家(STR)
分档次,高档型酒店OCC,,%,周,2025-11-02T00:00:00Z,50.12,7.95,,,酒店之家(STR)
分档次,高档型酒店ADR,,元,周,2025-11-02T00:00:00Z,328.48,0.33,,,酒店之家(STR)
分档次,高档型酒店RevPAR,,元,周,2025-11-02T00:00:00Z,164.6342,8.31,,,酒店之家(STR)
分档次,高档型酒店OCC,,%,周,2025-11-09T00:00:00Z,48.01,4.87,,,酒店之家(STR)
分档次,高档型酒店ADR,,元,周,2025-11-09T00:00:00Z,325.15,-0.35,,,酒店之家(STR)
分档次,高档型酒店RevPAR,,元,周,2025-11-09T00:00:00Z,156.1045,4.5,,,酒店之家(STR)
分档次,高档型酒店OCC,,%,周,2025-11-16T00:00:00Z,51.24,10.55,,,酒店之家(STR)
分档次,高档型酒店ADR,,元,周,2025-11-16T00:00:00Z,333.57,1.78,,,酒店之家(STR)
分档次,高档型酒店RevPAR,,元,周,2025-11-16T00:00:00Z,170.9213,12.52,,,酒店之家(STR)
分档次,高档型酒店OCC,,%,周,2025-11-23T00:00:00Z,49.92,7.31,,,酒店之家(STR)
分档次,高档型酒店ADR,,元,周,2025-11-23T00:00:00Z,325.16,0.59,,,酒店之家(STR)
分档次,高档型酒店RevPAR,,元,周,2025-11-23T00:00:00Z,162.3199,7.94,,,酒店之家(STR)
分档次,高档型酒店OCC,,%,周,2025-11-30T00:00:00Z,49.32,9.38,,,酒店之家(STR)
分档次,高档型酒店ADR,,元,周,2025-11-30T00:00:00Z,318.97,-0.94,,,酒店之家(STR)
分档次,高档型酒店RevPAR,,元,周,2025-11-30T00:00:00Z,157.316,8.35,,,酒店之家(STR)
分档次,高档型酒店OCC,,%,周,2025-12-07T00:00:00Z,48.74,5.5,,,酒店之家(STR)
分档次,高档型酒店ADR,,元,周,2025-12-07T00:00:00Z,317.11,-1.2,,,酒店之家(STR)
分档次,高档型酒店RevPAR,,元,周,2025-12-07T00:00:00Z,154.5594,4.23,,,酒店之家(STR)
分档次,高档型酒店OCC,,%,周,2025-12-14T00:00:00Z,48.04,6.31,,,酒店之家(STR)
分档次,高档型酒店ADR,,元,周,2025-12-14T00:00:00Z,311.6,-2,,,酒店之家(STR)
分档次,高档型酒店RevPAR,,元,周,2025-12-14T00:00:00Z,149.6926,4.18,,,酒店之家(STR)
分档次,高档型酒店OCC,,%,周,2025-12-21T00:00:00Z,51.99,10.52,,,酒店之家(STR)
分档次,高档型酒店ADR,,元,周,2025-12-21T00:00:00Z,316.82,-0.69,,,酒店之家(STR)
分档次,高档型酒店RevPAR,,元,周,2025-12-21T00:00:00Z,164.7147,9.76,,,酒店之家(STR)
分档次,高档型酒店OCC,,%,周,2025-12-28T00:00:00Z,52.76,6.44,,,酒店之家(STR)
分档次,高档型酒店ADR,,元,周,2025-12-28T00:00:00Z,321.52,-0.04,,,酒店之家(STR)
分档次,高档型酒店RevPAR,,元,周,2025-12-28T00:00:00Z,169.634,6.39,,,酒店之家(STR)
分档次,高档型酒店OCC,,%,周,2026-01-04T00:00:00Z,52.54,14.64,,,酒店之家(STR)
分档次,高档型酒店ADR,,元,周,2026-01-04T00:00:00Z,340.9,7.85,,,酒店之家(STR)
分档次,高档型酒店RevPAR,,元,周,2026-01-04T00:00:00Z,179.1089,23.64,,,酒店之家(STR)
分档次,高档型酒店OCC,,%,周,2026-01-11T00:00:00Z,50.73,3.62,,,酒店之家(STR)
分档次,高档型酒店ADR,,元,周,2026-01-11T00:00:00Z,306.09,-3.08,,,酒店之家(STR)
分档次,高档型酒店RevPAR,,元,周,2026-01-11T00:00:00Z,155.2795,0.42,,,酒店之家(STR)
分档次,高档型酒店OCC,,%,周,2026-01-18T00:00:00Z,52.7,1.05,,,酒店之家(STR)
分档次,高档型酒店ADR,,元,周,2026-01-18T00:00:00Z,310.69,-4.56,,,酒店之家(STR)
分档次,高档型酒店RevPAR,,元,周,2026-01-18T00:00:00Z,163.7336,-3.56,,,酒店之家(STR)
分档次,高档型酒店OCC,,%,周,2026-01-25T00:00:00Z,53.96,10.37,,,酒店之家(STR)
分档次,高档型酒店ADR,,元,周,2026-01-25T00:00:00Z,319.26,-2.59,,,酒店之家(STR)
分档次,高档型酒店RevPAR,,元,周,2026-01-25T00:00:00Z,172.2727,7.51,,,酒店之家(STR)
分档次,高档型酒店OCC,,%,周,2026-02-01T00:00:00Z,56.78,0.39,,,酒店之家(STR)
分档次,高档型酒店ADR,,元,周,2026-02-01T00:00:00Z,330.24,-27.92,,,酒店之家(STR)
分档次,高档型酒店RevPAR,,元,周,2026-02-01T00:00:00Z,187.5103,-27.64,,,酒店之家(STR)
分档次,高档型酒店OCC,,%,周,2026-02-08T00:00:00Z,57.28,11.12,,,酒店之家(STR)
分档次,高档型酒店ADR,,元,周,2026-02-08T00:00:00Z,343.48,-2.58,,,酒店之家(STR)
分档次,高档型酒店RevPAR,,元,周,2026-02-08T00:00:00Z,196.7453,8.25,,,酒店之家(STR)
分档次,高档型酒店OCC,,%,周,2026-02-15T00:00:00Z,50.8,11.33,,,酒店之家(STR)
分档次,高档型酒店ADR,,元,周,2026-02-15T00:00:00Z,347.76,8.85,,,酒店之家(STR)
分档次,高档型酒店RevPAR,,元,周,2026-02-15T00:00:00Z,176.6621,21.18,,,酒店之家(STR)
分档次,高档型酒店OCC,,%,周,2026-02-22T00:00:00Z,65,32.3,,,酒店之家(STR)
分档次,高档型酒店ADR,,元,周,2026-02-22T00:00:00Z,509.32,60.15,,,酒店之家(STR)
分档次,高档型酒店RevPAR,,元,周,2026-02-22T00:00:00Z,331.058,111.89,,,酒店之家(STR)
分档次,高档型酒店OCC,,%,周,2026-03-01T00:00:00Z,50.07,7.29,,,酒店之家(STR)
分档次,高档型酒店ADR,,元,周,2026-03-01T00:00:00Z,331.77,5.56,,,酒店之家(STR)
分档次,高档型酒店RevPAR,,元,周,2026-03-01T00:00:00Z,166.1172,13.24,,,酒店之家(STR)
分档次,高档型酒店OCC,,%,周,2026-03-08T00:00:00Z,46.26,1.07,,,酒店之家(STR)
分档次,高档型酒店ADR,,元,周,2026-03-08T00:00:00Z,310.9,-0.41,,,酒店之家(STR)
分档次,高档型酒店RevPAR,,元,周,2026-03-08T00:00:00Z,143.8223,0.65,,,酒店之家(STR)
分档次,高档型酒店OCC,,%,周,2026-03-15T00:00:00Z,55.32,8.19,,,酒店之家(STR)
分档次,高档型酒店ADR,,元,周,2026-03-15T00:00:00Z,322.9,3.26,,,酒店之家(STR)
分档次,高档型酒店RevPAR,,元,周,2026-03-15T00:00:00Z,178.6283,11.72,,,酒店之家(STR)
分档次,高档型酒店OCC,,%,周,2026-03-22T00:00:00Z,53.49,1.58,,,酒店之家(STR)
分档次,高档型酒店ADR,,元,周,2026-03-22T00:00:00Z,330.17,0.02,,,酒店之家(STR)
分档次,高档型酒店RevPAR,,元,周,2026-03-22T00:00:00Z,176.6079,1.59,,,酒店之家(STR)
分档次,高档型酒店OCC,,%,周,2026-03-29T00:00:00Z,52.65,-0.57,,,酒店之家(STR)
分档次,高档型酒店ADR,,元,周,2026-03-29T00:00:00Z,332.13,1.32,,,酒店之家(STR)
分档次,高档型酒店RevPAR,,元,周,2026-03-29T00:00:00Z,174.8664,0.75,,,酒店之家(STR)
分档次,高档型酒店OCC,,%,周,2026-04-05T00:00:00Z,49.69,2.98,,,酒店之家(STR)
分档次,高档型酒店ADR,,元,周,2026-04-05T00:00:00Z,372.22,8.28,,,酒店之家(STR)
分档次,高档型酒店RevPAR,,元,周,2026-04-05T00:00:00Z,184.9561,11.51,,,酒店之家(STR)
分档次,高档型酒店OCC,,%,周,2026-04-12T00:00:00Z,47.03,-5.35,,,酒店之家(STR)
分档次,高档型酒店ADR,,元,周,2026-04-12T00:00:00Z,332.35,0.99,,,酒店之家(STR)
分档次,高档型酒店RevPAR,,元,周,2026-04-12T00:00:00Z,156.3042,-4.42,,,酒店之家(STR)
分档次,高档型酒店OCC,,%,周,2026-04-19T00:00:00Z,54.02,2.39,,,酒店之家(STR)
分档次,高档型酒店ADR,,元,周,2026-04-19T00:00:00Z,348.25,0.99,,,酒店之家(STR)
分档次,高档型酒店RevPAR,,元,周,2026-04-19T00:00:00Z,188.1247,3.4,,,酒店之家(STR)
分档次,高档型酒店OCC,,%,周,2026-04-26T00:00:00Z,52.97,2.79,,,酒店之家(STR)
分档次,高档型酒店ADR,,元,周,2026-04-26T00:00:00Z,343.52,2.93,,,酒店之家(STR)
分档次,高档型酒店RevPAR,,元,周,2026-04-26T00:00:00Z,181.9625,5.8,,,酒店之家(STR)
分档次,高档型酒店OCC,,%,周,2026-05-03T00:00:00Z,58.35,-1.08,,,酒店之家(STR)
分档次,高档型酒店ADR,,元,周,2026-05-03T00:00:00Z,456.06,0.43,,,酒店之家(STR)
分档次,高档型酒店RevPAR,,元,周,2026-05-03T00:00:00Z,266.111,-0.66,,,酒店之家(STR)
分档次,高档型酒店OCC,,%,周,2026-05-10T00:00:00Z,43.86,4.13,,,酒店之家(STR)
分档次,高档型酒店ADR,,元,周,2026-05-10T00:00:00Z,329.84,2.63,,,酒店之家(STR)
分档次,高档型酒店RevPAR,,元,周,2026-05-10T00:00:00Z,144.6678,6.87,,,酒店之家(STR)
分档次,高档型酒店OCC,,%,周,2026-05-17T00:00:00Z,52.54,3.32,,,酒店之家(STR)
分档次,高档型酒店ADR,,元,周,2026-05-17T00:00:00Z,331.73,-0.52,,,酒店之家(STR)
分档次,高档型酒店RevPAR,,元,周,2026-05-17T00:00:00Z,174.2909,2.78,,,酒店之家(STR)
分档次,高档型酒店OCC,,%,周,2026-05-24T00:00:00Z,54.5,10.93,,,酒店之家(STR)
分档次,高档型酒店ADR,,元,周,2026-05-24T00:00:00Z,330.17,-0.55,,,酒店之家(STR)
分档次,高档型酒店RevPAR,,元,周,2026-05-24T00:00:00Z,179.9427,10.33,,,酒店之家(STR)
分档次,高档型酒店OCC,,%,周,2026-05-31T00:00:00Z,51.45,11.85,,,酒店之家(STR)
分档次,高档型酒店ADR,,元,周,2026-05-31T00:00:00Z,329.08,-3.62,,,酒店之家(STR)
分档次,高档型酒店RevPAR,,元,周,2026-05-31T00:00:00Z,169.3117,7.8,,,酒店之家(STR)
分档次,高档型酒店OCC,,%,周,2026-06-07T00:00:00Z,46.95,7.56,,,酒店之家(STR)
分档次,高档型酒店ADR,,元,周,2026-06-07T00:00:00Z,326.73,-0.27,,,酒店之家(STR)
分档次,高档型酒店RevPAR,,元,周,2026-06-07T00:00:00Z,153.3997,7.27,,,酒店之家(STR)
分档次,高档型酒店OCC,,%,周,2026-06-14T00:00:00Z,49.6,5,,,酒店之家(STR)
分档次,高档型酒店ADR,,元,周,2026-06-14T00:00:00Z,328.12,-0.8,,,酒店之家(STR)
分档次,高档型酒店RevPAR,,元,周,2026-06-14T00:00:00Z,162.7475,4.15,,,酒店之家(STR)
分档次,高档型酒店OCC,,%,周,2026-06-21T00:00:00Z,48.71,-1.97,,,酒店之家(STR)
分档次,高档型酒店ADR,,元,周,2026-06-21T00:00:00Z,343.05,2.46,,,酒店之家(STR)
分档次,高档型酒店RevPAR,,元,周,2026-06-21T00:00:00Z,167.0997,0.44,,,酒店之家(STR)
分档次,高档型酒店OCC,,%,周,2026-06-28T00:00:00Z,51.22,-1.75,,,酒店之家(STR)
分档次,高档型酒店ADR,,元,周,2026-06-28T00:00:00Z,336.58,-1.83,,,酒店之家(STR)
分档次,高档型酒店RevPAR,,元,周,2026-06-28T00:00:00Z,172.3963,-3.54,,,酒店之家(STR)
分档次,高档型酒店OCC,,%,周,2026-07-05T00:00:00Z,50.87,-1.89,,,酒店之家(STR)
分档次,高档型酒店ADR,,元,周,2026-07-05T00:00:00Z,344.08,-3.72,,,酒店之家(STR)
分档次,高档型酒店RevPAR,,元,周,2026-07-05T00:00:00Z,175.0335,-5.54,,,酒店之家(STR)
分档次,高档型酒店OCC,,%,周,2026-07-12T00:00:00Z,55.03,-2.39,,,酒店之家(STR)
分档次,高档型酒店ADR,,元,周,2026-07-12T00:00:00Z,356.97,-3.98,,,酒店之家(STR)
分档次,高档型酒店RevPAR,,元,周,2026-07-12T00:00:00Z,196.4406,-6.28,,,酒店之家(STR)
分档次,高档型酒店OCC,,%,周,2026-07-19T00:00:00Z,55.97,-6.39,,,酒店之家(STR)
分档次,高档型酒店ADR,,元,周,2026-07-19T00:00:00Z,371.57,-2.01,,,酒店之家(STR)
分档次,高档型酒店RevPAR,,元,周,2026-07-19T00:00:00Z,207.9677,-8.27,,,酒店之家(STR)
分档次,高档型酒店OCC,,%,周,2026-07-26T00:00:00Z,59.42,-3.13,,,酒店之家(STR)
分档次,高档型酒店ADR,,元,周,2026-07-26T00:00:00Z,379.88,-1.36,,,酒店之家(STR)
分档次,高档型酒店RevPAR,,元,周,2026-07-26T00:00:00Z,225.7247,-4.44,,,酒店之家(STR)
分档次,高档型酒店OCC,,%,周,2026-08-02T00:00:00Z,61.01,-2.83,,,酒店之家(STR)
分档次,高档型酒店ADR,,元,周,2026-08-02T00:00:00Z,390.68,-0.21,,,酒店之家(STR)
分档次,高档型酒店RevPAR,,元,周,2026-08-02T00:00:00Z,238.3539,-3.04,,,酒店之家(STR)
分档次,高档型酒店OCC,,%,周,2026-08-09T00:00:00Z,66.69,-0.69,,,酒店之家(STR)
分档次,高档型酒店ADR,,元,周,2026-08-09T00:00:00Z,409.04,-0.37,,,酒店之家(STR)
分档次,高档型酒店RevPAR,,元,周,2026-08-09T00:00:00Z,272.7888,-1.05,,,酒店之家(STR)
分档次,高档型酒店OCC,,%,周,2026-08-16T00:00:00Z,67.43,-0.25,,,酒店之家(STR)
分档次,高档型酒店ADR,,元,周,2026-08-16T00:00:00Z,408.21,0.33,,,酒店之家(STR)
分档次,高档型酒店RevPAR,,元,周,2026-08-16T00:00:00Z,275.256,0.08,,,酒店之家(STR)
分档次,高档型酒店OCC,,%,周,2026-08-23T00:00:00Z,65.5,3.36,,,酒店之家(STR)
分档次,高档型酒店ADR,,元,周,2026-08-23T00:00:00Z,395.79,2.09,,,酒店之家(STR)
分档次,高档型酒店RevPAR,,元,周,2026-08-23T00:00:00Z,259.2425,5.52,,,酒店之家(STR)
分档次,高档型酒店OCC,,%,周,2026-08-30T00:00:00Z,54.98,-0.56,,,酒店之家(STR)
分档次,高档型酒店ADR,,元,周,2026-08-30T00:00:00Z,353.15,1.51,,,酒店之家(STR)
分档次,高档型酒店RevPAR,,元,周,2026-08-30T00:00:00Z,194.1619,0.95,,,酒店之家(STR)
分档次,高档型酒店OCC,,%,周,2026-09-06T00:00:00Z,51.57,10,,,酒店之家(STR)
分档次,高档型酒店ADR,,元,周,2026-09-06T00:00:00Z,325.81,0.72,,,酒店之家(STR)
分档次,高档型酒店RevPAR,,元,周,2026-09-06T00:00:00Z,168.0202,10.8,,,酒店之家(STR)
分档次,豪华型酒店OCC,,%,周,2019-01-06T00:00:00Z,36,,,,酒店之家(STR)
分档次,豪华型酒店ADR,,元,周,2019-01-06T00:00:00Z,751.61,,,,酒店之家(STR)
分档次,豪华型酒店RevPAR,,元,周,2019-01-06T00:00:00Z,270.5796,,,,酒店之家(STR)
分档次,豪华型酒店OCC,,%,周,2019-01-13T00:00:00Z,33.07,,,,酒店之家(STR)
分档次,豪华型酒店ADR,,元,周,2019-01-13T00:00:00Z,731.07,,,,酒店之家(STR)
分档次,豪华型酒店RevPAR,,元,周,2019-01-13T00:00:00Z,241.7648,,,,酒店之家(STR)
分档次,豪华型酒店OCC,,%,周,2019-01-20T00:00:00Z,23.9,,,,酒店之家(STR)
分档次,豪华型酒店ADR,,元,周,2019-01-20T00:00:00Z,735.34,,,,酒店之家(STR)
分档次,豪华型酒店RevPAR,,元,周,2019-01-20T00:00:00Z,175.7463,,,,酒店之家(STR)
分档次,豪华型酒店OCC,,%,周,2019-01-27T00:00:00Z,33.12,,,,酒店之家(STR)
分档次,豪华型酒店ADR,,元,周,2019-01-27T00:00:00Z,731.09,,,,酒店之家(STR)
分档次,豪华型酒店RevPAR,,元,周,2019-01-27T00:00:00Z,242.137,,,,酒店之家(STR)
分档次,豪华型酒店OCC,,%,周,2019-02-03T00:00:00Z,29.37,,,,酒店之家(STR)
分档次,豪华型酒店ADR,,元,周,2019-02-03T00:00:00Z,731.75,,,,酒店之家(STR)
分档次,豪华型酒店RevPAR,,元,周,2019-02-03T00:00:00Z,214.915,,,,酒店之家(STR)
分档次,豪华型酒店OCC,,%,周,2019-02-10T00:00:00Z,69.96,,,,酒店之家(STR)
分档次,豪华型酒店ADR,,元,周,2019-02-10T00:00:00Z,965.33,,,,酒店之家(STR)
分档次,豪华型酒店RevPAR,,元,周,2019-02-10T00:00:00Z,675.3449,,,,酒店之家(STR)
分档次,豪华型酒店OCC,,%,周,2019-02-17T00:00:00Z,56.64,,,,酒店之家(STR)
分档次,豪华型酒店ADR,,元,周,2019-02-17T00:00:00Z,762.49,,,,酒店之家(STR)
分档次,豪华型酒店RevPAR,,元,周,2019-02-17T00:00:00Z,431.8743,,,,酒店之家(STR)
分档次,豪华型酒店OCC,,%,周,2019-02-24T00:00:00Z,54.59,,,,酒店之家(STR)
分档次,豪华型酒店ADR,,元,周,2019-02-24T00:00:00Z,700.71,,,,酒店之家(STR)
分档次,豪华型酒店RevPAR,,元,周,2019-02-24T00:00:00Z,382.5176,,,,酒店之家(STR)
分档次,豪华型酒店OCC,,%,周,2019-03-03T00:00:00Z,43.9,,,,酒店之家(STR)
分档次,豪华型酒店ADR,,元,周,2019-03-03T00:00:00Z,706.52,,,,酒店之家(STR)
分档次,豪华型酒店RevPAR,,元,周,2019-03-03T00:00:00Z,310.1623,,,,酒店之家(STR)
分档次,豪华型酒店OCC,,%,周,2019-03-10T00:00:00Z,50.34,,,,酒店之家(STR)
分档次,豪华型酒店ADR,,元,周,2019-03-10T00:00:00Z,718.7,,,,酒店之家(STR)
分档次,豪华型酒店RevPAR,,元,周,2019-03-10T00:00:00Z,361.7936,,,,酒店之家(STR)
分档次,豪华型酒店OCC,,%,周,2019-03-17T00:00:00Z,47.48,,,,酒店之家(STR)
分档次,豪华型酒店ADR,,元,周,2019-03-17T00:00:00Z,717.95,,,,酒店之家(STR)
分档次,豪华型酒店RevPAR,,元,周,2019-03-17T00:00:00Z,340.8827,,,,酒店之家(STR)
分档次,豪华型酒店OCC,,%,周,2019-03-24T00:00:00Z,55.67,,,,酒店之家(STR)
分档次,豪华型酒店ADR,,元,周,2019-03-24T00:00:00Z,731.37,,,,酒店之家(STR)
分档次,豪华型酒店RevPAR,,元,周,2019-03-24T00:00:00Z,407.1537,,,,酒店之家(STR)
分档次,豪华型酒店OCC,,%,周,2019-03-31T00:00:00Z,43.82,,,,酒店之家(STR)
分档次,豪华型酒店ADR,,元,周,2019-03-31T00:00:00Z,723.02,,,,酒店之家(STR)
分档次,豪华型酒店RevPAR,,元,周,2019-03-31T00:00:00Z,316.8274,,,,酒店之家(STR)
分档次,豪华型酒店OCC,,%,周,2019-04-07T00:00:00Z,56.38,,,,酒店之家(STR)
分档次,豪华型酒店ADR,,元,周,2019-04-07T00:00:00Z,737.34,,,,酒店之家(STR)
分档次,豪华型酒店RevPAR,,元,周,2019-04-07T00:00:00Z,415.7123,,,,酒店之家(STR)
分档次,豪华型酒店OCC,,%,周,2019-04-14T00:00:00Z,58.02,,,,酒店之家(STR)
分档次,豪华型酒店ADR,,元,周,2019-04-14T00:00:00Z,740.55,,,,酒店之家(STR)
分档次,豪华型酒店RevPAR,,元,周,2019-04-14T00:00:00Z,429.6671,,,,酒店之家(STR)
分档次,豪华型酒店OCC,,%,周,2019-04-21T00:00:00Z,53.74,,,,酒店之家(STR)
分档次,豪华型酒店ADR,,元,周,2019-04-21T00:00:00Z,761.88,,,,酒店之家(STR)
分档次,豪华型酒店RevPAR,,元,周,2019-04-21T00:00:00Z,409.4343,,,,酒店之家(STR)
分档次,豪华型酒店OCC,,%,周,2019-04-28T00:00:00Z,47.69,,,,酒店之家(STR)
分档次,豪华型酒店ADR,,元,周,2019-04-28T00:00:00Z,737.62,,,,酒店之家(STR)
分档次,豪华型酒店RevPAR,,元,周,2019-04-28T00:00:00Z,351.771,,,,酒店之家(STR)
分档次,豪华型酒店OCC,,%,周,2019-05-05T00:00:00Z,63.85,,,,酒店之家(STR)
分档次,豪华型酒店ADR,,元,周,2019-05-05T00:00:00Z,827.57,,,,酒店之家(STR)
分档次,豪华型酒店RevPAR,,元,周,2019-05-05T00:00:00Z,528.4034,,,,酒店之家(STR)
分档次,豪华型酒店OCC,,%,周,2019-05-12T00:00:00Z,56.86,,,,酒店之家(STR)
分档次,豪华型酒店ADR,,元,周,2019-05-12T00:00:00Z,729.85,,,,酒店之家(STR)
分档次,豪华型酒店RevPAR,,元,周,2019-05-12T00:00:00Z,414.9927,,,,酒店之家(STR)
分档次,豪华型酒店OCC,,%,周,2019-05-19T00:00:00Z,56.48,,,,酒店之家(STR)
分档次,豪华型酒店ADR,,元,周,2019-05-19T00:00:00Z,747.79,,,,酒店之家(STR)
分档次,豪华型酒店RevPAR,,元,周,2019-05-19T00:00:00Z,422.3518,,,,酒店之家(STR)
分档次,豪华型酒店OCC,,%,周,2019-05-26T00:00:00Z,54.28,,,,酒店之家(STR)
分档次,豪华型酒店ADR,,元,周,2019-05-26T00:00:00Z,736.67,,,,酒店之家(STR)
分档次,豪华型酒店RevPAR,,元,周,2019-05-26T00:00:00Z,399.8645,,,,酒店之家(STR)
分档次,豪华型酒店OCC,,%,周,2019-06-02T00:00:00Z,49.79,,,,酒店之家(STR)
分档次,豪华型酒店ADR,,元,周,2019-06-02T00:00:00Z,724.38,,,,酒店之家(STR)
分档次,豪华型酒店RevPAR,,元,周,2019-06-02T00:00:00Z,360.6688,,,,酒店之家(STR)
分档次,豪华型酒店OCC,,%,周,2019-06-09T00:00:00Z,60.81,,,,酒店之家(STR)
分档次,豪华型酒店ADR,,元,周,2019-06-09T00:00:00Z,735.45,,,,酒店之家(STR)
分档次,豪华型酒店RevPAR,,元,周,2019-06-09T00:00:00Z,447.2271,,,,酒店之家(STR)
分档次,豪华型酒店OCC,,%,周,2019-06-16T00:00:00Z,54.96,,,,酒店之家(STR)
分档次,豪华型酒店ADR,,元,周,2019-06-16T00:00:00Z,717.35,,,,酒店之家(STR)
分档次,豪华型酒店RevPAR,,元,周,2019-06-16T00:00:00Z,394.2556,,,,酒店之家(STR)
分档次,豪华型酒店OCC,,%,周,2019-06-23T00:00:00Z,50.61,,,,酒店之家(STR)
分档次,豪华型酒店ADR,,元,周,2019-06-23T00:00:00Z,724.58,,,,酒店之家(STR)
分档次,豪华型酒店RevPAR,,元,周,2019-06-23T00:00:00Z,366.7099,,,,酒店之家(STR)
分档次,豪华型酒店OCC,,%,周,2019-06-30T00:00:00Z,50.59,,,,酒店之家(STR)
分档次,豪华型酒店ADR,,元,周,2019-06-30T00:00:00Z,728.32,,,,酒店之家(STR)
分档次,豪华型酒店RevPAR,,元,周,2019-06-30T00:00:00Z,368.4571,,,,酒店之家(STR)
分档次,豪华型酒店OCC,,%,周,2019-07-07T00:00:00Z,55.83,,,,酒店之家(STR)
分档次,豪华型酒店ADR,,元,周,2019-07-07T00:00:00Z,743.65,,,,酒店之家(STR)
分档次,豪华型酒店RevPAR,,元,周,2019-07-07T00:00:00Z,415.1798,,,,酒店之家(STR)
分档次,豪华型酒店OCC,,%,周,2019-07-14T00:00:00Z,47.29,,,,酒店之家(STR)
分档次,豪华型酒店ADR,,元,周,2019-07-14T00:00:00Z,752.53,,,,酒店之家(STR)
分档次,豪华型酒店RevPAR,,元,周,2019-07-14T00:00:00Z,355.8714,,,,酒店之家(STR)
分档次,豪华型酒店OCC,,%,周,2019-07-21T00:00:00Z,57.82,,,,酒店之家(STR)
分档次,豪华型酒店ADR,,元,周,2019-07-21T00:00:00Z,772.89,,,,酒店之家(STR)
分档次,豪华型酒店RevPAR,,元,周,2019-07-21T00:00:00Z,446.885,,,,酒店之家(STR)
分档次,豪华型酒店OCC,,%,周,2019-07-28T00:00:00Z,62.09,,,,酒店之家(STR)
分档次,豪华型酒店ADR,,元,周,2019-07-28T00:00:00Z,786.42,,,,酒店之家(STR)
分档次,豪华型酒店RevPAR,,元,周,2019-07-28T00:00:00Z,488.2882,,,,酒店之家(STR)
分档次,豪华型酒店OCC,,%,周,2019-08-04T00:00:00Z,61.14,,,,酒店之家(STR)
分档次,豪华型酒店ADR,,元,周,2019-08-04T00:00:00Z,788.54,,,,酒店之家(STR)
分档次,豪华型酒店RevPAR,,元,周,2019-08-04T00:00:00Z,482.1134,,,,酒店之家(STR)
分档次,豪华型酒店OCC,,%,周,2019-08-11T00:00:00Z,69.06,,,,酒店之家(STR)
分档次,豪华型酒店ADR,,元,周,2019-08-11T00:00:00Z,816.87,,,,酒店之家(STR)
分档次,豪华型酒店RevPAR,,元,周,2019-08-11T00:00:00Z,564.1304,,,,酒店之家(STR)
分档次,豪华型酒店OCC,,%,周,2019-08-18T00:00:00Z,63.38,,,,酒店之家(STR)
分档次,豪华型酒店ADR,,元,周,2019-08-18T00:00:00Z,814.86,,,,酒店之家(STR)
分档次,豪华型酒店RevPAR,,元,周,2019-08-18T00:00:00Z,516.4583,,,,酒店之家(STR)
分档次,豪华型酒店OCC,,%,周,2019-08-25T00:00:00Z,62.53,,,,酒店之家(STR)
分档次,豪华型酒店ADR,,元,周,2019-08-25T00:00:00Z,821.2,,,,酒店之家(STR)
分档次,豪华型酒店RevPAR,,元,周,2019-08-25T00:00:00Z,513.4964,,,,酒店之家(STR)
分档次,豪华型酒店OCC,,%,周,2019-09-01T00:00:00Z,44.82,,,,酒店之家(STR)
分档次,豪华型酒店ADR,,元,周,2019-09-01T00:00:00Z,750.32,,,,酒店之家(STR)
分档次,豪华型酒店RevPAR,,元,周,2019-09-01T00:00:00Z,336.2934,,,,酒店之家(STR)
分档次,豪华型酒店OCC,,%,周,2019-09-08T00:00:00Z,47.75,,,,酒店之家(STR)
分档次,豪华型酒店ADR,,元,周,2019-09-08T00:00:00Z,718.1,,,,酒店之家(STR)
分档次,豪华型酒店RevPAR,,元,周,2019-09-08T00:00:00Z,342.8927,,,,酒店之家(STR)
分档次,豪华型酒店OCC,,%,周,2019-09-15T00:00:00Z,47.92,,,,酒店之家(STR)
分档次,豪华型酒店ADR,,元,周,2019-09-15T00:00:00Z,733.95,,,,酒店之家(STR)
分档次,豪华型酒店RevPAR,,元,周,2019-09-15T00:00:00Z,351.7088,,,,酒店之家(STR)
分档次,豪华型酒店OCC,,%,周,2019-09-22T00:00:00Z,48.91,,,,酒店之家(STR)
分档次,豪华型酒店ADR,,元,周,2019-09-22T00:00:00Z,740,,,,酒店之家(STR)
分档次,豪华型酒店RevPAR,,元,周,2019-09-22T00:00:00Z,361.934,,,,酒店之家(STR)
分档次,豪华型酒店OCC,,%,周,2019-09-29T00:00:00Z,40.76,,,,酒店之家(STR)
分档次,豪华型酒店ADR,,元,周,2019-09-29T00:00:00Z,701.86,,,,酒店之家(STR)
分档次,豪华型酒店RevPAR,,元,周,2019-09-29T00:00:00Z,286.0781,,,,酒店之家(STR)
分档次,豪华型酒店OCC,,%,周,2019-10-06T00:00:00Z,74.42,,,,酒店之家(STR)
分档次,豪华型酒店ADR,,元,周,2019-10-06T00:00:00Z,891.18,,,,酒店之家(STR)
分档次,豪华型酒店RevPAR,,元,周,2019-10-06T00:00:00Z,663.2162,,,,酒店之家(STR)
分档次,豪华型酒店OCC,,%,周,2019-10-13T00:00:00Z,44.55,,,,酒店之家(STR)
分档次,豪华型酒店ADR,,元,周,2019-10-13T00:00:00Z,692.05,,,,酒店之家(STR)
分档次,豪华型酒店RevPAR,,元,周,2019-10-13T00:00:00Z,308.3083,,,,酒店之家(STR)
分档次,豪华型酒店OCC,,%,周,2019-10-20T00:00:00Z,61.44,,,,酒店之家(STR)
分档次,豪华型酒店ADR,,元,周,2019-10-20T00:00:00Z,772.24,,,,酒店之家(STR)
分档次,豪华型酒店RevPAR,,元,周,2019-10-20T00:00:00Z,474.4643,,,,酒店之家(STR)
分档次,豪华型酒店OCC,,%,周,2019-10-27T00:00:00Z,44.36,,,,酒店之家(STR)
分档次,豪华型酒店ADR,,元,周,2019-10-27T00:00:00Z,760.42,,,,酒店之家(STR)
分档次,豪华型酒店RevPAR,,元,周,2019-10-27T00:00:00Z,337.3223,,,,酒店之家(STR)
分档次,豪华型酒店OCC,,%,周,2019-11-03T00:00:00Z,44.75,,,,酒店之家(STR)
分档次,豪华型酒店ADR,,元,周,2019-11-03T00:00:00Z,747.33,,,,酒店之家(STR)
分档次,豪华型酒店RevPAR,,元,周,2019-11-03T00:00:00Z,334.4302,,,,酒店之家(STR)
分档次,豪华型酒店OCC,,%,周,2019-11-10T00:00:00Z,43.96,,,,酒店之家(STR)
分档次,豪华型酒店ADR,,元,周,2019-11-10T00:00:00Z,752.14,,,,酒店之家(STR)
分档次,豪华型酒店RevPAR,,元,周,2019-11-10T00:00:00Z,330.6407,,,,酒店之家(STR)
分档次,豪华型酒店OCC,,%,周,2019-11-17T00:00:00Z,53.37,,,,酒店之家(STR)
分档次,豪华型酒店ADR,,元,周,2019-11-17T00:00:00Z,743.39,,,,酒店之家(STR)
分档次,豪华型酒店RevPAR,,元,周,2019-11-17T00:00:00Z,396.7472,,,,酒店之家(STR)
分档次,豪华型酒店OCC,,%,周,2019-11-24T00:00:00Z,44.31,,,,酒店之家(STR)
分档次,豪华型酒店ADR,,元,周,2019-11-24T00:00:00Z,729.09,,,,酒店之家(STR)
分档次,豪华型酒店RevPAR,,元,周,2019-11-24T00:00:00Z,323.0598,,,,酒店之家(STR)
分档次,豪华型酒店OCC,,%,周,2019-12-01T00:00:00Z,46.35,,,,酒店之家(STR)
分档次,豪华型酒店ADR,,元,周,2019-12-01T00:00:00Z,710.39,,,,酒店之家(STR)
分档次,豪华型酒店RevPAR,,元,周,2019-12-01T00:00:00Z,329.2658,,,,酒店之家(STR)
分档次,豪华型酒店OCC,,%,周,2019-12-08T00:00:00Z,53.45,,,,酒店之家(STR)
分档次,豪华型酒店ADR,,元,周,2019-12-08T00:00:00Z,724.95,,,,酒店之家(STR)
分档次,豪华型酒店RevPAR,,元,周,2019-12-08T00:00:00Z,387.4858,,,,酒店之家(STR)
分档次,豪华型酒店OCC,,%,周,2019-12-15T00:00:00Z,50.18,,,,酒店之家(STR)
分档次,豪华型酒店ADR,,元,周,2019-12-15T00:00:00Z,718,,,,酒店之家(STR)
分档次,豪华型酒店RevPAR,,元,周,2019-12-15T00:00:00Z,360.2924,,,,酒店之家(STR)
分档次,豪华型酒店OCC,,%,周,2019-12-22T00:00:00Z,45.96,,,,酒店之家(STR)
分档次,豪华型酒店ADR,,元,周,2019-12-22T00:00:00Z,718.5,,,,酒店之家(STR)
分档次,豪华型酒店RevPAR,,元,周,2019-12-22T00:00:00Z,330.2226,,,,酒店之家(STR)
分档次,豪华型酒店OCC,,%,周,2019-12-29T00:00:00Z,46.69,,,,酒店之家(STR)
分档次,豪华型酒店ADR,,元,周,2019-12-29T00:00:00Z,729.82,,,,酒店之家(STR)
分档次,豪华型酒店RevPAR,,元,周,2019-12-29T00:00:00Z,340.753,,,,酒店之家(STR)
分档次,豪华型酒店OCC,,%,周,2020-01-05T00:00:00Z,19.57,-45.64,,,酒店之家(STR)
分档次,豪华型酒店ADR,,元,周,2020-01-05T00:00:00Z,738.62,-1.73,,,酒店之家(STR)
分档次,豪华型酒店RevPAR,,元,周,2020-01-05T00:00:00Z,144.5479,-46.58,,,酒店之家(STR)
分档次,豪华型酒店OCC,,%,周,2020-01-12T00:00:00Z,28.63,-13.43,,,酒店之家(STR)
分档次,豪华型酒店ADR,,元,周,2020-01-12T00:00:00Z,737.14,0.83,,,酒店之家(STR)
分档次,豪华型酒店RevPAR,,元,周,2020-01-12T00:00:00Z,211.0432,-12.71,,,酒店之家(STR)
分档次,豪华型酒店OCC,,%,周,2020-01-19T00:00:00Z,38.46,60.92,,,酒店之家(STR)
分档次,豪华型酒店ADR,,元,周,2020-01-19T00:00:00Z,726.61,-1.19,,,酒店之家(STR)
分档次,豪华型酒店RevPAR,,元,周,2020-01-19T00:00:00Z,279.4542,59.01,,,酒店之家(STR)
分档次,豪华型酒店OCC,,%,周,2020-01-26T00:00:00Z,29.93,-9.63,,,酒店之家(STR)
分档次,豪华型酒店ADR,,元,周,2020-01-26T00:00:00Z,799.18,9.31,,,酒店之家(STR)
分档次,豪华型酒店RevPAR,,元,周,2020-01-26T00:00:00Z,239.1946,-1.22,,,酒店之家(STR)
分档次,豪华型酒店OCC,,%,周,2020-02-02T00:00:00Z,13.57,-53.8,,,酒店之家(STR)
分档次,豪华型酒店ADR,,元,周,2020-02-02T00:00:00Z,706.05,-3.51,,,酒店之家(STR)
分档次,豪华型酒店RevPAR,,元,周,2020-02-02T00:00:00Z,95.811,-55.42,,,酒店之家(STR)
分档次,豪华型酒店OCC,,%,周,2020-02-09T00:00:00Z,14.16,-79.76,,,酒店之家(STR)
分档次,豪华型酒店ADR,,元,周,2020-02-09T00:00:00Z,653.03,-32.35,,,酒店之家(STR)
分档次,豪华型酒店RevPAR,,元,周,2020-02-09T00:00:00Z,92.469,-86.31,,,酒店之家(STR)
分档次,豪华型酒店OCC,,%,周,2020-02-16T00:00:00Z,19.47,-65.62,,,酒店之家(STR)
分档次,豪华型酒店ADR,,元,周,2020-02-16T00:00:00Z,664.99,-12.79,,,酒店之家(STR)
分档次,豪华型酒店RevPAR,,元,周,2020-02-16T00:00:00Z,129.4736,-70.02,,,酒店之家(STR)
分档次,豪华型酒店OCC,,%,周,2020-02-23T00:00:00Z,17.9,-67.21,,,酒店之家(STR)
分档次,豪华型酒店ADR,,元,周,2020-02-23T00:00:00Z,618.08,-11.79,,,酒店之家(STR)
分档次,豪华型酒店RevPAR,,元,周,2020-02-23T00:00:00Z,110.6363,-71.08,,,酒店之家(STR)
分档次,豪华型酒店OCC,,%,周,2020-03-01T00:00:00Z,18.21,-58.52,,,酒店之家(STR)
分档次,豪华型酒店ADR,,元,周,2020-03-01T00:00:00Z,610.37,-13.61,,,酒店之家(STR)
分档次,豪华型酒店RevPAR,,元,周,2020-03-01T00:00:00Z,111.1484,-64.16,,,酒店之家(STR)
分档次,豪华型酒店OCC,,%,周,2020-03-08T00:00:00Z,17.95,-64.34,,,酒店之家(STR)
分档次,豪华型酒店ADR,,元,周,2020-03-08T00:00:00Z,604.9,-15.83,,,酒店之家(STR)
分档次,豪华型酒店RevPAR,,元,周,2020-03-08T00:00:00Z,108.5795,-69.99,,,酒店之家(STR)
分档次,豪华型酒店OCC,,%,周,2020-03-15T00:00:00Z,20.25,-57.35,,,酒店之家(STR)
分档次,豪华型酒店ADR,,元,周,2020-03-15T00:00:00Z,607.7,-15.36,,,酒店之家(STR)
分档次,豪华型酒店RevPAR,,元,周,2020-03-15T00:00:00Z,123.0593,-63.9,,,酒店之家(STR)
分档次,豪华型酒店OCC,,%,周,2020-03-22T00:00:00Z,12.6,-77.37,,,酒店之家(STR)
分档次,豪华型酒店ADR,,元,周,2020-03-22T00:00:00Z,608.24,-16.84,,,酒店之家(STR)
分档次,豪华型酒店RevPAR,,元,周,2020-03-22T00:00:00Z,76.6382,-81.18,,,酒店之家(STR)
分档次,豪华型酒店OCC,,%,周,2020-03-29T00:00:00Z,24.34,-44.45,,,酒店之家(STR)
分档次,豪华型酒店ADR,,元,周,2020-03-29T00:00:00Z,596.52,-17.5,,,酒店之家(STR)
分档次,豪华型酒店RevPAR,,元,周,2020-03-29T00:00:00Z,145.193,-54.17,,,酒店之家(STR)
分档次,豪华型酒店OCC,,%,周,2020-04-05T00:00:00Z,25.61,-54.58,,,酒店之家(STR)
分档次,豪华型酒店ADR,,元,周,2020-04-05T00:00:00Z,596.94,-19.04,,,酒店之家(STR)
分档次,豪华型酒店RevPAR,,元,周,2020-04-05T00:00:00Z,152.8763,-63.23,,,酒店之家(STR)
分档次,豪华型酒店OCC,,%,周,2020-04-12T00:00:00Z,16.27,-71.96,,,酒店之家(STR)
分档次,豪华型酒店ADR,,元,周,2020-04-12T00:00:00Z,587.66,-20.65,,,酒店之家(STR)
分档次,豪华型酒店RevPAR,,元,周,2020-04-12T00:00:00Z,95.6123,-77.75,,,酒店之家(STR)
分档次,豪华型酒店OCC,,%,周,2020-04-19T00:00:00Z,18.44,-65.69,,,酒店之家(STR)
分档次,豪华型酒店ADR,,元,周,2020-04-19T00:00:00Z,589.99,-22.56,,,酒店之家(STR)
分档次,豪华型酒店RevPAR,,元,周,2020-04-19T00:00:00Z,108.7942,-73.43,,,酒店之家(STR)
分档次,豪华型酒店OCC,,%,周,2020-04-26T00:00:00Z,16.66,-65.07,,,酒店之家(STR)
分档次,豪华型酒店ADR,,元,周,2020-04-26T00:00:00Z,573.78,-22.21,,,酒店之家(STR)
分档次,豪华型酒店RevPAR,,元,周,2020-04-26T00:00:00Z,95.5917,-72.83,,,酒店之家(STR)
分档次,豪华型酒店OCC,,%,周,2020-05-03T00:00:00Z,38.86,-39.14,,,酒店之家(STR)
分档次,豪华型酒店ADR,,元,周,2020-05-03T00:00:00Z,655.62,-20.78,,,酒店之家(STR)
分档次,豪华型酒店RevPAR,,元,周,2020-05-03T00:00:00Z,254.7739,-51.78,,,酒店之家(STR)
分档次,豪华型酒店OCC,,%,周,2020-05-10T00:00:00Z,18.5,-67.46,,,酒店之家(STR)
分档次,豪华型酒店ADR,,元,周,2020-05-10T00:00:00Z,596.06,-18.33,,,酒店之家(STR)
分档次,豪华型酒店RevPAR,,元,周,2020-05-10T00:00:00Z,110.2711,-73.43,,,酒店之家(STR)
分档次,豪华型酒店OCC,,%,周,2020-05-17T00:00:00Z,15.91,-71.83,,,酒店之家(STR)
分档次,豪华型酒店ADR,,元,周,2020-05-17T00:00:00Z,607.65,-18.74,,,酒店之家(STR)
分档次,豪华型酒店RevPAR,,元,周,2020-05-17T00:00:00Z,96.6771,-77.11,,,酒店之家(STR)
分档次,豪华型酒店OCC,,%,周,2020-05-24T00:00:00Z,17.6,-67.58,,,酒店之家(STR)
分档次,豪华型酒店ADR,,元,周,2020-05-24T00:00:00Z,615.15,-16.5,,,酒店之家(STR)
分档次,豪华型酒店RevPAR,,元,周,2020-05-24T00:00:00Z,108.2664,-72.92,,,酒店之家(STR)
分档次,豪华型酒店OCC,,%,周,2020-05-31T00:00:00Z,19.91,-60.01,,,酒店之家(STR)
分档次,豪华型酒店ADR,,元,周,2020-05-31T00:00:00Z,621.18,-14.25,,,酒店之家(STR)
分档次,豪华型酒店RevPAR,,元,周,2020-05-31T00:00:00Z,123.6769,-65.71,,,酒店之家(STR)
分档次,豪华型酒店OCC,,%,周,2020-06-07T00:00:00Z,19.53,-67.88,,,酒店之家(STR)
分档次,豪华型酒店ADR,,元,周,2020-06-07T00:00:00Z,625.38,-14.97,,,酒店之家(STR)
分档次,豪华型酒店RevPAR,,元,周,2020-06-07T00:00:00Z,122.1367,-72.69,,,酒店之家(STR)
分档次,豪华型酒店OCC,,%,周,2020-06-14T00:00:00Z,15.26,-72.23,,,酒店之家(STR)
分档次,豪华型酒店ADR,,元,周,2020-06-14T00:00:00Z,639.32,-10.88,,,酒店之家(STR)
分档次,豪华型酒店RevPAR,,元,周,2020-06-14T00:00:00Z,97.5602,-75.25,,,酒店之家(STR)
分档次,豪华型酒店OCC,,%,周,2020-06-21T00:00:00Z,17.61,-65.2,,,酒店之家(STR)
分档次,豪华型酒店ADR,,元,周,2020-06-21T00:00:00Z,610.75,-15.71,,,酒店之家(STR)
分档次,豪华型酒店RevPAR,,元,周,2020-06-21T00:00:00Z,107.5531,-70.67,,,酒店之家(STR)
分档次,豪华型酒店OCC,,%,周,2020-06-28T00:00:00Z,29.32,-42.04,,,酒店之家(STR)
分档次,豪华型酒店ADR,,元,周,2020-06-28T00:00:00Z,648.56,-10.95,,,酒店之家(STR)
分档次,豪华型酒店RevPAR,,元,周,2020-06-28T00:00:00Z,190.1578,-48.39,,,酒店之家(STR)
分档次,豪华型酒店OCC,,%,周,2020-07-05T00:00:00Z,23.13,-58.57,,,酒店之家(STR)
分档次,豪华型酒店ADR,,元,周,2020-07-05T00:00:00Z,623.16,-16.2,,,酒店之家(STR)
分档次,豪华型酒店RevPAR,,元,周,2020-07-05T00:00:00Z,144.1369,-65.28,,,酒店之家(STR)
分档次,豪华型酒店OCC,,%,周,2020-07-12T00:00:00Z,36.81,-22.16,,,酒店之家(STR)
分档次,豪华型酒店ADR,,元,周,2020-07-12T00:00:00Z,655.84,-12.85,,,酒店之家(STR)
分档次,豪华型酒店RevPAR,,元,周,2020-07-12T00:00:00Z,241.4147,-32.16,,,酒店之家(STR)
分档次,豪华型酒店OCC,,%,周,2020-07-19T00:00:00Z,52.49,-9.22,,,酒店之家(STR)
分档次,豪华型酒店ADR,,元,周,2020-07-19T00:00:00Z,679.48,-12.09,,,酒店之家(STR)
分档次,豪华型酒店RevPAR,,元,周,2020-07-19T00:00:00Z,356.6591,-20.19,,,酒店之家(STR)
分档次,豪华型酒店OCC,,%,周,2020-07-26T00:00:00Z,55.3,-10.94,,,酒店之家(STR)
分档次,豪华型酒店ADR,,元,周,2020-07-26T00:00:00Z,709.13,-9.83,,,酒店之家(STR)
分档次,豪华型酒店RevPAR,,元,周,2020-07-26T00:00:00Z,392.1489,-19.69,,,酒店之家(STR)
分档次,豪华型酒店OCC,,%,周,2020-08-02T00:00:00Z,55.57,-9.11,,,酒店之家(STR)
分档次,豪华型酒店ADR,,元,周,2020-08-02T00:00:00Z,736.05,-6.66,,,酒店之家(STR)
分档次,豪华型酒店RevPAR,,元,周,2020-08-02T00:00:00Z,409.023,-15.16,,,酒店之家(STR)
分档次,豪华型酒店OCC,,%,周,2020-08-09T00:00:00Z,57.41,-16.87,,,酒店之家(STR)
分档次,豪华型酒店ADR,,元,周,2020-08-09T00:00:00Z,771.24,-5.59,,,酒店之家(STR)
分档次,豪华型酒店RevPAR,,元,周,2020-08-09T00:00:00Z,442.7689,-21.51,,,酒店之家(STR)
分档次,豪华型酒店OCC,,%,周,2020-08-16T00:00:00Z,65.61,3.52,,,酒店之家(STR)
分档次,豪华型酒店ADR,,元,周,2020-08-16T00:00:00Z,790.79,-2.95,,,酒店之家(STR)
分档次,豪华型酒店RevPAR,,元,周,2020-08-16T00:00:00Z,518.8373,0.46,,,酒店之家(STR)
分档次,豪华型酒店OCC,,%,周,2020-08-23T00:00:00Z,70.49,12.73,,,酒店之家(STR)
分档次,豪华型酒店ADR,,元,周,2020-08-23T00:00:00Z,775.99,-5.51,,,酒店之家(STR)
分档次,豪华型酒店RevPAR,,元,周,2020-08-23T00:00:00Z,546.9954,6.52,,,酒店之家(STR)
分档次,豪华型酒店OCC,,%,周,2020-08-30T00:00:00Z,71.25,58.97,,,酒店之家(STR)
分档次,豪华型酒店ADR,,元,周,2020-08-30T00:00:00Z,749.3,-0.14,,,酒店之家(STR)
分档次,豪华型酒店RevPAR,,元,周,2020-08-30T00:00:00Z,533.8763,58.75,,,酒店之家(STR)
分档次,豪华型酒店OCC,,%,周,2020-09-06T00:00:00Z,47.36,-0.82,,,酒店之家(STR)
分档次,豪华型酒店ADR,,元,周,2020-09-06T00:00:00Z,692.94,-3.5,,,酒店之家(STR)
分档次,豪华型酒店RevPAR,,元,周,2020-09-06T00:00:00Z,328.1764,-4.29,,,酒店之家(STR)
分档次,豪华型酒店OCC,,%,周,2020-09-13T00:00:00Z,49.72,3.76,,,酒店之家(STR)
分档次,豪华型酒店ADR,,元,周,2020-09-13T00:00:00Z,702.92,-4.23,,,酒店之家(STR)
分档次,豪华型酒店RevPAR,,元,周,2020-09-13T00:00:00Z,349.4918,-0.63,,,酒店之家(STR)
分档次,豪华型酒店OCC,,%,周,2020-09-20T00:00:00Z,55.18,12.82,,,酒店之家(STR)
分档次,豪华型酒店ADR,,元,周,2020-09-20T00:00:00Z,714.82,-3.4,,,酒店之家(STR)
分档次,豪华型酒店RevPAR,,元,周,2020-09-20T00:00:00Z,394.4377,8.98,,,酒店之家(STR)
分档次,豪华型酒店OCC,,%,周,2020-09-27T00:00:00Z,43.64,7.07,,,酒店之家(STR)
分档次,豪华型酒店ADR,,元,周,2020-09-27T00:00:00Z,701.55,-0.04,,,酒店之家(STR)
分档次,豪华型酒店RevPAR,,元,周,2020-09-27T00:00:00Z,306.1564,7.02,,,酒店之家(STR)
分档次,豪华型酒店OCC,,%,周,2020-10-04T00:00:00Z,71.2,-4.33,,,酒店之家(STR)
分档次,豪华型酒店ADR,,元,周,2020-10-04T00:00:00Z,909.91,2.1,,,酒店之家(STR)
分档次,豪华型酒店RevPAR,,元,周,2020-10-04T00:00:00Z,647.8559,-2.32,,,酒店之家(STR)
分档次,豪华型酒店OCC,,%,周,2020-10-11T00:00:00Z,59.24,32.97,,,酒店之家(STR)
分档次,豪华型酒店ADR,,元,周,2020-10-11T00:00:00Z,796.67,15.12,,,酒店之家(STR)
分档次,豪华型酒店RevPAR,,元,周,2020-10-11T00:00:00Z,471.9473,53.08,,,酒店之家(STR)
分档次,豪华型酒店OCC,,%,周,2020-10-18T00:00:00Z,41.04,-33.2,,,酒店之家(STR)
分档次,豪华型酒店ADR,,元,周,2020-10-18T00:00:00Z,721.37,-6.59,,,酒店之家(STR)
分档次,豪华型酒店RevPAR,,元,周,2020-10-18T00:00:00Z,296.0502,-37.6,,,酒店之家(STR)
分档次,豪华型酒店OCC,,%,周,2020-10-25T00:00:00Z,42.92,-3.25,,,酒店之家(STR)
分档次,豪华型酒店ADR,,元,周,2020-10-25T00:00:00Z,736.55,-3.14,,,酒店之家(STR)
分档次,豪华型酒店RevPAR,,元,周,2020-10-25T00:00:00Z,316.1273,-6.28,,,酒店之家(STR)
分档次,豪华型酒店OCC,,%,周,2020-11-01T00:00:00Z,46.54,4,,,酒店之家(STR)
分档次,豪华型酒店ADR,,元,周,2020-11-01T00:00:00Z,728.28,-2.55,,,酒店之家(STR)
分档次,豪华型酒店RevPAR,,元,周,2020-11-01T00:00:00Z,338.9415,1.35,,,酒店之家(STR)
分档次,豪华型酒店OCC,,%,周,2020-11-08T00:00:00Z,40.5,-7.87,,,酒店之家(STR)
分档次,豪华型酒店ADR,,元,周,2020-11-08T00:00:00Z,731.54,-2.74,,,酒店之家(STR)
分档次,豪华型酒店RevPAR,,元,周,2020-11-08T00:00:00Z,296.2737,-10.39,,,酒店之家(STR)
分档次,豪华型酒店OCC,,%,周,2020-11-15T00:00:00Z,47.91,-10.23,,,酒店之家(STR)
分档次,豪华型酒店ADR,,元,周,2020-11-15T00:00:00Z,718.35,-3.37,,,酒店之家(STR)
分档次,豪华型酒店RevPAR,,元,周,2020-11-15T00:00:00Z,344.1615,-13.25,,,酒店之家(STR)
分档次,豪华型酒店OCC,,%,周,2020-11-22T00:00:00Z,43.39,-2.08,,,酒店之家(STR)
分档次,豪华型酒店ADR,,元,周,2020-11-22T00:00:00Z,720.6,-1.16,,,酒店之家(STR)
分档次,豪华型酒店RevPAR,,元,周,2020-11-22T00:00:00Z,312.6683,-3.22,,,酒店之家(STR)
分档次,豪华型酒店OCC,,%,周,2020-11-29T00:00:00Z,45.21,-2.46,,,酒店之家(STR)
分档次,豪华型酒店ADR,,元,周,2020-11-29T00:00:00Z,711.99,0.23,,,酒店之家(STR)
分档次,豪华型酒店RevPAR,,元,周,2020-11-29T00:00:00Z,321.8907,-2.24,,,酒店之家(STR)
分档次,豪华型酒店OCC,,%,周,2020-12-06T00:00:00Z,39.45,-26.19,,,酒店之家(STR)
分档次,豪华型酒店ADR,,元,周,2020-12-06T00:00:00Z,710.5,-1.99,,,酒店之家(STR)
分档次,豪华型酒店RevPAR,,元,周,2020-12-06T00:00:00Z,280.2923,-27.66,,,酒店之家(STR)
分档次,豪华型酒店OCC,,%,周,2020-12-13T00:00:00Z,46.78,-6.78,,,酒店之家(STR)
分档次,豪华型酒店ADR,,元,周,2020-12-13T00:00:00Z,706.92,-1.54,,,酒店之家(STR)
分档次,豪华型酒店RevPAR,,元,周,2020-12-13T00:00:00Z,330.6972,-8.21,,,酒店之家(STR)
分档次,豪华型酒店OCC,,%,周,2020-12-20T00:00:00Z,42.91,-6.64,,,酒店之家(STR)
分档次,豪华型酒店ADR,,元,周,2020-12-20T00:00:00Z,705.13,-1.86,,,酒店之家(STR)
分档次,豪华型酒店RevPAR,,元,周,2020-12-20T00:00:00Z,302.5713,-8.37,,,酒店之家(STR)
分档次,豪华型酒店OCC,,%,周,2020-12-27T00:00:00Z,42.78,-8.37,,,酒店之家(STR)
分档次,豪华型酒店ADR,,元,周,2020-12-27T00:00:00Z,725.84,-0.55,,,酒店之家(STR)
分档次,豪华型酒店RevPAR,,元,周,2020-12-27T00:00:00Z,310.5144,-8.87,,,酒店之家(STR)
分档次,豪华型酒店OCC,,%,周,2021-01-03T00:00:00Z,48.04,145.48,,,酒店之家(STR)
分档次,豪华型酒店ADR,,元,周,2021-01-03T00:00:00Z,773.57,4.73,,,酒店之家(STR)
分档次,豪华型酒店RevPAR,,元,周,2021-01-03T00:00:00Z,371.623,157.09,,,酒店之家(STR)
分档次,豪华型酒店OCC,,%,周,2021-01-10T00:00:00Z,45.12,57.6,,,酒店之家(STR)
分档次,豪华型酒店ADR,,元,周,2021-01-10T00:00:00Z,659.8,-10.49,,,酒店之家(STR)
分档次,豪华型酒店RevPAR,,元,周,2021-01-10T00:00:00Z,297.7018,41.06,,,酒店之家(STR)
分档次,豪华型酒店OCC,,%,周,2021-01-17T00:00:00Z,47.68,23.97,,,酒店之家(STR)
分档次,豪华型酒店ADR,,元,周,2021-01-17T00:00:00Z,659.31,-9.26,,,酒店之家(STR)
分档次,豪华型酒店RevPAR,,元,周,2021-01-17T00:00:00Z,314.359,12.49,,,酒店之家(STR)
分档次,豪华型酒店OCC,,%,周,2021-01-24T00:00:00Z,42.63,42.43,,,酒店之家(STR)
分档次,豪华型酒店ADR,,元,周,2021-01-24T00:00:00Z,643.8,-19.44,,,酒店之家(STR)
分档次,豪华型酒店RevPAR,,元,周,2021-01-24T00:00:00Z,274.4519,14.74,,,酒店之家(STR)
分档次,豪华型酒店OCC,,%,周,2021-01-31T00:00:00Z,39.9,194.03,,,酒店之家(STR)
分档次,豪华型酒店ADR,,元,周,2021-01-31T00:00:00Z,627.18,-11.17,,,酒店之家(STR)
分档次,豪华型酒店RevPAR,,元,周,2021-01-31T00:00:00Z,250.2448,161.19,,,酒店之家(STR)
分档次,豪华型酒店OCC,,%,周,2021-02-07T00:00:00Z,40.52,186.16,,,酒店之家(STR)
分档次,豪华型酒店ADR,,元,周,2021-02-07T00:00:00Z,636.18,-2.58,,,酒店之家(STR)
分档次,豪华型酒店RevPAR,,元,周,2021-02-07T00:00:00Z,257.7801,178.77,,,酒店之家(STR)
分档次,豪华型酒店OCC,,%,周,2021-02-14T00:00:00Z,38.39,97.18,,,酒店之家(STR)
分档次,豪华型酒店ADR,,元,周,2021-02-14T00:00:00Z,854.88,28.56,,,酒店之家(STR)
分档次,豪华型酒店RevPAR,,元,周,2021-02-14T00:00:00Z,328.1884,153.48,,,酒店之家(STR)
分档次,豪华型酒店OCC,,%,周,2021-02-21T00:00:00Z,47.82,167.15,,,酒店之家(STR)
分档次,豪华型酒店ADR,,元,周,2021-02-21T00:00:00Z,761.48,23.2,,,酒店之家(STR)
分档次,豪华型酒店RevPAR,,元,周,2021-02-21T00:00:00Z,364.1397,229.13,,,酒店之家(STR)
分档次,豪华型酒店OCC,,%,周,2021-02-28T00:00:00Z,48.78,167.87,,,酒店之家(STR)
分档次,豪华型酒店ADR,,元,周,2021-02-28T00:00:00Z,654.07,7.16,,,酒店之家(STR)
分档次,豪华型酒店RevPAR,,元,周,2021-02-28T00:00:00Z,319.0553,187.05,,,酒店之家(STR)
分档次,豪华型酒店OCC,,%,周,2021-03-07T00:00:00Z,53.47,197.88,,,酒店之家(STR)
分档次,豪华型酒店ADR,,元,周,2021-03-07T00:00:00Z,662.57,9.53,,,酒店之家(STR)
分档次,豪华型酒店RevPAR,,元,周,2021-03-07T00:00:00Z,354.2762,226.28,,,酒店之家(STR)
分档次,豪华型酒店OCC,,%,周,2021-03-14T00:00:00Z,52.94,161.43,,,酒店之家(STR)
分档次,豪华型酒店ADR,,元,周,2021-03-14T00:00:00Z,687.32,13.1,,,酒店之家(STR)
分档次,豪华型酒店RevPAR,,元,周,2021-03-14T00:00:00Z,363.8672,195.68,,,酒店之家(STR)
分档次,豪华型酒店OCC,,%,周,2021-03-21T00:00:00Z,54.57,333.1,,,酒店之家(STR)
分档次,豪华型酒店ADR,,元,周,2021-03-21T00:00:00Z,724.15,19.06,,,酒店之家(STR)
分档次,豪华型酒店RevPAR,,元,周,2021-03-21T00:00:00Z,395.1687,415.63,,,酒店之家(STR)
分档次,豪华型酒店OCC,,%,周,2021-03-28T00:00:00Z,58.25,139.32,,,酒店之家(STR)
分档次,豪华型酒店ADR,,元,周,2021-03-28T00:00:00Z,737.34,23.61,,,酒店之家(STR)
分档次,豪华型酒店RevPAR,,元,周,2021-03-28T00:00:00Z,429.5006,195.81,,,酒店之家(STR)
分档次,豪华型酒店OCC,,%,周,2021-04-04T00:00:00Z,55.34,116.09,,,酒店之家(STR)
分档次,豪华型酒店ADR,,元,周,2021-04-04T00:00:00Z,782.45,31.08,,,酒店之家(STR)
分档次,豪华型酒店RevPAR,,元,周,2021-04-04T00:00:00Z,433.0078,183.24,,,酒店之家(STR)
分档次,豪华型酒店OCC,,%,周,2021-04-11T00:00:00Z,53.78,230.55,,,酒店之家(STR)
分档次,豪华型酒店ADR,,元,周,2021-04-11T00:00:00Z,742.28,26.31,,,酒店之家(STR)
分档次,豪华型酒店RevPAR,,元,周,2021-04-11T00:00:00Z,399.1982,317.52,,,酒店之家(STR)
分档次,豪华型酒店OCC,,%,周,2021-04-18T00:00:00Z,55.36,200.22,,,酒店之家(STR)
分档次,豪华型酒店ADR,,元,周,2021-04-18T00:00:00Z,781.03,32.38,,,酒店之家(STR)
分档次,豪华型酒店RevPAR,,元,周,2021-04-18T00:00:00Z,432.3782,297.43,,,酒店之家(STR)
分档次,豪华型酒店OCC,,%,周,2021-04-25T00:00:00Z,54.84,229.17,,,酒店之家(STR)
分档次,豪华型酒店ADR,,元,周,2021-04-25T00:00:00Z,770.31,34.25,,,酒店之家(STR)
分档次,豪华型酒店RevPAR,,元,周,2021-04-25T00:00:00Z,422.438,341.92,,,酒店之家(STR)
分档次,豪华型酒店OCC,,%,周,2021-05-02T00:00:00Z,50.5,29.95,,,酒店之家(STR)
分档次,豪华型酒店ADR,,元,周,2021-05-02T00:00:00Z,940.76,43.49,,,酒店之家(STR)
分档次,豪华型酒店RevPAR,,元,周,2021-05-02T00:00:00Z,475.0838,86.47,,,酒店之家(STR)
分档次,豪华型酒店OCC,,%,周,2021-05-09T00:00:00Z,58.9,218.38,,,酒店之家(STR)
分档次,豪华型酒店ADR,,元,周,2021-05-09T00:00:00Z,864.62,45.06,,,酒店之家(STR)
分档次,豪华型酒店RevPAR,,元,周,2021-05-09T00:00:00Z,509.2612,361.83,,,酒店之家(STR)
分档次,豪华型酒店OCC,,%,周,2021-05-16T00:00:00Z,55.73,250.28,,,酒店之家(STR)
分档次,豪华型酒店ADR,,元,周,2021-05-16T00:00:00Z,788.05,29.69,,,酒店之家(STR)
分档次,豪华型酒店RevPAR,,元,周,2021-05-16T00:00:00Z,439.1803,354.28,,,酒店之家(STR)
分档次,豪华型酒店OCC,,%,周,2021-05-23T00:00:00Z,55.65,216.19,,,酒店之家(STR)
分档次,豪华型酒店ADR,,元,周,2021-05-23T00:00:00Z,783.42,27.35,,,酒店之家(STR)
分档次,豪华型酒店RevPAR,,元,周,2021-05-23T00:00:00Z,435.9732,302.69,,,酒店之家(STR)
分档次,豪华型酒店OCC,,%,周,2021-05-30T00:00:00Z,45.44,128.23,,,酒店之家(STR)
分档次,豪华型酒店ADR,,元,周,2021-05-30T00:00:00Z,755.11,21.56,,,酒店之家(STR)
分档次,豪华型酒店RevPAR,,元,周,2021-05-30T00:00:00Z,343.122,177.43,,,酒店之家(STR)
分档次,豪华型酒店OCC,,%,周,2021-06-06T00:00:00Z,39.95,104.56,,,酒店之家(STR)
分档次,豪华型酒店ADR,,元,周,2021-06-06T00:00:00Z,724.76,15.89,,,酒店之家(STR)
分档次,豪华型酒店RevPAR,,元,周,2021-06-06T00:00:00Z,289.5416,137.06,,,酒店之家(STR)
分档次,豪华型酒店OCC,,%,周,2021-06-13T00:00:00Z,45.18,196.07,,,酒店之家(STR)
分档次,豪华型酒店ADR,,元,周,2021-06-13T00:00:00Z,773.67,21.01,,,酒店之家(STR)
分档次,豪华型酒店RevPAR,,元,周,2021-06-13T00:00:00Z,349.5441,258.29,,,酒店之家(STR)
分档次,豪华型酒店OCC,,%,周,2021-06-20T00:00:00Z,45.01,155.59,,,酒店之家(STR)
分档次,豪华型酒店ADR,,元,周,2021-06-20T00:00:00Z,713.01,16.74,,,酒店之家(STR)
分档次,豪华型酒店RevPAR,,元,周,2021-06-20T00:00:00Z,320.9258,198.39,,,酒店之家(STR)
分档次,豪华型酒店OCC,,%,周,2021-06-27T00:00:00Z,46.88,59.89,,,酒店之家(STR)
分档次,豪华型酒店ADR,,元,周,2021-06-27T00:00:00Z,733.48,13.09,,,酒店之家(STR)
分档次,豪华型酒店RevPAR,,元,周,2021-06-27T00:00:00Z,343.8554,80.83,,,酒店之家(STR)
分档次,豪华型酒店OCC,,%,周,2021-07-04T00:00:00Z,46.39,100.56,,,酒店之家(STR)
分档次,豪华型酒店ADR,,元,周,2021-07-04T00:00:00Z,770.04,23.57,,,酒店之家(STR)
分档次,豪华型酒店RevPAR,,元,周,2021-07-04T00:00:00Z,357.2216,147.83,,,酒店之家(STR)
分档次,豪华型酒店OCC,,%,周,2021-07-11T00:00:00Z,50.05,35.97,,,酒店之家(STR)
分档次,豪华型酒店ADR,,元,周,2021-07-11T00:00:00Z,820.75,25.14,,,酒店之家(STR)
分档次,豪华型酒店RevPAR,,元,周,2021-07-11T00:00:00Z,410.7854,70.16,,,酒店之家(STR)
分档次,豪华型酒店OCC,,%,周,2021-07-18T00:00:00Z,60.87,15.96,,,酒店之家(STR)
分档次,豪华型酒店ADR,,元,周,2021-07-18T00:00:00Z,869.49,27.96,,,酒店之家(STR)
分档次,豪华型酒店RevPAR,,元,周,2021-07-18T00:00:00Z,529.2586,48.39,,,酒店之家(STR)
分档次,豪华型酒店OCC,,%,周,2021-07-25T00:00:00Z,59.08,6.84,,,酒店之家(STR)
分档次,豪华型酒店ADR,,元,周,2021-07-25T00:00:00Z,872.56,23.05,,,酒店之家(STR)
分档次,豪华型酒店RevPAR,,元,周,2021-07-25T00:00:00Z,515.5084,31.46,,,酒店之家(STR)
分档次,豪华型酒店OCC,,%,周,2021-08-01T00:00:00Z,53.28,-4.12,,,酒店之家(STR)
分档次,豪华型酒店ADR,,元,周,2021-08-01T00:00:00Z,857.68,16.52,,,酒店之家(STR)
分档次,豪华型酒店RevPAR,,元,周,2021-08-01T00:00:00Z,456.9719,11.72,,,酒店之家(STR)
分档次,豪华型酒店OCC,,%,周,2021-08-08T00:00:00Z,48.74,-15.1,,,酒店之家(STR)
分档次,豪华型酒店ADR,,元,周,2021-08-08T00:00:00Z,787.01,2.04,,,酒店之家(STR)
分档次,豪华型酒店RevPAR,,元,周,2021-08-08T00:00:00Z,383.5887,-13.37,,,酒店之家(STR)
分档次,豪华型酒店OCC,,%,周,2021-08-15T00:00:00Z,47.05,-28.29,,,酒店之家(STR)
分档次,豪华型酒店ADR,,元,周,2021-08-15T00:00:00Z,749.04,-5.28,,,酒店之家(STR)
分档次,豪华型酒店RevPAR,,元,周,2021-08-15T00:00:00Z,352.4233,-32.07,,,酒店之家(STR)
分档次,豪华型酒店OCC,,%,周,2021-08-22T00:00:00Z,41.88,-40.59,,,酒店之家(STR)
分档次,豪华型酒店ADR,,元,周,2021-08-22T00:00:00Z,722.56,-6.89,,,酒店之家(STR)
分档次,豪华型酒店RevPAR,,元,周,2021-08-22T00:00:00Z,302.6081,-44.68,,,酒店之家(STR)
分档次,豪华型酒店OCC,,%,周,2021-08-29T00:00:00Z,48.18,-32.38,,,酒店之家(STR)
分档次,豪华型酒店ADR,,元,周,2021-08-29T00:00:00Z,715.64,-4.49,,,酒店之家(STR)
分档次,豪华型酒店RevPAR,,元,周,2021-08-29T00:00:00Z,344.7954,-35.42,,,酒店之家(STR)
分档次,豪华型酒店OCC,,%,周,2021-09-05T00:00:00Z,46.85,-1.08,,,酒店之家(STR)
分档次,豪华型酒店ADR,,元,周,2021-09-05T00:00:00Z,680.17,-1.84,,,酒店之家(STR)
分档次,豪华型酒店RevPAR,,元,周,2021-09-05T00:00:00Z,318.6596,-2.9,,,酒店之家(STR)
分档次,豪华型酒店OCC,,%,周,2021-09-12T00:00:00Z,45.51,-8.47,,,酒店之家(STR)
分档次,豪华型酒店ADR,,元,周,2021-09-12T00:00:00Z,693.04,-1.41,,,酒店之家(STR)
分档次,豪华型酒店RevPAR,,元,周,2021-09-12T00:00:00Z,315.4025,-9.75,,,酒店之家(STR)
分档次,豪华型酒店OCC,,%,周,2021-09-19T00:00:00Z,45.24,-18.01,,,酒店之家(STR)
分档次,豪华型酒店ADR,,元,周,2021-09-19T00:00:00Z,728.03,1.85,,,酒店之家(STR)
分档次,豪华型酒店RevPAR,,元,周,2021-09-19T00:00:00Z,329.3608,-16.5,,,酒店之家(STR)
分档次,豪华型酒店OCC,,%,周,2021-09-26T00:00:00Z,46.22,5.91,,,酒店之家(STR)
分档次,豪华型酒店ADR,,元,周,2021-09-26T00:00:00Z,728.1,3.78,,,酒店之家(STR)
分档次,豪华型酒店RevPAR,,元,周,2021-09-26T00:00:00Z,336.5278,9.92,,,酒店之家(STR)
分档次,豪华型酒店OCC,,%,周,2021-10-03T00:00:00Z,52.07,-26.87,,,酒店之家(STR)
分档次,豪华型酒店ADR,,元,周,2021-10-03T00:00:00Z,907.01,-0.32,,,酒店之家(STR)
分档次,豪华型酒店RevPAR,,元,周,2021-10-03T00:00:00Z,472.2801,-27.1,,,酒店之家(STR)
分档次,豪华型酒店OCC,,%,周,2021-10-10T00:00:00Z,46.69,-21.19,,,酒店之家(STR)
分档次,豪华型酒店ADR,,元,周,2021-10-10T00:00:00Z,839.22,5.34,,,酒店之家(STR)
分档次,豪华型酒店RevPAR,,元,周,2021-10-10T00:00:00Z,391.8318,-16.98,,,酒店之家(STR)
分档次,豪华型酒店OCC,,%,周,2021-10-17T00:00:00Z,50.99,24.24,,,酒店之家(STR)
分档次,豪华型酒店ADR,,元,周,2021-10-17T00:00:00Z,732.42,1.53,,,酒店之家(STR)
分档次,豪华型酒店RevPAR,,元,周,2021-10-17T00:00:00Z,373.461,26.15,,,酒店之家(STR)
分档次,豪华型酒店OCC,,%,周,2021-10-24T00:00:00Z,51.97,21.09,,,酒店之家(STR)
分档次,豪华型酒店ADR,,元,周,2021-10-24T00:00:00Z,739.45,0.39,,,酒店之家(STR)
分档次,豪华型酒店RevPAR,,元,周,2021-10-24T00:00:00Z,384.2922,21.56,,,酒店之家(STR)
分档次,豪华型酒店OCC,,%,周,2021-10-31T00:00:00Z,48.08,3.31,,,酒店之家(STR)
分档次,豪华型酒店ADR,,元,周,2021-10-31T00:00:00Z,704.22,-3.3,,,酒店之家(STR)
分档次,豪华型酒店RevPAR,,元,周,2021-10-31T00:00:00Z,338.589,-0.1,,,酒店之家(STR)
分档次,豪华型酒店OCC,,%,周,2021-11-07T00:00:00Z,48.56,19.9,,,酒店之家(STR)
分档次,豪华型酒店ADR,,元,周,2021-11-07T00:00:00Z,674.85,-7.75,,,酒店之家(STR)
分档次,豪华型酒店RevPAR,,元,周,2021-11-07T00:00:00Z,327.7072,10.61,,,酒店之家(STR)
分档次,豪华型酒店OCC,,%,周,2021-11-14T00:00:00Z,44.19,-7.76,,,酒店之家(STR)
分档次,豪华型酒店ADR,,元,周,2021-11-14T00:00:00Z,667.39,-7.09,,,酒店之家(STR)
分档次,豪华型酒店RevPAR,,元,周,2021-11-14T00:00:00Z,294.9196,-14.31,,,酒店之家(STR)
分档次,豪华型酒店OCC,,%,周,2021-11-21T00:00:00Z,47.78,10.12,,,酒店之家(STR)
分档次,豪华型酒店ADR,,元,周,2021-11-21T00:00:00Z,660.73,-8.31,,,酒店之家(STR)
分档次,豪华型酒店RevPAR,,元,周,2021-11-21T00:00:00Z,315.6968,0.97,,,酒店之家(STR)
分档次,豪华型酒店OCC,,%,周,2021-11-28T00:00:00Z,46.41,2.65,,,酒店之家(STR)
分档次,豪华型酒店ADR,,元,周,2021-11-28T00:00:00Z,660.89,-7.18,,,酒店之家(STR)
分档次,豪华型酒店RevPAR,,元,周,2021-11-28T00:00:00Z,306.719,-4.71,,,酒店之家(STR)
分档次,豪华型酒店OCC,,%,周,2021-12-05T00:00:00Z,43.26,9.66,,,酒店之家(STR)
分档次,豪华型酒店ADR,,元,周,2021-12-05T00:00:00Z,653.68,-8,,,酒店之家(STR)
分档次,豪华型酒店RevPAR,,元,周,2021-12-05T00:00:00Z,282.782,0.89,,,酒店之家(STR)
分档次,豪华型酒店OCC,,%,周,2021-12-12T00:00:00Z,44.52,-4.83,,,酒店之家(STR)
分档次,豪华型酒店ADR,,元,周,2021-12-12T00:00:00Z,663.49,-6.14,,,酒店之家(STR)
分档次,豪华型酒店RevPAR,,元,周,2021-12-12T00:00:00Z,295.3857,-10.68,,,酒店之家(STR)
分档次,豪华型酒店OCC,,%,周,2021-12-19T00:00:00Z,42.22,-1.61,,,酒店之家(STR)
分档次,豪华型酒店ADR,,元,周,2021-12-19T00:00:00Z,668.14,-5.25,,,酒店之家(STR)
分档次,豪华型酒店RevPAR,,元,周,2021-12-19T00:00:00Z,282.0887,-6.77,,,酒店之家(STR)
分档次,豪华型酒店OCC,,%,周,2021-12-26T00:00:00Z,39.78,-7.01,,,酒店之家(STR)
分档次,豪华型酒店ADR,,元,周,2021-12-26T00:00:00Z,696.27,-4.07,,,酒店之家(STR)
分档次,豪华型酒店RevPAR,,元,周,2021-12-26T00:00:00Z,276.9762,-10.8,,,酒店之家(STR)
分档次,豪华型酒店OCC,,%,周,2022-01-02T00:00:00Z,43.85,-8.72,,,酒店之家(STR)
分档次,豪华型酒店ADR,,元,周,2022-01-02T00:00:00Z,746.67,-3.48,,,酒店之家(STR)
分档次,豪华型酒店RevPAR,,元,周,2022-01-02T00:00:00Z,327.4148,-11.9,,,酒店之家(STR)
分档次,豪华型酒店OCC,,%,周,2022-01-09T00:00:00Z,39.59,-12.26,,,酒店之家(STR)
分档次,豪华型酒店ADR,,元,周,2022-01-09T00:00:00Z,665.43,0.85,,,酒店之家(STR)
分档次,豪华型酒店RevPAR,,元,周,2022-01-09T00:00:00Z,263.4437,-11.51,,,酒店之家(STR)
分档次,豪华型酒店OCC,,%,周,2022-01-16T00:00:00Z,39.14,-17.91,,,酒店之家(STR)
分档次,豪华型酒店ADR,,元,周,2022-01-16T00:00:00Z,654.61,-0.71,,,酒店之家(STR)
分档次,豪华型酒店RevPAR,,元,周,2022-01-16T00:00:00Z,256.2144,-18.5,,,酒店之家(STR)
分档次,豪华型酒店OCC,,%,周,2022-01-23T00:00:00Z,38.72,-9.17,,,酒店之家(STR)
分档次,豪华型酒店ADR,,元,周,2022-01-23T00:00:00Z,663.58,3.07,,,酒店之家(STR)
分档次,豪华型酒店RevPAR,,元,周,2022-01-23T00:00:00Z,256.9382,-6.38,,,酒店之家(STR)
分档次,豪华型酒店OCC,,%,周,2022-01-30T00:00:00Z,35.76,-10.38,,,酒店之家(STR)
分档次,豪华型酒店ADR,,元,周,2022-01-30T00:00:00Z,714.45,13.91,,,酒店之家(STR)
分档次,豪华型酒店RevPAR,,元,周,2022-01-30T00:00:00Z,255.4873,2.09,,,酒店之家(STR)
分档次,豪华型酒店OCC,,%,周,2022-02-06T00:00:00Z,46.97,15.92,,,酒店之家(STR)
分档次,豪华型酒店ADR,,元,周,2022-02-06T00:00:00Z,938.21,47.48,,,酒店之家(STR)
分档次,豪华型酒店RevPAR,,元,周,2022-02-06T00:00:00Z,440.6772,70.95,,,酒店之家(STR)
分档次,豪华型酒店OCC,,%,周,2022-02-13T00:00:00Z,47.94,24.88,,,酒店之家(STR)
分档次,豪华型酒店ADR,,元,周,2022-02-13T00:00:00Z,747.78,-12.53,,,酒店之家(STR)
分档次,豪华型酒店RevPAR,,元,周,2022-02-13T00:00:00Z,358.4857,9.23,,,酒店之家(STR)
分档次,豪华型酒店OCC,,%,周,2022-02-20T00:00:00Z,47.82,0,,,酒店之家(STR)
分档次,豪华型酒店ADR,,元,周,2022-02-20T00:00:00Z,666.51,-12.47,,,酒店之家(STR)
分档次,豪华型酒店RevPAR,,元,周,2022-02-20T00:00:00Z,318.7251,-12.47,,,酒店之家(STR)
分档次,豪华型酒店OCC,,%,周,2022-02-27T00:00:00Z,49.14,0.74,,,酒店之家(STR)
分档次,豪华型酒店ADR,,元,周,2022-02-27T00:00:00Z,649.4,-0.71,,,酒店之家(STR)
分档次,豪华型酒店RevPAR,,元,周,2022-02-27T00:00:00Z,319.1152,0.02,,,酒店之家(STR)
分档次,豪华型酒店OCC,,%,周,2022-03-06T00:00:00Z,42.77,-20.01,,,酒店之家(STR)
分档次,豪华型酒店ADR,,元,周,2022-03-06T00:00:00Z,629.54,-4.99,,,酒店之家(STR)
分档次,豪华型酒店RevPAR,,元,周,2022-03-06T00:00:00Z,269.2543,-24,,,酒店之家(STR)
分档次,豪华型酒店OCC,,%,周,2022-03-13T00:00:00Z,40.79,-22.95,,,酒店之家(STR)
分档次,豪华型酒店ADR,,元,周,2022-03-13T00:00:00Z,605.12,-11.96,,,酒店之家(STR)
分档次,豪华型酒店RevPAR,,元,周,2022-03-13T00:00:00Z,246.8284,-32.17,,,酒店之家(STR)
分档次,豪华型酒店OCC,,%,周,2022-03-20T00:00:00Z,36.74,-32.67,,,酒店之家(STR)
分档次,豪华型酒店ADR,,元,周,2022-03-20T00:00:00Z,576.94,-20.33,,,酒店之家(STR)
分档次,豪华型酒店RevPAR,,元,周,2022-03-20T00:00:00Z,211.9678,-46.36,,,酒店之家(STR)
分档次,豪华型酒店OCC,,%,周,2022-03-27T00:00:00Z,34.86,-40.15,,,酒店之家(STR)
分档次,豪华型酒店ADR,,元,周,2022-03-27T00:00:00Z,580.19,-21.31,,,酒店之家(STR)
分档次,豪华型酒店RevPAR,,元,周,2022-03-27T00:00:00Z,202.2542,-52.91,,,酒店之家(STR)
分档次,豪华型酒店OCC,,%,周,2022-04-03T00:00:00Z,34.35,-37.93,,,酒店之家(STR)
分档次,豪华型酒店ADR,,元,周,2022-04-03T00:00:00Z,600.41,-23.27,,,酒店之家(STR)
分档次,豪华型酒店RevPAR,,元,周,2022-04-03T00:00:00Z,206.2408,-52.37,,,酒店之家(STR)
分档次,豪华型酒店OCC,,%,周,2022-04-10T00:00:00Z,31.2,-41.99,,,酒店之家(STR)
分档次,豪华型酒店ADR,,元,周,2022-04-10T00:00:00Z,604.69,-18.54,,,酒店之家(STR)
分档次,豪华型酒店RevPAR,,元,周,2022-04-10T00:00:00Z,188.6633,-52.74,,,酒店之家(STR)
分档次,豪华型酒店OCC,,%,周,2022-04-17T00:00:00Z,31.38,-43.32,,,酒店之家(STR)
分档次,豪华型酒店ADR,,元,周,2022-04-17T00:00:00Z,568.63,-27.19,,,酒店之家(STR)
分档次,豪华型酒店RevPAR,,元,周,2022-04-17T00:00:00Z,178.4361,-58.73,,,酒店之家(STR)
分档次,豪华型酒店OCC,,%,周,2022-04-24T00:00:00Z,31.7,-42.2,,,酒店之家(STR)
分档次,豪华型酒店ADR,,元,周,2022-04-24T00:00:00Z,570.91,-25.89,,,酒店之家(STR)
分档次,豪华型酒店RevPAR,,元,周,2022-04-24T00:00:00Z,180.9785,-57.16,,,酒店之家(STR)
分档次,豪华型酒店OCC,,%,周,2022-05-01T00:00:00Z,39.58,-21.62,,,酒店之家(STR)
分档次,豪华型酒店ADR,,元,周,2022-05-01T00:00:00Z,653.46,-30.54,,,酒店之家(STR)
分档次,豪华型酒店RevPAR,,元,周,2022-05-01T00:00:00Z,258.6395,-45.56,,,酒店之家(STR)
分档次,豪华型酒店OCC,,%,周,2022-05-08T00:00:00Z,37.87,-35.7,,,酒店之家(STR)
分档次,豪华型酒店ADR,,元,周,2022-05-08T00:00:00Z,629.73,-27.17,,,酒店之家(STR)
分档次,豪华型酒店RevPAR,,元,周,2022-05-08T00:00:00Z,238.4788,-53.17,,,酒店之家(STR)
分档次,豪华型酒店OCC,,%,周,2022-05-15T00:00:00Z,36.4,-34.69,,,酒店之家(STR)
分档次,豪华型酒店ADR,,元,周,2022-05-15T00:00:00Z,564.46,-28.37,,,酒店之家(STR)
分档次,豪华型酒店RevPAR,,元,周,2022-05-15T00:00:00Z,205.4634,-53.22,,,酒店之家(STR)
分档次,豪华型酒店OCC,,%,周,2022-05-22T00:00:00Z,41.65,-25.16,,,酒店之家(STR)
分档次,豪华型酒店ADR,,元,周,2022-05-22T00:00:00Z,577.44,-26.29,,,酒店之家(STR)
分档次,豪华型酒店RevPAR,,元,周,2022-05-22T00:00:00Z,240.5038,-44.84,,,酒店之家(STR)
分档次,豪华型酒店OCC,,%,周,2022-05-29T00:00:00Z,41.14,-9.46,,,酒店之家(STR)
分档次,豪华型酒店ADR,,元,周,2022-05-29T00:00:00Z,577.8,-23.48,,,酒店之家(STR)
分档次,豪华型酒店RevPAR,,元,周,2022-05-29T00:00:00Z,237.7069,-30.72,,,酒店之家(STR)
分档次,豪华型酒店OCC,,%,周,2022-06-05T00:00:00Z,44.2,10.64,,,酒店之家(STR)
分档次,豪华型酒店ADR,,元,周,2022-06-05T00:00:00Z,648.15,-10.57,,,酒店之家(STR)
分档次,豪华型酒店RevPAR,,元,周,2022-06-05T00:00:00Z,286.4823,-1.06,,,酒店之家(STR)
分档次,豪华型酒店OCC,,%,周,2022-06-12T00:00:00Z,43.62,-3.45,,,酒店之家(STR)
分档次,豪华型酒店ADR,,元,周,2022-06-12T00:00:00Z,607.73,-21.45,,,酒店之家(STR)
分档次,豪华型酒店RevPAR,,元,周,2022-06-12T00:00:00Z,265.0918,-24.16,,,酒店之家(STR)
分档次,豪华型酒店OCC,,%,周,2022-06-19T00:00:00Z,46.27,2.8,,,酒店之家(STR)
分档次,豪华型酒店ADR,,元,周,2022-06-19T00:00:00Z,625.01,-12.34,,,酒店之家(STR)
分档次,豪华型酒店RevPAR,,元,周,2022-06-19T00:00:00Z,289.1921,-9.89,,,酒店之家(STR)
分档次,豪华型酒店OCC,,%,周,2022-06-26T00:00:00Z,48.74,3.97,,,酒店之家(STR)
分档次,豪华型酒店ADR,,元,周,2022-06-26T00:00:00Z,649.94,-11.39,,,酒店之家(STR)
分档次,豪华型酒店RevPAR,,元,周,2022-06-26T00:00:00Z,316.7808,-7.87,,,酒店之家(STR)
分档次,豪华型酒店OCC,,%,周,2022-07-03T00:00:00Z,49.12,5.88,,,酒店之家(STR)
分档次,豪华型酒店ADR,,元,周,2022-07-03T00:00:00Z,707.08,-8.18,,,酒店之家(STR)
分档次,豪华型酒店RevPAR,,元,周,2022-07-03T00:00:00Z,347.3177,-2.77,,,酒店之家(STR)
分档次,豪华型酒店OCC,,%,周,2022-07-10T00:00:00Z,51.35,2.6,,,酒店之家(STR)
分档次,豪华型酒店ADR,,元,周,2022-07-10T00:00:00Z,766.07,-6.66,,,酒店之家(STR)
分档次,豪华型酒店RevPAR,,元,周,2022-07-10T00:00:00Z,393.3769,-4.24,,,酒店之家(STR)
分档次,豪华型酒店OCC,,%,周,2022-07-17T00:00:00Z,53.4,-12.27,,,酒店之家(STR)
分档次,豪华型酒店ADR,,元,周,2022-07-17T00:00:00Z,789.73,-9.17,,,酒店之家(STR)
分档次,豪华型酒店RevPAR,,元,周,2022-07-17T00:00:00Z,421.7158,-20.32,,,酒店之家(STR)
分档次,豪华型酒店OCC,,%,周,2022-07-24T00:00:00Z,56.36,-4.6,,,酒店之家(STR)
分档次,豪华型酒店ADR,,元,周,2022-07-24T00:00:00Z,811.23,-7.03,,,酒店之家(STR)
分档次,豪华型酒店RevPAR,,元,周,2022-07-24T00:00:00Z,457.2092,-11.31,,,酒店之家(STR)
分档次,豪华型酒店OCC,,%,周,2022-07-31T00:00:00Z,56.96,6.91,,,酒店之家(STR)
分档次,豪华型酒店ADR,,元,周,2022-07-31T00:00:00Z,845.02,-1.48,,,酒店之家(STR)
分档次,豪华型酒店RevPAR,,元,周,2022-07-31T00:00:00Z,481.3234,5.33,,,酒店之家(STR)
分档次,豪华型酒店OCC,,%,周,2022-08-07T00:00:00Z,58.2,19.41,,,酒店之家(STR)
分档次,豪华型酒店ADR,,元,周,2022-08-07T00:00:00Z,878.1,11.57,,,酒店之家(STR)
分档次,豪华型酒店RevPAR,,元,周,2022-08-07T00:00:00Z,511.0542,33.23,,,酒店之家(STR)
分档次,豪华型酒店OCC,,%,周,2022-08-14T00:00:00Z,53.73,14.2,,,酒店之家(STR)
分档次,豪华型酒店ADR,,元,周,2022-08-14T00:00:00Z,864.6,15.43,,,酒店之家(STR)
分档次,豪华型酒店RevPAR,,元,周,2022-08-14T00:00:00Z,464.5496,31.82,,,酒店之家(STR)
分档次,豪华型酒店OCC,,%,周,2022-08-21T00:00:00Z,51.4,22.73,,,酒店之家(STR)
分档次,豪华型酒店ADR,,元,周,2022-08-21T00:00:00Z,837.65,15.93,,,酒店之家(STR)
分档次,豪华型酒店RevPAR,,元,周,2022-08-21T00:00:00Z,430.5521,42.28,,,酒店之家(STR)
分档次,豪华型酒店OCC,,%,周,2022-08-28T00:00:00Z,45.32,-5.94,,,酒店之家(STR)
分档次,豪华型酒店ADR,,元,周,2022-08-28T00:00:00Z,769.03,7.46,,,酒店之家(STR)
分档次,豪华型酒店RevPAR,,元,周,2022-08-28T00:00:00Z,348.5244,1.08,,,酒店之家(STR)
分档次,豪华型酒店OCC,,%,周,2022-09-04T00:00:00Z,37.44,-20.09,,,酒店之家(STR)
分档次,豪华型酒店ADR,,元,周,2022-09-04T00:00:00Z,688.36,1.2,,,酒店之家(STR)
分档次,豪华型酒店RevPAR,,元,周,2022-09-04T00:00:00Z,257.722,-19.12,,,酒店之家(STR)
分档次,豪华型酒店OCC,,%,周,2022-09-11T00:00:00Z,36.28,-20.28,,,酒店之家(STR)
分档次,豪华型酒店ADR,,元,周,2022-09-11T00:00:00Z,725.78,4.72,,,酒店之家(STR)
分档次,豪华型酒店RevPAR,,元,周,2022-09-11T00:00:00Z,263.313,-16.52,,,酒店之家(STR)
分档次,豪华型酒店OCC,,%,周,2022-09-18T00:00:00Z,35.14,-22.33,,,酒店之家(STR)
分档次,豪华型酒店ADR,,元,周,2022-09-18T00:00:00Z,674.78,-7.31,,,酒店之家(STR)
分档次,豪华型酒店RevPAR,,元,周,2022-09-18T00:00:00Z,237.1177,-28.01,,,酒店之家(STR)
分档次,豪华型酒店OCC,,%,周,2022-09-25T00:00:00Z,43.24,-6.45,,,酒店之家(STR)
分档次,豪华型酒店ADR,,元,周,2022-09-25T00:00:00Z,691.85,-4.98,,,酒店之家(STR)
分档次,豪华型酒店RevPAR,,元,周,2022-09-25T00:00:00Z,299.1559,-11.11,,,酒店之家(STR)
分档次,豪华型酒店OCC,,%,周,2022-10-02T00:00:00Z,44.56,-14.42,,,酒店之家(STR)
分档次,豪华型酒店ADR,,元,周,2022-10-02T00:00:00Z,826.5,-8.88,,,酒店之家(STR)
分档次,豪华型酒店RevPAR,,元,周,2022-10-02T00:00:00Z,368.2884,-22.02,,,酒店之家(STR)
分档次,豪华型酒店OCC,,%,周,2022-10-09T00:00:00Z,40.94,-12.32,,,酒店之家(STR)
分档次,豪华型酒店ADR,,元,周,2022-10-09T00:00:00Z,864.29,2.99,,,酒店之家(STR)
分档次,豪华型酒店RevPAR,,元,周,2022-10-09T00:00:00Z,353.8403,-9.7,,,酒店之家(STR)
分档次,豪华型酒店OCC,,%,周,2022-10-16T00:00:00Z,33.75,-33.81,,,酒店之家(STR)
分档次,豪华型酒店ADR,,元,周,2022-10-16T00:00:00Z,669.28,-8.62,,,酒店之家(STR)
分档次,豪华型酒店RevPAR,,元,周,2022-10-16T00:00:00Z,225.882,-39.52,,,酒店之家(STR)
分档次,豪华型酒店OCC,,%,周,2022-10-23T00:00:00Z,35.04,-32.58,,,酒店之家(STR)
分档次,豪华型酒店ADR,,元,周,2022-10-23T00:00:00Z,659.86,-10.76,,,酒店之家(STR)
分档次,豪华型酒店RevPAR,,元,周,2022-10-23T00:00:00Z,231.2149,-39.83,,,酒店之家(STR)
分档次,豪华型酒店OCC,,%,周,2022-10-30T00:00:00Z,33.89,-29.51,,,酒店之家(STR)
分档次,豪华型酒店ADR,,元,周,2022-10-30T00:00:00Z,666.36,-5.38,,,酒店之家(STR)
分档次,豪华型酒店RevPAR,,元,周,2022-10-30T00:00:00Z,225.8294,-33.3,,,酒店之家(STR)
分档次,豪华型酒店OCC,,%,周,2022-11-06T00:00:00Z,34.76,-28.42,,,酒店之家(STR)
分档次,豪华型酒店ADR,,元,周,2022-11-06T00:00:00Z,666.85,-1.19,,,酒店之家(STR)
分档次,豪华型酒店RevPAR,,元,周,2022-11-06T00:00:00Z,231.7971,-29.27,,,酒店之家(STR)
分档次,豪华型酒店OCC,,%,周,2022-11-13T00:00:00Z,34.7,-21.48,,,酒店之家(STR)
分档次,豪华型酒店ADR,,元,周,2022-11-13T00:00:00Z,671.7,0.65,,,酒店之家(STR)
分档次,豪华型酒店RevPAR,,元,周,2022-11-13T00:00:00Z,233.0799,-20.97,,,酒店之家(STR)
分档次,豪华型酒店OCC,,%,周,2022-11-20T00:00:00Z,34.39,-28.02,,,酒店之家(STR)
分档次,豪华型酒店ADR,,元,周,2022-11-20T00:00:00Z,659.46,-0.19,,,酒店之家(STR)
分档次,豪华型酒店RevPAR,,元,周,2022-11-20T00:00:00Z,226.7883,-28.16,,,酒店之家(STR)
分档次,豪华型酒店OCC,,%,周,2022-11-27T00:00:00Z,38.02,-18.08,,,酒店之家(STR)
分档次,豪华型酒店ADR,,元,周,2022-11-27T00:00:00Z,661.67,0.12,,,酒店之家(STR)
分档次,豪华型酒店RevPAR,,元,周,2022-11-27T00:00:00Z,251.5669,-17.98,,,酒店之家(STR)
分档次,豪华型酒店OCC,,%,周,2022-12-04T00:00:00Z,34.11,-21.15,,,酒店之家(STR)
分档次,豪华型酒店ADR,,元,周,2022-12-04T00:00:00Z,644.15,-1.46,,,酒店之家(STR)
分档次,豪华型酒店RevPAR,,元,周,2022-12-04T00:00:00Z,219.7196,-22.3,,,酒店之家(STR)
分档次,豪华型酒店OCC,,%,周,2022-12-11T00:00:00Z,39.11,-12.15,,,酒店之家(STR)
分档次,豪华型酒店ADR,,元,周,2022-12-11T00:00:00Z,649.93,-2.04,,,酒店之家(STR)
分档次,豪华型酒店RevPAR,,元,周,2022-12-11T00:00:00Z,254.1876,-13.95,,,酒店之家(STR)
分档次,豪华型酒店OCC,,%,周,2022-12-18T00:00:00Z,39.92,-5.45,,,酒店之家(STR)
分档次,豪华型酒店ADR,,元,周,2022-12-18T00:00:00Z,668.98,0.13,,,酒店之家(STR)
分档次,豪华型酒店RevPAR,,元,周,2022-12-18T00:00:00Z,267.0568,-5.33,,,酒店之家(STR)
分档次,豪华型酒店OCC,,%,周,2022-12-25T00:00:00Z,41.05,3.19,,,酒店之家(STR)
分档次,豪华型酒店ADR,,元,周,2022-12-25T00:00:00Z,713.43,2.46,,,酒店之家(STR)
分档次,豪华型酒店RevPAR,,元,周,2022-12-25T00:00:00Z,292.863,5.74,,,酒店之家(STR)
分档次,豪华型酒店OCC,,%,周,2023-01-01T00:00:00Z,43.46,-0.89,,,酒店之家(STR)
分档次,豪华型酒店ADR,,元,周,2023-01-01T00:00:00Z,805.45,7.87,,,酒店之家(STR)
分档次,豪华型酒店RevPAR,,元,周,2023-01-01T00:00:00Z,350.0486,6.91,,,酒店之家(STR)
分档次,豪华型酒店OCC,,%,周,2023-01-08T00:00:00Z,48.45,22.38,,,酒店之家(STR)
分档次,豪华型酒店ADR,,元,周,2023-01-08T00:00:00Z,725.96,9.1,,,酒店之家(STR)
分档次,豪华型酒店RevPAR,,元,周,2023-01-08T00:00:00Z,351.7276,33.51,,,酒店之家(STR)
分档次,豪华型酒店OCC,,%,周,2023-01-15T00:00:00Z,51.9,32.6,,,酒店之家(STR)
分档次,豪华型酒店ADR,,元,周,2023-01-15T00:00:00Z,758.67,15.9,,,酒店之家(STR)
分档次,豪华型酒店RevPAR,,元,周,2023-01-15T00:00:00Z,393.7497,53.68,,,酒店之家(STR)
分档次,豪华型酒店OCC,,%,周,2023-01-22T00:00:00Z,51.1,31.97,,,酒店之家(STR)
分档次,豪华型酒店ADR,,元,周,2023-01-22T00:00:00Z,884.46,33.29,,,酒店之家(STR)
分档次,豪华型酒店RevPAR,,元,周,2023-01-22T00:00:00Z,451.9591,75.9,,,酒店之家(STR)
分档次,豪华型酒店OCC,,%,周,2023-01-29T00:00:00Z,54.19,51.54,,,酒店之家(STR)
分档次,豪华型酒店ADR,,元,周,2023-01-29T00:00:00Z,1000.22,40,,,酒店之家(STR)
分档次,豪华型酒店RevPAR,,元,周,2023-01-29T00:00:00Z,542.0192,112.15,,,酒店之家(STR)
分档次,豪华型酒店OCC,,%,周,2023-02-05T00:00:00Z,49.02,4.36,,,酒店之家(STR)
分档次,豪华型酒店ADR,,元,周,2023-02-05T00:00:00Z,815.98,-13.03,,,酒店之家(STR)
分档次,豪华型酒店RevPAR,,元,周,2023-02-05T00:00:00Z,399.9934,-9.23,,,酒店之家(STR)
分档次,豪华型酒店OCC,,%,周,2023-02-12T00:00:00Z,47.29,-1.36,,,酒店之家(STR)
分档次,豪华型酒店ADR,,元,周,2023-02-12T00:00:00Z,772.75,3.34,,,酒店之家(STR)
分档次,豪华型酒店RevPAR,,元,周,2023-02-12T00:00:00Z,365.4335,1.94,,,酒店之家(STR)
分档次,豪华型酒店OCC,,%,周,2023-02-19T00:00:00Z,44.95,-6,,,酒店之家(STR)
分档次,豪华型酒店ADR,,元,周,2023-02-19T00:00:00Z,770.49,15.6,,,酒店之家(STR)
分档次,豪华型酒店RevPAR,,元,周,2023-02-19T00:00:00Z,346.3353,8.66,,,酒店之家(STR)
分档次,豪华型酒店OCC,,%,周,2023-02-26T00:00:00Z,43.39,-11.7,,,酒店之家(STR)
分档次,豪华型酒店ADR,,元,周,2023-02-26T00:00:00Z,765.33,17.85,,,酒店之家(STR)
分档次,豪华型酒店RevPAR,,元,周,2023-02-26T00:00:00Z,332.0767,4.06,,,酒店之家(STR)
分档次,豪华型酒店OCC,,%,周,2023-03-05T00:00:00Z,40.17,-6.08,,,酒店之家(STR)
分档次,豪华型酒店ADR,,元,周,2023-03-05T00:00:00Z,755.5,20.01,,,酒店之家(STR)
分档次,豪华型酒店RevPAR,,元,周,2023-03-05T00:00:00Z,303.4844,12.71,,,酒店之家(STR)
分档次,豪华型酒店OCC,,%,周,2023-03-12T00:00:00Z,40.7,-0.22,,,酒店之家(STR)
分档次,豪华型酒店ADR,,元,周,2023-03-12T00:00:00Z,754.99,24.77,,,酒店之家(STR)
分档次,豪华型酒店RevPAR,,元,周,2023-03-12T00:00:00Z,307.2809,24.49,,,酒店之家(STR)
分档次,豪华型酒店OCC,,%,周,2023-03-19T00:00:00Z,46.11,25.5,,,酒店之家(STR)
分档次,豪华型酒店ADR,,元,周,2023-03-19T00:00:00Z,765.14,32.62,,,酒店之家(STR)
分档次,豪华型酒店RevPAR,,元,周,2023-03-19T00:00:00Z,352.8061,66.44,,,酒店之家(STR)
分档次,豪华型酒店OCC,,%,周,2023-03-26T00:00:00Z,43.13,23.72,,,酒店之家(STR)
分档次,豪华型酒店ADR,,元,周,2023-03-26T00:00:00Z,774.45,33.48,,,酒店之家(STR)
分档次,豪华型酒店RevPAR,,元,周,2023-03-26T00:00:00Z,334.0203,65.15,,,酒店之家(STR)
分档次,豪华型酒店OCC,,%,周,2023-04-02T00:00:00Z,41.7,21.4,,,酒店之家(STR)
分档次,豪华型酒店ADR,,元,周,2023-04-02T00:00:00Z,770.95,28.4,,,酒店之家(STR)
分档次,豪华型酒店RevPAR,,元,周,2023-04-02T00:00:00Z,321.4862,55.88,,,酒店之家(STR)
分档次,豪华型酒店OCC,,%,周,2023-04-09T00:00:00Z,40.9,31.09,,,酒店之家(STR)
分档次,豪华型酒店ADR,,元,周,2023-04-09T00:00:00Z,787.83,30.29,,,酒店之家(STR)
分档次,豪华型酒店RevPAR,,元,周,2023-04-09T00:00:00Z,322.2225,70.79,,,酒店之家(STR)
分档次,豪华型酒店OCC,,%,周,2023-04-16T00:00:00Z,46.64,48.63,,,酒店之家(STR)
分档次,豪华型酒店ADR,,元,周,2023-04-16T00:00:00Z,836.51,47.11,,,酒店之家(STR)
分档次,豪华型酒店RevPAR,,元,周,2023-04-16T00:00:00Z,390.1483,118.65,,,酒店之家(STR)
分档次,豪华型酒店OCC,,%,周,2023-04-23T00:00:00Z,42.66,34.57,,,酒店之家(STR)
分档次,豪华型酒店ADR,,元,周,2023-04-23T00:00:00Z,813.87,42.56,,,酒店之家(STR)
分档次,豪华型酒店RevPAR,,元,周,2023-04-23T00:00:00Z,347.1969,91.84,,,酒店之家(STR)
分档次,豪华型酒店OCC,,%,周,2023-04-30T00:00:00Z,53.03,33.98,,,酒店之家(STR)
分档次,豪华型酒店ADR,,元,周,2023-04-30T00:00:00Z,1002.8,53.46,,,酒店之家(STR)
分档次,豪华型酒店RevPAR,,元,周,2023-04-30T00:00:00Z,531.7848,105.61,,,酒店之家(STR)
分档次,豪华型酒店OCC,,%,周,2023-05-07T00:00:00Z,47.18,24.58,,,酒店之家(STR)
分档次,豪华型酒店ADR,,元,周,2023-05-07T00:00:00Z,899.84,42.89,,,酒店之家(STR)
分档次,豪华型酒店RevPAR,,元,周,2023-05-07T00:00:00Z,424.5445,78.02,,,酒店之家(STR)
分档次,豪华型酒店OCC,,%,周,2023-05-14T00:00:00Z,42.04,15.49,,,酒店之家(STR)
分档次,豪华型酒店ADR,,元,周,2023-05-14T00:00:00Z,792.43,40.39,,,酒店之家(STR)
分档次,豪华型酒店RevPAR,,元,周,2023-05-14T00:00:00Z,333.1376,62.14,,,酒店之家(STR)
分档次,豪华型酒店OCC,,%,周,2023-05-21T00:00:00Z,44.15,6,,,酒店之家(STR)
分档次,豪华型酒店ADR,,元,周,2023-05-21T00:00:00Z,803.87,39.21,,,酒店之家(STR)
分档次,豪华型酒店RevPAR,,元,周,2023-05-21T00:00:00Z,354.9086,47.57,,,酒店之家(STR)
分档次,豪华型酒店OCC,,%,周,2023-05-28T00:00:00Z,42.59,3.52,,,酒店之家(STR)
分档次,豪华型酒店ADR,,元,周,2023-05-28T00:00:00Z,794.65,37.53,,,酒店之家(STR)
分档次,豪华型酒店RevPAR,,元,周,2023-05-28T00:00:00Z,338.4414,42.38,,,酒店之家(STR)
分档次,豪华型酒店OCC,,%,周,2023-06-04T00:00:00Z,40.61,-8.12,,,酒店之家(STR)
分档次,豪华型酒店ADR,,元,周,2023-06-04T00:00:00Z,762.04,17.57,,,酒店之家(STR)
分档次,豪华型酒店RevPAR,,元,周,2023-06-04T00:00:00Z,309.4644,8.02,,,酒店之家(STR)
分档次,豪华型酒店OCC,,%,周,2023-06-11T00:00:00Z,42.54,-2.48,,,酒店之家(STR)
分档次,豪华型酒店ADR,,元,周,2023-06-11T00:00:00Z,778.03,28.02,,,酒店之家(STR)
分档次,豪华型酒店RevPAR,,元,周,2023-06-11T00:00:00Z,330.974,24.85,,,酒店之家(STR)
分档次,豪华型酒店OCC,,%,周,2023-06-18T00:00:00Z,43.15,-6.74,,,酒店之家(STR)
分档次,豪华型酒店ADR,,元,周,2023-06-18T00:00:00Z,781.17,24.99,,,酒店之家(STR)
分档次,豪华型酒店RevPAR,,元,周,2023-06-18T00:00:00Z,337.0749,16.56,,,酒店之家(STR)
分档次,豪华型酒店OCC,,%,周,2023-06-25T00:00:00Z,45.16,-7.35,,,酒店之家(STR)
分档次,豪华型酒店ADR,,元,周,2023-06-25T00:00:00Z,836.39,28.69,,,酒店之家(STR)
分档次,豪华型酒店RevPAR,,元,周,2023-06-25T00:00:00Z,377.7137,19.24,,,酒店之家(STR)
分档次,豪华型酒店OCC,,%,周,2023-07-02T00:00:00Z,48.96,-0.33,,,酒店之家(STR)
分档次,豪华型酒店ADR,,元,周,2023-07-02T00:00:00Z,861.57,21.85,,,酒店之家(STR)
分档次,豪华型酒店RevPAR,,元,周,2023-07-02T00:00:00Z,421.8247,21.45,,,酒店之家(STR)
分档次,豪华型酒店OCC,,%,周,2023-07-09T00:00:00Z,52.77,2.77,,,酒店之家(STR)
分档次,豪华型酒店ADR,,元,周,2023-07-09T00:00:00Z,902.84,17.85,,,酒店之家(STR)
分档次,豪华型酒店RevPAR,,元,周,2023-07-09T00:00:00Z,476.4287,21.11,,,酒店之家(STR)
分档次,豪华型酒店OCC,,%,周,2023-07-16T00:00:00Z,54.78,2.58,,,酒店之家(STR)
分档次,豪华型酒店ADR,,元,周,2023-07-16T00:00:00Z,910.77,15.33,,,酒店之家(STR)
分档次,豪华型酒店RevPAR,,元,周,2023-07-16T00:00:00Z,498.9198,18.31,,,酒店之家(STR)
分档次,豪华型酒店OCC,,%,周,2023-07-23T00:00:00Z,52.99,-5.98,,,酒店之家(STR)
分档次,豪华型酒店ADR,,元,周,2023-07-23T00:00:00Z,905.34,11.6,,,酒店之家(STR)
分档次,豪华型酒店RevPAR,,元,周,2023-07-23T00:00:00Z,479.7397,4.93,,,酒店之家(STR)
分档次,豪华型酒店OCC,,%,周,2023-07-30T00:00:00Z,52.72,-7.44,,,酒店之家(STR)
分档次,豪华型酒店ADR,,元,周,2023-07-30T00:00:00Z,925.83,9.56,,,酒店之家(STR)
分档次,豪华型酒店RevPAR,,元,周,2023-07-30T00:00:00Z,488.0976,1.41,,,酒店之家(STR)
分档次,豪华型酒店OCC,,%,周,2023-08-06T00:00:00Z,55.89,-3.97,,,酒店之家(STR)
分档次,豪华型酒店ADR,,元,周,2023-08-06T00:00:00Z,931.94,6.13,,,酒店之家(STR)
分档次,豪华型酒店RevPAR,,元,周,2023-08-06T00:00:00Z,520.8613,1.92,,,酒店之家(STR)
分档次,豪华型酒店OCC,,%,周,2023-08-13T00:00:00Z,58.62,9.1,,,酒店之家(STR)
分档次,豪华型酒店ADR,,元,周,2023-08-13T00:00:00Z,942.6,9.02,,,酒店之家(STR)
分档次,豪华型酒店RevPAR,,元,周,2023-08-13T00:00:00Z,552.5521,18.94,,,酒店之家(STR)
分档次,豪华型酒店OCC,,%,周,2023-08-20T00:00:00Z,56.32,9.57,,,酒店之家(STR)
分档次,豪华型酒店ADR,,元,周,2023-08-20T00:00:00Z,926.72,10.63,,,酒店之家(STR)
分档次,豪华型酒店RevPAR,,元,周,2023-08-20T00:00:00Z,521.9287,21.22,,,酒店之家(STR)
分档次,豪华型酒店OCC,,%,周,2023-08-27T00:00:00Z,53.09,17.14,,,酒店之家(STR)
分档次,豪华型酒店ADR,,元,周,2023-08-27T00:00:00Z,876.68,14,,,酒店之家(STR)
分档次,豪华型酒店RevPAR,,元,周,2023-08-27T00:00:00Z,465.4294,33.54,,,酒店之家(STR)
分档次,豪华型酒店OCC,,%,周,2023-09-03T00:00:00Z,40.61,8.47,,,酒店之家(STR)
分档次,豪华型酒店ADR,,元,周,2023-09-03T00:00:00Z,765.48,11.2,,,酒店之家(STR)
分档次,豪华型酒店RevPAR,,元,周,2023-09-03T00:00:00Z,310.8614,20.62,,,酒店之家(STR)
分档次,豪华型酒店OCC,,%,周,2023-09-10T00:00:00Z,43.31,19.38,,,酒店之家(STR)
分档次,豪华型酒店ADR,,元,周,2023-09-10T00:00:00Z,756.29,4.2,,,酒店之家(STR)
分档次,豪华型酒店RevPAR,,元,周,2023-09-10T00:00:00Z,327.5492,24.4,,,酒店之家(STR)
分档次,豪华型酒店OCC,,%,周,2023-09-17T00:00:00Z,44.01,25.24,,,酒店之家(STR)
分档次,豪华型酒店ADR,,元,周,2023-09-17T00:00:00Z,750.49,11.22,,,酒店之家(STR)
分档次,豪华型酒店RevPAR,,元,周,2023-09-17T00:00:00Z,330.2906,39.29,,,酒店之家(STR)
分档次,豪华型酒店OCC,,%,周,2023-09-24T00:00:00Z,44.7,3.38,,,酒店之家(STR)
分档次,豪华型酒店ADR,,元,周,2023-09-24T00:00:00Z,768.26,11.04,,,酒店之家(STR)
分档次,豪华型酒店RevPAR,,元,周,2023-09-24T00:00:00Z,343.4122,14.79,,,酒店之家(STR)
分档次,豪华型酒店OCC,,%,周,2023-10-01T00:00:00Z,46.57,4.51,,,酒店之家(STR)
分档次,豪华型酒店ADR,,元,周,2023-10-01T00:00:00Z,925.47,11.97,,,酒店之家(STR)
分档次,豪华型酒店RevPAR,,元,周,2023-10-01T00:00:00Z,430.9914,17.03,,,酒店之家(STR)
分档次,豪华型酒店OCC,,%,周,2023-10-08T00:00:00Z,48.09,17.46,,,酒店之家(STR)
分档次,豪华型酒店ADR,,元,周,2023-10-08T00:00:00Z,931.46,7.77,,,酒店之家(STR)
分档次,豪华型酒店RevPAR,,元,周,2023-10-08T00:00:00Z,447.9391,26.59,,,酒店之家(STR)
分档次,豪华型酒店OCC,,%,周,2023-10-15T00:00:00Z,42.77,26.73,,,酒店之家(STR)
分档次,豪华型酒店ADR,,元,周,2023-10-15T00:00:00Z,754.06,12.67,,,酒店之家(STR)
分档次,豪华型酒店RevPAR,,元,周,2023-10-15T00:00:00Z,322.5115,42.78,,,酒店之家(STR)
分档次,豪华型酒店OCC,,%,周,2023-10-22T00:00:00Z,45.73,30.51,,,酒店之家(STR)
分档次,豪华型酒店ADR,,元,周,2023-10-22T00:00:00Z,775.26,17.49,,,酒店之家(STR)
分档次,豪华型酒店RevPAR,,元,周,2023-10-22T00:00:00Z,354.5264,53.33,,,酒店之家(STR)
分档次,豪华型酒店OCC,,%,周,2023-10-29T00:00:00Z,42.44,25.23,,,酒店之家(STR)
分档次,豪华型酒店ADR,,元,周,2023-10-29T00:00:00Z,761.55,14.29,,,酒店之家(STR)
分档次,豪华型酒店RevPAR,,元,周,2023-10-29T00:00:00Z,323.2018,43.12,,,酒店之家(STR)
分档次,豪华型酒店OCC,,%,周,2023-11-05T00:00:00Z,41.18,18.47,,,酒店之家(STR)
分档次,豪华型酒店ADR,,元,周,2023-11-05T00:00:00Z,747.71,12.13,,,酒店之家(STR)
分档次,豪华型酒店RevPAR,,元,周,2023-11-05T00:00:00Z,307.907,32.83,,,酒店之家(STR)
分档次,豪华型酒店OCC,,%,周,2023-11-12T00:00:00Z,43.66,25.82,,,酒店之家(STR)
分档次,豪华型酒店ADR,,元,周,2023-11-12T00:00:00Z,743.15,10.64,,,酒店之家(STR)
分档次,豪华型酒店RevPAR,,元,周,2023-11-12T00:00:00Z,324.4593,39.21,,,酒店之家(STR)
分档次,豪华型酒店OCC,,%,周,2023-11-19T00:00:00Z,43.97,27.86,,,酒店之家(STR)
分档次,豪华型酒店ADR,,元,周,2023-11-19T00:00:00Z,744.35,12.87,,,酒店之家(STR)
分档次,豪华型酒店RevPAR,,元,周,2023-11-19T00:00:00Z,327.2907,44.32,,,酒店之家(STR)
分档次,豪华型酒店OCC,,%,周,2023-11-26T00:00:00Z,44.1,15.99,,,酒店之家(STR)
分档次,豪华型酒店ADR,,元,周,2023-11-26T00:00:00Z,750.4,13.41,,,酒店之家(STR)
分档次,豪华型酒店RevPAR,,元,周,2023-11-26T00:00:00Z,330.9264,31.55,,,酒店之家(STR)
分档次,豪华型酒店OCC,,%,周,2023-12-03T00:00:00Z,42.49,24.57,,,酒店之家(STR)
分档次,豪华型酒店ADR,,元,周,2023-12-03T00:00:00Z,731.71,13.59,,,酒店之家(STR)
分档次,豪华型酒店RevPAR,,元,周,2023-12-03T00:00:00Z,310.9036,41.5,,,酒店之家(STR)
分档次,豪华型酒店OCC,,%,周,2023-12-10T00:00:00Z,42.23,7.98,,,酒店之家(STR)
分档次,豪华型酒店ADR,,元,周,2023-12-10T00:00:00Z,748.79,15.21,,,酒店之家(STR)
分档次,豪华型酒店RevPAR,,元,周,2023-12-10T00:00:00Z,316.214,24.4,,,酒店之家(STR)
分档次,豪华型酒店OCC,,%,周,2023-12-17T00:00:00Z,43.53,9.04,,,酒店之家(STR)
分档次,豪华型酒店ADR,,元,周,2023-12-17T00:00:00Z,744.74,11.32,,,酒店之家(STR)
分档次,豪华型酒店RevPAR,,元,周,2023-12-17T00:00:00Z,324.1853,21.39,,,酒店之家(STR)
分档次,豪华型酒店OCC,,%,周,2023-12-24T00:00:00Z,43.35,5.6,,,酒店之家(STR)
分档次,豪华型酒店ADR,,元,周,2023-12-24T00:00:00Z,754.19,5.71,,,酒店之家(STR)
分档次,豪华型酒店RevPAR,,元,周,2023-12-24T00:00:00Z,326.9414,11.64,,,酒店之家(STR)
分档次,豪华型酒店OCC,,%,周,2023-12-31T00:00:00Z,46.88,7.87,,,酒店之家(STR)
分档次,豪华型酒店ADR,,元,周,2023-12-31T00:00:00Z,827.31,2.71,,,酒店之家(STR)
分档次,豪华型酒店RevPAR,,元,周,2023-12-31T00:00:00Z,387.8429,10.8,,,酒店之家(STR)
分档次,豪华型酒店OCC,,%,周,2024-01-07T00:00:00Z,40.02,-17.4,,,酒店之家(STR)
分档次,豪华型酒店ADR,,元,周,2024-01-07T00:00:00Z,709.8,-2.23,,,酒店之家(STR)
分档次,豪华型酒店RevPAR,,元,周,2024-01-07T00:00:00Z,284.062,-19.24,,,酒店之家(STR)
分档次,豪华型酒店OCC,,%,周,2024-01-14T00:00:00Z,46.1,-11.18,,,酒店之家(STR)
分档次,豪华型酒店ADR,,元,周,2024-01-14T00:00:00Z,721.61,-4.88,,,酒店之家(STR)
分档次,豪华型酒店RevPAR,,元,周,2024-01-14T00:00:00Z,332.6622,-15.51,,,酒店之家(STR)
分档次,豪华型酒店OCC,,%,周,2024-01-21T00:00:00Z,46.62,-8.77,,,酒店之家(STR)
分档次,豪华型酒店ADR,,元,周,2024-01-21T00:00:00Z,750.95,-15.1,,,酒店之家(STR)
分档次,豪华型酒店RevPAR,,元,周,2024-01-21T00:00:00Z,350.0929,-22.54,,,酒店之家(STR)
分档次,豪华型酒店OCC,,%,周,2024-01-28T00:00:00Z,47.58,-12.2,,,酒店之家(STR)
分档次,豪华型酒店ADR,,元,周,2024-01-28T00:00:00Z,782.68,-21.75,,,酒店之家(STR)
分档次,豪华型酒店RevPAR,,元,周,2024-01-28T00:00:00Z,372.3991,-31.29,,,酒店之家(STR)
分档次,豪华型酒店OCC,,%,周,2024-02-04T00:00:00Z,45.84,-6.49,,,酒店之家(STR)
分档次,豪华型酒店ADR,,元,周,2024-02-04T00:00:00Z,780.2,-4.38,,,酒店之家(STR)
分档次,豪华型酒店RevPAR,,元,周,2024-02-04T00:00:00Z,357.6437,-10.59,,,酒店之家(STR)
分档次,豪华型酒店OCC,,%,周,2024-02-11T00:00:00Z,47.58,0.61,,,酒店之家(STR)
分档次,豪华型酒店ADR,,元,周,2024-02-11T00:00:00Z,931.59,20.56,,,酒店之家(STR)
分档次,豪华型酒店RevPAR,,元,周,2024-02-11T00:00:00Z,443.2505,21.29,,,酒店之家(STR)
分档次,豪华型酒店OCC,,%,周,2024-02-18T00:00:00Z,56.15,24.92,,,酒店之家(STR)
分档次,豪华型酒店ADR,,元,周,2024-02-18T00:00:00Z,990.95,28.61,,,酒店之家(STR)
分档次,豪华型酒店RevPAR,,元,周,2024-02-18T00:00:00Z,556.4184,60.66,,,酒店之家(STR)
分档次,豪华型酒店OCC,,%,周,2024-02-25T00:00:00Z,44.91,3.5,,,酒店之家(STR)
分档次,豪华型酒店ADR,,元,周,2024-02-25T00:00:00Z,724.57,-5.33,,,酒店之家(STR)
分档次,豪华型酒店RevPAR,,元,周,2024-02-25T00:00:00Z,325.4044,-2.01,,,酒店之家(STR)
分档次,豪华型酒店OCC,,%,周,2024-03-03T00:00:00Z,44.86,11.68,,,酒店之家(STR)
分档次,豪华型酒店ADR,,元,周,2024-03-03T00:00:00Z,684.96,-9.34,,,酒店之家(STR)
分档次,豪华型酒店RevPAR,,元,周,2024-03-03T00:00:00Z,307.2731,1.25,,,酒店之家(STR)
分档次,豪华型酒店OCC,,%,周,2024-03-10T00:00:00Z,46.7,14.74,,,酒店之家(STR)
分档次,豪华型酒店ADR,,元,周,2024-03-10T00:00:00Z,694.05,-8.07,,,酒店之家(STR)
分档次,豪华型酒店RevPAR,,元,周,2024-03-10T00:00:00Z,324.1214,5.48,,,酒店之家(STR)
分档次,豪华型酒店OCC,,%,周,2024-03-17T00:00:00Z,42.7,-7.4,,,酒店之家(STR)
分档次,豪华型酒店ADR,,元,周,2024-03-17T00:00:00Z,690.33,-9.78,,,酒店之家(STR)
分档次,豪华型酒店RevPAR,,元,周,2024-03-17T00:00:00Z,294.7709,-16.45,,,酒店之家(STR)
分档次,豪华型酒店OCC,,%,周,2024-03-24T00:00:00Z,48.76,13.05,,,酒店之家(STR)
分档次,豪华型酒店ADR,,元,周,2024-03-24T00:00:00Z,712.28,-8.03,,,酒店之家(STR)
分档次,豪华型酒店RevPAR,,元,周,2024-03-24T00:00:00Z,347.3077,3.98,,,酒店之家(STR)
分档次,豪华型酒店OCC,,%,周,2024-03-31T00:00:00Z,46.81,12.25,,,酒店之家(STR)
分档次,豪华型酒店ADR,,元,周,2024-03-31T00:00:00Z,721.07,-6.47,,,酒店之家(STR)
分档次,豪华型酒店RevPAR,,元,周,2024-03-31T00:00:00Z,337.5329,4.99,,,酒店之家(STR)
分档次,豪华型酒店OCC,,%,周,2024-04-07T00:00:00Z,46.34,13.3,,,酒店之家(STR)
分档次,豪华型酒店ADR,,元,周,2024-04-07T00:00:00Z,735.87,-6.6,,,酒店之家(STR)
分档次,豪华型酒店RevPAR,,元,周,2024-04-07T00:00:00Z,341.0022,5.83,,,酒店之家(STR)
分档次,豪华型酒店OCC,,%,周,2024-04-14T00:00:00Z,46.65,0.02,,,酒店之家(STR)
分档次,豪华型酒店ADR,,元,周,2024-04-14T00:00:00Z,730.93,-12.62,,,酒店之家(STR)
分档次,豪华型酒店RevPAR,,元,周,2024-04-14T00:00:00Z,340.9788,-12.6,,,酒店之家(STR)
分档次,豪华型酒店OCC,,%,周,2024-04-21T00:00:00Z,47.21,10.67,,,酒店之家(STR)
分档次,豪华型酒店ADR,,元,周,2024-04-21T00:00:00Z,738.19,-9.3,,,酒店之家(STR)
分档次,豪华型酒店RevPAR,,元,周,2024-04-21T00:00:00Z,348.4995,0.38,,,酒店之家(STR)
分档次,豪华型酒店OCC,,%,周,2024-04-28T00:00:00Z,42.73,-19.42,,,酒店之家(STR)
分档次,豪华型酒店ADR,,元,周,2024-04-28T00:00:00Z,728.8,-27.32,,,酒店之家(STR)
分档次,豪华型酒店RevPAR,,元,周,2024-04-28T00:00:00Z,311.4162,-41.44,,,酒店之家(STR)
分档次,豪华型酒店OCC,,%,周,2024-05-05T00:00:00Z,52.31,10.87,,,酒店之家(STR)
分档次,豪华型酒店ADR,,元,周,2024-05-05T00:00:00Z,889.3,-1.17,,,酒店之家(STR)
分档次,豪华型酒店RevPAR,,元,周,2024-05-05T00:00:00Z,465.1928,9.57,,,酒店之家(STR)
分档次,豪华型酒店OCC,,%,周,2024-05-12T00:00:00Z,38.31,-8.87,,,酒店之家(STR)
分档次,豪华型酒店ADR,,元,周,2024-05-12T00:00:00Z,675.78,-14.72,,,酒店之家(STR)
分档次,豪华型酒店RevPAR,,元,周,2024-05-12T00:00:00Z,258.8913,-22.29,,,酒店之家(STR)
分档次,豪华型酒店OCC,,%,周,2024-05-19T00:00:00Z,44.6,1.02,,,酒店之家(STR)
分档次,豪华型酒店ADR,,元,周,2024-05-19T00:00:00Z,722.29,-10.15,,,酒店之家(STR)
分档次,豪华型酒店RevPAR,,元,周,2024-05-19T00:00:00Z,322.1413,-9.23,,,酒店之家(STR)
分档次,豪华型酒店OCC,,%,周,2024-05-26T00:00:00Z,41.04,-3.64,,,酒店之家(STR)
分档次,豪华型酒店ADR,,元,周,2024-05-26T00:00:00Z,714.84,-10.04,,,酒店之家(STR)
分档次,豪华型酒店RevPAR,,元,周,2024-05-26T00:00:00Z,293.3703,-13.32,,,酒店之家(STR)
分档次,豪华型酒店OCC,,%,周,2024-06-02T00:00:00Z,38.61,-4.92,,,酒店之家(STR)
分档次,豪华型酒店ADR,,元,周,2024-06-02T00:00:00Z,704.05,-7.61,,,酒店之家(STR)
分档次,豪华型酒店RevPAR,,元,周,2024-06-02T00:00:00Z,271.8337,-12.16,,,酒店之家(STR)
分档次,豪华型酒店OCC,,%,周,2024-06-09T00:00:00Z,44.1,3.67,,,酒店之家(STR)
分档次,豪华型酒店ADR,,元,周,2024-06-09T00:00:00Z,731.54,-5.98,,,酒店之家(STR)
分档次,豪华型酒店RevPAR,,元,周,2024-06-09T00:00:00Z,322.6091,-2.53,,,酒店之家(STR)
分档次,豪华型酒店OCC,,%,周,2024-06-16T00:00:00Z,40,-7.3,,,酒店之家(STR)
分档次,豪华型酒店ADR,,元,周,2024-06-16T00:00:00Z,693.64,-11.2,,,酒店之家(STR)
分档次,豪华型酒店RevPAR,,元,周,2024-06-16T00:00:00Z,277.456,-17.69,,,酒店之家(STR)
分档次,豪华型酒店OCC,,%,周,2024-06-23T00:00:00Z,38.33,-15.12,,,酒店之家(STR)
分档次,豪华型酒店ADR,,元,周,2024-06-23T00:00:00Z,716.55,-14.33,,,酒店之家(STR)
分档次,豪华型酒店RevPAR,,元,周,2024-06-23T00:00:00Z,274.6536,-27.29,,,酒店之家(STR)
分档次,豪华型酒店OCC,,%,周,2024-06-30T00:00:00Z,43.72,-10.7,,,酒店之家(STR)
分档次,豪华型酒店ADR,,元,周,2024-06-30T00:00:00Z,751.23,-12.81,,,酒店之家(STR)
分档次,豪华型酒店RevPAR,,元,周,2024-06-30T00:00:00Z,328.4378,-22.14,,,酒店之家(STR)
分档次,豪华型酒店OCC,,%,周,2024-07-07T00:00:00Z,46.05,-12.73,,,酒店之家(STR)
分档次,豪华型酒店ADR,,元,周,2024-07-07T00:00:00Z,766.92,-15.05,,,酒店之家(STR)
分档次,豪华型酒店RevPAR,,元,周,2024-07-07T00:00:00Z,353.1667,-25.87,,,酒店之家(STR)
分档次,豪华型酒店OCC,,%,周,2024-07-14T00:00:00Z,47.81,-12.72,,,酒店之家(STR)
分档次,豪华型酒店ADR,,元,周,2024-07-14T00:00:00Z,785.4,-13.77,,,酒店之家(STR)
分档次,豪华型酒店RevPAR,,元,周,2024-07-14T00:00:00Z,375.4997,-24.74,,,酒店之家(STR)
分档次,豪华型酒店OCC,,%,周,2024-07-21T00:00:00Z,50.22,-5.23,,,酒店之家(STR)
分档次,豪华型酒店ADR,,元,周,2024-07-21T00:00:00Z,796.68,-12,,,酒店之家(STR)
分档次,豪华型酒店RevPAR,,元,周,2024-07-21T00:00:00Z,400.0927,-16.6,,,酒店之家(STR)
分档次,豪华型酒店OCC,,%,周,2024-07-28T00:00:00Z,49.81,-5.52,,,酒店之家(STR)
分档次,豪华型酒店ADR,,元,周,2024-07-28T00:00:00Z,787.33,-14.96,,,酒店之家(STR)
分档次,豪华型酒店RevPAR,,元,周,2024-07-28T00:00:00Z,392.1691,-19.65,,,酒店之家(STR)
分档次,豪华型酒店OCC,,%,周,2024-08-04T00:00:00Z,53.68,-3.95,,,酒店之家(STR)
分档次,豪华型酒店ADR,,元,周,2024-08-04T00:00:00Z,799.22,-14.24,,,酒店之家(STR)
分档次,豪华型酒店RevPAR,,元,周,2024-08-04T00:00:00Z,429.0213,-17.63,,,酒店之家(STR)
分档次,豪华型酒店OCC,,%,周,2024-08-11T00:00:00Z,58.65,0.05,,,酒店之家(STR)
分档次,豪华型酒店ADR,,元,周,2024-08-11T00:00:00Z,831.38,-11.8,,,酒店之家(STR)
分档次,豪华型酒店RevPAR,,元,周,2024-08-11T00:00:00Z,487.6044,-11.75,,,酒店之家(STR)
分档次,豪华型酒店OCC,,%,周,2024-08-18T00:00:00Z,53.51,-4.99,,,酒店之家(STR)
分档次,豪华型酒店ADR,,元,周,2024-08-18T00:00:00Z,799.93,-13.68,,,酒店之家(STR)
分档次,豪华型酒店RevPAR,,元,周,2024-08-18T00:00:00Z,428.0425,-17.99,,,酒店之家(STR)
分档次,豪华型酒店OCC,,%,周,2024-08-25T00:00:00Z,53.51,0.79,,,酒店之家(STR)
分档次,豪华型酒店ADR,,元,周,2024-08-25T00:00:00Z,786.29,-10.31,,,酒店之家(STR)
分档次,豪华型酒店RevPAR,,元,周,2024-08-25T00:00:00Z,420.7438,-9.6,,,酒店之家(STR)
分档次,豪华型酒店OCC,,%,周,2024-09-01T00:00:00Z,43.36,6.77,,,酒店之家(STR)
分档次,豪华型酒店ADR,,元,周,2024-09-01T00:00:00Z,716.96,-6.34,,,酒店之家(STR)
分档次,豪华型酒店RevPAR,,元,周,2024-09-01T00:00:00Z,310.8739,0,,,酒店之家(STR)
分档次,豪华型酒店OCC,,%,周,2024-09-08T00:00:00Z,41.5,-4.18,,,酒店之家(STR)
分档次,豪华型酒店ADR,,元,周,2024-09-08T00:00:00Z,681.43,-9.9,,,酒店之家(STR)
分档次,豪华型酒店RevPAR,,元,周,2024-09-08T00:00:00Z,282.7934,-13.66,,,酒店之家(STR)
分档次,豪华型酒店OCC,,%,周,2024-09-15T00:00:00Z,41.78,-5.07,,,酒店之家(STR)
分档次,豪华型酒店ADR,,元,周,2024-09-15T00:00:00Z,692.78,-7.69,,,酒店之家(STR)
分档次,豪华型酒店RevPAR,,元,周,2024-09-15T00:00:00Z,289.4435,-12.37,,,酒店之家(STR)
分档次,豪华型酒店OCC,,%,周,2024-09-22T00:00:00Z,41.45,-7.27,,,酒店之家(STR)
分档次,豪华型酒店ADR,,元,周,2024-09-22T00:00:00Z,687.26,-10.54,,,酒店之家(STR)
分档次,豪华型酒店RevPAR,,元,周,2024-09-22T00:00:00Z,284.8693,-17.05,,,酒店之家(STR)
分档次,豪华型酒店OCC,,%,周,2024-09-29T00:00:00Z,40.86,-12.26,,,酒店之家(STR)
分档次,豪华型酒店ADR,,元,周,2024-09-29T00:00:00Z,675.94,-26.96,,,酒店之家(STR)
分档次,豪华型酒店RevPAR,,元,周,2024-09-29T00:00:00Z,276.1891,-35.92,,,酒店之家(STR)
分档次,豪华型酒店OCC,,%,周,2024-10-06T00:00:00Z,52.99,10.19,,,酒店之家(STR)
分档次,豪华型酒店ADR,,元,周,2024-10-06T00:00:00Z,869.15,-6.69,,,酒店之家(STR)
分档次,豪华型酒店RevPAR,,元,周,2024-10-06T00:00:00Z,460.5626,2.82,,,酒店之家(STR)
分档次,豪华型酒店OCC,,%,周,2024-10-13T00:00:00Z,37.41,-12.53,,,酒店之家(STR)
分档次,豪华型酒店ADR,,元,周,2024-10-13T00:00:00Z,655.8,-13.03,,,酒店之家(STR)
分档次,豪华型酒店RevPAR,,元,周,2024-10-13T00:00:00Z,245.3348,-23.93,,,酒店之家(STR)
分档次,豪华型酒店OCC,,%,周,2024-10-20T00:00:00Z,45.65,-0.17,,,酒店之家(STR)
分档次,豪华型酒店ADR,,元,周,2024-10-20T00:00:00Z,712.58,-8.09,,,酒店之家(STR)
分档次,豪华型酒店RevPAR,,元,周,2024-10-20T00:00:00Z,325.2928,-8.25,,,酒店之家(STR)
分档次,豪华型酒店OCC,,%,周,2024-10-27T00:00:00Z,43.17,1.72,,,酒店之家(STR)
分档次,豪华型酒店ADR,,元,周,2024-10-27T00:00:00Z,709.39,-6.85,,,酒店之家(STR)
分档次,豪华型酒店RevPAR,,元,周,2024-10-27T00:00:00Z,306.2437,-5.25,,,酒店之家(STR)
分档次,豪华型酒店OCC,,%,周,2024-11-03T00:00:00Z,39.44,-4.23,,,酒店之家(STR)
分档次,豪华型酒店ADR,,元,周,2024-11-03T00:00:00Z,683.67,-8.56,,,酒店之家(STR)
分档次,豪华型酒店RevPAR,,元,周,2024-11-03T00:00:00Z,269.6394,-12.43,,,酒店之家(STR)
分档次,豪华型酒店OCC,,%,周,2024-11-10T00:00:00Z,39.02,-10.63,,,酒店之家(STR)
分档次,豪华型酒店ADR,,元,周,2024-11-10T00:00:00Z,685.18,-7.8,,,酒店之家(STR)
分档次,豪华型酒店RevPAR,,元,周,2024-11-10T00:00:00Z,267.3572,-17.6,,,酒店之家(STR)
分档次,豪华型酒店OCC,,%,周,2024-11-17T00:00:00Z,40.75,-7.32,,,酒店之家(STR)
分档次,豪华型酒店ADR,,元,周,2024-11-17T00:00:00Z,693.9,-6.78,,,酒店之家(STR)
分档次,豪华型酒店RevPAR,,元,周,2024-11-17T00:00:00Z,282.7642,-13.6,,,酒店之家(STR)
分档次,豪华型酒店OCC,,%,周,2024-11-24T00:00:00Z,42.82,-2.9,,,酒店之家(STR)
分档次,豪华型酒店ADR,,元,周,2024-11-24T00:00:00Z,679.64,-9.43,,,酒店之家(STR)
分档次,豪华型酒店RevPAR,,元,周,2024-11-24T00:00:00Z,291.0218,-12.06,,,酒店之家(STR)
分档次,豪华型酒店OCC,,%,周,2024-12-01T00:00:00Z,43.46,2.28,,,酒店之家(STR)
分档次,豪华型酒店ADR,,元,周,2024-12-01T00:00:00Z,684.57,-6.44,,,酒店之家(STR)
分档次,豪华型酒店RevPAR,,元,周,2024-12-01T00:00:00Z,297.5141,-4.31,,,酒店之家(STR)
分档次,豪华型酒店OCC,,%,周,2024-12-08T00:00:00Z,44.11,4.45,,,酒店之家(STR)
分档次,豪华型酒店ADR,,元,周,2024-12-08T00:00:00Z,680.53,-9.12,,,酒店之家(STR)
分档次,豪华型酒店RevPAR,,元,周,2024-12-08T00:00:00Z,300.1818,-5.07,,,酒店之家(STR)
分档次,豪华型酒店OCC,,%,周,2024-12-15T00:00:00Z,43.05,-1.1,,,酒店之家(STR)
分档次,豪华型酒店ADR,,元,周,2024-12-15T00:00:00Z,679.13,-8.81,,,酒店之家(STR)
分档次,豪华型酒店RevPAR,,元,周,2024-12-15T00:00:00Z,292.3655,-9.82,,,酒店之家(STR)
分档次,豪华型酒店OCC,,%,周,2024-12-22T00:00:00Z,43.1,-0.58,,,酒店之家(STR)
分档次,豪华型酒店ADR,,元,周,2024-12-22T00:00:00Z,676.8,-10.26,,,酒店之家(STR)
分档次,豪华型酒店RevPAR,,元,周,2024-12-22T00:00:00Z,291.7008,-10.78,,,酒店之家(STR)
分档次,豪华型酒店OCC,,%,周,2024-12-29T00:00:00Z,46.14,-1.58,,,酒店之家(STR)
分档次,豪华型酒店ADR,,元,周,2024-12-29T00:00:00Z,710.38,-14.13,,,酒店之家(STR)
分档次,豪华型酒店RevPAR,,元,周,2024-12-29T00:00:00Z,327.7693,-15.49,,,酒店之家(STR)
分档次,豪华型酒店OCC,,%,周,2025-01-05T00:00:00Z,43.76,9.35,,,酒店之家(STR)
分档次,豪华型酒店ADR,,元,周,2025-01-05T00:00:00Z,702.01,-1.1,,,酒店之家(STR)
分档次,豪华型酒店RevPAR,,元,周,2025-01-05T00:00:00Z,307.1996,8.15,,,酒店之家(STR)
分档次,豪华型酒店OCC,,%,周,2025-01-12T00:00:00Z,41.59,-9.78,,,酒店之家(STR)
分档次,豪华型酒店ADR,,元,周,2025-01-12T00:00:00Z,691.83,-4.13,,,酒店之家(STR)
分档次,豪华型酒店RevPAR,,元,周,2025-01-12T00:00:00Z,287.7321,-13.51,,,酒店之家(STR)
分档次,豪华型酒店OCC,,%,周,2025-01-19T00:00:00Z,45.66,-2.06,,,酒店之家(STR)
分档次,豪华型酒店ADR,,元,周,2025-01-19T00:00:00Z,717.74,-4.42,,,酒店之家(STR)
分档次,豪华型酒店RevPAR,,元,周,2025-01-19T00:00:00Z,327.7201,-6.39,,,酒店之家(STR)
分档次,豪华型酒店OCC,,%,周,2025-01-26T00:00:00Z,45.28,-4.83,,,酒店之家(STR)
分档次,豪华型酒店ADR,,元,周,2025-01-26T00:00:00Z,719.62,-8.06,,,酒店之家(STR)
分档次,豪华型酒店RevPAR,,元,周,2025-01-26T00:00:00Z,325.8439,-12.5,,,酒店之家(STR)
分档次,豪华型酒店OCC,,%,周,2025-02-02T00:00:00Z,53.3,16.27,,,酒店之家(STR)
分档次,豪华型酒店ADR,,元,周,2025-02-02T00:00:00Z,967.84,24.05,,,酒店之家(STR)
分档次,豪华型酒店RevPAR,,元,周,2025-02-02T00:00:00Z,515.8587,44.24,,,酒店之家(STR)
分档次,豪华型酒店OCC,,%,周,2025-02-09T00:00:00Z,50.35,5.82,,,酒店之家(STR)
分档次,豪华型酒店ADR,,元,周,2025-02-09T00:00:00Z,770.48,-17.29,,,酒店之家(STR)
分档次,豪华型酒店RevPAR,,元,周,2025-02-09T00:00:00Z,387.9367,-12.48,,,酒店之家(STR)
分档次,豪华型酒店OCC,,%,周,2025-02-16T00:00:00Z,46.6,-17.01,,,酒店之家(STR)
分档次,豪华型酒店ADR,,元,周,2025-02-16T00:00:00Z,685.73,-30.8,,,酒店之家(STR)
分档次,豪华型酒店RevPAR,,元,周,2025-02-16T00:00:00Z,319.5502,-42.57,,,酒店之家(STR)
分档次,豪华型酒店OCC,,%,周,2025-02-23T00:00:00Z,47.62,6.03,,,酒店之家(STR)
分档次,豪华型酒店ADR,,元,周,2025-02-23T00:00:00Z,669.26,-7.63,,,酒店之家(STR)
分档次,豪华型酒店RevPAR,,元,周,2025-02-23T00:00:00Z,318.7016,-2.06,,,酒店之家(STR)
分档次,豪华型酒店OCC,,%,周,2025-03-02T00:00:00Z,46.13,2.83,,,酒店之家(STR)
分档次,豪华型酒店ADR,,元,周,2025-03-02T00:00:00Z,652.45,-4.75,,,酒店之家(STR)
分档次,豪华型酒店RevPAR,,元,周,2025-03-02T00:00:00Z,300.9752,-2.05,,,酒店之家(STR)
分档次,豪华型酒店OCC,,%,周,2025-03-09T00:00:00Z,40.32,-13.66,,,酒店之家(STR)
分档次,豪华型酒店ADR,,元,周,2025-03-09T00:00:00Z,642.15,-7.48,,,酒店之家(STR)
分档次,豪华型酒店RevPAR,,元,周,2025-03-09T00:00:00Z,258.9149,-20.12,,,酒店之家(STR)
分档次,豪华型酒店OCC,,%,周,2025-03-16T00:00:00Z,47.13,10.37,,,酒店之家(STR)
分档次,豪华型酒店ADR,,元,周,2025-03-16T00:00:00Z,642.32,-6.95,,,酒店之家(STR)
分档次,豪华型酒店RevPAR,,元,周,2025-03-16T00:00:00Z,302.7254,2.7,,,酒店之家(STR)
分档次,豪华型酒店OCC,,%,周,2025-03-23T00:00:00Z,47.9,-1.76,,,酒店之家(STR)
分档次,豪华型酒店ADR,,元,周,2025-03-23T00:00:00Z,681.04,-4.39,,,酒店之家(STR)
分档次,豪华型酒店RevPAR,,元,周,2025-03-23T00:00:00Z,326.2182,-6.07,,,酒店之家(STR)
分档次,豪华型酒店OCC,,%,周,2025-03-30T00:00:00Z,45.18,-3.48,,,酒店之家(STR)
分档次,豪华型酒店ADR,,元,周,2025-03-30T00:00:00Z,681.25,-5.52,,,酒店之家(STR)
分档次,豪华型酒店RevPAR,,元,周,2025-03-30T00:00:00Z,307.7887,-8.81,,,酒店之家(STR)
分档次,豪华型酒店OCC,,%,周,2025-04-06T00:00:00Z,45.97,-0.8,,,酒店之家(STR)
分档次,豪华型酒店ADR,,元,周,2025-04-06T00:00:00Z,696.14,-5.4,,,酒店之家(STR)
分档次,豪华型酒店RevPAR,,元,周,2025-04-06T00:00:00Z,320.0156,-6.15,,,酒店之家(STR)
分档次,豪华型酒店OCC,,%,周,2025-04-13T00:00:00Z,44.78,-4.01,,,酒店之家(STR)
分档次,豪华型酒店ADR,,元,周,2025-04-13T00:00:00Z,671.59,-8.12,,,酒店之家(STR)
分档次,豪华型酒店RevPAR,,元,周,2025-04-13T00:00:00Z,300.738,-11.8,,,酒店之家(STR)
分档次,豪华型酒店OCC,,%,周,2025-04-20T00:00:00Z,47.86,1.38,,,酒店之家(STR)
分档次,豪华型酒店ADR,,元,周,2025-04-20T00:00:00Z,708.91,-3.97,,,酒店之家(STR)
分档次,豪华型酒店RevPAR,,元,周,2025-04-20T00:00:00Z,339.2843,-2.64,,,酒店之家(STR)
分档次,豪华型酒店OCC,,%,周,2025-04-27T00:00:00Z,42.89,0.37,,,酒店之家(STR)
分档次,豪华型酒店ADR,,元,周,2025-04-27T00:00:00Z,692.21,-5.02,,,酒店之家(STR)
分档次,豪华型酒店RevPAR,,元,周,2025-04-27T00:00:00Z,296.8889,-4.66,,,酒店之家(STR)
分档次,豪华型酒店OCC,,%,周,2025-05-04T00:00:00Z,51,-2.5,,,酒店之家(STR)
分档次,豪华型酒店ADR,,元,周,2025-05-04T00:00:00Z,871.9,-1.96,,,酒店之家(STR)
分档次,豪华型酒店RevPAR,,元,周,2025-05-04T00:00:00Z,444.669,-4.41,,,酒店之家(STR)
分档次,豪华型酒店OCC,,%,周,2025-05-11T00:00:00Z,34.72,-9.37,,,酒店之家(STR)
分档次,豪华型酒店ADR,,元,周,2025-05-11T00:00:00Z,653.73,-3.26,,,酒店之家(STR)
分档次,豪华型酒店RevPAR,,元,周,2025-05-11T00:00:00Z,226.9751,-12.33,,,酒店之家(STR)
分档次,豪华型酒店OCC,,%,周,2025-05-18T00:00:00Z,38.62,-13.41,,,酒店之家(STR)
分档次,豪华型酒店ADR,,元,周,2025-05-18T00:00:00Z,676.82,-6.3,,,酒店之家(STR)
分档次,豪华型酒店RevPAR,,元,周,2025-05-18T00:00:00Z,261.3879,-18.86,,,酒店之家(STR)
分档次,豪华型酒店OCC,,%,周,2025-05-25T00:00:00Z,38.52,-6.14,,,酒店之家(STR)
分档次,豪华型酒店ADR,,元,周,2025-05-25T00:00:00Z,678.91,-5.03,,,酒店之家(STR)
分档次,豪华型酒店RevPAR,,元,周,2025-05-25T00:00:00Z,261.5161,-10.86,,,酒店之家(STR)
分档次,豪华型酒店OCC,,%,周,2025-06-01T00:00:00Z,40.63,5.23,,,酒店之家(STR)
分档次,豪华型酒店ADR,,元,周,2025-06-01T00:00:00Z,704.54,0.07,,,酒店之家(STR)
分档次,豪华型酒店RevPAR,,元,周,2025-06-01T00:00:00Z,286.2546,5.31,,,酒店之家(STR)
分档次,豪华型酒店OCC,,%,周,2025-06-08T00:00:00Z,39.37,-10.73,,,酒店之家(STR)
分档次,豪华型酒店ADR,,元,周,2025-06-08T00:00:00Z,659.75,-9.81,,,酒店之家(STR)
分档次,豪华型酒店RevPAR,,元,周,2025-06-08T00:00:00Z,259.7436,-19.49,,,酒店之家(STR)
分档次,豪华型酒店OCC,,%,周,2025-06-15T00:00:00Z,40.16,0.4,,,酒店之家(STR)
分档次,豪华型酒店ADR,,元,周,2025-06-15T00:00:00Z,666.13,-3.97,,,酒店之家(STR)
分档次,豪华型酒店RevPAR,,元,周,2025-06-15T00:00:00Z,267.5178,-3.58,,,酒店之家(STR)
分档次,豪华型酒店OCC,,%,周,2025-06-22T00:00:00Z,40.17,4.8,,,酒店之家(STR)
分档次,豪华型酒店ADR,,元,周,2025-06-22T00:00:00Z,682.37,-4.77,,,酒店之家(STR)
分档次,豪华型酒店RevPAR,,元,周,2025-06-22T00:00:00Z,274.108,-0.2,,,酒店之家(STR)
分档次,豪华型酒店OCC,,%,周,2025-06-29T00:00:00Z,41.29,-5.56,,,酒店之家(STR)
分档次,豪华型酒店ADR,,元,周,2025-06-29T00:00:00Z,702.88,-6.44,,,酒店之家(STR)
分档次,豪华型酒店RevPAR,,元,周,2025-06-29T00:00:00Z,290.2192,-11.64,,,酒店之家(STR)
分档次,豪华型酒店OCC,,%,周,2025-07-06T00:00:00Z,43.33,-5.91,,,酒店之家(STR)
分档次,豪华型酒店ADR,,元,周,2025-07-06T00:00:00Z,730.28,-4.78,,,酒店之家(STR)
分档次,豪华型酒店RevPAR,,元,周,2025-07-06T00:00:00Z,316.4303,-10.4,,,酒店之家(STR)
分档次,豪华型酒店OCC,,%,周,2025-07-13T00:00:00Z,44.6,-6.71,,,酒店之家(STR)
分档次,豪华型酒店ADR,,元,周,2025-07-13T00:00:00Z,750.62,-4.43,,,酒店之家(STR)
分档次,豪华型酒店RevPAR,,元,周,2025-07-13T00:00:00Z,334.7765,-10.85,,,酒店之家(STR)
分档次,豪华型酒店OCC,,%,周,2025-07-20T00:00:00Z,49.45,-1.53,,,酒店之家(STR)
分档次,豪华型酒店ADR,,元,周,2025-07-20T00:00:00Z,750.72,-5.77,,,酒店之家(STR)
分档次,豪华型酒店RevPAR,,元,周,2025-07-20T00:00:00Z,371.231,-7.21,,,酒店之家(STR)
分档次,豪华型酒店OCC,,%,周,2025-07-27T00:00:00Z,52.23,4.86,,,酒店之家(STR)
分档次,豪华型酒店ADR,,元,周,2025-07-27T00:00:00Z,755.68,-4.02,,,酒店之家(STR)
分档次,豪华型酒店RevPAR,,元,周,2025-07-27T00:00:00Z,394.6917,0.64,,,酒店之家(STR)
分档次,豪华型酒店OCC,,%,周,2025-08-03T00:00:00Z,54.35,1.25,,,酒店之家(STR)
分档次,豪华型酒店ADR,,元,周,2025-08-03T00:00:00Z,764.24,-4.38,,,酒店之家(STR)
分档次,豪华型酒店RevPAR,,元,周,2025-08-03T00:00:00Z,415.3644,-3.18,,,酒店之家(STR)
分档次,豪华型酒店OCC,,%,周,2025-08-10T00:00:00Z,57.87,-1.33,,,酒店之家(STR)
分档次,豪华型酒店ADR,,元,周,2025-08-10T00:00:00Z,791.41,-4.81,,,酒店之家(STR)
分档次,豪华型酒店RevPAR,,元,周,2025-08-10T00:00:00Z,457.989,-6.07,,,酒店之家(STR)
分档次,豪华型酒店OCC,,%,周,2025-08-17T00:00:00Z,58.96,10.19,,,酒店之家(STR)
分档次,豪华型酒店ADR,,元,周,2025-08-17T00:00:00Z,793.87,-0.76,,,酒店之家(STR)
分档次,豪华型酒店RevPAR,,元,周,2025-08-17T00:00:00Z,468.0658,9.35,,,酒店之家(STR)
分档次,豪华型酒店OCC,,%,周,2025-08-24T00:00:00Z,55.36,3.46,,,酒店之家(STR)
分档次,豪华型酒店ADR,,元,周,2025-08-24T00:00:00Z,774.25,-1.53,,,酒店之家(STR)
分档次,豪华型酒店RevPAR,,元,周,2025-08-24T00:00:00Z,428.6248,1.87,,,酒店之家(STR)
分档次,豪华型酒店OCC,,%,周,2025-08-31T00:00:00Z,44.46,2.54,,,酒店之家(STR)
分档次,豪华型酒店ADR,,元,周,2025-08-31T00:00:00Z,712.24,-0.66,,,酒店之家(STR)
分档次,豪华型酒店RevPAR,,元,周,2025-08-31T00:00:00Z,316.6619,1.86,,,酒店之家(STR)
分档次,豪华型酒店OCC,,%,周,2025-09-07T00:00:00Z,37.65,-9.28,,,酒店之家(STR)
分档次,豪华型酒店ADR,,元,周,2025-09-07T00:00:00Z,654.93,-3.89,,,酒店之家(STR)
分档次,豪华型酒店RevPAR,,元,周,2025-09-07T00:00:00Z,246.5811,-12.81,,,酒店之家(STR)
分档次,豪华型酒店OCC,,%,周,2025-09-14T00:00:00Z,42.46,1.63,,,酒店之家(STR)
分档次,豪华型酒店ADR,,元,周,2025-09-14T00:00:00Z,671.59,-3.06,,,酒店之家(STR)
分档次,豪华型酒店RevPAR,,元,周,2025-09-14T00:00:00Z,285.1571,-1.48,,,酒店之家(STR)
分档次,豪华型酒店OCC,,%,周,2025-09-21T00:00:00Z,45.23,9.12,,,酒店之家(STR)
分档次,豪华型酒店ADR,,元,周,2025-09-21T00:00:00Z,691.49,0.62,,,酒店之家(STR)
分档次,豪华型酒店RevPAR,,元,周,2025-09-21T00:00:00Z,312.7609,9.79,,,酒店之家(STR)
分档次,豪华型酒店OCC,,%,周,2025-09-28T00:00:00Z,39.63,-3.01,,,酒店之家(STR)
分档次,豪华型酒店ADR,,元,周,2025-09-28T00:00:00Z,654.86,-3.12,,,酒店之家(STR)
分档次,豪华型酒店RevPAR,,元,周,2025-09-28T00:00:00Z,259.521,-6.04,,,酒店之家(STR)
分档次,豪华型酒店OCC,,%,周,2025-10-05T00:00:00Z,54.85,3.51,,,酒店之家(STR)
分档次,豪华型酒店ADR,,元,周,2025-10-05T00:00:00Z,899.69,3.51,,,酒店之家(STR)
分档次,豪华型酒店RevPAR,,元,周,2025-10-05T00:00:00Z,493.48,7.15,,,酒店之家(STR)
分档次,豪华型酒店OCC,,%,周,2025-10-12T00:00:00Z,36.02,-3.72,,,酒店之家(STR)
分档次,豪华型酒店ADR,,元,周,2025-10-12T00:00:00Z,696.02,6.13,,,酒店之家(STR)
分档次,豪华型酒店RevPAR,,元,周,2025-10-12T00:00:00Z,250.7064,2.19,,,酒店之家(STR)
分档次,豪华型酒店OCC,,%,周,2025-10-19T00:00:00Z,43.95,-3.72,,,酒店之家(STR)
分档次,豪华型酒店ADR,,元,周,2025-10-19T00:00:00Z,691.7,-2.93,,,酒店之家(STR)
分档次,豪华型酒店RevPAR,,元,周,2025-10-19T00:00:00Z,304.0022,-6.55,,,酒店之家(STR)
分档次,豪华型酒店OCC,,%,周,2025-10-26T00:00:00Z,38.94,-9.8,,,酒店之家(STR)
分档次,豪华型酒店ADR,,元,周,2025-10-26T00:00:00Z,700.64,-1.23,,,酒店之家(STR)
分档次,豪华型酒店RevPAR,,元,周,2025-10-26T00:00:00Z,272.8292,-10.91,,,酒店之家(STR)
分档次,豪华型酒店OCC,,%,周,2025-11-02T00:00:00Z,39.47,0.08,,,酒店之家(STR)
分档次,豪华型酒店ADR,,元,周,2025-11-02T00:00:00Z,686.14,0.36,,,酒店之家(STR)
分档次,豪华型酒店RevPAR,,元,周,2025-11-02T00:00:00Z,270.8195,0.44,,,酒店之家(STR)
分档次,豪华型酒店OCC,,%,周,2025-11-09T00:00:00Z,38.79,-0.59,,,酒店之家(STR)
分档次,豪华型酒店ADR,,元,周,2025-11-09T00:00:00Z,685.31,0.02,,,酒店之家(STR)
分档次,豪华型酒店RevPAR,,元,周,2025-11-09T00:00:00Z,265.8317,-0.57,,,酒店之家(STR)
分档次,豪华型酒店OCC,,%,周,2025-11-16T00:00:00Z,40.37,-0.93,,,酒店之家(STR)
分档次,豪华型酒店ADR,,元,周,2025-11-16T00:00:00Z,704.5,1.53,,,酒店之家(STR)
分档次,豪华型酒店RevPAR,,元,周,2025-11-16T00:00:00Z,284.4067,0.58,,,酒店之家(STR)
分档次,豪华型酒店OCC,,%,周,2025-11-23T00:00:00Z,39.77,-7.12,,,酒店之家(STR)
分档次,豪华型酒店ADR,,元,周,2025-11-23T00:00:00Z,683.1,0.51,,,酒店之家(STR)
分档次,豪华型酒店RevPAR,,元,周,2025-11-23T00:00:00Z,271.6689,-6.65,,,酒店之家(STR)
分档次,豪华型酒店OCC,,%,周,2025-11-30T00:00:00Z,40.67,-6.42,,,酒店之家(STR)
分档次,豪华型酒店ADR,,元,周,2025-11-30T00:00:00Z,667.01,-2.57,,,酒店之家(STR)
分档次,豪华型酒店RevPAR,,元,周,2025-11-30T00:00:00Z,271.273,-8.82,,,酒店之家(STR)
分档次,豪华型酒店OCC,,%,周,2025-12-07T00:00:00Z,41.67,-5.53,,,酒店之家(STR)
分档次,豪华型酒店ADR,,元,周,2025-12-07T00:00:00Z,663.36,-2.52,,,酒店之家(STR)
分档次,豪华型酒店RevPAR,,元,周,2025-12-07T00:00:00Z,276.4221,-7.92,,,酒店之家(STR)
分档次,豪华型酒店OCC,,%,周,2025-12-14T00:00:00Z,40.02,-7.04,,,酒店之家(STR)
分档次,豪华型酒店ADR,,元,周,2025-12-14T00:00:00Z,655.7,-3.45,,,酒店之家(STR)
分档次,豪华型酒店RevPAR,,元,周,2025-12-14T00:00:00Z,262.4111,-10.25,,,酒店之家(STR)
分档次,豪华型酒店OCC,,%,周,2025-12-21T00:00:00Z,42.18,-2.13,,,酒店之家(STR)
分档次,豪华型酒店ADR,,元,周,2025-12-21T00:00:00Z,665.49,-1.67,,,酒店之家(STR)
分档次,豪华型酒店RevPAR,,元,周,2025-12-21T00:00:00Z,280.7037,-3.77,,,酒店之家(STR)
分档次,豪华型酒店OCC,,%,周,2025-12-28T00:00:00Z,42.73,-7.39,,,酒店之家(STR)
分档次,豪华型酒店ADR,,元,周,2025-12-28T00:00:00Z,709.72,-0.09,,,酒店之家(STR)
分档次,豪华型酒店RevPAR,,元,周,2025-12-28T00:00:00Z,303.2634,-7.48,,,酒店之家(STR)
分档次,豪华型酒店OCC,,%,周,2026-01-04T00:00:00Z,44.79,2.35,,,酒店之家(STR)
分档次,豪华型酒店ADR,,元,周,2026-01-04T00:00:00Z,750.88,6.96,,,酒店之家(STR)
分档次,豪华型酒店RevPAR,,元,周,2026-01-04T00:00:00Z,336.3192,9.48,,,酒店之家(STR)
分档次,豪华型酒店OCC,,%,周,2026-01-11T00:00:00Z,39.04,-6.13,,,酒店之家(STR)
分档次,豪华型酒店ADR,,元,周,2026-01-11T00:00:00Z,654.53,-5.39,,,酒店之家(STR)
分档次,豪华型酒店RevPAR,,元,周,2026-01-11T00:00:00Z,255.5285,-11.19,,,酒店之家(STR)
分档次,豪华型酒店OCC,,%,周,2026-01-18T00:00:00Z,39.88,-12.66,,,酒店之家(STR)
分档次,豪华型酒店ADR,,元,周,2026-01-18T00:00:00Z,667.58,-6.99,,,酒店之家(STR)
分档次,豪华型酒店RevPAR,,元,周,2026-01-18T00:00:00Z,266.2309,-18.76,,,酒店之家(STR)
分档次,豪华型酒店OCC,,%,周,2026-01-25T00:00:00Z,42.85,-5.37,,,酒店之家(STR)
分档次,豪华型酒店ADR,,元,周,2026-01-25T00:00:00Z,682.8,-5.12,,,酒店之家(STR)
分档次,豪华型酒店RevPAR,,元,周,2026-01-25T00:00:00Z,292.5798,-10.21,,,酒店之家(STR)
分档次,豪华型酒店OCC,,%,周,2026-02-01T00:00:00Z,43.45,-18.48,,,酒店之家(STR)
分档次,豪华型酒店ADR,,元,周,2026-02-01T00:00:00Z,708.33,-26.81,,,酒店之家(STR)
分档次,豪华型酒店RevPAR,,元,周,2026-02-01T00:00:00Z,307.7694,-40.34,,,酒店之家(STR)
分档次,豪华型酒店OCC,,%,周,2026-02-08T00:00:00Z,45.47,-9.69,,,酒店之家(STR)
分档次,豪华型酒店ADR,,元,周,2026-02-08T00:00:00Z,728.8,-5.41,,,酒店之家(STR)
分档次,豪华型酒店RevPAR,,元,周,2026-02-08T00:00:00Z,331.3854,-14.58,,,酒店之家(STR)
分档次,豪华型酒店OCC,,%,周,2026-02-15T00:00:00Z,41.21,-11.57,,,酒店之家(STR)
分档次,豪华型酒店ADR,,元,周,2026-02-15T00:00:00Z,754.26,9.99,,,酒店之家(STR)
分档次,豪华型酒店RevPAR,,元,周,2026-02-15T00:00:00Z,310.8305,-2.73,,,酒店之家(STR)
分档次,豪华型酒店OCC,,%,周,2026-02-22T00:00:00Z,53.98,13.36,,,酒店之家(STR)
分档次,豪华型酒店ADR,,元,周,2026-02-22T00:00:00Z,989.12,47.79,,,酒店之家(STR)
分档次,豪华型酒店RevPAR,,元,周,2026-02-22T00:00:00Z,533.927,67.53,,,酒店之家(STR)
分档次,豪华型酒店OCC,,%,周,2026-03-01T00:00:00Z,42.74,-7.35,,,酒店之家(STR)
分档次,豪华型酒店ADR,,元,周,2026-03-01T00:00:00Z,717.45,9.96,,,酒店之家(STR)
分档次,豪华型酒店RevPAR,,元,周,2026-03-01T00:00:00Z,306.6381,1.88,,,酒店之家(STR)
分档次,豪华型酒店OCC,,%,周,2026-03-08T00:00:00Z,41.52,2.98,,,酒店之家(STR)
分档次,豪华型酒店ADR,,元,周,2026-03-08T00:00:00Z,640.58,-0.24,,,酒店之家(STR)
分档次,豪华型酒店RevPAR,,元,周,2026-03-08T00:00:00Z,265.9688,2.72,,,酒店之家(STR)
分档次,豪华型酒店OCC,,%,周,2026-03-15T00:00:00Z,49.05,4.07,,,酒店之家(STR)
分档次,豪华型酒店ADR,,元,周,2026-03-15T00:00:00Z,662.22,3.1,,,酒店之家(STR)
分档次,豪华型酒店RevPAR,,元,周,2026-03-15T00:00:00Z,324.8189,7.3,,,酒店之家(STR)
分档次,豪华型酒店OCC,,%,周,2026-03-22T00:00:00Z,44.71,-6.66,,,酒店之家(STR)
分档次,豪华型酒店ADR,,元,周,2026-03-22T00:00:00Z,682.98,0.28,,,酒店之家(STR)
分档次,豪华型酒店RevPAR,,元,周,2026-03-22T00:00:00Z,305.3604,-6.39,,,酒店之家(STR)
分档次,豪华型酒店OCC,,%,周,2026-03-29T00:00:00Z,45.58,0.89,,,酒店之家(STR)
分档次,豪华型酒店ADR,,元,周,2026-03-29T00:00:00Z,675.77,-0.8,,,酒店之家(STR)
分档次,豪华型酒店RevPAR,,元,周,2026-03-29T00:00:00Z,308.016,0.07,,,酒店之家(STR)
分档次,豪华型酒店OCC,,%,周,2026-04-05T00:00:00Z,45.78,-0.41,,,酒店之家(STR)
分档次,豪华型酒店ADR,,元,周,2026-04-05T00:00:00Z,738.77,6.12,,,酒店之家(STR)
分档次,豪华型酒店RevPAR,,元,周,2026-04-05T00:00:00Z,338.2089,5.69,,,酒店之家(STR)
分档次,豪华型酒店OCC,,%,周,2026-04-12T00:00:00Z,42.36,-5.4,,,酒店之家(STR)
分档次,豪华型酒店ADR,,元,周,2026-04-12T00:00:00Z,681.82,1.52,,,酒店之家(STR)
分档次,豪华型酒店RevPAR,,元,周,2026-04-12T00:00:00Z,288.819,-3.96,,,酒店之家(STR)
分档次,豪华型酒店OCC,,%,周,2026-04-19T00:00:00Z,49.94,4.35,,,酒店之家(STR)
分档次,豪华型酒店ADR,,元,周,2026-04-19T00:00:00Z,709.47,0.08,,,酒店之家(STR)
分档次,豪华型酒店RevPAR,,元,周,2026-04-19T00:00:00Z,354.3093,4.43,,,酒店之家(STR)
分档次,豪华型酒店OCC,,%,周,2026-04-26T00:00:00Z,46.52,8.46,,,酒店之家(STR)
分档次,豪华型酒店ADR,,元,周,2026-04-26T00:00:00Z,705.96,1.99,,,酒店之家(STR)
分档次,豪华型酒店RevPAR,,元,周,2026-04-26T00:00:00Z,328.4126,10.62,,,酒店之家(STR)
分档次,豪华型酒店OCC,,%,周,2026-05-03T00:00:00Z,53.89,5.67,,,酒店之家(STR)
分档次,豪华型酒店ADR,,元,周,2026-05-03T00:00:00Z,851.93,-2.29,,,酒店之家(STR)
分档次,豪华型酒店RevPAR,,元,周,2026-05-03T00:00:00Z,459.1051,3.25,,,酒店之家(STR)
分档次,豪华型酒店OCC,,%,周,2026-05-10T00:00:00Z,40.61,16.96,,,酒店之家(STR)
分档次,豪华型酒店ADR,,元,周,2026-05-10T00:00:00Z,681.94,4.32,,,酒店之家(STR)
分档次,豪华型酒店RevPAR,,元,周,2026-05-10T00:00:00Z,276.9358,22.01,,,酒店之家(STR)
分档次,豪华型酒店OCC,,%,周,2026-05-17T00:00:00Z,45.76,18.49,,,酒店之家(STR)
分档次,豪华型酒店ADR,,元,周,2026-05-17T00:00:00Z,672.98,-0.57,,,酒店之家(STR)
分档次,豪华型酒店RevPAR,,元,周,2026-05-17T00:00:00Z,307.9556,17.82,,,酒店之家(STR)
分档次,豪华型酒店OCC,,%,周,2026-05-24T00:00:00Z,43.51,12.95,,,酒店之家(STR)
分档次,豪华型酒店ADR,,元,周,2026-05-24T00:00:00Z,674.76,-0.61,,,酒店之家(STR)
分档次,豪华型酒店RevPAR,,元,周,2026-05-24T00:00:00Z,293.5881,12.26,,,酒店之家(STR)
分档次,豪华型酒店OCC,,%,周,2026-05-31T00:00:00Z,42.49,4.58,,,酒店之家(STR)
分档次,豪华型酒店ADR,,元,周,2026-05-31T00:00:00Z,675.18,-4.17,,,酒店之家(STR)
分档次,豪华型酒店RevPAR,,元,周,2026-05-31T00:00:00Z,286.884,0.22,,,酒店之家(STR)
分档次,豪华型酒店OCC,,%,周,2026-06-07T00:00:00Z,39.47,0.25,,,酒店之家(STR)
分档次,豪华型酒店ADR,,元,周,2026-06-07T00:00:00Z,660.41,0.1,,,酒店之家(STR)
分档次,豪华型酒店RevPAR,,元,周,2026-06-07T00:00:00Z,260.6638,0.35,,,酒店之家(STR)
分档次,豪华型酒店OCC,,%,周,2026-06-14T00:00:00Z,40.28,0.3,,,酒店之家(STR)
分档次,豪华型酒店ADR,,元,周,2026-06-14T00:00:00Z,657.1,-1.36,,,酒店之家(STR)
分档次,豪华型酒店RevPAR,,元,周,2026-06-14T00:00:00Z,264.6799,-1.06,,,酒店之家(STR)
分档次,豪华型酒店OCC,,%,周,2026-06-21T00:00:00Z,43.78,8.99,,,酒店之家(STR)
分档次,豪华型酒店ADR,,元,周,2026-06-21T00:00:00Z,703.48,3.09,,,酒店之家(STR)
分档次,豪华型酒店RevPAR,,元,周,2026-06-21T00:00:00Z,307.9835,12.36,,,酒店之家(STR)
分档次,豪华型酒店OCC,,%,周,2026-06-28T00:00:00Z,44.38,7.48,,,酒店之家(STR)
分档次,豪华型酒店ADR,,元,周,2026-06-28T00:00:00Z,696.42,-0.92,,,酒店之家(STR)
分档次,豪华型酒店RevPAR,,元,周,2026-06-28T00:00:00Z,309.0712,6.5,,,酒店之家(STR)
分档次,豪华型酒店OCC,,%,周,2026-07-05T00:00:00Z,43.25,-0.18,,,酒店之家(STR)
分档次,豪华型酒店ADR,,元,周,2026-07-05T00:00:00Z,709.93,-2.79,,,酒店之家(STR)
分档次,豪华型酒店RevPAR,,元,周,2026-07-05T00:00:00Z,307.0447,-2.97,,,酒店之家(STR)
分档次,豪华型酒店OCC,,%,周,2026-07-12T00:00:00Z,46.78,4.89,,,酒店之家(STR)
分档次,豪华型酒店ADR,,元,周,2026-07-12T00:00:00Z,722.9,-3.69,,,酒店之家(STR)
分档次,豪华型酒店RevPAR,,元,周,2026-07-12T00:00:00Z,338.1726,1.01,,,酒店之家(STR)
分档次,豪华型酒店OCC,,%,周,2026-07-19T00:00:00Z,47.97,-2.99,,,酒店之家(STR)
分档次,豪华型酒店ADR,,元,周,2026-07-19T00:00:00Z,740.02,-1.43,,,酒店之家(STR)
分档次,豪华型酒店RevPAR,,元,周,2026-07-19T00:00:00Z,354.9876,-4.38,,,酒店之家(STR)
分档次,豪华型酒店OCC,,%,周,2026-07-26T00:00:00Z,49.82,-4.61,,,酒店之家(STR)
分档次,豪华型酒店ADR,,元,周,2026-07-26T00:00:00Z,741.46,-1.88,,,酒店之家(STR)
分档次,豪华型酒店RevPAR,,元,周,2026-07-26T00:00:00Z,369.3954,-6.41,,,酒店之家(STR)
分档次,豪华型酒店OCC,,%,周,2026-08-02T00:00:00Z,51.62,-5.02,,,酒店之家(STR)
分档次,豪华型酒店ADR,,元,周,2026-08-02T00:00:00Z,756.15,-1.06,,,酒店之家(STR)
分档次,豪华型酒店RevPAR,,元,周,2026-08-02T00:00:00Z,390.3246,-6.03,,,酒店之家(STR)
分档次,豪华型酒店OCC,,%,周,2026-08-09T00:00:00Z,56.79,-1.87,,,酒店之家(STR)
分档次,豪华型酒店ADR,,元,周,2026-08-09T00:00:00Z,785.2,-0.78,,,酒店之家(STR)
分档次,豪华型酒店RevPAR,,元,周,2026-08-09T00:00:00Z,445.9151,-2.64,,,酒店之家(STR)
分档次,豪华型酒店OCC,,%,周,2026-08-16T00:00:00Z,55.97,-5.07,,,酒店之家(STR)
分档次,豪华型酒店ADR,,元,周,2026-08-16T00:00:00Z,778.11,-1.99,,,酒店之家(STR)
分档次,豪华型酒店RevPAR,,元,周,2026-08-16T00:00:00Z,435.5082,-6.96,,,酒店之家(STR)
分档次,豪华型酒店OCC,,%,周,2026-08-23T00:00:00Z,54.5,-1.55,,,酒店之家(STR)
分档次,豪华型酒店ADR,,元,周,2026-08-23T00:00:00Z,771.91,-0.3,,,酒店之家(STR)
分档次,豪华型酒店RevPAR,,元,周,2026-08-23T00:00:00Z,420.6909,-1.85,,,酒店之家(STR)
分档次,豪华型酒店OCC,,%,周,2026-08-30T00:00:00Z,45.53,2.41,,,酒店之家(STR)
分档次,豪华型酒店ADR,,元,周,2026-08-30T00:00:00Z,714.34,0.29,,,酒店之家(STR)
分档次,豪华型酒店RevPAR,,元,周,2026-08-30T00:00:00Z,325.239,2.71,,,酒店之家(STR)
分档次,豪华型酒店OCC,,%,周,2026-09-06T00:00:00Z,40.49,7.54,,,酒店之家(STR)
分档次,豪华型酒店ADR,,元,周,2026-09-06T00:00:00Z,651.37,-0.54,,,酒店之家(STR)
分档次,豪华型酒店RevPAR,,元,周,2026-09-06T00:00:00Z,263.7397,6.96,,,酒店之家(STR)
酒店集团,华住平均客房价,,元,周,2024-01-07T00:00:00Z,250.82,,,,酒店之家(STR)
酒店集团,华住酒店数量,,家,周,2024-01-07T00:00:00Z,9052,,,,酒店之家(STR)
酒店集团,华住平均客房价,,元,周,2024-01-14T00:00:00Z,258.99,,,,酒店之家(STR)
酒店集团,华住酒店数量,,家,周,2024-01-14T00:00:00Z,9085,,,,酒店之家(STR)
酒店集团,华住平均客房价,,元,周,2024-01-21T00:00:00Z,266.24,,,,酒店之家(STR)
酒店集团,华住酒店数量,,家,周,2024-01-21T00:00:00Z,9114,,,,酒店之家(STR)
酒店集团,华住平均客房价,,元,周,2024-01-28T00:00:00Z,266.97,,,,酒店之家(STR)
酒店集团,华住酒店数量,,家,周,2024-01-28T00:00:00Z,9162,,,,酒店之家(STR)
酒店集团,华住平均客房价,,元,周,2024-02-04T00:00:00Z,271.94,,,,酒店之家(STR)
酒店集团,华住酒店数量,,家,周,2024-02-04T00:00:00Z,9235,,,,酒店之家(STR)
酒店集团,华住平均客房价,,元,周,2024-02-11T00:00:00Z,290.77,,,,酒店之家(STR)
酒店集团,华住酒店数量,,家,周,2024-02-11T00:00:00Z,9375,,,,酒店之家(STR)
酒店集团,华住平均客房价,,元,周,2024-02-18T00:00:00Z,286.02,,,,酒店之家(STR)
酒店集团,华住酒店数量,,家,周,2024-02-18T00:00:00Z,9385,,,,酒店之家(STR)
酒店集团,华住平均客房价,,元,周,2024-02-25T00:00:00Z,249.6,,,,酒店之家(STR)
酒店集团,华住酒店数量,,家,周,2024-02-25T00:00:00Z,9390,,,,酒店之家(STR)
酒店集团,华住平均客房价,,元,周,2024-03-03T00:00:00Z,261,,,,酒店之家(STR)
酒店集团,华住酒店数量,,家,周,2024-03-03T00:00:00Z,9389,,,,酒店之家(STR)
酒店集团,华住平均客房价,,元,周,2024-03-10T00:00:00Z,273.69,,,,酒店之家(STR)
酒店集团,华住酒店数量,,家,周,2024-03-10T00:00:00Z,9411,,,,酒店之家(STR)
酒店集团,华住平均客房价,,元,周,2024-03-17T00:00:00Z,278.75,,,,酒店之家(STR)
酒店集团,华住酒店数量,,家,周,2024-03-17T00:00:00Z,9409,,,,酒店之家(STR)
酒店集团,华住平均客房价,,元,周,2024-03-24T00:00:00Z,287.67,,,,酒店之家(STR)
酒店集团,华住酒店数量,,家,周,2024-03-24T00:00:00Z,9413,,,,酒店之家(STR)
酒店集团,华住平均客房价,,元,周,2024-03-31T00:00:00Z,296.67,,,,酒店之家(STR)
酒店集团,华住酒店数量,,家,周,2024-03-31T00:00:00Z,9454,,,,酒店之家(STR)
酒店集团,华住平均客房价,,元,周,2024-04-07T00:00:00Z,296.59,,,,酒店之家(STR)
酒店集团,华住酒店数量,,家,周,2024-04-07T00:00:00Z,9473,,,,酒店之家(STR)
酒店集团,华住平均客房价,,元,周,2024-04-14T00:00:00Z,307.14,,,,酒店之家(STR)
酒店集团,华住酒店数量,,家,周,2024-04-14T00:00:00Z,9492,,,,酒店之家(STR)
酒店集团,华住平均客房价,,元,周,2024-04-21T00:00:00Z,313.86,,,,酒店之家(STR)
酒店集团,华住酒店数量,,家,周,2024-04-21T00:00:00Z,9516,,,,酒店之家(STR)
酒店集团,华住平均客房价,,元,周,2024-04-28T00:00:00Z,312.88,,,,酒店之家(STR)
酒店集团,华住酒店数量,,家,周,2024-04-28T00:00:00Z,9582,,,,酒店之家(STR)
酒店集团,华住平均客房价,,元,周,2024-05-05T00:00:00Z,347.5,,,,酒店之家(STR)
酒店集团,华住酒店数量,,家,周,2024-05-05T00:00:00Z,9675,,,,酒店之家(STR)
酒店集团,华住平均客房价,,元,周,2024-05-12T00:00:00Z,278.31,,,,酒店之家(STR)
酒店集团,华住酒店数量,,家,周,2024-05-12T00:00:00Z,9685,,,,酒店之家(STR)
酒店集团,华住平均客房价,,元,周,2024-05-19T00:00:00Z,288.9,,,,酒店之家(STR)
酒店集团,华住酒店数量,,家,周,2024-05-19T00:00:00Z,9701,,,,酒店之家(STR)
酒店集团,华住平均客房价,,元,周,2024-05-26T00:00:00Z,277.52,,,,酒店之家(STR)
酒店集团,华住酒店数量,,家,周,2024-05-26T00:00:00Z,9727,,,,酒店之家(STR)
酒店集团,华住平均客房价,,元,周,2024-06-02T00:00:00Z,273.12,,,,酒店之家(STR)
酒店集团,华住酒店数量,,家,周,2024-06-02T00:00:00Z,9756,,,,酒店之家(STR)
酒店集团,华住平均客房价,,元,周,2024-06-09T00:00:00Z,282.07,,,,酒店之家(STR)
酒店集团,华住酒店数量,,家,周,2024-06-09T00:00:00Z,9791,,,,酒店之家(STR)
酒店集团,华住平均客房价,,元,周,2024-06-16T00:00:00Z,274.91,,,,酒店之家(STR)
酒店集团,华住酒店数量,,家,周,2024-06-16T00:00:00Z,9816,,,,酒店之家(STR)
酒店集团,华住平均客房价,,元,周,2024-06-23T00:00:00Z,283.31,,,,酒店之家(STR)
酒店集团,华住酒店数量,,家,周,2024-06-23T00:00:00Z,9847,,,,酒店之家(STR)
酒店集团,华住平均客房价,,元,周,2024-06-30T00:00:00Z,285.93,,,,酒店之家(STR)
酒店集团,华住酒店数量,,家,周,2024-06-30T00:00:00Z,9860,,,,酒店之家(STR)
酒店集团,华住平均客房价,,元,周,2024-07-07T00:00:00Z,296.64,,,,酒店之家(STR)
酒店集团,华住酒店数量,,家,周,2024-07-07T00:00:00Z,9910,,,,酒店之家(STR)
酒店集团,华住平均客房价,,元,周,2024-07-14T00:00:00Z,309.07,,,,酒店之家(STR)
酒店集团,华住酒店数量,,家,周,2024-07-14T00:00:00Z,9954,,,,酒店之家(STR)
酒店集团,华住平均客房价,,元,周,2024-07-21T00:00:00Z,314.02,,,,酒店之家(STR)
酒店集团,华住酒店数量,,家,周,2024-07-21T00:00:00Z,10008,,,,酒店之家(STR)
酒店集团,华住平均客房价,,元,周,2024-07-28T00:00:00Z,311.77,,,,酒店之家(STR)
酒店集团,华住酒店数量,,家,周,2024-07-28T00:00:00Z,10048,,,,酒店之家(STR)
酒店集团,华住平均客房价,,元,周,2024-08-04T00:00:00Z,314.39,,,,酒店之家(STR)
酒店集团,华住酒店数量,,家,周,2024-08-04T00:00:00Z,10108,,,,酒店之家(STR)
酒店集团,华住平均客房价,,元,周,2024-08-11T00:00:00Z,320.84,,,,酒店之家(STR)
酒店集团,华住酒店数量,,家,周,2024-08-11T00:00:00Z,10158,,,,酒店之家(STR)
酒店集团,华住平均客房价,,元,周,2024-08-18T00:00:00Z,314.57,,,,酒店之家(STR)
酒店集团,华住酒店数量,,家,周,2024-08-18T00:00:00Z,10198,,,,酒店之家(STR)
酒店集团,华住平均客房价,,元,周,2024-08-25T00:00:00Z,297.47,,,,酒店之家(STR)
酒店集团,华住酒店数量,,家,周,2024-08-25T00:00:00Z,10238,,,,酒店之家(STR)
酒店集团,华住平均客房价,,元,周,2024-09-01T00:00:00Z,273.62,,,,酒店之家(STR)
酒店集团,华住酒店数量,,家,周,2024-09-01T00:00:00Z,10258,,,,酒店之家(STR)
酒店集团,华住平均客房价,,元,周,2024-09-08T00:00:00Z,266.81,,,,酒店之家(STR)
酒店集团,华住酒店数量,,家,周,2024-09-08T00:00:00Z,10281,,,,酒店之家(STR)
酒店集团,华住平均客房价,,元,周,2024-09-15T00:00:00Z,266.48,,,,酒店之家(STR)
酒店集团,华住酒店数量,,家,周,2024-09-15T00:00:00Z,10323,,,,酒店之家(STR)
酒店集团,华住平均客房价,,元,周,2024-09-22T00:00:00Z,268.53,,,,酒店之家(STR)
酒店集团,华住酒店数量,,家,周,2024-09-22T00:00:00Z,10352,,,,酒店之家(STR)
酒店集团,华住平均客房价,,元,周,2024-09-29T00:00:00Z,287.95,,,,酒店之家(STR)
酒店集团,华住酒店数量,,家,周,2024-09-29T00:00:00Z,10432,,,,酒店之家(STR)
酒店集团,华住平均客房价,,元,周,2024-10-06T00:00:00Z,327.25,,,,酒店之家(STR)
酒店集团,华住酒店数量,,家,周,2024-10-06T00:00:00Z,10549,,,,酒店之家(STR)
酒店集团,华住平均客房价,,元,周,2024-10-13T00:00:00Z,257.55,,,,酒店之家(STR)
酒店集团,华住酒店数量,,家,周,2024-10-13T00:00:00Z,10531,,,,酒店之家(STR)
酒店集团,华住平均客房价,,元,周,2024-10-20T00:00:00Z,268.3,,,,酒店之家(STR)
酒店集团,华住酒店数量,,家,周,2024-10-20T00:00:00Z,10541,,,,酒店之家(STR)
酒店集团,华住平均客房价,,元,周,2024-10-27T00:00:00Z,268.76,,,,酒店之家(STR)
酒店集团,华住酒店数量,,家,周,2024-10-27T00:00:00Z,10565,,,,酒店之家(STR)
酒店集团,华住平均客房价,,元,周,2024-11-03T00:00:00Z,262.84,,,,酒店之家(STR)
酒店集团,华住酒店数量,,家,周,2024-11-03T00:00:00Z,10575,,,,酒店之家(STR)
酒店集团,华住平均客房价,,元,周,2024-11-10T00:00:00Z,261.8,,,,酒店之家(STR)
酒店集团,华住酒店数量,,家,周,2024-11-10T00:00:00Z,10585,,,,酒店之家(STR)
酒店集团,华住平均客房价,,元,周,2024-11-17T00:00:00Z,260.27,,,,酒店之家(STR)
酒店集团,华住酒店数量,,家,周,2024-11-17T00:00:00Z,10602,,,,酒店之家(STR)
酒店集团,华住平均客房价,,元,周,2024-11-24T00:00:00Z,259.01,,,,酒店之家(STR)
酒店集团,华住酒店数量,,家,周,2024-11-24T00:00:00Z,10623,,,,酒店之家(STR)
酒店集团,华住平均客房价,,元,周,2024-12-01T00:00:00Z,257.58,,,,酒店之家(STR)
酒店集团,华住酒店数量,,家,周,2024-12-01T00:00:00Z,10635,,,,酒店之家(STR)
酒店集团,华住平均客房价,,元,周,2024-12-08T00:00:00Z,257.68,,,,酒店之家(STR)
酒店集团,华住酒店数量,,家,周,2024-12-08T00:00:00Z,10668,,,,酒店之家(STR)
酒店集团,华住平均客房价,,元,周,2024-12-15T00:00:00Z,258.68,,,,酒店之家(STR)
酒店集团,华住酒店数量,,家,周,2024-12-15T00:00:00Z,10697,,,,酒店之家(STR)
酒店集团,华住平均客房价,,元,周,2024-12-22T00:00:00Z,255.33,,,,酒店之家(STR)
酒店集团,华住酒店数量,,家,周,2024-12-22T00:00:00Z,10722,,,,酒店之家(STR)
酒店集团,华住平均客房价,,元,周,2024-12-29T00:00:00Z,254.04,,,,酒店之家(STR)
酒店集团,华住酒店数量,,家,周,2024-12-29T00:00:00Z,10733,,,,酒店之家(STR)
酒店集团,华住平均客房价,,元,周,2025-01-05T00:00:00Z,251.92,,,,酒店之家(STR)
酒店集团,华住酒店数量,,家,周,2025-01-05T00:00:00Z,10802,,,,酒店之家(STR)
酒店集团,华住平均客房价,,元,周,2025-01-12T00:00:00Z,257.02,,,,酒店之家(STR)
酒店集团,华住酒店数量,,家,周,2025-01-12T00:00:00Z,10864,,,,酒店之家(STR)
酒店集团,华住平均客房价,,元,周,2025-01-19T00:00:00Z,265.1,,,,酒店之家(STR)
酒店集团,华住酒店数量,,家,周,2025-01-19T00:00:00Z,10925,,,,酒店之家(STR)
酒店集团,华住平均客房价,,元,周,2025-01-26T00:00:00Z,268.55,,,,酒店之家(STR)
酒店集团,华住酒店数量,,家,周,2025-01-26T00:00:00Z,11053,,,,酒店之家(STR)
酒店集团,华住平均客房价,,元,周,2025-02-02T00:00:00Z,321.04,,,,酒店之家(STR)
酒店集团,华住酒店数量,,家,周,2025-02-02T00:00:00Z,11144,,,,酒店之家(STR)
酒店集团,华住平均客房价,,元,周,2025-02-09T00:00:00Z,257.66,,,,酒店之家(STR)
酒店集团,华住酒店数量,,家,周,2025-02-09T00:00:00Z,11038,,,,酒店之家(STR)
酒店集团,华住平均客房价,,元,周,2025-02-16T00:00:00Z,256.07,,,,酒店之家(STR)
酒店集团,华住酒店数量,,家,周,2025-02-16T00:00:00Z,11184,,,,酒店之家(STR)
酒店集团,华住平均客房价,,元,周,2025-02-23T00:00:00Z,262.71,,,,酒店之家(STR)
酒店集团,华住酒店数量,,家,周,2025-02-23T00:00:00Z,11192,,,,酒店之家(STR)
酒店集团,华住平均客房价,,元,周,2025-03-02T00:00:00Z,260.96,,,,酒店之家(STR)
酒店集团,华住酒店数量,,家,周,2025-03-02T00:00:00Z,11195,,,,酒店之家(STR)
酒店集团,华住平均客房价,,元,周,2025-03-09T00:00:00Z,261.36,,,,酒店之家(STR)
酒店集团,华住酒店数量,,家,周,2025-03-09T00:00:00Z,11199,,,,酒店之家(STR)
酒店集团,华住平均客房价,,元,周,2025-03-16T00:00:00Z,267.48,,,,酒店之家(STR)
酒店集团,华住酒店数量,,家,周,2025-03-16T00:00:00Z,11232,,,,酒店之家(STR)
酒店集团,华住平均客房价,,元,周,2025-03-23T00:00:00Z,278.06,,,,酒店之家(STR)
酒店集团,华住酒店数量,,家,周,2025-03-23T00:00:00Z,11256,,,,酒店之家(STR)
酒店集团,华住平均客房价,,元,周,2025-03-30T00:00:00Z,280.25,,,,酒店之家(STR)
酒店集团,华住酒店数量,,家,周,2025-03-30T00:00:00Z,11283,,,,酒店之家(STR)
酒店集团,华住平均客房价,,元,周,2025-04-06T00:00:00Z,283.1,,,,酒店之家(STR)
酒店集团,华住酒店数量,,家,周,2025-04-06T00:00:00Z,11317,,,,酒店之家(STR)
酒店集团,华住平均客房价,,元,周,2025-04-13T00:00:00Z,286.89,,,,酒店之家(STR)
酒店集团,华住酒店数量,,家,周,2025-04-13T00:00:00Z,11332,,,,酒店之家(STR)
酒店集团,华住平均客房价,,元,周,2025-04-20T00:00:00Z,304.93,,,,酒店之家(STR)
酒店集团,华住酒店数量,,家,周,2025-04-20T00:00:00Z,11365,,,,酒店之家(STR)
酒店集团,华住平均客房价,,元,周,2025-04-27T00:00:00Z,314.33,,,,酒店之家(STR)
酒店集团,华住酒店数量,,家,周,2025-04-27T00:00:00Z,11419,,,,酒店之家(STR)
酒店集团,华住平均客房价,,元,周,2025-05-04T00:00:00Z,364.45,,,,酒店之家(STR)
酒店集团,华住酒店数量,,家,周,2025-05-04T00:00:00Z,11540,,,,酒店之家(STR)
酒店集团,华住平均客房价,,元,周,2025-05-11T00:00:00Z,273.9,,,,酒店之家(STR)
酒店集团,华住酒店数量,,家,周,2025-05-11T00:00:00Z,11541,,,,酒店之家(STR)
酒店集团,华住平均客房价,,元,周,2025-05-18T00:00:00Z,285.23,,,,酒店之家(STR)
酒店集团,华住酒店数量,,家,周,2025-05-18T00:00:00Z,11559,,,,酒店之家(STR)
酒店集团,华住平均客房价,,元,周,2025-05-25T00:00:00Z,286.35,,,,酒店之家(STR)
酒店集团,华住酒店数量,,家,周,2025-05-25T00:00:00Z,11580,,,,酒店之家(STR)
酒店集团,华住平均客房价,,元,周,2025-06-01T00:00:00Z,287.54,,,,酒店之家(STR)
酒店集团,华住酒店数量,,家,周,2025-06-01T00:00:00Z,11629,,,,酒店之家(STR)
酒店集团,华住平均客房价,,元,周,2025-06-08T00:00:00Z,274.26,,,,酒店之家(STR)
酒店集团,华住酒店数量,,家,周,2025-06-08T00:00:00Z,11651,,,,酒店之家(STR)
酒店集团,华住平均客房价,,元,周,2025-06-15T00:00:00Z,283.19,,,,酒店之家(STR)
酒店集团,华住酒店数量,,家,周,2025-06-15T00:00:00Z,11681,,,,酒店之家(STR)
酒店集团,华住平均客房价,,元,周,2025-06-22T00:00:00Z,287.27,,,,酒店之家(STR)
酒店集团,华住酒店数量,,家,周,2025-06-22T00:00:00Z,11717,,,,酒店之家(STR)
酒店集团,华住平均客房价,,元,周,2025-06-29T00:00:00Z,295.56,,,,酒店之家(STR)
酒店集团,华住酒店数量,,家,周,2025-06-29T00:00:00Z,11755,,,,酒店之家(STR)
酒店集团,华住平均客房价,,元,周,2025-07-06T00:00:00Z,303.44,,,,酒店之家(STR)
酒店集团,华住酒店数量,,家,周,2025-07-06T00:00:00Z,11793,,,,酒店之家(STR)
酒店集团,华住平均客房价,,元,周,2025-07-13T00:00:00Z,316.6,,,,酒店之家(STR)
酒店集团,华住酒店数量,,家,周,2025-07-13T00:00:00Z,11852,,,,酒店之家(STR)
酒店集团,华住平均客房价,,元,周,2025-07-20T00:00:00Z,320.44,,,,酒店之家(STR)
酒店集团,华住酒店数量,,家,周,2025-07-20T00:00:00Z,11918,,,,酒店之家(STR)
酒店集团,华住平均客房价,,元,周,2025-07-27T00:00:00Z,326.29,,,,酒店之家(STR)
酒店集团,华住酒店数量,,家,周,2025-07-27T00:00:00Z,11970,,,,酒店之家(STR)
酒店集团,华住平均客房价,,元,周,2025-08-03T00:00:00Z,331.83,,,,酒店之家(STR)
酒店集团,华住酒店数量,,家,周,2025-08-03T00:00:00Z,12006,,,,酒店之家(STR)
酒店集团,华住平均客房价,,元,周,2025-08-10T00:00:00Z,340.13,,,,酒店之家(STR)
酒店集团,华住酒店数量,,家,周,2025-08-10T00:00:00Z,12051,,,,酒店之家(STR)
酒店集团,华住平均客房价,,元,周,2025-08-17T00:00:00Z,333.62,,,,酒店之家(STR)
酒店集团,华住酒店数量,,家,周,2025-08-17T00:00:00Z,12105,,,,酒店之家(STR)
酒店集团,华住平均客房价,,元,周,2025-08-24T00:00:00Z,319.72,,,,酒店之家(STR)
酒店集团,华住酒店数量,,家,周,2025-08-24T00:00:00Z,12132,,,,酒店之家(STR)
酒店集团,华住平均客房价,,元,周,2025-08-31T00:00:00Z,294.03,,,,酒店之家(STR)
酒店集团,华住酒店数量,,家,周,2025-08-31T00:00:00Z,12142,,,,酒店之家(STR)
酒店集团,华住平均客房价,,元,周,2025-09-07T00:00:00Z,289.4,,,,酒店之家(STR)
酒店集团,华住酒店数量,,家,周,2025-09-07T00:00:00Z,12160,,,,酒店之家(STR)
酒店集团,华住平均客房价,,元,周,2025-09-14T00:00:00Z,298.29,,,,酒店之家(STR)
酒店集团,华住酒店数量,,家,周,2025-09-14T00:00:00Z,12187,,,,酒店之家(STR)
酒店集团,华住平均客房价,,元,周,2025-09-21T00:00:00Z,313.67,,,,酒店之家(STR)
酒店集团,华住酒店数量,,家,周,2025-09-21T00:00:00Z,12204,,,,酒店之家(STR)
酒店集团,华住平均客房价,,元,周,2025-09-28T00:00:00Z,318.58,,,,酒店之家(STR)
酒店集团,华住酒店数量,,家,周,2025-09-28T00:00:00Z,12280,,,,酒店之家(STR)
酒店集团,华住平均客房价,,元,周,2025-10-05T00:00:00Z,377.59,,,,酒店之家(STR)
酒店集团,华住酒店数量,,家,周,2025-10-05T00:00:00Z,12423,,,,酒店之家(STR)
酒店集团,华住平均客房价,,元,周,2025-10-12T00:00:00Z,271.23,,,,酒店之家(STR)
酒店集团,华住酒店数量,,家,周,2025-10-12T00:00:00Z,12393,,,,酒店之家(STR)
酒店集团,华住平均客房价,,元,周,2025-10-19T00:00:00Z,288.13,,,,酒店之家(STR)
酒店集团,华住酒店数量,,家,周,2025-10-19T00:00:00Z,12383,,,,酒店之家(STR)
酒店集团,华住平均客房价,,元,周,2025-10-26T00:00:00Z,288.46,,,,酒店之家(STR)
酒店集团,华住酒店数量,,家,周,2025-10-26T00:00:00Z,12395,,,,酒店之家(STR)
酒店集团,华住平均客房价,,元,周,2025-11-02T00:00:00Z,282.54,,,,酒店之家(STR)
酒店集团,华住酒店数量,,家,周,2025-11-02T00:00:00Z,12398,,,,酒店之家(STR)
酒店集团,华住平均客房价,,元,周,2025-11-09T00:00:00Z,281.64,,,,酒店之家(STR)
酒店集团,华住酒店数量,,家,周,2025-11-09T00:00:00Z,12400,,,,酒店之家(STR)
酒店集团,华住平均客房价,,元,周,2025-11-16T00:00:00Z,281.41,,,,酒店之家(STR)
酒店集团,华住酒店数量,,家,周,2025-11-16T00:00:00Z,12416,,,,酒店之家(STR)
酒店集团,华住平均客房价,,元,周,2025-11-23T00:00:00Z,278.44,,,,酒店之家(STR)
酒店集团,华住酒店数量,,家,周,2025-11-23T00:00:00Z,12431,,,,酒店之家(STR)
酒店集团,华住平均客房价,,元,周,2025-11-30T00:00:00Z,276.24,,,,酒店之家(STR)
酒店集团,华住酒店数量,,家,周,2025-11-30T00:00:00Z,12439,,,,酒店之家(STR)
酒店集团,华住平均客房价,,元,周,2025-12-07T00:00:00Z,273.64,,,,酒店之家(STR)
酒店集团,华住酒店数量,,家,周,2025-12-07T00:00:00Z,12436,,,,酒店之家(STR)
酒店集团,华住平均客房价,,元,周,2025-12-14T00:00:00Z,276.6,,,,酒店之家(STR)
酒店集团,华住酒店数量,,家,周,2025-12-14T00:00:00Z,12454,,,,酒店之家(STR)
酒店集团,华住平均客房价,,元,周,2025-12-21T00:00:00Z,279.18,,,,酒店之家(STR)
酒店集团,华住酒店数量,,家,周,2025-12-21T00:00:00Z,12474,,,,酒店之家(STR)
酒店集团,华住平均客房价,,元,周,2025-12-28T00:00:00Z,277.41,,,,酒店之家(STR)
酒店集团,华住酒店数量,,家,周,2025-12-28T00:00:00Z,12493,,,,酒店之家(STR)
酒店集团,华住平均客房价,,元,周,2026-01-04T00:00:00Z,279.89,,,,酒店之家(STR)
酒店集团,华住酒店数量,,家,周,2026-01-04T00:00:00Z,12558,,,,酒店之家(STR)
酒店集团,华住平均客房价,,元,周,2026-01-11T00:00:00Z,268.78,,,,酒店之家(STR)
酒店集团,华住酒店数量,,家,周,2026-01-11T00:00:00Z,12571,,,,酒店之家(STR)
酒店集团,华住平均客房价,,元,周,2026-01-18T00:00:00Z,274.99,,,,酒店之家(STR)
酒店集团,华住酒店数量,,家,周,2026-01-18T00:00:00Z,12583,,,,酒店之家(STR)
酒店集团,华住平均客房价,,元,周,2026-01-25T00:00:00Z,284.24,,,,酒店之家(STR)
酒店集团,华住酒店数量,,家,周,2026-01-25T00:00:00Z,12582,,,,酒店之家(STR)
酒店集团,华住平均客房价,,元,周,2026-02-01T00:00:00Z,289.82,,,,酒店之家(STR)
酒店集团,华住酒店数量,,家,周,2026-02-01T00:00:00Z,12612,,,,酒店之家(STR)
酒店集团,华住平均客房价,,元,周,2026-02-08T00:00:00Z,296.95,,,,酒店之家(STR)
酒店集团,华住酒店数量,,家,周,2026-02-08T00:00:00Z,12662,,,,酒店之家(STR)
酒店集团,华住平均客房价,,元,周,2026-02-15T00:00:00Z,297.11,,,,酒店之家(STR)
酒店集团,华住酒店数量,,家,周,2026-02-15T00:00:00Z,12817,,,,酒店之家(STR)
酒店集团,华住平均客房价,,元,周,2026-02-22T00:00:00Z,344.35,,,,酒店之家(STR)
酒店集团,华住酒店数量,,家,周,2026-02-22T00:00:00Z,12859,,,,酒店之家(STR)
酒店集团,华住平均客房价,,元,周,2026-03-01T00:00:00Z,263.05,,,,酒店之家(STR)
酒店集团,华住酒店数量,,家,周,2026-03-01T00:00:00Z,12866,,,,酒店之家(STR)
酒店集团,华住平均客房价,,元,周,2026-03-08T00:00:00Z,272.2,,,,酒店之家(STR)
酒店集团,华住酒店数量,,家,周,2026-03-08T00:00:00Z,12863,,,,酒店之家(STR)
酒店集团,华住平均客房价,,元,周,2026-03-15T00:00:00Z,284.55,,,,酒店之家(STR)
酒店集团,华住酒店数量,,家,周,2026-03-15T00:00:00Z,12867,,,,酒店之家(STR)
酒店集团,华住平均客房价,,元,周,2026-03-22T00:00:00Z,294.37,,,,酒店之家(STR)
酒店集团,华住酒店数量,,家,周,2026-03-22T00:00:00Z,12883,,,,酒店之家(STR)
酒店集团,华住平均客房价,,元,周,2026-03-29T00:00:00Z,299.62,,,,酒店之家(STR)
酒店集团,华住酒店数量,,家,周,2026-03-29T00:00:00Z,12909,,,,酒店之家(STR)
酒店集团,华住平均客房价,,元,周,2026-04-05T00:00:00Z,305.94,,,,酒店之家(STR)
酒店集团,华住酒店数量,,家,周,2026-04-05T00:00:00Z,12945,,,,酒店之家(STR)
酒店集团,华住平均客房价,,元,周,2026-04-12T00:00:00Z,297.57,,,,酒店之家(STR)
酒店集团,华住酒店数量,,家,周,2026-04-12T00:00:00Z,12960,,,,酒店之家(STR)
酒店集团,华住平均客房价,,元,周,2026-04-19T00:00:00Z,324.48,,,,酒店之家(STR)
酒店集团,华住酒店数量,,家,周,2026-04-19T00:00:00Z,12976,,,,酒店之家(STR)
酒店集团,华住平均客房价,,元,周,2026-04-26T00:00:00Z,331.04,,,,酒店之家(STR)
酒店集团,华住酒店数量,,家,周,2026-04-26T00:00:00Z,13017,,,,酒店之家(STR)
酒店集团,华住平均客房价,,元,周,2026-05-03T00:00:00Z,361.72,,,,酒店之家(STR)
酒店集团,华住酒店数量,,家,周,2026-05-03T00:00:00Z,13130,,,,酒店之家(STR)
酒店集团,华住平均客房价,,元,周,2026-05-10T00:00:00Z,278.77,,,,酒店之家(STR)
酒店集团,华住酒店数量,,家,周,2026-05-10T00:00:00Z,13129,,,,酒店之家(STR)
酒店集团,华住平均客房价,,元,周,2026-05-17T00:00:00Z,292.3,,,,酒店之家(STR)
酒店集团,华住酒店数量,,家,周,2026-05-17T00:00:00Z,13140,,,,酒店之家(STR)
酒店集团,华住平均客房价,,元,周,2026-05-24T00:00:00Z,291.93,,,,酒店之家(STR)
酒店集团,华住酒店数量,,家,周,2026-05-24T00:00:00Z,13156,,,,酒店之家(STR)
酒店集团,华住平均客房价,,元,周,2026-05-31T00:00:00Z,291.41,,,,酒店之家(STR)
酒店集团,华住酒店数量,,家,周,2026-05-31T00:00:00Z,13160,,,,酒店之家(STR)
酒店集团,华住平均客房价,,元,周,2026-06-07T00:00:00Z,287.6,,,,酒店之家(STR)
酒店集团,华住酒店数量,,家,周,2026-06-07T00:00:00Z,13175,,,,酒店之家(STR)
酒店集团,华住平均客房价,,元,周,2026-06-14T00:00:00Z,292.88,,,,酒店之家(STR)
酒店集团,华住酒店数量,,家,周,2026-06-14T00:00:00Z,13195,,,,酒店之家(STR)
酒店集团,华住平均客房价,,元,周,2026-06-21T00:00:00Z,296.53,,,,酒店之家(STR)
酒店集团,华住酒店数量,,家,周,2026-06-21T00:00:00Z,13226,,,,酒店之家(STR)
酒店集团,华住平均客房价,,元,周,2026-06-28T00:00:00Z,300.92,,,,酒店之家(STR)
酒店集团,华住酒店数量,,家,周,2026-06-28T00:00:00Z,13245,,,,酒店之家(STR)
酒店集团,华住平均客房价,,元,周,2026-07-05T00:00:00Z,307.43,,,,酒店之家(STR)
酒店集团,华住酒店数量,,家,周,2026-07-05T00:00:00Z,13273,,,,酒店之家(STR)
酒店集团,华住平均客房价,,元,周,2026-07-12T00:00:00Z,314.86,,,,酒店之家(STR)
酒店集团,华住酒店数量,,家,周,2026-07-12T00:00:00Z,13305,,,,酒店之家(STR)
酒店集团,华住平均客房价,,元,周,2026-07-19T00:00:00Z,324.01,,,,酒店之家(STR)
酒店集团,华住酒店数量,,家,周,2026-07-19T00:00:00Z,13350,,,,酒店之家(STR)
酒店集团,华住平均客房价,,元,周,2026-07-26T00:00:00Z,329.19,,,,酒店之家(STR)
酒店集团,华住酒店数量,,家,周,2026-07-26T00:00:00Z,13390,,,,酒店之家(STR)
酒店集团,华住平均客房价,,元,周,2026-08-02T00:00:00Z,334.86,,,,酒店之家(STR)
酒店集团,华住酒店数量,,家,周,2026-08-02T00:00:00Z,13428,,,,酒店之家(STR)
酒店集团,首旅如家平均客房价,,元,周,2024-01-07T00:00:00Z,180.73,,,,酒店之家(STR)
酒店集团,首旅如家酒店数量,,家,周,2024-01-07T00:00:00Z,5885,,,,酒店之家(STR)
酒店集团,首旅如家平均客房价,,元,周,2024-01-14T00:00:00Z,187.95,,,,酒店之家(STR)
酒店集团,首旅如家酒店数量,,家,周,2024-01-14T00:00:00Z,5924,,,,酒店之家(STR)
酒店集团,首旅如家平均客房价,,元,周,2024-01-21T00:00:00Z,191.51,,,,酒店之家(STR)
酒店集团,首旅如家酒店数量,,家,周,2024-01-21T00:00:00Z,5938,,,,酒店之家(STR)
酒店集团,首旅如家平均客房价,,元,周,2024-01-28T00:00:00Z,194,,,,酒店之家(STR)
酒店集团,首旅如家酒店数量,,家,周,2024-01-28T00:00:00Z,5944,,,,酒店之家(STR)
酒店集团,首旅如家平均客房价,,元,周,2024-02-04T00:00:00Z,191.96,,,,酒店之家(STR)
酒店集团,首旅如家酒店数量,,家,周,2024-02-04T00:00:00Z,5956,,,,酒店之家(STR)
酒店集团,首旅如家平均客房价,,元,周,2024-02-11T00:00:00Z,216.95,,,,酒店之家(STR)
酒店集团,首旅如家酒店数量,,家,周,2024-02-11T00:00:00Z,5977,,,,酒店之家(STR)
酒店集团,首旅如家平均客房价,,元,周,2024-02-18T00:00:00Z,222.51,,,,酒店之家(STR)
酒店集团,首旅如家酒店数量,,家,周,2024-02-18T00:00:00Z,5990,,,,酒店之家(STR)
酒店集团,首旅如家平均客房价,,元,周,2024-02-25T00:00:00Z,181.77,,,,酒店之家(STR)
酒店集团,首旅如家酒店数量,,家,周,2024-02-25T00:00:00Z,5990,,,,酒店之家(STR)
酒店集团,首旅如家平均客房价,,元,周,2024-03-03T00:00:00Z,185.86,,,,酒店之家(STR)
酒店集团,首旅如家酒店数量,,家,周,2024-03-03T00:00:00Z,5971,,,,酒店之家(STR)
酒店集团,首旅如家平均客房价,,元,周,2024-03-10T00:00:00Z,191.91,,,,酒店之家(STR)
酒店集团,首旅如家酒店数量,,家,周,2024-03-10T00:00:00Z,5979,,,,酒店之家(STR)
酒店集团,首旅如家平均客房价,,元,周,2024-03-17T00:00:00Z,197.49,,,,酒店之家(STR)
酒店集团,首旅如家酒店数量,,家,周,2024-03-17T00:00:00Z,5988,,,,酒店之家(STR)
酒店集团,首旅如家平均客房价,,元,周,2024-03-24T00:00:00Z,203.3,,,,酒店之家(STR)
酒店集团,首旅如家酒店数量,,家,周,2024-03-24T00:00:00Z,5987,,,,酒店之家(STR)
酒店集团,首旅如家平均客房价,,元,周,2024-03-31T00:00:00Z,204.04,,,,酒店之家(STR)
酒店集团,首旅如家酒店数量,,家,周,2024-03-31T00:00:00Z,5988,,,,酒店之家(STR)
酒店集团,首旅如家平均客房价,,元,周,2024-04-07T00:00:00Z,208.52,,,,酒店之家(STR)
酒店集团,首旅如家酒店数量,,家,周,2024-04-07T00:00:00Z,5995,,,,酒店之家(STR)
酒店集团,首旅如家平均客房价,,元,周,2024-04-14T00:00:00Z,211.1,,,,酒店之家(STR)
酒店集团,首旅如家酒店数量,,家,周,2024-04-14T00:00:00Z,6001,,,,酒店之家(STR)
酒店集团,首旅如家平均客房价,,元,周,2024-04-21T00:00:00Z,215.62,,,,酒店之家(STR)
酒店集团,首旅如家酒店数量,,家,周,2024-04-21T00:00:00Z,6003,,,,酒店之家(STR)
酒店集团,首旅如家平均客房价,,元,周,2024-04-28T00:00:00Z,212.61,,,,酒店之家(STR)
酒店集团,首旅如家酒店数量,,家,周,2024-04-28T00:00:00Z,6045,,,,酒店之家(STR)
酒店集团,首旅如家平均客房价,,元,周,2024-05-05T00:00:00Z,258.76,,,,酒店之家(STR)
酒店集团,首旅如家酒店数量,,家,周,2024-05-05T00:00:00Z,6076,,,,酒店之家(STR)
酒店集团,首旅如家平均客房价,,元,周,2024-05-12T00:00:00Z,186.78,,,,酒店之家(STR)
酒店集团,首旅如家酒店数量,,家,周,2024-05-12T00:00:00Z,6078,,,,酒店之家(STR)
酒店集团,首旅如家平均客房价,,元,周,2024-05-19T00:00:00Z,195.97,,,,酒店之家(STR)
酒店集团,首旅如家酒店数量,,家,周,2024-05-19T00:00:00Z,6084,,,,酒店之家(STR)
酒店集团,首旅如家平均客房价,,元,周,2024-05-26T00:00:00Z,194.41,,,,酒店之家(STR)
酒店集团,首旅如家酒店数量,,家,周,2024-05-26T00:00:00Z,6081,,,,酒店之家(STR)
酒店集团,首旅如家平均客房价,,元,周,2024-06-02T00:00:00Z,190.66,,,,酒店之家(STR)
酒店集团,首旅如家酒店数量,,家,周,2024-06-02T00:00:00Z,6090,,,,酒店之家(STR)
酒店集团,首旅如家平均客房价,,元,周,2024-06-09T00:00:00Z,197.31,,,,酒店之家(STR)
酒店集团,首旅如家酒店数量,,家,周,2024-06-09T00:00:00Z,6087,,,,酒店之家(STR)
酒店集团,首旅如家平均客房价,,元,周,2024-06-16T00:00:00Z,192.37,,,,酒店之家(STR)
酒店集团,首旅如家酒店数量,,家,周,2024-06-16T00:00:00Z,6103,,,,酒店之家(STR)
酒店集团,首旅如家平均客房价,,元,周,2024-06-23T00:00:00Z,196.7,,,,酒店之家(STR)
酒店集团,首旅如家酒店数量,,家,周,2024-06-23T00:00:00Z,6110,,,,酒店之家(STR)
酒店集团,首旅如家平均客房价,,元,周,2024-06-30T00:00:00Z,201.8,,,,酒店之家(STR)
酒店集团,首旅如家酒店数量,,家,周,2024-06-30T00:00:00Z,6140,,,,酒店之家(STR)
酒店集团,首旅如家平均客房价,,元,周,2024-07-07T00:00:00Z,213.78,,,,酒店之家(STR)
酒店集团,首旅如家酒店数量,,家,周,2024-07-07T00:00:00Z,6164,,,,酒店之家(STR)
酒店集团,首旅如家平均客房价,,元,周,2024-07-14T00:00:00Z,221.05,,,,酒店之家(STR)
酒店集团,首旅如家酒店数量,,家,周,2024-07-14T00:00:00Z,6182,,,,酒店之家(STR)
酒店集团,首旅如家平均客房价,,元,周,2024-07-21T00:00:00Z,227.21,,,,酒店之家(STR)
酒店集团,首旅如家酒店数量,,家,周,2024-07-21T00:00:00Z,6212,,,,酒店之家(STR)
酒店集团,首旅如家平均客房价,,元,周,2024-07-28T00:00:00Z,229.56,,,,酒店之家(STR)
酒店集团,首旅如家酒店数量,,家,周,2024-07-28T00:00:00Z,6230,,,,酒店之家(STR)
酒店集团,首旅如家平均客房价,,元,周,2024-08-04T00:00:00Z,235.15,,,,酒店之家(STR)
酒店集团,首旅如家酒店数量,,家,周,2024-08-04T00:00:00Z,6228,,,,酒店之家(STR)
酒店集团,首旅如家平均客房价,,元,周,2024-08-11T00:00:00Z,243.5,,,,酒店之家(STR)
酒店集团,首旅如家酒店数量,,家,周,2024-08-11T00:00:00Z,6245,,,,酒店之家(STR)
酒店集团,首旅如家平均客房价,,元,周,2024-08-18T00:00:00Z,231.69,,,,酒店之家(STR)
酒店集团,首旅如家酒店数量,,家,周,2024-08-18T00:00:00Z,6260,,,,酒店之家(STR)
酒店集团,首旅如家平均客房价,,元,周,2024-08-25T00:00:00Z,217.43,,,,酒店之家(STR)
酒店集团,首旅如家酒店数量,,家,周,2024-08-25T00:00:00Z,6275,,,,酒店之家(STR)
酒店集团,首旅如家平均客房价,,元,周,2024-09-01T00:00:00Z,196.59,,,,酒店之家(STR)
酒店集团,首旅如家酒店数量,,家,周,2024-09-01T00:00:00Z,6284,,,,酒店之家(STR)
酒店集团,首旅如家平均客房价,,元,周,2024-09-08T00:00:00Z,189.64,,,,酒店之家(STR)
酒店集团,首旅如家酒店数量,,家,周,2024-09-08T00:00:00Z,6299,,,,酒店之家(STR)
酒店集团,首旅如家平均客房价,,元,周,2024-09-15T00:00:00Z,189.95,,,,酒店之家(STR)
酒店集团,首旅如家酒店数量,,家,周,2024-09-15T00:00:00Z,6320,,,,酒店之家(STR)
酒店集团,首旅如家平均客房价,,元,周,2024-09-22T00:00:00Z,192.52,,,,酒店之家(STR)
酒店集团,首旅如家酒店数量,,家,周,2024-09-22T00:00:00Z,6335,,,,酒店之家(STR)
酒店集团,首旅如家平均客房价,,元,周,2024-09-29T00:00:00Z,200.56,,,,酒店之家(STR)
酒店集团,首旅如家酒店数量,,家,周,2024-09-29T00:00:00Z,6386,,,,酒店之家(STR)
酒店集团,首旅如家平均客房价,,元,周,2024-10-06T00:00:00Z,252.76,,,,酒店之家(STR)
酒店集团,首旅如家酒店数量,,家,周,2024-10-06T00:00:00Z,6405,,,,酒店之家(STR)
酒店集团,首旅如家平均客房价,,元,周,2024-10-13T00:00:00Z,179.52,,,,酒店之家(STR)
酒店集团,首旅如家酒店数量,,家,周,2024-10-13T00:00:00Z,6382,,,,酒店之家(STR)
酒店集团,首旅如家平均客房价,,元,周,2024-10-20T00:00:00Z,185.82,,,,酒店之家(STR)
酒店集团,首旅如家酒店数量,,家,周,2024-10-20T00:00:00Z,6371,,,,酒店之家(STR)
酒店集团,首旅如家平均客房价,,元,周,2024-10-27T00:00:00Z,184.05,,,,酒店之家(STR)
酒店集团,首旅如家酒店数量,,家,周,2024-10-27T00:00:00Z,6367,,,,酒店之家(STR)
酒店集团,首旅如家平均客房价,,元,周,2024-11-03T00:00:00Z,180.45,,,,酒店之家(STR)
酒店集团,首旅如家酒店数量,,家,周,2024-11-03T00:00:00Z,6368,,,,酒店之家(STR)
酒店集团,首旅如家平均客房价,,元,周,2024-11-10T00:00:00Z,180.72,,,,酒店之家(STR)
酒店集团,首旅如家酒店数量,,家,周,2024-11-10T00:00:00Z,6376,,,,酒店之家(STR)
酒店集团,首旅如家平均客房价,,元,周,2024-11-17T00:00:00Z,179.78,,,,酒店之家(STR)
酒店集团,首旅如家酒店数量,,家,周,2024-11-17T00:00:00Z,6367,,,,酒店之家(STR)
酒店集团,首旅如家平均客房价,,元,周,2024-11-24T00:00:00Z,178.89,,,,酒店之家(STR)
酒店集团,首旅如家酒店数量,,家,周,2024-11-24T00:00:00Z,6383,,,,酒店之家(STR)
酒店集团,首旅如家平均客房价,,元,周,2024-12-01T00:00:00Z,180.65,,,,酒店之家(STR)
酒店集团,首旅如家酒店数量,,家,周,2024-12-01T00:00:00Z,6405,,,,酒店之家(STR)
酒店集团,首旅如家平均客房价,,元,周,2024-12-08T00:00:00Z,178.31,,,,酒店之家(STR)
酒店集团,首旅如家酒店数量,,家,周,2024-12-08T00:00:00Z,6416,,,,酒店之家(STR)
酒店集团,首旅如家平均客房价,,元,周,2024-12-15T00:00:00Z,177.56,,,,酒店之家(STR)
酒店集团,首旅如家酒店数量,,家,周,2024-12-15T00:00:00Z,6430,,,,酒店之家(STR)
酒店集团,首旅如家平均客房价,,元,周,2024-12-22T00:00:00Z,180.23,,,,酒店之家(STR)
酒店集团,首旅如家酒店数量,,家,周,2024-12-22T00:00:00Z,6446,,,,酒店之家(STR)
酒店集团,首旅如家平均客房价,,元,周,2024-12-29T00:00:00Z,178.82,,,,酒店之家(STR)
酒店集团,首旅如家酒店数量,,家,周,2024-12-29T00:00:00Z,6476,,,,酒店之家(STR)
酒店集团,首旅如家平均客房价,,元,周,2025-01-05T00:00:00Z,184.36,,,,酒店之家(STR)
酒店集团,首旅如家酒店数量,,家,周,2025-01-05T00:00:00Z,6508,,,,酒店之家(STR)
酒店集团,首旅如家平均客房价,,元,周,2025-01-12T00:00:00Z,182.2,,,,酒店之家(STR)
酒店集团,首旅如家酒店数量,,家,周,2025-01-12T00:00:00Z,6534,,,,酒店之家(STR)
酒店集团,首旅如家平均客房价,,元,周,2025-01-19T00:00:00Z,182.88,,,,酒店之家(STR)
酒店集团,首旅如家酒店数量,,家,周,2025-01-19T00:00:00Z,6555,,,,酒店之家(STR)
酒店集团,首旅如家平均客房价,,元,周,2025-01-26T00:00:00Z,184.4,,,,酒店之家(STR)
酒店集团,首旅如家酒店数量,,家,周,2025-01-26T00:00:00Z,6587,,,,酒店之家(STR)
酒店集团,首旅如家平均客房价,,元,周,2025-02-02T00:00:00Z,234.16,,,,酒店之家(STR)
酒店集团,首旅如家酒店数量,,家,周,2025-02-02T00:00:00Z,6599,,,,酒店之家(STR)
酒店集团,首旅如家平均客房价,,元,周,2025-02-09T00:00:00Z,188.6,,,,酒店之家(STR)
酒店集团,首旅如家酒店数量,,家,周,2025-02-09T00:00:00Z,6555,,,,酒店之家(STR)
酒店集团,首旅如家平均客房价,,元,周,2025-02-16T00:00:00Z,179.9,,,,酒店之家(STR)
酒店集团,首旅如家酒店数量,,家,周,2025-02-16T00:00:00Z,6625,,,,酒店之家(STR)
酒店集团,首旅如家平均客房价,,元,周,2025-02-23T00:00:00Z,180.03,,,,酒店之家(STR)
酒店集团,首旅如家酒店数量,,家,周,2025-02-23T00:00:00Z,6631,,,,酒店之家(STR)
酒店集团,首旅如家平均客房价,,元,周,2025-03-02T00:00:00Z,179.41,,,,酒店之家(STR)
酒店集团,首旅如家酒店数量,,家,周,2025-03-02T00:00:00Z,6637,,,,酒店之家(STR)
酒店集团,首旅如家平均客房价,,元,周,2025-03-09T00:00:00Z,182.19,,,,酒店之家(STR)
酒店集团,首旅如家酒店数量,,家,周,2025-03-09T00:00:00Z,6636,,,,酒店之家(STR)
酒店集团,首旅如家平均客房价,,元,周,2025-03-16T00:00:00Z,189.42,,,,酒店之家(STR)
酒店集团,首旅如家酒店数量,,家,周,2025-03-16T00:00:00Z,6654,,,,酒店之家(STR)
酒店集团,首旅如家平均客房价,,元,周,2025-03-23T00:00:00Z,201.5,,,,酒店之家(STR)
酒店集团,首旅如家酒店数量,,家,周,2025-03-23T00:00:00Z,6655,,,,酒店之家(STR)
酒店集团,首旅如家平均客房价,,元,周,2025-03-30T00:00:00Z,201.92,,,,酒店之家(STR)
酒店集团,首旅如家酒店数量,,家,周,2025-03-30T00:00:00Z,6666,,,,酒店之家(STR)
酒店集团,首旅如家平均客房价,,元,周,2025-04-06T00:00:00Z,208.68,,,,酒店之家(STR)
酒店集团,首旅如家酒店数量,,家,周,2025-04-06T00:00:00Z,6706,,,,酒店之家(STR)
酒店集团,首旅如家平均客房价,,元,周,2025-04-13T00:00:00Z,205.78,,,,酒店之家(STR)
酒店集团,首旅如家酒店数量,,家,周,2025-04-13T00:00:00Z,6716,,,,酒店之家(STR)
酒店集团,首旅如家平均客房价,,元,周,2025-04-20T00:00:00Z,212.84,,,,酒店之家(STR)
酒店集团,首旅如家酒店数量,,家,周,2025-04-20T00:00:00Z,6737,,,,酒店之家(STR)
酒店集团,首旅如家平均客房价,,元,周,2025-04-27T00:00:00Z,211.29,,,,酒店之家(STR)
酒店集团,首旅如家酒店数量,,家,周,2025-04-27T00:00:00Z,6777,,,,酒店之家(STR)
酒店集团,首旅如家平均客房价,,元,周,2025-05-04T00:00:00Z,258.43,,,,酒店之家(STR)
酒店集团,首旅如家酒店数量,,家,周,2025-05-04T00:00:00Z,6826,,,,酒店之家(STR)
酒店集团,首旅如家平均客房价,,元,周,2025-05-11T00:00:00Z,189.53,,,,酒店之家(STR)
酒店集团,首旅如家酒店数量,,家,周,2025-05-11T00:00:00Z,6824,,,,酒店之家(STR)
酒店集团,首旅如家平均客房价,,元,周,2025-05-18T00:00:00Z,196.72,,,,酒店之家(STR)
酒店集团,首旅如家酒店数量,,家,周,2025-05-18T00:00:00Z,6830,,,,酒店之家(STR)
酒店集团,首旅如家平均客房价,,元,周,2025-05-25T00:00:00Z,195.97,,,,酒店之家(STR)
酒店集团,首旅如家酒店数量,,家,周,2025-05-25T00:00:00Z,6843,,,,酒店之家(STR)
酒店集团,首旅如家平均客房价,,元,周,2025-06-01T00:00:00Z,199.24,,,,酒店之家(STR)
酒店集团,首旅如家酒店数量,,家,周,2025-06-01T00:00:00Z,6865,,,,酒店之家(STR)
酒店集团,首旅如家平均客房价,,元,周,2025-06-08T00:00:00Z,193.18,,,,酒店之家(STR)
酒店集团,首旅如家酒店数量,,家,周,2025-06-08T00:00:00Z,6885,,,,酒店之家(STR)
酒店集团,首旅如家平均客房价,,元,周,2025-06-15T00:00:00Z,198.62,,,,酒店之家(STR)
酒店集团,首旅如家酒店数量,,家,周,2025-06-15T00:00:00Z,6904,,,,酒店之家(STR)
酒店集团,首旅如家平均客房价,,元,周,2025-06-22T00:00:00Z,203.08,,,,酒店之家(STR)
酒店集团,首旅如家酒店数量,,家,周,2025-06-22T00:00:00Z,6915,,,,酒店之家(STR)
酒店集团,首旅如家平均客房价,,元,周,2025-06-29T00:00:00Z,209.37,,,,酒店之家(STR)
酒店集团,首旅如家酒店数量,,家,周,2025-06-29T00:00:00Z,6930,,,,酒店之家(STR)
酒店集团,首旅如家平均客房价,,元,周,2025-07-06T00:00:00Z,217.98,,,,酒店之家(STR)
酒店集团,首旅如家酒店数量,,家,周,2025-07-06T00:00:00Z,6954,,,,酒店之家(STR)
酒店集团,首旅如家平均客房价,,元,周,2025-07-13T00:00:00Z,224.71,,,,酒店之家(STR)
酒店集团,首旅如家酒店数量,,家,周,2025-07-13T00:00:00Z,6965,,,,酒店之家(STR)
酒店集团,首旅如家平均客房价,,元,周,2025-07-20T00:00:00Z,226.35,,,,酒店之家(STR)
酒店集团,首旅如家酒店数量,,家,周,2025-07-20T00:00:00Z,6986,,,,酒店之家(STR)
酒店集团,首旅如家平均客房价,,元,周,2025-07-27T00:00:00Z,230.28,,,,酒店之家(STR)
酒店集团,首旅如家酒店数量,,家,周,2025-07-27T00:00:00Z,6999,,,,酒店之家(STR)
酒店集团,首旅如家平均客房价,,元,周,2025-08-03T00:00:00Z,234.26,,,,酒店之家(STR)
酒店集团,首旅如家酒店数量,,家,周,2025-08-03T00:00:00Z,7016,,,,酒店之家(STR)
酒店集团,首旅如家平均客房价,,元,周,2025-08-10T00:00:00Z,253.01,,,,酒店之家(STR)
酒店集团,首旅如家酒店数量,,家,周,2025-08-10T00:00:00Z,7039,,,,酒店之家(STR)
酒店集团,首旅如家平均客房价,,元,周,2025-08-17T00:00:00Z,253.39,,,,酒店之家(STR)
酒店集团,首旅如家酒店数量,,家,周,2025-08-17T00:00:00Z,7057,,,,酒店之家(STR)
酒店集团,首旅如家平均客房价,,元,周,2025-08-24T00:00:00Z,234.59,,,,酒店之家(STR)
酒店集团,首旅如家酒店数量,,家,周,2025-08-24T00:00:00Z,7057,,,,酒店之家(STR)
酒店集团,首旅如家平均客房价,,元,周,2025-08-31T00:00:00Z,210.32,,,,酒店之家(STR)
酒店集团,首旅如家酒店数量,,家,周,2025-08-31T00:00:00Z,7060,,,,酒店之家(STR)
酒店集团,首旅如家平均客房价,,元,周,2025-09-07T00:00:00Z,203.64,,,,酒店之家(STR)
酒店集团,首旅如家酒店数量,,家,周,2025-09-07T00:00:00Z,7060,,,,酒店之家(STR)
酒店集团,首旅如家平均客房价,,元,周,2025-09-14T00:00:00Z,206.89,,,,酒店之家(STR)
酒店集团,首旅如家酒店数量,,家,周,2025-09-14T00:00:00Z,7080,,,,酒店之家(STR)
酒店集团,首旅如家平均客房价,,元,周,2025-09-21T00:00:00Z,213.69,,,,酒店之家(STR)
酒店集团,首旅如家酒店数量,,家,周,2025-09-21T00:00:00Z,7092,,,,酒店之家(STR)
酒店集团,首旅如家平均客房价,,元,周,2025-09-28T00:00:00Z,213.98,,,,酒店之家(STR)
酒店集团,首旅如家酒店数量,,家,周,2025-09-28T00:00:00Z,7129,,,,酒店之家(STR)
酒店集团,首旅如家平均客房价,,元,周,2025-10-05T00:00:00Z,269.54,,,,酒店之家(STR)
酒店集团,首旅如家酒店数量,,家,周,2025-10-05T00:00:00Z,7175,,,,酒店之家(STR)
酒店集团,首旅如家平均客房价,,元,周,2025-10-12T00:00:00Z,187.7,,,,酒店之家(STR)
酒店集团,首旅如家酒店数量,,家,周,2025-10-12T00:00:00Z,7168,,,,酒店之家(STR)
酒店集团,首旅如家平均客房价,,元,周,2025-10-19T00:00:00Z,192.37,,,,酒店之家(STR)
酒店集团,首旅如家酒店数量,,家,周,2025-10-19T00:00:00Z,7153,,,,酒店之家(STR)
酒店集团,首旅如家平均客房价,,元,周,2025-10-26T00:00:00Z,191.54,,,,酒店之家(STR)
酒店集团,首旅如家酒店数量,,家,周,2025-10-26T00:00:00Z,7145,,,,酒店之家(STR)
酒店集团,首旅如家平均客房价,,元,周,2025-11-02T00:00:00Z,188.74,,,,酒店之家(STR)
酒店集团,首旅如家酒店数量,,家,周,2025-11-02T00:00:00Z,7142,,,,酒店之家(STR)
酒店集团,首旅如家平均客房价,,元,周,2025-11-09T00:00:00Z,190.15,,,,酒店之家(STR)
酒店集团,首旅如家酒店数量,,家,周,2025-11-09T00:00:00Z,7124,,,,酒店之家(STR)
酒店集团,首旅如家平均客房价,,元,周,2025-11-16T00:00:00Z,190.02,,,,酒店之家(STR)
酒店集团,首旅如家酒店数量,,家,周,2025-11-16T00:00:00Z,7120,,,,酒店之家(STR)
酒店集团,首旅如家平均客房价,,元,周,2025-11-23T00:00:00Z,187.89,,,,酒店之家(STR)
酒店集团,首旅如家酒店数量,,家,周,2025-11-23T00:00:00Z,7123,,,,酒店之家(STR)
酒店集团,首旅如家平均客房价,,元,周,2025-11-30T00:00:00Z,187.98,,,,酒店之家(STR)
酒店集团,首旅如家酒店数量,,家,周,2025-11-30T00:00:00Z,7131,,,,酒店之家(STR)
酒店集团,首旅如家平均客房价,,元,周,2025-12-07T00:00:00Z,186.85,,,,酒店之家(STR)
酒店集团,首旅如家酒店数量,,家,周,2025-12-07T00:00:00Z,7128,,,,酒店之家(STR)
酒店集团,首旅如家平均客房价,,元,周,2025-12-14T00:00:00Z,187.18,,,,酒店之家(STR)
酒店集团,首旅如家酒店数量,,家,周,2025-12-14T00:00:00Z,7136,,,,酒店之家(STR)
酒店集团,首旅如家平均客房价,,元,周,2025-12-21T00:00:00Z,191.18,,,,酒店之家(STR)
酒店集团,首旅如家酒店数量,,家,周,2025-12-21T00:00:00Z,7140,,,,酒店之家(STR)
酒店集团,首旅如家平均客房价,,元,周,2025-12-28T00:00:00Z,192.03,,,,酒店之家(STR)
酒店集团,首旅如家酒店数量,,家,周,2025-12-28T00:00:00Z,7147,,,,酒店之家(STR)
酒店集团,首旅如家平均客房价,,元,周,2026-01-04T00:00:00Z,201.09,,,,酒店之家(STR)
酒店集团,首旅如家酒店数量,,家,周,2026-01-04T00:00:00Z,7183,,,,酒店之家(STR)
酒店集团,首旅如家平均客房价,,元,周,2026-01-11T00:00:00Z,192.08,,,,酒店之家(STR)
酒店集团,首旅如家酒店数量,,家,周,2026-01-11T00:00:00Z,7185,,,,酒店之家(STR)
酒店集团,首旅如家平均客房价,,元,周,2026-01-18T00:00:00Z,199.01,,,,酒店之家(STR)
酒店集团,首旅如家酒店数量,,家,周,2026-01-18T00:00:00Z,7212,,,,酒店之家(STR)
酒店集团,首旅如家平均客房价,,元,周,2026-01-25T00:00:00Z,205.8,,,,酒店之家(STR)
酒店集团,首旅如家酒店数量,,家,周,2026-01-25T00:00:00Z,7230,,,,酒店之家(STR)
酒店集团,首旅如家平均客房价,,元,周,2026-02-01T00:00:00Z,206.54,,,,酒店之家(STR)
酒店集团,首旅如家酒店数量,,家,周,2026-02-01T00:00:00Z,7227,,,,酒店之家(STR)
酒店集团,首旅如家平均客房价,,元,周,2026-02-08T00:00:00Z,209.18,,,,酒店之家(STR)
酒店集团,首旅如家酒店数量,,家,周,2026-02-08T00:00:00Z,7235,,,,酒店之家(STR)
酒店集团,首旅如家平均客房价,,元,周,2026-02-15T00:00:00Z,211.59,,,,酒店之家(STR)
酒店集团,首旅如家酒店数量,,家,周,2026-02-15T00:00:00Z,7283,,,,酒店之家(STR)
酒店集团,首旅如家平均客房价,,元,周,2026-02-22T00:00:00Z,259.88,,,,酒店之家(STR)
酒店集团,首旅如家酒店数量,,家,周,2026-02-22T00:00:00Z,7285,,,,酒店之家(STR)
酒店集团,首旅如家平均客房价,,元,周,2026-03-01T00:00:00Z,194.64,,,,酒店之家(STR)
酒店集团,首旅如家酒店数量,,家,周,2026-03-01T00:00:00Z,7292,,,,酒店之家(STR)
酒店集团,首旅如家平均客房价,,元,周,2026-03-08T00:00:00Z,202.81,,,,酒店之家(STR)
酒店集团,首旅如家酒店数量,,家,周,2026-03-08T00:00:00Z,7306,,,,酒店之家(STR)
酒店集团,首旅如家平均客房价,,元,周,2026-03-15T00:00:00Z,209.64,,,,酒店之家(STR)
酒店集团,首旅如家酒店数量,,家,周,2026-03-15T00:00:00Z,7303,,,,酒店之家(STR)
酒店集团,首旅如家平均客房价,,元,周,2026-03-22T00:00:00Z,218.85,,,,酒店之家(STR)
酒店集团,首旅如家酒店数量,,家,周,2026-03-22T00:00:00Z,7314,,,,酒店之家(STR)
酒店集团,首旅如家平均客房价,,元,周,2026-03-29T00:00:00Z,223.85,,,,酒店之家(STR)
酒店集团,首旅如家酒店数量,,家,周,2026-03-29T00:00:00Z,7325,,,,酒店之家(STR)
酒店集团,首旅如家平均客房价,,元,周,2026-04-05T00:00:00Z,233.47,,,,酒店之家(STR)
酒店集团,首旅如家酒店数量,,家,周,2026-04-05T00:00:00Z,7339,,,,酒店之家(STR)
酒店集团,首旅如家平均客房价,,元,周,2026-04-12T00:00:00Z,219.2,,,,酒店之家(STR)
酒店集团,首旅如家酒店数量,,家,周,2026-04-12T00:00:00Z,7349,,,,酒店之家(STR)
酒店集团,首旅如家平均客房价,,元,周,2026-04-19T00:00:00Z,235.23,,,,酒店之家(STR)
酒店集团,首旅如家酒店数量,,家,周,2026-04-19T00:00:00Z,7355,,,,酒店之家(STR)
酒店集团,首旅如家平均客房价,,元,周,2026-04-26T00:00:00Z,232.54,,,,酒店之家(STR)
酒店集团,首旅如家酒店数量,,家,周,2026-04-26T00:00:00Z,7373,,,,酒店之家(STR)
酒店集团,首旅如家平均客房价,,元,周,2026-05-03T00:00:00Z,284.65,,,,酒店之家(STR)
酒店集团,首旅如家酒店数量,,家,周,2026-05-03T00:00:00Z,7423,,,,酒店之家(STR)
酒店集团,首旅如家平均客房价,,元,周,2026-05-10T00:00:00Z,201.2,,,,酒店之家(STR)
酒店集团,首旅如家酒店数量,,家,周,2026-05-10T00:00:00Z,7423,,,,酒店之家(STR)
酒店集团,首旅如家平均客房价,,元,周,2026-05-17T00:00:00Z,206,,,,酒店之家(STR)
酒店集团,首旅如家酒店数量,,家,周,2026-05-17T00:00:00Z,7431,,,,酒店之家(STR)
酒店集团,首旅如家平均客房价,,元,周,2026-05-24T00:00:00Z,204.59,,,,酒店之家(STR)
酒店集团,首旅如家酒店数量,,家,周,2026-05-24T00:00:00Z,7442,,,,酒店之家(STR)
酒店集团,首旅如家平均客房价,,元,周,2026-05-31T00:00:00Z,203.36,,,,酒店之家(STR)
酒店集团,首旅如家酒店数量,,家,周,2026-05-31T00:00:00Z,7451,,,,酒店之家(STR)
酒店集团,首旅如家平均客房价,,元,周,2026-06-07T00:00:00Z,201.47,,,,酒店之家(STR)
酒店集团,首旅如家酒店数量,,家,周,2026-06-07T00:00:00Z,7456,,,,酒店之家(STR)
酒店集团,首旅如家平均客房价,,元,周,2026-06-14T00:00:00Z,201.85,,,,酒店之家(STR)
酒店集团,首旅如家酒店数量,,家,周,2026-06-14T00:00:00Z,7491,,,,酒店之家(STR)
酒店集团,首旅如家平均客房价,,元,周,2026-06-21T00:00:00Z,208.51,,,,酒店之家(STR)
酒店集团,首旅如家酒店数量,,家,周,2026-06-21T00:00:00Z,7539,,,,酒店之家(STR)
酒店集团,首旅如家平均客房价,,元,周,2026-06-28T00:00:00Z,206.29,,,,酒店之家(STR)
酒店集团,首旅如家酒店数量,,家,周,2026-06-28T00:00:00Z,7536,,,,酒店之家(STR)
酒店集团,首旅如家平均客房价,,元,周,2026-07-05T00:00:00Z,214.25,,,,酒店之家(STR)
酒店集团,首旅如家酒店数量,,家,周,2026-07-05T00:00:00Z,7556,,,,酒店之家(STR)
酒店集团,首旅如家平均客房价,,元,周,2026-07-12T00:00:00Z,221.12,,,,酒店之家(STR)
酒店集团,首旅如家酒店数量,,家,周,2026-07-12T00:00:00Z,7577,,,,酒店之家(STR)
酒店集团,首旅如家平均客房价,,元,周,2026-07-19T00:00:00Z,230.49,,,,酒店之家(STR)
酒店集团,首旅如家酒店数量,,家,周,2026-07-19T00:00:00Z,7588,,,,酒店之家(STR)
酒店集团,首旅如家平均客房价,,元,周,2026-07-26T00:00:00Z,241.83,,,,酒店之家(STR)
酒店集团,首旅如家酒店数量,,家,周,2026-07-26T00:00:00Z,7614,,,,酒店之家(STR)
酒店集团,首旅如家平均客房价,,元,周,2026-08-02T00:00:00Z,249.14,,,,酒店之家(STR)
酒店集团,首旅如家酒店数量,,家,周,2026-08-02T00:00:00Z,7630,,,,酒店之家(STR)
酒店集团,锦江(中国区)平均客房价,,元,周,2024-01-07T00:00:00Z,214.07,,,,酒店之家(STR)
酒店集团,锦江(中国区)酒店数量,,家,周,2024-01-07T00:00:00Z,10038,,,,酒店之家(STR)
酒店集团,锦江(中国区)平均客房价,,元,周,2024-01-14T00:00:00Z,218.67,,,,酒店之家(STR)
酒店集团,锦江(中国区)酒店数量,,家,周,2024-01-14T00:00:00Z,10050,,,,酒店之家(STR)
酒店集团,锦江(中国区)平均客房价,,元,周,2024-01-21T00:00:00Z,221.3,,,,酒店之家(STR)
酒店集团,锦江(中国区)酒店数量,,家,周,2024-01-21T00:00:00Z,10078,,,,酒店之家(STR)
酒店集团,锦江(中国区)平均客房价,,元,周,2024-01-28T00:00:00Z,223.79,,,,酒店之家(STR)
酒店集团,锦江(中国区)酒店数量,,家,周,2024-01-28T00:00:00Z,10086,,,,酒店之家(STR)
酒店集团,锦江(中国区)平均客房价,,元,周,2024-02-04T00:00:00Z,224.88,,,,酒店之家(STR)
酒店集团,锦江(中国区)酒店数量,,家,周,2024-02-04T00:00:00Z,10116,,,,酒店之家(STR)
酒店集团,锦江(中国区)平均客房价,,元,周,2024-02-11T00:00:00Z,249.8,,,,酒店之家(STR)
酒店集团,锦江(中国区)酒店数量,,家,周,2024-02-11T00:00:00Z,10181,,,,酒店之家(STR)
酒店集团,锦江(中国区)平均客房价,,元,周,2024-02-18T00:00:00Z,265.29,,,,酒店之家(STR)
酒店集团,锦江(中国区)酒店数量,,家,周,2024-02-18T00:00:00Z,10186,,,,酒店之家(STR)
酒店集团,锦江(中国区)平均客房价,,元,周,2024-02-25T00:00:00Z,211.5,,,,酒店之家(STR)
酒店集团,锦江(中国区)酒店数量,,家,周,2024-02-25T00:00:00Z,10210,,,,酒店之家(STR)
酒店集团,锦江(中国区)平均客房价,,元,周,2024-03-03T00:00:00Z,213.03,,,,酒店之家(STR)
酒店集团,锦江(中国区)酒店数量,,家,周,2024-03-03T00:00:00Z,10204,,,,酒店之家(STR)
酒店集团,锦江(中国区)平均客房价,,元,周,2024-03-10T00:00:00Z,218.52,,,,酒店之家(STR)
酒店集团,锦江(中国区)酒店数量,,家,周,2024-03-10T00:00:00Z,10209,,,,酒店之家(STR)
酒店集团,锦江(中国区)平均客房价,,元,周,2024-03-17T00:00:00Z,223.25,,,,酒店之家(STR)
酒店集团,锦江(中国区)酒店数量,,家,周,2024-03-17T00:00:00Z,10209,,,,酒店之家(STR)
酒店集团,锦江(中国区)平均客房价,,元,周,2024-03-24T00:00:00Z,225.33,,,,酒店之家(STR)
酒店集团,锦江(中国区)酒店数量,,家,周,2024-03-24T00:00:00Z,10206,,,,酒店之家(STR)
酒店集团,锦江(中国区)平均客房价,,元,周,2024-03-31T00:00:00Z,231.28,,,,酒店之家(STR)
酒店集团,锦江(中国区)酒店数量,,家,周,2024-03-31T00:00:00Z,10191,,,,酒店之家(STR)
酒店集团,锦江(中国区)平均客房价,,元,周,2024-04-07T00:00:00Z,232.87,,,,酒店之家(STR)
酒店集团,锦江(中国区)酒店数量,,家,周,2024-04-07T00:00:00Z,10198,,,,酒店之家(STR)
酒店集团,锦江(中国区)平均客房价,,元,周,2024-04-14T00:00:00Z,236.47,,,,酒店之家(STR)
酒店集团,锦江(中国区)酒店数量,,家,周,2024-04-14T00:00:00Z,10190,,,,酒店之家(STR)
酒店集团,锦江(中国区)平均客房价,,元,周,2024-04-21T00:00:00Z,240.75,,,,酒店之家(STR)
酒店集团,锦江(中国区)酒店数量,,家,周,2024-04-21T00:00:00Z,10190,,,,酒店之家(STR)
酒店集团,锦江(中国区)平均客房价,,元,周,2024-04-28T00:00:00Z,238.81,,,,酒店之家(STR)
酒店集团,锦江(中国区)酒店数量,,家,周,2024-04-28T00:00:00Z,10213,,,,酒店之家(STR)
酒店集团,锦江(中国区)平均客房价,,元,周,2024-05-05T00:00:00Z,282.74,,,,酒店之家(STR)
酒店集团,锦江(中国区)酒店数量,,家,周,2024-05-05T00:00:00Z,10271,,,,酒店之家(STR)
酒店集团,锦江(中国区)平均客房价,,元,周,2024-05-12T00:00:00Z,216.93,,,,酒店之家(STR)
酒店集团,锦江(中国区)酒店数量,,家,周,2024-05-12T00:00:00Z,10261,,,,酒店之家(STR)
酒店集团,锦江(中国区)平均客房价,,元,周,2024-05-19T00:00:00Z,224.28,,,,酒店之家(STR)
酒店集团,锦江(中国区)酒店数量,,家,周,2024-05-19T00:00:00Z,10261,,,,酒店之家(STR)
酒店集团,锦江(中国区)平均客房价,,元,周,2024-05-26T00:00:00Z,223.3,,,,酒店之家(STR)
酒店集团,锦江(中国区)酒店数量,,家,周,2024-05-26T00:00:00Z,10269,,,,酒店之家(STR)
酒店集团,锦江(中国区)平均客房价,,元,周,2024-06-02T00:00:00Z,222.91,,,,酒店之家(STR)
酒店集团,锦江(中国区)酒店数量,,家,周,2024-06-02T00:00:00Z,10260,,,,酒店之家(STR)
酒店集团,锦江(中国区)平均客房价,,元,周,2024-06-09T00:00:00Z,228.5,,,,酒店之家(STR)
酒店集团,锦江(中国区)酒店数量,,家,周,2024-06-09T00:00:00Z,10279,,,,酒店之家(STR)
酒店集团,锦江(中国区)平均客房价,,元,周,2024-06-16T00:00:00Z,222.52,,,,酒店之家(STR)
酒店集团,锦江(中国区)酒店数量,,家,周,2024-06-16T00:00:00Z,10289,,,,酒店之家(STR)
酒店集团,锦江(中国区)平均客房价,,元,周,2024-06-23T00:00:00Z,225.75,,,,酒店之家(STR)
酒店集团,锦江(中国区)酒店数量,,家,周,2024-06-23T00:00:00Z,10294,,,,酒店之家(STR)
酒店集团,锦江(中国区)平均客房价,,元,周,2024-06-30T00:00:00Z,230.17,,,,酒店之家(STR)
酒店集团,锦江(中国区)酒店数量,,家,周,2024-06-30T00:00:00Z,10308,,,,酒店之家(STR)
酒店集团,锦江(中国区)平均客房价,,元,周,2024-07-07T00:00:00Z,239.57,,,,酒店之家(STR)
酒店集团,锦江(中国区)酒店数量,,家,周,2024-07-07T00:00:00Z,10345,,,,酒店之家(STR)
酒店集团,锦江(中国区)平均客房价,,元,周,2024-07-14T00:00:00Z,246.15,,,,酒店之家(STR)
酒店集团,锦江(中国区)酒店数量,,家,周,2024-07-14T00:00:00Z,10376,,,,酒店之家(STR)
酒店集团,锦江(中国区)平均客房价,,元,周,2024-07-21T00:00:00Z,253.17,,,,酒店之家(STR)
酒店集团,锦江(中国区)酒店数量,,家,周,2024-07-21T00:00:00Z,10402,,,,酒店之家(STR)
酒店集团,锦江(中国区)平均客房价,,元,周,2024-07-28T00:00:00Z,252.12,,,,酒店之家(STR)
酒店集团,锦江(中国区)酒店数量,,家,周,2024-07-28T00:00:00Z,10418,,,,酒店之家(STR)
酒店集团,锦江(中国区)平均客房价,,元,周,2024-08-04T00:00:00Z,256.85,,,,酒店之家(STR)
酒店集团,锦江(中国区)酒店数量,,家,周,2024-08-04T00:00:00Z,10426,,,,酒店之家(STR)
酒店集团,锦江(中国区)平均客房价,,元,周,2024-08-11T00:00:00Z,265.55,,,,酒店之家(STR)
酒店集团,锦江(中国区)酒店数量,,家,周,2024-08-11T00:00:00Z,10434,,,,酒店之家(STR)
酒店集团,锦江(中国区)平均客房价,,元,周,2024-08-18T00:00:00Z,258.51,,,,酒店之家(STR)
酒店集团,锦江(中国区)酒店数量,,家,周,2024-08-18T00:00:00Z,10440,,,,酒店之家(STR)
酒店集团,锦江(中国区)平均客房价,,元,周,2024-08-25T00:00:00Z,244.84,,,,酒店之家(STR)
酒店集团,锦江(中国区)酒店数量,,家,周,2024-08-25T00:00:00Z,10443,,,,酒店之家(STR)
酒店集团,锦江(中国区)平均客房价,,元,周,2024-09-01T00:00:00Z,225.47,,,,酒店之家(STR)
酒店集团,锦江(中国区)酒店数量,,家,周,2024-09-01T00:00:00Z,10446,,,,酒店之家(STR)
酒店集团,锦江(中国区)平均客房价,,元,周,2024-09-08T00:00:00Z,219.82,,,,酒店之家(STR)
酒店集团,锦江(中国区)酒店数量,,家,周,2024-09-08T00:00:00Z,10453,,,,酒店之家(STR)
酒店集团,锦江(中国区)平均客房价,,元,周,2024-09-15T00:00:00Z,220.56,,,,酒店之家(STR)
酒店集团,锦江(中国区)酒店数量,,家,周,2024-09-15T00:00:00Z,10470,,,,酒店之家(STR)
酒店集团,锦江(中国区)平均客房价,,元,周,2024-09-22T00:00:00Z,222.29,,,,酒店之家(STR)
酒店集团,锦江(中国区)酒店数量,,家,周,2024-09-22T00:00:00Z,10480,,,,酒店之家(STR)
酒店集团,锦江(中国区)平均客房价,,元,周,2024-09-29T00:00:00Z,232.16,,,,酒店之家(STR)
酒店集团,锦江(中国区)酒店数量,,家,周,2024-09-29T00:00:00Z,10508,,,,酒店之家(STR)
酒店集团,锦江(中国区)平均客房价,,元,周,2024-10-06T00:00:00Z,286.04,,,,酒店之家(STR)
酒店集团,锦江(中国区)酒店数量,,家,周,2024-10-06T00:00:00Z,10541,,,,酒店之家(STR)
酒店集团,锦江(中国区)平均客房价,,元,周,2024-10-13T00:00:00Z,212.58,,,,酒店之家(STR)
酒店集团,锦江(中国区)酒店数量,,家,周,2024-10-13T00:00:00Z,10524,,,,酒店之家(STR)
酒店集团,锦江(中国区)平均客房价,,元,周,2024-10-20T00:00:00Z,220.99,,,,酒店之家(STR)
酒店集团,锦江(中国区)酒店数量,,家,周,2024-10-20T00:00:00Z,10508,,,,酒店之家(STR)
酒店集团,锦江(中国区)平均客房价,,元,周,2024-10-27T00:00:00Z,218.69,,,,酒店之家(STR)
酒店集团,锦江(中国区)酒店数量,,家,周,2024-10-27T00:00:00Z,10500,,,,酒店之家(STR)
酒店集团,锦江(中国区)平均客房价,,元,周,2024-11-03T00:00:00Z,217.44,,,,酒店之家(STR)
酒店集团,锦江(中国区)酒店数量,,家,周,2024-11-03T00:00:00Z,10488,,,,酒店之家(STR)
酒店集团,锦江(中国区)平均客房价,,元,周,2024-11-10T00:00:00Z,214.7,,,,酒店之家(STR)
酒店集团,锦江(中国区)酒店数量,,家,周,2024-11-10T00:00:00Z,10496,,,,酒店之家(STR)
酒店集团,锦江(中国区)平均客房价,,元,周,2024-11-17T00:00:00Z,215.51,,,,酒店之家(STR)
酒店集团,锦江(中国区)酒店数量,,家,周,2024-11-17T00:00:00Z,10465,,,,酒店之家(STR)
酒店集团,锦江(中国区)平均客房价,,元,周,2024-11-24T00:00:00Z,213.39,,,,酒店之家(STR)
酒店集团,锦江(中国区)酒店数量,,家,周,2024-11-24T00:00:00Z,10462,,,,酒店之家(STR)
酒店集团,锦江(中国区)平均客房价,,元,周,2024-12-01T00:00:00Z,213.11,,,,酒店之家(STR)
酒店集团,锦江(中国区)酒店数量,,家,周,2024-12-01T00:00:00Z,10457,,,,酒店之家(STR)
酒店集团,锦江(中国区)平均客房价,,元,周,2024-12-08T00:00:00Z,211.3,,,,酒店之家(STR)
酒店集团,锦江(中国区)酒店数量,,家,周,2024-12-08T00:00:00Z,10453,,,,酒店之家(STR)
酒店集团,锦江(中国区)平均客房价,,元,周,2024-12-15T00:00:00Z,211.6,,,,酒店之家(STR)
酒店集团,锦江(中国区)酒店数量,,家,周,2024-12-15T00:00:00Z,10457,,,,酒店之家(STR)
酒店集团,锦江(中国区)平均客房价,,元,周,2024-12-22T00:00:00Z,213.02,,,,酒店之家(STR)
酒店集团,锦江(中国区)酒店数量,,家,周,2024-12-22T00:00:00Z,10451,,,,酒店之家(STR)
酒店集团,锦江(中国区)平均客房价,,元,周,2024-12-29T00:00:00Z,213.97,,,,酒店之家(STR)
酒店集团,锦江(中国区)酒店数量,,家,周,2024-12-29T00:00:00Z,10459,,,,酒店之家(STR)
酒店集团,锦江(中国区)平均客房价,,元,周,2025-01-05T00:00:00Z,215.67,,,,酒店之家(STR)
酒店集团,锦江(中国区)酒店数量,,家,周,2025-01-05T00:00:00Z,10474,,,,酒店之家(STR)
酒店集团,锦江(中国区)平均客房价,,元,周,2025-01-12T00:00:00Z,213,,,,酒店之家(STR)
酒店集团,锦江(中国区)酒店数量,,家,周,2025-01-12T00:00:00Z,10485,,,,酒店之家(STR)
酒店集团,锦江(中国区)平均客房价,,元,周,2025-01-19T00:00:00Z,215.95,,,,酒店之家(STR)
酒店集团,锦江(中国区)酒店数量,,家,周,2025-01-19T00:00:00Z,10504,,,,酒店之家(STR)
酒店集团,锦江(中国区)平均客房价,,元,周,2025-01-26T00:00:00Z,221.03,,,,酒店之家(STR)
酒店集团,锦江(中国区)酒店数量,,家,周,2025-01-26T00:00:00Z,10551,,,,酒店之家(STR)
酒店集团,锦江(中国区)平均客房价,,元,周,2025-02-02T00:00:00Z,279.45,,,,酒店之家(STR)
酒店集团,锦江(中国区)酒店数量,,家,周,2025-02-02T00:00:00Z,10571,,,,酒店之家(STR)
酒店集团,锦江(中国区)平均客房价,,元,周,2025-02-09T00:00:00Z,224.35,,,,酒店之家(STR)
酒店集团,锦江(中国区)酒店数量,,家,周,2025-02-09T00:00:00Z,10507,,,,酒店之家(STR)
酒店集团,锦江(中国区)平均客房价,,元,周,2025-02-16T00:00:00Z,212.93,,,,酒店之家(STR)
酒店集团,锦江(中国区)酒店数量,,家,周,2025-02-16T00:00:00Z,10582,,,,酒店之家(STR)
酒店集团,锦江(中国区)平均客房价,,元,周,2025-02-23T00:00:00Z,213.36,,,,酒店之家(STR)
酒店集团,锦江(中国区)酒店数量,,家,周,2025-02-23T00:00:00Z,10589,,,,酒店之家(STR)
酒店集团,锦江(中国区)平均客房价,,元,周,2025-03-02T00:00:00Z,212.18,,,,酒店之家(STR)
酒店集团,锦江(中国区)酒店数量,,家,周,2025-03-02T00:00:00Z,10571,,,,酒店之家(STR)
酒店集团,锦江(中国区)平均客房价,,元,周,2025-03-09T00:00:00Z,213.89,,,,酒店之家(STR)
酒店集团,锦江(中国区)酒店数量,,家,周,2025-03-09T00:00:00Z,10570,,,,酒店之家(STR)
酒店集团,锦江(中国区)平均客房价,,元,周,2025-03-16T00:00:00Z,219.66,,,,酒店之家(STR)
酒店集团,锦江(中国区)酒店数量,,家,周,2025-03-16T00:00:00Z,10577,,,,酒店之家(STR)
酒店集团,锦江(中国区)平均客房价,,元,周,2025-03-23T00:00:00Z,224.87,,,,酒店之家(STR)
酒店集团,锦江(中国区)酒店数量,,家,周,2025-03-23T00:00:00Z,10568,,,,酒店之家(STR)
酒店集团,锦江(中国区)平均客房价,,元,周,2025-03-30T00:00:00Z,228.13,,,,酒店之家(STR)
酒店集团,锦江(中国区)酒店数量,,家,周,2025-03-30T00:00:00Z,10572,,,,酒店之家(STR)
酒店集团,锦江(中国区)平均客房价,,元,周,2025-04-06T00:00:00Z,234.45,,,,酒店之家(STR)
酒店集团,锦江(中国区)酒店数量,,家,周,2025-04-06T00:00:00Z,10568,,,,酒店之家(STR)
酒店集团,锦江(中国区)平均客房价,,元,周,2025-04-13T00:00:00Z,231.17,,,,酒店之家(STR)
酒店集团,锦江(中国区)酒店数量,,家,周,2025-04-13T00:00:00Z,10571,,,,酒店之家(STR)
酒店集团,锦江(中国区)平均客房价,,元,周,2025-04-20T00:00:00Z,244.61,,,,酒店之家(STR)
酒店集团,锦江(中国区)酒店数量,,家,周,2025-04-20T00:00:00Z,10562,,,,酒店之家(STR)
酒店集团,锦江(中国区)平均客房价,,元,周,2025-04-27T00:00:00Z,247.03,,,,酒店之家(STR)
酒店集团,锦江(中国区)酒店数量,,家,周,2025-04-27T00:00:00Z,10572,,,,酒店之家(STR)
酒店集团,锦江(中国区)平均客房价,,元,周,2025-05-04T00:00:00Z,302.02,,,,酒店之家(STR)
酒店集团,锦江(中国区)酒店数量,,家,周,2025-05-04T00:00:00Z,10617,,,,酒店之家(STR)
酒店集团,锦江(中国区)平均客房价,,元,周,2025-05-11T00:00:00Z,219.93,,,,酒店之家(STR)
酒店集团,锦江(中国区)酒店数量,,家,周,2025-05-11T00:00:00Z,10615,,,,酒店之家(STR)
酒店集团,锦江(中国区)平均客房价,,元,周,2025-05-18T00:00:00Z,227.58,,,,酒店之家(STR)
酒店集团,锦江(中国区)酒店数量,,家,周,2025-05-18T00:00:00Z,10613,,,,酒店之家(STR)
酒店集团,锦江(中国区)平均客房价,,元,周,2025-05-25T00:00:00Z,227.47,,,,酒店之家(STR)
酒店集团,锦江(中国区)酒店数量,,家,周,2025-05-25T00:00:00Z,10604,,,,酒店之家(STR)
酒店集团,锦江(中国区)平均客房价,,元,周,2025-06-01T00:00:00Z,228.39,,,,酒店之家(STR)
酒店集团,锦江(中国区)酒店数量,,家,周,2025-06-01T00:00:00Z,10627,,,,酒店之家(STR)
酒店集团,锦江(中国区)平均客房价,,元,周,2025-06-08T00:00:00Z,221.67,,,,酒店之家(STR)
酒店集团,锦江(中国区)酒店数量,,家,周,2025-06-08T00:00:00Z,10632,,,,酒店之家(STR)
酒店集团,锦江(中国区)平均客房价,,元,周,2025-06-15T00:00:00Z,225,,,,酒店之家(STR)
酒店集团,锦江(中国区)酒店数量,,家,周,2025-06-15T00:00:00Z,10642,,,,酒店之家(STR)
酒店集团,锦江(中国区)平均客房价,,元,周,2025-06-22T00:00:00Z,227.6,,,,酒店之家(STR)
酒店集团,锦江(中国区)酒店数量,,家,周,2025-06-22T00:00:00Z,10635,,,,酒店之家(STR)
酒店集团,锦江(中国区)平均客房价,,元,周,2025-06-29T00:00:00Z,230.86,,,,酒店之家(STR)
酒店集团,锦江(中国区)酒店数量,,家,周,2025-06-29T00:00:00Z,10662,,,,酒店之家(STR)
酒店集团,锦江(中国区)平均客房价,,元,周,2025-07-06T00:00:00Z,237.63,,,,酒店之家(STR)
酒店集团,锦江(中国区)酒店数量,,家,周,2025-07-06T00:00:00Z,10674,,,,酒店之家(STR)
酒店集团,锦江(中国区)平均客房价,,元,周,2025-07-13T00:00:00Z,245.78,,,,酒店之家(STR)
酒店集团,锦江(中国区)酒店数量,,家,周,2025-07-13T00:00:00Z,10678,,,,酒店之家(STR)
酒店集团,锦江(中国区)平均客房价,,元,周,2025-07-20T00:00:00Z,249.65,,,,酒店之家(STR)
酒店集团,锦江(中国区)酒店数量,,家,周,2025-07-20T00:00:00Z,10694,,,,酒店之家(STR)
酒店集团,锦江(中国区)平均客房价,,元,周,2025-07-27T00:00:00Z,252.25,,,,酒店之家(STR)
酒店集团,锦江(中国区)酒店数量,,家,周,2025-07-27T00:00:00Z,10686,,,,酒店之家(STR)
酒店集团,锦江(中国区)平均客房价,,元,周,2025-08-03T00:00:00Z,256.75,,,,酒店之家(STR)
酒店集团,锦江(中国区)酒店数量,,家,周,2025-08-03T00:00:00Z,10697,,,,酒店之家(STR)
酒店集团,锦江(中国区)平均客房价,,元,周,2025-08-10T00:00:00Z,265.38,,,,酒店之家(STR)
酒店集团,锦江(中国区)酒店数量,,家,周,2025-08-10T00:00:00Z,10693,,,,酒店之家(STR)
酒店集团,锦江(中国区)平均客房价,,元,周,2025-08-17T00:00:00Z,260.83,,,,酒店之家(STR)
酒店集团,锦江(中国区)酒店数量,,家,周,2025-08-17T00:00:00Z,10689,,,,酒店之家(STR)
酒店集团,锦江(中国区)平均客房价,,元,周,2025-08-24T00:00:00Z,246.58,,,,酒店之家(STR)
酒店集团,锦江(中国区)酒店数量,,家,周,2025-08-24T00:00:00Z,10696,,,,酒店之家(STR)
酒店集团,锦江(中国区)平均客房价,,元,周,2025-08-31T00:00:00Z,231.04,,,,酒店之家(STR)
酒店集团,锦江(中国区)酒店数量,,家,周,2025-08-31T00:00:00Z,10690,,,,酒店之家(STR)
酒店集团,锦江(中国区)平均客房价,,元,周,2025-09-07T00:00:00Z,222.7,,,,酒店之家(STR)
酒店集团,锦江(中国区)酒店数量,,家,周,2025-09-07T00:00:00Z,10678,,,,酒店之家(STR)
酒店集团,锦江(中国区)平均客房价,,元,周,2025-09-14T00:00:00Z,228.56,,,,酒店之家(STR)
酒店集团,锦江(中国区)酒店数量,,家,周,2025-09-14T00:00:00Z,10671,,,,酒店之家(STR)
酒店集团,锦江(中国区)平均客房价,,元,周,2025-09-21T00:00:00Z,237.32,,,,酒店之家(STR)
酒店集团,锦江(中国区)酒店数量,,家,周,2025-09-21T00:00:00Z,10674,,,,酒店之家(STR)
酒店集团,锦江(中国区)平均客房价,,元,周,2025-09-28T00:00:00Z,242.3,,,,酒店之家(STR)
酒店集团,锦江(中国区)酒店数量,,家,周,2025-09-28T00:00:00Z,10678,,,,酒店之家(STR)
酒店集团,锦江(中国区)平均客房价,,元,周,2025-10-05T00:00:00Z,306.95,,,,酒店之家(STR)
酒店集团,锦江(中国区)酒店数量,,家,周,2025-10-05T00:00:00Z,10737,,,,酒店之家(STR)
酒店集团,锦江(中国区)平均客房价,,元,周,2025-10-12T00:00:00Z,216.07,,,,酒店之家(STR)
酒店集团,锦江(中国区)酒店数量,,家,周,2025-10-12T00:00:00Z,10730,,,,酒店之家(STR)
酒店集团,锦江(中国区)平均客房价,,元,周,2025-10-19T00:00:00Z,222.8,,,,酒店之家(STR)
酒店集团,锦江(中国区)酒店数量,,家,周,2025-10-19T00:00:00Z,10716,,,,酒店之家(STR)
酒店集团,锦江(中国区)平均客房价,,元,周,2025-10-26T00:00:00Z,222.71,,,,酒店之家(STR)
酒店集团,锦江(中国区)酒店数量,,家,周,2025-10-26T00:00:00Z,10703,,,,酒店之家(STR)
酒店集团,锦江(中国区)平均客房价,,元,周,2025-11-02T00:00:00Z,218.95,,,,酒店之家(STR)
酒店集团,锦江(中国区)酒店数量,,家,周,2025-11-02T00:00:00Z,10681,,,,酒店之家(STR)
酒店集团,锦江(中国区)平均客房价,,元,周,2025-11-09T00:00:00Z,217.14,,,,酒店之家(STR)
酒店集团,锦江(中国区)酒店数量,,家,周,2025-11-09T00:00:00Z,10667,,,,酒店之家(STR)
酒店集团,锦江(中国区)平均客房价,,元,周,2025-11-16T00:00:00Z,219.34,,,,酒店之家(STR)
酒店集团,锦江(中国区)酒店数量,,家,周,2025-11-16T00:00:00Z,10660,,,,酒店之家(STR)
酒店集团,锦江(中国区)平均客房价,,元,周,2025-11-23T00:00:00Z,216.06,,,,酒店之家(STR)
酒店集团,锦江(中国区)酒店数量,,家,周,2025-11-23T00:00:00Z,10623,,,,酒店之家(STR)
酒店集团,锦江(中国区)平均客房价,,元,周,2025-11-30T00:00:00Z,217,,,,酒店之家(STR)
酒店集团,锦江(中国区)酒店数量,,家,周,2025-11-30T00:00:00Z,10613,,,,酒店之家(STR)
酒店集团,锦江(中国区)平均客房价,,元,周,2025-12-07T00:00:00Z,216.51,,,,酒店之家(STR)
酒店集团,锦江(中国区)酒店数量,,家,周,2025-12-07T00:00:00Z,10589,,,,酒店之家(STR)
酒店集团,锦江(中国区)平均客房价,,元,周,2025-12-14T00:00:00Z,213.08,,,,酒店之家(STR)
酒店集团,锦江(中国区)酒店数量,,家,周,2025-12-14T00:00:00Z,10585,,,,酒店之家(STR)
酒店集团,锦江(中国区)平均客房价,,元,周,2025-12-21T00:00:00Z,215.07,,,,酒店之家(STR)
酒店集团,锦江(中国区)酒店数量,,家,周,2025-12-21T00:00:00Z,10572,,,,酒店之家(STR)
酒店集团,锦江(中国区)平均客房价,,元,周,2025-12-28T00:00:00Z,217.32,,,,酒店之家(STR)
酒店集团,锦江(中国区)酒店数量,,家,周,2025-12-28T00:00:00Z,10558,,,,酒店之家(STR)
酒店集团,锦江(中国区)平均客房价,,元,周,2026-01-04T00:00:00Z,227.03,,,,酒店之家(STR)
酒店集团,锦江(中国区)酒店数量,,家,周,2026-01-04T00:00:00Z,10534,,,,酒店之家(STR)
酒店集团,锦江(中国区)平均客房价,,元,周,2026-01-11T00:00:00Z,210.64,,,,酒店之家(STR)
酒店集团,锦江(中国区)酒店数量,,家,周,2026-01-11T00:00:00Z,10523,,,,酒店之家(STR)
酒店集团,锦江(中国区)平均客房价,,元,周,2026-01-18T00:00:00Z,214.55,,,,酒店之家(STR)
酒店集团,锦江(中国区)酒店数量,,家,周,2026-01-18T00:00:00Z,10530,,,,酒店之家(STR)
酒店集团,锦江(中国区)平均客房价,,元,周,2026-01-25T00:00:00Z,219.78,,,,酒店之家(STR)
酒店集团,锦江(中国区)酒店数量,,家,周,2026-01-25T00:00:00Z,10528,,,,酒店之家(STR)
酒店集团,锦江(中国区)平均客房价,,元,周,2026-02-01T00:00:00Z,222.76,,,,酒店之家(STR)
酒店集团,锦江(中国区)酒店数量,,家,周,2026-02-01T00:00:00Z,10539,,,,酒店之家(STR)
酒店集团,锦江(中国区)平均客房价,,元,周,2026-02-08T00:00:00Z,227.58,,,,酒店之家(STR)
酒店集团,锦江(中国区)酒店数量,,家,周,2026-02-08T00:00:00Z,10548,,,,酒店之家(STR)
酒店集团,锦江(中国区)平均客房价,,元,周,2026-02-15T00:00:00Z,234.88,,,,酒店之家(STR)
酒店集团,锦江(中国区)酒店数量,,家,周,2026-02-15T00:00:00Z,10597,,,,酒店之家(STR)
酒店集团,锦江(中国区)平均客房价,,元,周,2026-02-22T00:00:00Z,294.37,,,,酒店之家(STR)
酒店集团,锦江(中国区)酒店数量,,家,周,2026-02-22T00:00:00Z,10609,,,,酒店之家(STR)
酒店集团,锦江(中国区)平均客房价,,元,周,2026-03-01T00:00:00Z,213.78,,,,酒店之家(STR)
酒店集团,锦江(中国区)酒店数量,,家,周,2026-03-01T00:00:00Z,10595,,,,酒店之家(STR)
酒店集团,锦江(中国区)平均客房价,,元,周,2026-03-08T00:00:00Z,209.78,,,,酒店之家(STR)
酒店集团,锦江(中国区)酒店数量,,家,周,2026-03-08T00:00:00Z,10602,,,,酒店之家(STR)
酒店集团,锦江(中国区)平均客房价,,元,周,2026-03-15T00:00:00Z,218.32,,,,酒店之家(STR)
酒店集团,锦江(中国区)酒店数量,,家,周,2026-03-15T00:00:00Z,10608,,,,酒店之家(STR)
酒店集团,锦江(中国区)平均客房价,,元,周,2026-03-22T00:00:00Z,221.89,,,,酒店之家(STR)
酒店集团,锦江(中国区)酒店数量,,家,周,2026-03-22T00:00:00Z,10617,,,,酒店之家(STR)
酒店集团,锦江(中国区)平均客房价,,元,周,2026-03-29T00:00:00Z,224.86,,,,酒店之家(STR)
酒店集团,锦江(中国区)酒店数量,,家,周,2026-03-29T00:00:00Z,10616,,,,酒店之家(STR)
酒店集团,锦江(中国区)平均客房价,,元,周,2026-04-05T00:00:00Z,234.64,,,,酒店之家(STR)
酒店集团,锦江(中国区)酒店数量,,家,周,2026-04-05T00:00:00Z,10630,,,,酒店之家(STR)
酒店集团,锦江(中国区)平均客房价,,元,周,2026-04-12T00:00:00Z,222.39,,,,酒店之家(STR)
酒店集团,锦江(中国区)酒店数量,,家,周,2026-04-12T00:00:00Z,10618,,,,酒店之家(STR)
酒店集团,锦江(中国区)平均客房价,,元,周,2026-04-19T00:00:00Z,238.9,,,,酒店之家(STR)
酒店集团,锦江(中国区)酒店数量,,家,周,2026-04-19T00:00:00Z,10621,,,,酒店之家(STR)
酒店集团,锦江(中国区)平均客房价,,元,周,2026-04-26T00:00:00Z,238.39,,,,酒店之家(STR)
酒店集团,锦江(中国区)酒店数量,,家,周,2026-04-26T00:00:00Z,10633,,,,酒店之家(STR)
酒店集团,锦江(中国区)平均客房价,,元,周,2026-05-03T00:00:00Z,284.07,,,,酒店之家(STR)
酒店集团,锦江(中国区)酒店数量,,家,周,2026-05-03T00:00:00Z,10689,,,,酒店之家(STR)
酒店集团,锦江(中国区)平均客房价,,元,周,2026-05-10T00:00:00Z,211.05,,,,酒店之家(STR)
酒店集团,锦江(中国区)酒店数量,,家,周,2026-05-10T00:00:00Z,10686,,,,酒店之家(STR)
酒店集团,锦江(中国区)平均客房价,,元,周,2026-05-17T00:00:00Z,214.71,,,,酒店之家(STR)
酒店集团,锦江(中国区)酒店数量,,家,周,2026-05-17T00:00:00Z,10686,,,,酒店之家(STR)
酒店集团,锦江(中国区)平均客房价,,元,周,2026-05-24T00:00:00Z,215.3,,,,酒店之家(STR)
酒店集团,锦江(中国区)酒店数量,,家,周,2026-05-24T00:00:00Z,10681,,,,酒店之家(STR)
酒店集团,锦江(中国区)平均客房价,,元,周,2026-05-31T00:00:00Z,213.93,,,,酒店之家(STR)
酒店集团,锦江(中国区)酒店数量,,家,周,2026-05-31T00:00:00Z,10681,,,,酒店之家(STR)
酒店集团,锦江(中国区)平均客房价,,元,周,2026-06-07T00:00:00Z,211.92,,,,酒店之家(STR)
酒店集团,锦江(中国区)酒店数量,,家,周,2026-06-07T00:00:00Z,10681,,,,酒店之家(STR)
酒店集团,锦江(中国区)平均客房价,,元,周,2026-06-14T00:00:00Z,213.41,,,,酒店之家(STR)
酒店集团,锦江(中国区)酒店数量,,家,周,2026-06-14T00:00:00Z,10671,,,,酒店之家(STR)
酒店集团,锦江(中国区)平均客房价,,元,周,2026-06-21T00:00:00Z,214.27,,,,酒店之家(STR)
酒店集团,锦江(中国区)酒店数量,,家,周,2026-06-21T00:00:00Z,10674,,,,酒店之家(STR)
酒店集团,锦江(中国区)平均客房价,,元,周,2026-06-28T00:00:00Z,213.22,,,,酒店之家(STR)
酒店集团,锦江(中国区)酒店数量,,家,周,2026-06-28T00:00:00Z,10662,,,,酒店之家(STR)
酒店集团,锦江(中国区)平均客房价,,元,周,2026-07-05T00:00:00Z,217.06,,,,酒店之家(STR)
酒店集团,锦江(中国区)酒店数量,,家,周,2026-07-05T00:00:00Z,10678,,,,酒店之家(STR)
酒店集团,锦江(中国区)平均客房价,,元,周,2026-07-12T00:00:00Z,224.26,,,,酒店之家(STR)
酒店集团,锦江(中国区)酒店数量,,家,周,2026-07-12T00:00:00Z,10695,,,,酒店之家(STR)
酒店集团,锦江(中国区)平均客房价,,元,周,2026-07-19T00:00:00Z,232.7,,,,酒店之家(STR)
酒店集团,锦江(中国区)酒店数量,,家,周,2026-07-19T00:00:00Z,10703,,,,酒店之家(STR)
酒店集团,锦江(中国区)平均客房价,,元,周,2026-07-26T00:00:00Z,238.11,,,,酒店之家(STR)
酒店集团,锦江(中国区)酒店数量,,家,周,2026-07-26T00:00:00Z,10709,,,,酒店之家(STR)
酒店集团,锦江(中国区)平均客房价,,元,周,2026-08-02T00:00:00Z,244.31,,,,酒店之家(STR)
酒店集团,锦江(中国区)酒店数量,,家,周,2026-08-02T00:00:00Z,10722,,,,酒店之家(STR)
酒店集团,亚朵平均客房价,,元,周,2024-01-07T00:00:00Z,376.19,,,,酒店之家(STR)
酒店集团,亚朵酒店数量,,家,周,2024-01-07T00:00:00Z,1205,,,,酒店之家(STR)
酒店集团,亚朵平均客房价,,元,周,2024-01-14T00:00:00Z,390.97,,,,酒店之家(STR)
酒店集团,亚朵酒店数量,,家,周,2024-01-14T00:00:00Z,1209,,,,酒店之家(STR)
酒店集团,亚朵平均客房价,,元,周,2024-01-21T00:00:00Z,398.31,,,,酒店之家(STR)
酒店集团,亚朵酒店数量,,家,周,2024-01-21T00:00:00Z,1219,,,,酒店之家(STR)
酒店集团,亚朵平均客房价,,元,周,2024-01-28T00:00:00Z,406.88,,,,酒店之家(STR)
酒店集团,亚朵酒店数量,,家,周,2024-01-28T00:00:00Z,1224,,,,酒店之家(STR)
酒店集团,亚朵平均客房价,,元,周,2024-02-04T00:00:00Z,404.69,,,,酒店之家(STR)
酒店集团,亚朵酒店数量,,家,周,2024-02-04T00:00:00Z,1240,,,,酒店之家(STR)
酒店集团,亚朵平均客房价,,元,周,2024-02-11T00:00:00Z,453.71,,,,酒店之家(STR)
酒店集团,亚朵酒店数量,,家,周,2024-02-11T00:00:00Z,1257,,,,酒店之家(STR)
酒店集团,亚朵平均客房价,,元,周,2024-02-18T00:00:00Z,442.95,,,,酒店之家(STR)
酒店集团,亚朵酒店数量,,家,周,2024-02-18T00:00:00Z,1261,,,,酒店之家(STR)
酒店集团,亚朵平均客房价,,元,周,2024-02-25T00:00:00Z,372.05,,,,酒店之家(STR)
酒店集团,亚朵酒店数量,,家,周,2024-02-25T00:00:00Z,1263,,,,酒店之家(STR)
酒店集团,亚朵平均客房价,,元,周,2024-03-03T00:00:00Z,385.54,,,,酒店之家(STR)
酒店集团,亚朵酒店数量,,家,周,2024-03-03T00:00:00Z,1270,,,,酒店之家(STR)
酒店集团,亚朵平均客房价,,元,周,2024-03-10T00:00:00Z,400.38,,,,酒店之家(STR)
酒店集团,亚朵酒店数量,,家,周,2024-03-10T00:00:00Z,1276,,,,酒店之家(STR)
酒店集团,亚朵平均客房价,,元,周,2024-03-17T00:00:00Z,404.76,,,,酒店之家(STR)
酒店集团,亚朵酒店数量,,家,周,2024-03-17T00:00:00Z,1280,,,,酒店之家(STR)
酒店集团,亚朵平均客房价,,元,周,2024-03-24T00:00:00Z,407.5,,,,酒店之家(STR)
酒店集团,亚朵酒店数量,,家,周,2024-03-24T00:00:00Z,1283,,,,酒店之家(STR)
酒店集团,亚朵平均客房价,,元,周,2024-03-31T00:00:00Z,417.24,,,,酒店之家(STR)
酒店集团,亚朵酒店数量,,家,周,2024-03-31T00:00:00Z,1299,,,,酒店之家(STR)
酒店集团,亚朵平均客房价,,元,周,2024-04-07T00:00:00Z,405.52,,,,酒店之家(STR)
酒店集团,亚朵酒店数量,,家,周,2024-04-07T00:00:00Z,1304,,,,酒店之家(STR)
酒店集团,亚朵平均客房价,,元,周,2024-04-14T00:00:00Z,425.42,,,,酒店之家(STR)
酒店集团,亚朵酒店数量,,家,周,2024-04-14T00:00:00Z,1304,,,,酒店之家(STR)
酒店集团,亚朵平均客房价,,元,周,2024-04-21T00:00:00Z,450.25,,,,酒店之家(STR)
酒店集团,亚朵酒店数量,,家,周,2024-04-21T00:00:00Z,1309,,,,酒店之家(STR)
酒店集团,亚朵平均客房价,,元,周,2024-04-28T00:00:00Z,442.81,,,,酒店之家(STR)
酒店集团,亚朵酒店数量,,家,周,2024-04-28T00:00:00Z,1326,,,,酒店之家(STR)
酒店集团,亚朵平均客房价,,元,周,2024-05-05T00:00:00Z,479.14,,,,酒店之家(STR)
酒店集团,亚朵酒店数量,,家,周,2024-05-05T00:00:00Z,1351,,,,酒店之家(STR)
酒店集团,亚朵平均客房价,,元,周,2024-05-12T00:00:00Z,394.71,,,,酒店之家(STR)
酒店集团,亚朵酒店数量,,家,周,2024-05-12T00:00:00Z,1355,,,,酒店之家(STR)
酒店集团,亚朵平均客房价,,元,周,2024-05-19T00:00:00Z,419.36,,,,酒店之家(STR)
酒店集团,亚朵酒店数量,,家,周,2024-05-19T00:00:00Z,1362,,,,酒店之家(STR)
酒店集团,亚朵平均客房价,,元,周,2024-05-26T00:00:00Z,414.76,,,,酒店之家(STR)
酒店集团,亚朵酒店数量,,家,周,2024-05-26T00:00:00Z,1367,,,,酒店之家(STR)
酒店集团,亚朵平均客房价,,元,周,2024-06-02T00:00:00Z,396.23,,,,酒店之家(STR)
酒店集团,亚朵酒店数量,,家,周,2024-06-02T00:00:00Z,1372,,,,酒店之家(STR)
酒店集团,亚朵平均客房价,,元,周,2024-06-09T00:00:00Z,393.5,,,,酒店之家(STR)
酒店集团,亚朵酒店数量,,家,周,2024-06-09T00:00:00Z,1380,,,,酒店之家(STR)
酒店集团,亚朵平均客房价,,元,周,2024-06-16T00:00:00Z,391.56,,,,酒店之家(STR)
酒店集团,亚朵酒店数量,,家,周,2024-06-16T00:00:00Z,1383,,,,酒店之家(STR)
酒店集团,亚朵平均客房价,,元,周,2024-06-23T00:00:00Z,418.9,,,,酒店之家(STR)
酒店集团,亚朵酒店数量,,家,周,2024-06-23T00:00:00Z,1394,,,,酒店之家(STR)
酒店集团,亚朵平均客房价,,元,周,2024-06-30T00:00:00Z,414.41,,,,酒店之家(STR)
酒店集团,亚朵酒店数量,,家,周,2024-06-30T00:00:00Z,1403,,,,酒店之家(STR)
酒店集团,亚朵平均客房价,,元,周,2024-07-07T00:00:00Z,429.77,,,,酒店之家(STR)
酒店集团,亚朵酒店数量,,家,周,2024-07-07T00:00:00Z,1413,,,,酒店之家(STR)
酒店集团,亚朵平均客房价,,元,周,2024-07-14T00:00:00Z,437.21,,,,酒店之家(STR)
酒店集团,亚朵酒店数量,,家,周,2024-07-14T00:00:00Z,1422,,,,酒店之家(STR)
酒店集团,亚朵平均客房价,,元,周,2024-07-21T00:00:00Z,451.14,,,,酒店之家(STR)
酒店集团,亚朵酒店数量,,家,周,2024-07-21T00:00:00Z,1434,,,,酒店之家(STR)
酒店集团,亚朵平均客房价,,元,周,2024-07-28T00:00:00Z,454.08,,,,酒店之家(STR)
酒店集团,亚朵酒店数量,,家,周,2024-07-28T00:00:00Z,1442,,,,酒店之家(STR)
酒店集团,亚朵平均客房价,,元,周,2024-08-04T00:00:00Z,457.17,,,,酒店之家(STR)
酒店集团,亚朵酒店数量,,家,周,2024-08-04T00:00:00Z,1448,,,,酒店之家(STR)
酒店集团,亚朵平均客房价,,元,周,2024-08-11T00:00:00Z,472.02,,,,酒店之家(STR)
酒店集团,亚朵酒店数量,,家,周,2024-08-11T00:00:00Z,1462,,,,酒店之家(STR)
酒店集团,亚朵平均客房价,,元,周,2024-08-18T00:00:00Z,454.27,,,,酒店之家(STR)
酒店集团,亚朵酒店数量,,家,周,2024-08-18T00:00:00Z,1462,,,,酒店之家(STR)
酒店集团,亚朵平均客房价,,元,周,2024-08-25T00:00:00Z,440.01,,,,酒店之家(STR)
酒店集团,亚朵酒店数量,,家,周,2024-08-25T00:00:00Z,1473,,,,酒店之家(STR)
酒店集团,亚朵平均客房价,,元,周,2024-09-01T00:00:00Z,404.29,,,,酒店之家(STR)
酒店集团,亚朵酒店数量,,家,周,2024-09-01T00:00:00Z,1484,,,,酒店之家(STR)
酒店集团,亚朵平均客房价,,元,周,2024-09-08T00:00:00Z,399.65,,,,酒店之家(STR)
酒店集团,亚朵酒店数量,,家,周,2024-09-08T00:00:00Z,1491,,,,酒店之家(STR)
酒店集团,亚朵平均客房价,,元,周,2024-09-15T00:00:00Z,399.7,,,,酒店之家(STR)
酒店集团,亚朵酒店数量,,家,周,2024-09-15T00:00:00Z,1502,,,,酒店之家(STR)
酒店集团,亚朵平均客房价,,元,周,2024-09-22T00:00:00Z,403.84,,,,酒店之家(STR)
酒店集团,亚朵酒店数量,,家,周,2024-09-22T00:00:00Z,1507,,,,酒店之家(STR)
酒店集团,亚朵平均客房价,,元,周,2024-09-29T00:00:00Z,425.33,,,,酒店之家(STR)
酒店集团,亚朵酒店数量,,家,周,2024-09-29T00:00:00Z,1519,,,,酒店之家(STR)
酒店集团,亚朵平均客房价,,元,周,2024-10-06T00:00:00Z,485.7,,,,酒店之家(STR)
酒店集团,亚朵酒店数量,,家,周,2024-10-06T00:00:00Z,1546,,,,酒店之家(STR)
酒店集团,亚朵平均客房价,,元,周,2024-10-13T00:00:00Z,381.24,,,,酒店之家(STR)
酒店集团,亚朵酒店数量,,家,周,2024-10-13T00:00:00Z,1548,,,,酒店之家(STR)
酒店集团,亚朵平均客房价,,元,周,2024-10-20T00:00:00Z,409.54,,,,酒店之家(STR)
酒店集团,亚朵酒店数量,,家,周,2024-10-20T00:00:00Z,1550,,,,酒店之家(STR)
酒店集团,亚朵平均客房价,,元,周,2024-10-27T00:00:00Z,408.42,,,,酒店之家(STR)
酒店集团,亚朵酒店数量,,家,周,2024-10-27T00:00:00Z,1558,,,,酒店之家(STR)
酒店集团,亚朵平均客房价,,元,周,2024-11-03T00:00:00Z,398.32,,,,酒店之家(STR)
酒店集团,亚朵酒店数量,,家,周,2024-11-03T00:00:00Z,1566,,,,酒店之家(STR)
酒店集团,亚朵平均客房价,,元,周,2024-11-10T00:00:00Z,395.3,,,,酒店之家(STR)
酒店集团,亚朵酒店数量,,家,周,2024-11-10T00:00:00Z,1576,,,,酒店之家(STR)
酒店集团,亚朵平均客房价,,元,周,2024-11-17T00:00:00Z,393.63,,,,酒店之家(STR)
酒店集团,亚朵酒店数量,,家,周,2024-11-17T00:00:00Z,1582,,,,酒店之家(STR)
酒店集团,亚朵平均客房价,,元,周,2024-11-24T00:00:00Z,393.29,,,,酒店之家(STR)
酒店集团,亚朵酒店数量,,家,周,2024-11-24T00:00:00Z,1591,,,,酒店之家(STR)
酒店集团,亚朵平均客房价,,元,周,2024-12-01T00:00:00Z,393.49,,,,酒店之家(STR)
酒店集团,亚朵酒店数量,,家,周,2024-12-01T00:00:00Z,1596,,,,酒店之家(STR)
酒店集团,亚朵平均客房价,,元,周,2024-12-08T00:00:00Z,390.71,,,,酒店之家(STR)
酒店集团,亚朵酒店数量,,家,周,2024-12-08T00:00:00Z,1600,,,,酒店之家(STR)
酒店集团,亚朵平均客房价,,元,周,2024-12-15T00:00:00Z,388.08,,,,酒店之家(STR)
酒店集团,亚朵酒店数量,,家,周,2024-12-15T00:00:00Z,1606,,,,酒店之家(STR)
酒店集团,亚朵平均客房价,,元,周,2024-12-22T00:00:00Z,386.55,,,,酒店之家(STR)
酒店集团,亚朵酒店数量,,家,周,2024-12-22T00:00:00Z,1609,,,,酒店之家(STR)
酒店集团,亚朵平均客房价,,元,周,2024-12-29T00:00:00Z,384.4,,,,酒店之家(STR)
酒店集团,亚朵酒店数量,,家,周,2024-12-29T00:00:00Z,1608,,,,酒店之家(STR)
酒店集团,亚朵平均客房价,,元,周,2025-01-05T00:00:00Z,382.7,,,,酒店之家(STR)
酒店集团,亚朵酒店数量,,家,周,2025-01-05T00:00:00Z,1623,,,,酒店之家(STR)
酒店集团,亚朵平均客房价,,元,周,2025-01-12T00:00:00Z,386.99,,,,酒店之家(STR)
酒店集团,亚朵酒店数量,,家,周,2025-01-12T00:00:00Z,1633,,,,酒店之家(STR)
酒店集团,亚朵平均客房价,,元,周,2025-01-19T00:00:00Z,394.61,,,,酒店之家(STR)
酒店集团,亚朵酒店数量,,家,周,2025-01-19T00:00:00Z,1636,,,,酒店之家(STR)
酒店集团,亚朵平均客房价,,元,周,2025-01-26T00:00:00Z,403.83,,,,酒店之家(STR)
酒店集团,亚朵酒店数量,,家,周,2025-01-26T00:00:00Z,1657,,,,酒店之家(STR)
酒店集团,亚朵平均客房价,,元,周,2025-02-02T00:00:00Z,497.49,,,,酒店之家(STR)
酒店集团,亚朵酒店数量,,家,周,2025-02-02T00:00:00Z,1676,,,,酒店之家(STR)
酒店集团,亚朵平均客房价,,元,周,2025-02-09T00:00:00Z,395.61,,,,酒店之家(STR)
酒店集团,亚朵酒店数量,,家,周,2025-02-09T00:00:00Z,1656,,,,酒店之家(STR)
酒店集团,亚朵平均客房价,,元,周,2025-02-16T00:00:00Z,386.05,,,,酒店之家(STR)
酒店集团,亚朵酒店数量,,家,周,2025-02-16T00:00:00Z,1677,,,,酒店之家(STR)
酒店集团,亚朵平均客房价,,元,周,2025-02-23T00:00:00Z,390.4,,,,酒店之家(STR)
酒店集团,亚朵酒店数量,,家,周,2025-02-23T00:00:00Z,1683,,,,酒店之家(STR)
酒店集团,亚朵平均客房价,,元,周,2025-03-02T00:00:00Z,392.57,,,,酒店之家(STR)
酒店集团,亚朵酒店数量,,家,周,2025-03-02T00:00:00Z,1685,,,,酒店之家(STR)
酒店集团,亚朵平均客房价,,元,周,2025-03-09T00:00:00Z,392.03,,,,酒店之家(STR)
酒店集团,亚朵酒店数量,,家,周,2025-03-09T00:00:00Z,1690,,,,酒店之家(STR)
酒店集团,亚朵平均客房价,,元,周,2025-03-16T00:00:00Z,398.41,,,,酒店之家(STR)
酒店集团,亚朵酒店数量,,家,周,2025-03-16T00:00:00Z,1701,,,,酒店之家(STR)
酒店集团,亚朵平均客房价,,元,周,2025-03-23T00:00:00Z,418.72,,,,酒店之家(STR)
酒店集团,亚朵酒店数量,,家,周,2025-03-23T00:00:00Z,1708,,,,酒店之家(STR)
酒店集团,亚朵平均客房价,,元,周,2025-03-30T00:00:00Z,418.78,,,,酒店之家(STR)
酒店集团,亚朵酒店数量,,家,周,2025-03-30T00:00:00Z,1718,,,,酒店之家(STR)
酒店集团,亚朵平均客房价,,元,周,2025-04-06T00:00:00Z,420.48,,,,酒店之家(STR)
酒店集团,亚朵酒店数量,,家,周,2025-04-06T00:00:00Z,1729,,,,酒店之家(STR)
酒店集团,亚朵平均客房价,,元,周,2025-04-13T00:00:00Z,422.73,,,,酒店之家(STR)
酒店集团,亚朵酒店数量,,家,周,2025-04-13T00:00:00Z,1734,,,,酒店之家(STR)
酒店集团,亚朵平均客房价,,元,周,2025-04-20T00:00:00Z,445.58,,,,酒店之家(STR)
酒店集团,亚朵酒店数量,,家,周,2025-04-20T00:00:00Z,1738,,,,酒店之家(STR)
酒店集团,亚朵平均客房价,,元,周,2025-04-27T00:00:00Z,446.98,,,,酒店之家(STR)
酒店集团,亚朵酒店数量,,家,周,2025-04-27T00:00:00Z,1744,,,,酒店之家(STR)
酒店集团,亚朵平均客房价,,元,周,2025-05-04T00:00:00Z,522.47,,,,酒店之家(STR)
酒店集团,亚朵酒店数量,,家,周,2025-05-04T00:00:00Z,1756,,,,酒店之家(STR)
酒店集团,亚朵平均客房价,,元,周,2025-05-11T00:00:00Z,398.66,,,,酒店之家(STR)
酒店集团,亚朵酒店数量,,家,周,2025-05-11T00:00:00Z,1762,,,,酒店之家(STR)
酒店集团,亚朵平均客房价,,元,周,2025-05-18T00:00:00Z,415.17,,,,酒店之家(STR)
酒店集团,亚朵酒店数量,,家,周,2025-05-18T00:00:00Z,1767,,,,酒店之家(STR)
酒店集团,亚朵平均客房价,,元,周,2025-05-25T00:00:00Z,411.14,,,,酒店之家(STR)
酒店集团,亚朵酒店数量,,家,周,2025-05-25T00:00:00Z,1772,,,,酒店之家(STR)
酒店集团,亚朵平均客房价,,元,周,2025-06-01T00:00:00Z,405.52,,,,酒店之家(STR)
酒店集团,亚朵酒店数量,,家,周,2025-06-01T00:00:00Z,1776,,,,酒店之家(STR)
酒店集团,亚朵平均客房价,,元,周,2025-06-08T00:00:00Z,395.56,,,,酒店之家(STR)
酒店集团,亚朵酒店数量,,家,周,2025-06-08T00:00:00Z,1776,,,,酒店之家(STR)
酒店集团,亚朵平均客房价,,元,周,2025-06-15T00:00:00Z,408.58,,,,酒店之家(STR)
酒店集团,亚朵酒店数量,,家,周,2025-06-15T00:00:00Z,1781,,,,酒店之家(STR)
酒店集团,亚朵平均客房价,,元,周,2025-06-22T00:00:00Z,418.86,,,,酒店之家(STR)
酒店集团,亚朵酒店数量,,家,周,2025-06-22T00:00:00Z,1788,,,,酒店之家(STR)
酒店集团,亚朵平均客房价,,元,周,2025-06-29T00:00:00Z,429.51,,,,酒店之家(STR)
酒店集团,亚朵酒店数量,,家,周,2025-06-29T00:00:00Z,1799,,,,酒店之家(STR)
酒店集团,亚朵平均客房价,,元,周,2025-07-06T00:00:00Z,443.09,,,,酒店之家(STR)
酒店集团,亚朵酒店数量,,家,周,2025-07-06T00:00:00Z,1827,,,,酒店之家(STR)
酒店集团,亚朵平均客房价,,元,周,2025-07-13T00:00:00Z,453.7,,,,酒店之家(STR)
酒店集团,亚朵酒店数量,,家,周,2025-07-13T00:00:00Z,1834,,,,酒店之家(STR)
酒店集团,亚朵平均客房价,,元,周,2025-07-20T00:00:00Z,461.66,,,,酒店之家(STR)
酒店集团,亚朵酒店数量,,家,周,2025-07-20T00:00:00Z,1836,,,,酒店之家(STR)
酒店集团,亚朵平均客房价,,元,周,2025-07-27T00:00:00Z,461.82,,,,酒店之家(STR)
酒店集团,亚朵酒店数量,,家,周,2025-07-27T00:00:00Z,1845,,,,酒店之家(STR)
酒店集团,亚朵平均客房价,,元,周,2025-08-03T00:00:00Z,457.45,,,,酒店之家(STR)
酒店集团,亚朵酒店数量,,家,周,2025-08-03T00:00:00Z,1853,,,,酒店之家(STR)
酒店集团,亚朵平均客房价,,元,周,2025-08-10T00:00:00Z,471.52,,,,酒店之家(STR)
酒店集团,亚朵酒店数量,,家,周,2025-08-10T00:00:00Z,1864,,,,酒店之家(STR)
酒店集团,亚朵平均客房价,,元,周,2025-08-17T00:00:00Z,462.42,,,,酒店之家(STR)
酒店集团,亚朵酒店数量,,家,周,2025-08-17T00:00:00Z,1871,,,,酒店之家(STR)
酒店集团,亚朵平均客房价,,元,周,2025-08-24T00:00:00Z,445.51,,,,酒店之家(STR)
酒店集团,亚朵酒店数量,,家,周,2025-08-24T00:00:00Z,1874,,,,酒店之家(STR)
酒店集团,亚朵平均客房价,,元,周,2025-08-31T00:00:00Z,410.22,,,,酒店之家(STR)
酒店集团,亚朵酒店数量,,家,周,2025-08-31T00:00:00Z,1880,,,,酒店之家(STR)
酒店集团,亚朵平均客房价,,元,周,2025-09-07T00:00:00Z,397.22,,,,酒店之家(STR)
酒店集团,亚朵酒店数量,,家,周,2025-09-07T00:00:00Z,1885,,,,酒店之家(STR)
酒店集团,亚朵平均客房价,,元,周,2025-09-14T00:00:00Z,413.66,,,,酒店之家(STR)
酒店集团,亚朵酒店数量,,家,周,2025-09-14T00:00:00Z,1889,,,,酒店之家(STR)
酒店集团,亚朵平均客房价,,元,周,2025-09-21T00:00:00Z,428.93,,,,酒店之家(STR)
酒店集团,亚朵酒店数量,,家,周,2025-09-21T00:00:00Z,1901,,,,酒店之家(STR)
酒店集团,亚朵平均客房价,,元,周,2025-09-28T00:00:00Z,435.1,,,,酒店之家(STR)
酒店集团,亚朵酒店数量,,家,周,2025-09-28T00:00:00Z,1909,,,,酒店之家(STR)
酒店集团,亚朵平均客房价,,元,周,2025-10-05T00:00:00Z,524.28,,,,酒店之家(STR)
酒店集团,亚朵酒店数量,,家,周,2025-10-05T00:00:00Z,1946,,,,酒店之家(STR)
酒店集团,亚朵平均客房价,,元,周,2025-10-12T00:00:00Z,386.18,,,,酒店之家(STR)
酒店集团,亚朵酒店数量,,家,周,2025-10-12T00:00:00Z,1946,,,,酒店之家(STR)
酒店集团,亚朵平均客房价,,元,周,2025-10-19T00:00:00Z,400.89,,,,酒店之家(STR)
酒店集团,亚朵酒店数量,,家,周,2025-10-19T00:00:00Z,1951,,,,酒店之家(STR)
酒店集团,亚朵平均客房价,,元,周,2025-10-26T00:00:00Z,402.23,,,,酒店之家(STR)
酒店集团,亚朵酒店数量,,家,周,2025-10-26T00:00:00Z,1956,,,,酒店之家(STR)
酒店集团,亚朵平均客房价,,元,周,2025-11-02T00:00:00Z,394.64,,,,酒店之家(STR)
酒店集团,亚朵酒店数量,,家,周,2025-11-02T00:00:00Z,1953,,,,酒店之家(STR)
酒店集团,亚朵平均客房价,,元,周,2025-11-09T00:00:00Z,391.84,,,,酒店之家(STR)
酒店集团,亚朵酒店数量,,家,周,2025-11-09T00:00:00Z,1953,,,,酒店之家(STR)
酒店集团,亚朵平均客房价,,元,周,2025-11-16T00:00:00Z,395.83,,,,酒店之家(STR)
酒店集团,亚朵酒店数量,,家,周,2025-11-16T00:00:00Z,1955,,,,酒店之家(STR)
酒店集团,亚朵平均客房价,,元,周,2025-11-23T00:00:00Z,392.43,,,,酒店之家(STR)
酒店集团,亚朵酒店数量,,家,周,2025-11-23T00:00:00Z,1962,,,,酒店之家(STR)
酒店集团,亚朵平均客房价,,元,周,2025-11-30T00:00:00Z,387.01,,,,酒店之家(STR)
酒店集团,亚朵酒店数量,,家,周,2025-11-30T00:00:00Z,1964,,,,酒店之家(STR)
酒店集团,亚朵平均客房价,,元,周,2025-12-07T00:00:00Z,385.14,,,,酒店之家(STR)
酒店集团,亚朵酒店数量,,家,周,2025-12-07T00:00:00Z,1965,,,,酒店之家(STR)
酒店集团,亚朵平均客房价,,元,周,2025-12-14T00:00:00Z,380.9,,,,酒店之家(STR)
酒店集团,亚朵酒店数量,,家,周,2025-12-14T00:00:00Z,1963,,,,酒店之家(STR)
酒店集团,亚朵平均客房价,,元,周,2025-12-21T00:00:00Z,385.06,,,,酒店之家(STR)
酒店集团,亚朵酒店数量,,家,周,2025-12-21T00:00:00Z,1967,,,,酒店之家(STR)
酒店集团,亚朵平均客房价,,元,周,2025-12-28T00:00:00Z,388.73,,,,酒店之家(STR)
酒店集团,亚朵酒店数量,,家,周,2025-12-28T00:00:00Z,1980,,,,酒店之家(STR)
酒店集团,亚朵平均客房价,,元,周,2026-01-04T00:00:00Z,399.41,,,,酒店之家(STR)
酒店集团,亚朵酒店数量,,家,周,2026-01-04T00:00:00Z,2002,,,,酒店之家(STR)
酒店集团,亚朵平均客房价,,元,周,2026-01-11T00:00:00Z,379.67,,,,酒店之家(STR)
酒店集团,亚朵酒店数量,,家,周,2026-01-11T00:00:00Z,2009,,,,酒店之家(STR)
酒店集团,亚朵平均客房价,,元,周,2026-01-18T00:00:00Z,388.02,,,,酒店之家(STR)
酒店集团,亚朵酒店数量,,家,周,2026-01-18T00:00:00Z,2011,,,,酒店之家(STR)
酒店集团,亚朵平均客房价,,元,周,2026-01-25T00:00:00Z,397.81,,,,酒店之家(STR)
酒店集团,亚朵酒店数量,,家,周,2026-01-25T00:00:00Z,2012,,,,酒店之家(STR)
酒店集团,亚朵平均客房价,,元,周,2026-02-01T00:00:00Z,401.85,,,,酒店之家(STR)
酒店集团,亚朵酒店数量,,家,周,2026-02-01T00:00:00Z,2018,,,,酒店之家(STR)
酒店集团,亚朵平均客房价,,元,周,2026-02-08T00:00:00Z,419.15,,,,酒店之家(STR)
酒店集团,亚朵酒店数量,,家,周,2026-02-08T00:00:00Z,2024,,,,酒店之家(STR)
酒店集团,亚朵平均客房价,,元,周,2026-02-15T00:00:00Z,436.97,,,,酒店之家(STR)
酒店集团,亚朵酒店数量,,家,周,2026-02-15T00:00:00Z,2061,,,,酒店之家(STR)
酒店集团,亚朵平均客房价,,元,周,2026-02-22T00:00:00Z,504.22,,,,酒店之家(STR)
酒店集团,亚朵酒店数量,,家,周,2026-02-22T00:00:00Z,2070,,,,酒店之家(STR)
酒店集团,亚朵平均客房价,,元,周,2026-03-01T00:00:00Z,383.31,,,,酒店之家(STR)
酒店集团,亚朵酒店数量,,家,周,2026-03-01T00:00:00Z,2071,,,,酒店之家(STR)
酒店集团,亚朵平均客房价,,元,周,2026-03-08T00:00:00Z,388.56,,,,酒店之家(STR)
酒店集团,亚朵酒店数量,,家,周,2026-03-08T00:00:00Z,2069,,,,酒店之家(STR)
酒店集团,亚朵平均客房价,,元,周,2026-03-15T00:00:00Z,399.33,,,,酒店之家(STR)
酒店集团,亚朵酒店数量,,家,周,2026-03-15T00:00:00Z,2074,,,,酒店之家(STR)
酒店集团,亚朵平均客房价,,元,周,2026-03-22T00:00:00Z,407.51,,,,酒店之家(STR)
酒店集团,亚朵酒店数量,,家,周,2026-03-22T00:00:00Z,2080,,,,酒店之家(STR)
酒店集团,亚朵平均客房价,,元,周,2026-03-29T00:00:00Z,412.79,,,,酒店之家(STR)
酒店集团,亚朵酒店数量,,家,周,2026-03-29T00:00:00Z,2086,,,,酒店之家(STR)
酒店集团,亚朵平均客房价,,元,周,2026-04-05T00:00:00Z,422.58,,,,酒店之家(STR)
酒店集团,亚朵酒店数量,,家,周,2026-04-05T00:00:00Z,2091,,,,酒店之家(STR)
酒店集团,亚朵平均客房价,,元,周,2026-04-12T00:00:00Z,409.25,,,,酒店之家(STR)
酒店集团,亚朵酒店数量,,家,周,2026-04-12T00:00:00Z,2091,,,,酒店之家(STR)
酒店集团,亚朵平均客房价,,元,周,2026-04-19T00:00:00Z,433.78,,,,酒店之家(STR)
酒店集团,亚朵酒店数量,,家,周,2026-04-19T00:00:00Z,2091,,,,酒店之家(STR)
酒店集团,亚朵平均客房价,,元,周,2026-04-26T00:00:00Z,445.05,,,,酒店之家(STR)
酒店集团,亚朵酒店数量,,家,周,2026-04-26T00:00:00Z,2098,,,,酒店之家(STR)
酒店集团,亚朵平均客房价,,元,周,2026-05-03T00:00:00Z,503.55,,,,酒店之家(STR)
酒店集团,亚朵酒店数量,,家,周,2026-05-03T00:00:00Z,2118,,,,酒店之家(STR)
酒店集团,亚朵平均客房价,,元,周,2026-05-10T00:00:00Z,389.3,,,,酒店之家(STR)
酒店集团,亚朵酒店数量,,家,周,2026-05-10T00:00:00Z,2121,,,,酒店之家(STR)
酒店集团,亚朵平均客房价,,元,周,2026-05-17T00:00:00Z,405.78,,,,酒店之家(STR)
酒店集团,亚朵酒店数量,,家,周,2026-05-17T00:00:00Z,2128,,,,酒店之家(STR)
酒店集团,亚朵平均客房价,,元,周,2026-05-24T00:00:00Z,405.7,,,,酒店之家(STR)
酒店集团,亚朵酒店数量,,家,周,2026-05-24T00:00:00Z,2131,,,,酒店之家(STR)
酒店集团,亚朵平均客房价,,元,周,2026-05-31T00:00:00Z,401.01,,,,酒店之家(STR)
酒店集团,亚朵酒店数量,,家,周,2026-05-31T00:00:00Z,2134,,,,酒店之家(STR)
酒店集团,亚朵平均客房价,,元,周,2026-06-07T00:00:00Z,393.91,,,,酒店之家(STR)
酒店集团,亚朵酒店数量,,家,周,2026-06-07T00:00:00Z,2139,,,,酒店之家(STR)
酒店集团,亚朵平均客房价,,元,周,2026-06-14T00:00:00Z,399.98,,,,酒店之家(STR)
酒店集团,亚朵酒店数量,,家,周,2026-06-14T00:00:00Z,2147,,,,酒店之家(STR)
酒店集团,亚朵平均客房价,,元,周,2026-06-21T00:00:00Z,403.7,,,,酒店之家(STR)
酒店集团,亚朵酒店数量,,家,周,2026-06-21T00:00:00Z,2157,,,,酒店之家(STR)
酒店集团,亚朵平均客房价,,元,周,2026-06-28T00:00:00Z,411.49,,,,酒店之家(STR)
酒店集团,亚朵酒店数量,,家,周,2026-06-28T00:00:00Z,2163,,,,酒店之家(STR)
酒店集团,亚朵平均客房价,,元,周,2026-07-05T00:00:00Z,420,,,,酒店之家(STR)
酒店集团,亚朵酒店数量,,家,周,2026-07-05T00:00:00Z,2179,,,,酒店之家(STR)
酒店集团,亚朵平均客房价,,元,周,2026-07-12T00:00:00Z,430.23,,,,酒店之家(STR)
酒店集团,亚朵酒店数量,,家,周,2026-07-12T00:00:00Z,2186,,,,酒店之家(STR)
酒店集团,亚朵平均客房价,,元,周,2026-07-19T00:00:00Z,440.04,,,,酒店之家(STR)
酒店集团,亚朵酒店数量,,家,周,2026-07-19T00:00:00Z,2191,,,,酒店之家(STR)
酒店集团,亚朵平均客房价,,元,周,2026-07-26T00:00:00Z,447.81,,,,酒店之家(STR)
酒店集团,亚朵酒店数量,,家,周,2026-07-26T00:00:00Z,2199,,,,酒店之家(STR)
酒店集团,亚朵平均客房价,,元,周,2026-08-02T00:00:00Z,456.15,,,,酒店之家(STR)
酒店集团,亚朵酒店数量,,家,周,2026-08-02T00:00:00Z,2211,,,,酒店之家(STR)
市占率,酒店集团市占率:亚朵,S012186481,%,年,2025-12-31T00:00:00Z,2.87,,,,同花顺iFinD(酒店之家)
市占率,酒店集团市占率:首旅如家,S012186477,%,年,2025-12-31T00:00:00Z,7.09,,,,同花顺iFinD(酒店之家)
市占率,酒店集团市占率:华住,S012186476,%,年,2025-12-31T00:00:00Z,16.14,,,,同花顺iFinD(酒店之家)
市占率,酒店集团市占率:锦江国际,S012186475,%,年,2025-12-31T00:00:00Z,17.47,,,,同花顺iFinD(酒店之家)
市占率,酒店集团市占率:东呈,S012186479,%,年,2025-12-31T00:00:00Z,2.9,,,,同花顺iFinD(酒店之家)
市占率,酒店集团市占率:格林,S012186478,%,年,2025-12-31T00:00:00Z,4.23,,,,同花顺iFinD(酒店之家)
市占率,酒店集团市占率:亚朵,S012186481,%,年,2024-12-31T00:00:00Z,2.59,,,,同花顺iFinD(酒店之家)
市占率,酒店集团市占率:首旅如家,S012186477,%,年,2024-12-31T00:00:00Z,7.33,,,,同花顺iFinD(酒店之家)
市占率,酒店集团市占率:华住,S012186476,%,年,2024-12-31T00:00:00Z,15.39,,,,同花顺iFinD(酒店之家)
市占率,酒店集团市占率:锦江国际,S012186475,%,年,2024-12-31T00:00:00Z,18.25,,,,同花顺iFinD(酒店之家)
市占率,酒店集团市占率:东呈,S012186479,%,年,2024-12-31T00:00:00Z,3.32,,,,同花顺iFinD(酒店之家)
市占率,酒店集团市占率:格林,S012186478,%,年,2024-12-31T00:00:00Z,4.64,,,,同花顺iFinD(酒店之家)
市占率,酒店集团市占率:亚朵,S012186481,%,年,2023-12-31T00:00:00Z,2.04,,,,同花顺iFinD(酒店之家)
市占率,酒店集团市占率:首旅如家,S012186477,%,年,2023-12-31T00:00:00Z,7.13,,,,同花顺iFinD(酒店之家)
市占率,酒店集团市占率:华住,S012186476,%,年,2023-12-31T00:00:00Z,13.5,,,,同花顺iFinD(酒店之家)
市占率,酒店集团市占率:锦江国际,S012186475,%,年,2023-12-31T00:00:00Z,17.62,,,,同花顺iFinD(酒店之家)
市占率,酒店集团市占率:东呈,S012186479,%,年,2023-12-31T00:00:00Z,3.13,,,,同花顺iFinD(酒店之家)
市占率,酒店集团市占率:格林,S012186478,%,年,2023-12-31T00:00:00Z,4.58,,,,同花顺iFinD(酒店之家)
市占率,酒店集团市占率:亚朵,S012186481,%,年,2022-12-31T00:00:00Z,1.95,,,,同花顺iFinD(酒店之家)
市占率,酒店集团市占率:首旅如家,S012186477,%,年,2022-12-31T00:00:00Z,8.46,,,,同花顺iFinD(酒店之家)
市占率,酒店集团市占率:华住,S012186476,%,年,2022-12-31T00:00:00Z,14.63,,,,同花顺iFinD(酒店之家)
市占率,酒店集团市占率:锦江国际,S012186475,%,年,2022-12-31T00:00:00Z,20.38,,,,同花顺iFinD(酒店之家)
市占率,酒店集团市占率:东呈,S012186479,%,年,2022-12-31T00:00:00Z,3.6,,,,同花顺iFinD(酒店之家)
市占率,酒店集团市占率:格林,S012186478,%,年,2022-12-31T00:00:00Z,5.47,,,,同花顺iFinD(酒店之家)
市占率,酒店集团市占率:亚朵,S012186481,%,年,2021-12-31T00:00:00Z,1.84,,,,同花顺iFinD(酒店之家)
市占率,酒店集团市占率:首旅如家,S012186477,%,年,2021-12-31T00:00:00Z,10.07,,,,同花顺iFinD(酒店之家)
市占率,酒店集团市占率:华住,S012186476,%,年,2021-12-31T00:00:00Z,15.96,,,,同花顺iFinD(酒店之家)
市占率,酒店集团市占率:锦江国际,S012186475,%,年,2021-12-31T00:00:00Z,22.11,,,,同花顺iFinD(酒店之家)
市占率,酒店集团市占率:东呈,S012186479,%,年,2021-12-31T00:00:00Z,4.07,,,,同花顺iFinD(酒店之家)
市占率,酒店集团市占率:格林,S012186478,%,年,2021-12-31T00:00:00Z,7.14,,,,同花顺iFinD(酒店之家)
市占率,酒店集团市占率:亚朵,S012186481,%,年,2020-12-31T00:00:00Z,2.61,,,,同花顺iFinD(酒店之家)
市占率,酒店集团市占率:首旅如家,S012186477,%,年,2020-12-31T00:00:00Z,9.22,,,,同花顺iFinD(酒店之家)
市占率,酒店集团市占率:华住,S012186476,%,年,2020-12-31T00:00:00Z,13.91,,,,同花顺iFinD(酒店之家)
市占率,酒店集团市占率:锦江国际,S012186475,%,年,2020-12-31T00:00:00Z,20.18,,,,同花顺iFinD(酒店之家)
市占率,酒店集团市占率:东呈,S012186479,%,年,2020-12-31T00:00:00Z,4.03,,,,同花顺iFinD(酒店之家)
市占率,酒店集团市占率:格林,S012186478,%,年,2020-12-31T00:00:00Z,6.51,,,,同花顺iFinD(酒店之家)
市占率,酒店集团市占率:亚朵,S012186481,%,年,2019-12-31T00:00:00Z,1.08,,,,同花顺iFinD(酒店之家)
市占率,酒店集团市占率:首旅如家,S012186477,%,年,2019-12-31T00:00:00Z,9.27,,,,同花顺iFinD(酒店之家)
市占率,酒店集团市占率:华住,S012186476,%,年,2019-12-31T00:00:00Z,11.99,,,,同花顺iFinD(酒店之家)
市占率,酒店集团市占率:锦江国际,S012186475,%,年,2019-12-31T00:00:00Z,19.5,,,,同花顺iFinD(酒店之家)
市占率,酒店集团市占率:东呈,S012186479,%,年,2019-12-31T00:00:00Z,3.45,,,,同花顺iFinD(酒店之家)
市占率,酒店集团市占率:格林,S012186478,%,年,2019-12-31T00:00:00Z,6.48,,,,同花顺iFinD(酒店之家)
市占率,酒店集团市占率:首旅如家,S012186477,%,年,2018-12-31T00:00:00Z,9.33,,,,同花顺iFinD(酒店之家)
市占率,酒店集团市占率:华住,S012186476,%,年,2018-12-31T00:00:00Z,10.19,,,,同花顺iFinD(酒店之家)
市占率,酒店集团市占率:锦江国际,S012186475,%,年,2018-12-31T00:00:00Z,18.31,,,,同花顺iFinD(酒店之家)
市占率,酒店集团市占率:东呈,S012186479,%,年,2018-12-31T00:00:00Z,2.63,,,,同花顺iFinD(酒店之家)
市占率,酒店集团市占率:格林,S012186478,%,年,2018-12-31T00:00:00Z,5.34,,,,同花顺iFinD(酒店之家)
市占率,酒店集团市占率:首旅如家,S012186477,%,年,2017-12-31T00:00:00Z,11.86,,,,同花顺iFinD(酒店之家)
市占率,酒店集团市占率:华住,S012186476,%,年,2017-12-31T00:00:00Z,11.7,,,,同花顺iFinD(酒店之家)
市占率,酒店集团市占率:锦江国际,S012186475,%,年,2017-12-31T00:00:00Z,20.95,,,,同花顺iFinD(酒店之家)
市占率,酒店集团市占率:东呈,S012186479,%,年,2017-12-31T00:00:00Z,2.54,,,,同花顺iFinD(酒店之家)
市占率,酒店集团市占率:格林,S012186478,%,年,2017-12-31T00:00:00Z,5.88,,,,同花顺iFinD(酒店之家)
市占率,酒店集团市占率:首旅如家,S012186477,%,年,2016-12-31T00:00:00Z,12.59,,,,同花顺iFinD(酒店之家)
市占率,酒店集团市占率:华住,S012186476,%,年,2016-12-31T00:00:00Z,11.17,,,,同花顺iFinD(酒店之家)
市占率,酒店集团市占率:锦江国际,S012186475,%,年,2016-12-31T00:00:00Z,20.31,,,,同花顺iFinD(酒店之家)
市占率,酒店集团市占率:东呈,S012186479,%,年,2016-12-31T00:00:00Z,2.13,,,,同花顺iFinD(酒店之家)
市占率,酒店集团市占率:格林,S012186478,%,年,2016-12-31T00:00:00Z,5.02,,,,同花顺iFinD(酒店之家)
市占率,酒店集团市占率:首旅如家,S012186477,%,年,2015-12-31T00:00:00Z,12.38,,,,同花顺iFinD(酒店之家)
市占率,酒店集团市占率:华住,S012186476,%,年,2015-12-31T00:00:00Z,10.73,,,,同花顺iFinD(酒店之家)
市占率,酒店集团市占率:锦江国际,S012186475,%,年,2015-12-31T00:00:00Z,13.14,,,,同花顺iFinD(酒店之家)
市占率,酒店集团市占率:东呈,S012186479,%,年,2015-12-31T00:00:00Z,1.61,,,,同花顺iFinD(酒店之家)
市占率,酒店集团市占率:格林,S012186478,%,年,2015-12-31T00:00:00Z,5.16,,,,同花顺iFinD(酒店之家)
市占率,酒店集团市占率:首旅如家,S012186477,%,年,2014-12-31T00:00:00Z,13.77,,,,同花顺iFinD(酒店之家)
市占率,酒店集团市占率:华住,S012186476,%,年,2014-12-31T00:00:00Z,9.76,,,,同花顺iFinD(酒店之家)
市占率,酒店集团市占率:锦江国际,S012186475,%,年,2014-12-31T00:00:00Z,10.74,,,,同花顺iFinD(酒店之家)
市占率,酒店集团市占率:东呈,S012186479,%,年,2014-12-31T00:00:00Z,1.08,,,,同花顺iFinD(酒店之家)
市占率,酒店集团市占率:格林,S012186478,%,年,2014-12-31T00:00:00Z,5.04,,,,同花顺iFinD(酒店之家)
市占率,酒店集团市占率:首旅如家,S012186477,%,年,2013-12-31T00:00:00Z,16.58,,,,同花顺iFinD(酒店之家)
市占率,酒店集团市占率:华住,S012186476,%,年,2013-12-31T00:00:00Z,9.88,,,,同花顺iFinD(酒店之家)
市占率,酒店集团市占率:锦江国际,S012186475,%,年,2013-12-31T00:00:00Z,16.58,,,,同花顺iFinD(酒店之家)
市占率,酒店集团市占率:格林,S012186478,%,年,2013-12-31T00:00:00Z,5.73,,,,同花顺iFinD(酒店之家)
市占率,酒店集团市占率:亚朵,S012186481,%,年,2025-12-31T00:00:00Z,41.8,,,,同花顺iFinD(酒店之家)
市占率,酒店集团市占率:首旅如家,S012186477,%,年,2025-12-31T00:00:00Z,47.95,,,,同花顺iFinD(酒店之家)
市占率,酒店集团市占率:华住,S012186476,%,年,2025-12-31T00:00:00Z,58.05,,,,同花顺iFinD(酒店之家)
市占率,酒店集团市占率:锦江国际,S012186475,%,年,2025-12-31T00:00:00Z,59.58,,,,同花顺iFinD(酒店之家)
市占率,酒店集团市占率:东呈,S012186479,%,年,2025-12-31T00:00:00Z,30.86,,,,同花顺iFinD(酒店之家)
市占率,酒店集团市占率:亚朵,S012186481,%,年,2024-12-31T00:00:00Z,40.09,,,,同花顺iFinD(酒店之家)
市占率,酒店集团市占率:首旅如家,S012186477,%,年,2024-12-31T00:00:00Z,44.7,,,,同花顺iFinD(酒店之家)
市占率,酒店集团市占率:华住,S012186476,%,年,2024-12-31T00:00:00Z,55.33,,,,同花顺iFinD(酒店之家)
市占率,酒店集团市占率:锦江国际,S012186475,%,年,2024-12-31T00:00:00Z,57.98,,,,同花顺iFinD(酒店之家)
市占率,酒店集团市占率:东呈,S012186479,%,年,2024-12-31T00:00:00Z,29.96,,,,同花顺iFinD(酒店之家)
市占率,酒店集团市占率:亚朵,S012186481,%,年,2023-12-31T00:00:00Z,40.95,,,,同花顺iFinD(酒店之家)
市占率,酒店集团市占率:首旅如家,S012186477,%,年,2023-12-31T00:00:00Z,43.25,,,,同花顺iFinD(酒店之家)
市占率,酒店集团市占率:华住,S012186476,%,年,2023-12-31T00:00:00Z,55.07,,,,同花顺iFinD(酒店之家)
市占率,酒店集团市占率:锦江国际,S012186475,%,年,2023-12-31T00:00:00Z,57.56,,,,同花顺iFinD(酒店之家)
市占率,酒店集团市占率:东呈,S012186479,%,年,2023-12-31T00:00:00Z,32.49,,,,同花顺iFinD(酒店之家)
市占率,酒店集团市占率:亚朵,S012186481,%,年,2022-12-31T00:00:00Z,38.79,,,,同花顺iFinD(酒店之家)
市占率,酒店集团市占率:亚朵,S012186481,%,年,2021-12-31T00:00:00Z,35,,,,同花顺iFinD(酒店之家)
市占率,酒店集团市占率:首旅如家,S012186477,%,年,2021-12-31T00:00:00Z,37.77,,,,同花顺iFinD(酒店之家)
市占率,酒店集团市占率:华住,S012186476,%,年,2021-12-31T00:00:00Z,48.05,,,,同花顺iFinD(酒店之家)
市占率,酒店集团市占率:锦江国际,S012186475,%,年,2021-12-31T00:00:00Z,53.34,,,,同花顺iFinD(酒店之家)
市占率,酒店集团市占率:东呈,S012186479,%,年,2021-12-31T00:00:00Z,27.84,,,,同花顺iFinD(酒店之家)
市占率,酒店集团市占率:亚朵,S012186481,%,年,2020-12-31T00:00:00Z,31,,,,同花顺iFinD(酒店之家)
市占率,酒店集团市占率:首旅如家,S012186477,%,年,2020-12-31T00:00:00Z,32,,,,同花顺iFinD(酒店之家)
市占率,酒店集团市占率:华住,S012186476,%,年,2020-12-31T00:00:00Z,40,,,,同花顺iFinD(酒店之家)
市占率,酒店集团市占率:锦江国际,S012186475,%,年,2020-12-31T00:00:00Z,53,,,,同花顺iFinD(酒店之家)
市占率,酒店集团市占率:东呈,S012186479,%,年,2020-12-31T00:00:00Z,25,,,,同花顺iFinD(酒店之家)
市占率,酒店集团市占率:亚朵,S012186481,%,年,2019-12-31T00:00:00Z,26,,,,同花顺iFinD(酒店之家)
市占率,酒店集团市占率:首旅如家,S012186477,%,年,2019-12-31T00:00:00Z,22,,,,同花顺iFinD(酒店之家)
市占率,酒店集团市占率:华住,S012186476,%,年,2019-12-31T00:00:00Z,35,,,,同花顺iFinD(酒店之家)
市占率,酒店集团市占率:锦江国际,S012186475,%,年,2019-12-31T00:00:00Z,59,,,,同花顺iFinD(酒店之家)
市占率,酒店集团市占率:东呈,S012186479,%,年,2019-12-31T00:00:00Z,21,,,,同花顺iFinD(酒店之家)
